order_item_id,order_id,product_id,quantity,unit_price
ITEM0000001,ORD000001,PROD0026,2,585.88
ITEM0000002,ORD000001,PROD0097,-1,53.1
ITEM0000003,ORD000002,PROD0053,3,292.19
ITEM0000004,ORD000002,PROD0037,2,540.32
ITEM0000005,ORD000003,PROD0090,5,51.56
ITEM0000006,ORD000003,PROD0108,5,332.49
ITEM0000007,ORD000003,PROD0002,5,112.42
ITEM0000008,ORD000004,PROD0122,2,484.26
ITEM0000009,ORD000004,PROD0128,1,403.21
ITEM0000010,ORD000005,PROD0012,2,589.04
ITEM0000011,ORD000005,PROD0027,5,356.31
ITEM0000012,ORD000005,PROD0014,4,16.7
ITEM0000013,ORD000005,PROD0138,2,43.7
ITEM0000014,ORD000006,PROD0061,4,683.51
ITEM0000015,ORD000007,PROD0112,2,308.35
ITEM0000016,ORD000008,PROD0092,2,557.9
ITEM0000017,ORD000008,PROD0070,5,271.29
ITEM0000018,ORD000009,PROD0057,5,632.78
ITEM0000019,ORD000009,PROD0076,5,277.07
ITEM0000020,ORD000009,PROD0041,5,438.01
ITEM0000021,ORD000010,PROD0064,2,411.35
ITEM0000022,ORD000010,PROD0084,2,464.44
ITEM0000023,ORD000010,PROD0112,4,308.35
ITEM0000024,ORD000010,PROD0149,4,139.28
ITEM0000025,ORD000011,PROD0116,4,366.52
ITEM0000026,ORD000012,PROD0092,2,557.9
ITEM0000027,ORD000012,PROD0076,4,277.07
ITEM0000028,ORD000013,PROD0117,4,130.11
ITEM0000029,ORD000014,PROD0019,4,443.45
ITEM0000030,ORD000015,PROD0021,1,487.35
ITEM0000031,ORD000015,PROD0086,3,203.78
ITEM0000032,ORD000016,PROD0045,5,66.57
ITEM0000033,ORD000016,PROD0144,3,105.68
ITEM0000034,ORD000016,PROD0018,4,119.66
ITEM0000035,ORD000017,PROD0069,3,619.75
ITEM0000036,ORD000017,PROD0129,4,246.64
ITEM0000037,ORD000017,PROD0109,1,126.44
ITEM0000038,ORD000018,PROD0017,1,234.28
ITEM0000039,ORD000018,PROD0049,3,106.04
ITEM0000040,ORD000018,PROD0118,2,58.39
ITEM0000041,ORD000019,PROD0076,4,277.07
ITEM0000042,ORD000020,PROD0075,2,383.73
ITEM0000043,ORD000021,PROD0149,5,139.28
ITEM0000044,ORD000021,PROD0088,5,51.09
ITEM0000045,ORD000021,PROD0084,2,464.44
ITEM0000046,ORD000021,PROD0125,3,377.98
ITEM0000047,ORD000022,PROD0117,5,130.11
ITEM0000048,ORD000022,PROD0043,2,251.98
ITEM0000049,ORD000022,PROD0042,3,394.4
ITEM0000050,ORD000023,PROD0082,3,196.55
ITEM0000051,ORD000024,PROD0128,-2,403.21
ITEM0000052,ORD000024,PROD0038,5,216.74
ITEM0000053,ORD000024,PROD0118,4,58.39
ITEM0000054,ORD000024,PROD0082,5,196.55
ITEM0000055,ORD000025,PROD0011,3,325.01
ITEM0000056,ORD000025,PROD0036,2,33.3
ITEM0000057,ORD000025,PROD0142,1,347.19
ITEM0000058,ORD000025,PROD0030,5,314.5
ITEM0000059,ORD000026,PROD0023,4,414.75
ITEM0000060,ORD000026,PROD0132,1,316.5
ITEM0000061,ORD000026,PROD0101,2,182.81
ITEM0000062,ORD000026,PROD0050,4,235.27
ITEM0000063,ORD000027,PROD0114,4,45.61
ITEM0000064,ORD000027,PROD0107,4,462.67
ITEM0000065,ORD000028,PROD0017,1,234.28
ITEM0000066,ORD000028,PROD0097,4,53.1
ITEM0000067,ORD000028,PROD0023,5,414.75
ITEM0000068,ORD000029,PROD0011,5,325.01
ITEM0000069,ORD000029,PROD0078,1,57.56
ITEM0000070,ORD000029,PROD0150,4,88.94
ITEM0000071,ORD000029,PROD0127,3,9.71
ITEM0000072,ORD000030,PROD0093,5,573.11
ITEM0000073,ORD000031,PROD0096,5,321.49
ITEM0000074,ORD000032,PROD0119,2,103.02
ITEM0000075,ORD000032,PROD0035,3,27.57
ITEM0000076,ORD000032,PROD0092,1,557.9
ITEM0000077,ORD000033,PROD0140,3,496.11
ITEM0000078,ORD000033,PROD0083,3,306.64
ITEM0000079,ORD000034,PROD0004,5,129.15
ITEM0000080,ORD000034,PROD0036,4,33.3
ITEM0000081,ORD000035,PROD0144,5,105.68
ITEM0000082,ORD000035,PROD0135,1,427.2
ITEM0000083,ORD000036,PROD0080,4,392.58
ITEM0000084,ORD000036,PROD0093,3,573.11
ITEM0000085,ORD000036,PROD0036,1,33.3
ITEM0000086,ORD000037,PROD0034,4,303.7
ITEM0000087,ORD000037,PROD0021,1,487.35
ITEM0000088,ORD000038,PROD0121,1,287.5
ITEM0000089,ORD000039,PROD0053,5,292.19
ITEM0000090,ORD000040,PROD0149,2,139.28
ITEM0000091,ORD000040,PROD0090,5,51.56
ITEM0000092,ORD000040,PROD0091,1,161.11
ITEM0000093,ORD000041,PROD0138,1,43.7
ITEM0000094,ORD000041,PROD0002,4,112.42
ITEM0000095,ORD000042,PROD0098,5,351.41
ITEM0000096,ORD000042,PROD0109,3,126.44
ITEM0000097,ORD000042,PROD0055,2,408.1
ITEM0000098,ORD000043,PROD0127,3,9.71
ITEM0000099,ORD000043,PROD0030,4,314.5
ITEM0000100,ORD000043,PROD0099,4,386.23
ITEM0000101,ORD000044,PROD0027,1,356.31
ITEM0000102,ORD000044,PROD0102,5,266.91
ITEM0000103,ORD000044,PROD0113,2,320.56
ITEM0000104,ORD000044,PROD0134,3,192.47
ITEM0000105,ORD000045,PROD0072,3,226.81
ITEM0000106,ORD000045,PROD0149,4,139.28
ITEM0000107,ORD000045,PROD0070,2,271.29
ITEM0000108,ORD000045,PROD0103,3,305.68
ITEM0000109,ORD000046,PROD0128,1,403.21
ITEM0000110,ORD000047,PROD0020,5,124.89
ITEM0000111,ORD000048,PROD0139,1,135.03
ITEM0000112,ORD000048,PROD0088,4,51.09
ITEM0000113,ORD000048,PROD0140,4,496.11
ITEM0000114,ORD000049,PROD0043,2,251.98
ITEM0000115,ORD000049,PROD0126,1,263.88
ITEM0000116,ORD000049,PROD0111,5,408.22
ITEM0000117,ORD000050,PROD0068,3,422.88
ITEM0000118,ORD000050,PROD0127,1,9.71
ITEM0000119,ORD000050,PROD0097,5,53.1
ITEM0000120,ORD000050,PROD0091,3,161.11
ITEM0000121,ORD000051,PROD0064,3,411.35
ITEM0000122,ORD000051,PROD0061,1,683.51
ITEM0000123,ORD000052,PROD0109,3,126.44
ITEM0000124,ORD000052,PROD0146,1,292.2
ITEM0000125,ORD000052,PROD0132,4,316.5
ITEM0000126,ORD000052,PROD0108,4,332.49
ITEM0000127,ORD000053,PROD0077,4,286.06
ITEM0000128,ORD000053,PROD0094,1,393.51
ITEM0000129,ORD000054,PROD0058,5,356.49
ITEM0000130,ORD000054,PROD0024,5,594.24
ITEM0000131,ORD000054,PROD0149,1,139.28
ITEM0000132,ORD000054,PROD0025,3,23.62
ITEM0000133,ORD000055,PROD0141,2,19.31
ITEM0000134,ORD000055,PROD0047,4,288.09
ITEM0000135,ORD000055,PROD0005,5,196.98
ITEM0000136,ORD000055,PROD0133,5,317.22
ITEM0000137,ORD000056,PROD0077,4,286.06
ITEM0000138,ORD000056,PROD0112,1,308.35
ITEM0000139,ORD000057,PROD0061,1,683.51
ITEM0000140,ORD000057,PROD0104,3,66.01
ITEM0000141,ORD000057,PROD0062,4,355.88
ITEM0000142,ORD000058,PROD0072,1,226.81
ITEM0000143,ORD000058,PROD0141,1,19.31
ITEM0000144,ORD000058,PROD0046,3,207.44
ITEM0000145,ORD000059,PROD0102,2,266.91
ITEM0000146,ORD000060,PROD0128,5,403.21
ITEM0000147,ORD000060,PROD0024,3,594.24
ITEM0000148,ORD000060,PROD0061,2,683.51
ITEM0000149,ORD000061,PROD0066,3,370.45
ITEM0000150,ORD000061,PROD0015,5,442.7
ITEM0000151,ORD000061,PROD0126,3,263.88
ITEM0000152,ORD000061,PROD0137,3,447.4
ITEM0000153,ORD000062,PROD0062,3,355.88
ITEM0000154,ORD000063,PROD0114,1,45.61
ITEM0000155,ORD000063,PROD0100,3,208.15
ITEM0000156,ORD000064,PROD0105,1,308.26
ITEM0000157,ORD000064,PROD0009,4,138.45
ITEM0000158,ORD000064,PROD0071,3,402.73
ITEM0000159,ORD000065,PROD0091,4,161.11
ITEM0000160,ORD000066,PROD0048,4,277.49
ITEM0000161,ORD000067,PROD0029,2,93.87
ITEM0000162,ORD000068,PROD0116,3,366.52
ITEM0000163,ORD000068,PROD0123,3,95.95
ITEM0000164,ORD000068,PROD0035,4,27.57
ITEM0000165,ORD000069,PROD0143,5,453.59
ITEM0000166,ORD000070,PROD0013,5,196.91
ITEM0000167,ORD000070,PROD0103,1,305.68
ITEM0000168,ORD000071,PROD0117,2,130.11
ITEM0000169,ORD000071,PROD0127,3,9.71
ITEM0000170,ORD000071,PROD0031,2,15.13
ITEM0000171,ORD000071,PROD0058,2,356.49
ITEM0000172,ORD000072,PROD0008,3,174.9
ITEM0000173,ORD000072,PROD0075,2,383.73
ITEM0000174,ORD000073,PROD0102,4,266.91
ITEM0000175,ORD000073,PROD0055,1,408.1
ITEM0000176,ORD000073,PROD0099,2,386.23
ITEM0000177,ORD000074,PROD0078,5,57.56
ITEM0000178,ORD000074,PROD0102,2,266.91
ITEM0000179,ORD000074,PROD0095,4,271.32
ITEM0000180,ORD000074,PROD0034,5,303.7
ITEM0000181,ORD000075,PROD0093,3,573.11
ITEM0000182,ORD000075,PROD0111,3,408.22
ITEM0000183,ORD000075,PROD0073,2,241.62
ITEM0000184,ORD000076,PROD0014,2,16.7
ITEM0000185,ORD000076,PROD0049,4,106.04
ITEM0000186,ORD000076,PROD0039,4,410.66
ITEM0000187,ORD000076,PROD0059,5,254.01
ITEM0000188,ORD000077,PROD0047,3,288.09
ITEM0000189,ORD000077,PROD0044,2,474.28
ITEM0000190,ORD000077,PROD0131,5,130.48
ITEM0000191,ORD000078,PROD0007,4,248.82
ITEM0000192,ORD000078,PROD0073,1,241.62
ITEM0000193,ORD000078,PROD0032,1,172.77
ITEM0000194,ORD000079,PROD0085,1,602.46
ITEM0000195,ORD000080,PROD0013,3,196.91
ITEM0000196,ORD000080,PROD0073,5,241.62
ITEM0000197,ORD000081,PROD0023,4,414.75
ITEM0000198,ORD000081,PROD0006,2,98.27
ITEM0000199,ORD000081,PROD0054,4,135.13
ITEM0000200,ORD000081,PROD0042,5,394.4
ITEM0000201,ORD000082,PROD0122,1,484.26
ITEM0000202,ORD000082,PROD0069,5,619.75
ITEM0000203,ORD000082,PROD0145,1,359.48
ITEM0000204,ORD000082,PROD0109,4,126.44
ITEM0000205,ORD000083,PROD0075,4,383.73
ITEM0000206,ORD000084,PROD0064,3,411.35
ITEM0000207,ORD000084,PROD0134,1,192.47
ITEM0000208,ORD000084,PROD0110,4,39.23
ITEM0000209,ORD000085,PROD0129,1,246.64
ITEM0000210,ORD000086,PROD0107,3,462.67
ITEM0000211,ORD000087,PROD0055,1,408.1
ITEM0000212,ORD000087,PROD0048,1,277.49
ITEM0000213,ORD000088,PROD0118,5,58.39
ITEM0000214,ORD000088,PROD0104,4,66.01
ITEM0000215,ORD000088,PROD0125,2,377.98
ITEM0000216,ORD000088,PROD0078,1,57.56
ITEM0000217,ORD000089,PROD0112,2,308.35
ITEM0000218,ORD000089,PROD0138,2,43.7
ITEM0000219,ORD000090,PROD0125,5,377.98
ITEM0000220,ORD000090,PROD0121,4,-287.5
ITEM0000221,ORD000090,PROD0006,4,98.27
ITEM0000222,ORD000090,PROD0116,5,366.52
ITEM0000223,ORD000091,PROD0060,4,497.77
ITEM0000224,ORD000091,PROD0016,3,30.39
ITEM0000225,ORD000091,PROD0136,4,485.57
ITEM0000226,ORD000091,PROD0005,3,196.98
ITEM0000227,ORD000092,PROD0113,2,320.56
ITEM0000228,ORD000092,PROD0060,5,497.77
ITEM0000229,ORD000092,PROD0130,4,421.1
ITEM0000230,ORD000093,PROD0121,3,287.5
ITEM0000231,ORD000093,PROD0042,4,394.4
ITEM0000232,ORD000093,PROD0054,5,135.13
ITEM0000233,ORD000094,PROD0005,3,196.98
ITEM0000234,ORD000095,PROD0087,4,193.52
ITEM0000235,ORD000096,PROD0012,2,589.04
ITEM0000236,ORD000096,PROD0143,5,453.59
ITEM0000237,ORD000096,PROD0069,4,619.75
ITEM0000238,ORD000097,PROD0144,1,105.68
ITEM0000239,ORD000098,PROD0114,1,45.61
ITEM0000240,ORD000098,PROD0130,2,421.1
ITEM0000241,ORD000098,PROD0128,4,-403.21
ITEM0000242,ORD000099,PROD0069,3,619.75
ITEM0000243,ORD000100,PROD0036,4,33.3
ITEM0000244,ORD000100,PROD0110,5,39.23
ITEM0000245,ORD000101,PROD0022,3,380.56
ITEM0000246,ORD000102,PROD0039,5,410.66
ITEM0000247,ORD000103,PROD0081,3,318.7
ITEM0000248,ORD000103,PROD0089,2,289.58
ITEM0000249,ORD000103,PROD0003,2,4.27
ITEM0000250,ORD000104,PROD0078,1,57.56
ITEM0000251,ORD000104,PROD0022,2,380.56
ITEM0000252,ORD000105,PROD0041,5,438.01
ITEM0000253,ORD000105,PROD0006,3,98.27
ITEM0000254,ORD000105,PROD0008,1,174.9
ITEM0000255,ORD000106,PROD0032,4,172.77
ITEM0000256,ORD000107,PROD0090,3,51.56
ITEM0000257,ORD000107,PROD0077,5,286.06
ITEM0000258,ORD000108,PROD0093,1,573.11
ITEM0000259,ORD000108,PROD0117,4,130.11
ITEM0000260,ORD000109,PROD0135,5,427.2
ITEM0000261,ORD000109,PROD0104,5,66.01
ITEM0000262,ORD000109,PROD0144,4,105.68
ITEM0000263,ORD000110,PROD0125,2,377.98
ITEM0000264,ORD000110,PROD0118,5,58.39
ITEM0000265,ORD000111,PROD0031,1,15.13
ITEM0000266,ORD000111,PROD0105,5,308.26
ITEM0000267,ORD000111,PROD0029,3,93.87
ITEM0000268,ORD000112,PROD0073,-4,241.62
ITEM0000269,ORD000112,PROD0056,1,249.02
ITEM0000270,ORD000112,PROD0047,5,288.09
ITEM0000271,ORD000113,PROD0036,4,33.3
ITEM0000272,ORD000113,PROD0130,2,421.1
ITEM0000273,ORD000114,PROD0114,3,45.61
ITEM0000274,ORD000115,PROD0144,1,105.68
ITEM0000275,ORD000116,PROD0122,1,484.26
ITEM0000276,ORD000116,PROD0129,2,246.64
ITEM0000277,ORD000117,PROD0137,5,447.4
ITEM0000278,ORD000118,PROD0107,5,462.67
ITEM0000279,ORD000118,PROD0007,1,248.82
ITEM0000280,ORD000119,PROD0040,3,508.7
ITEM0000281,ORD000120,PROD0077,4,286.06
ITEM0000282,ORD000121,PROD0062,4,355.88
ITEM0000283,ORD000121,PROD0061,1,683.51
ITEM0000284,ORD000122,PROD0060,5,497.77
ITEM0000285,ORD000122,PROD0005,5,196.98
ITEM0000286,ORD000122,PROD0069,5,619.75
ITEM0000287,ORD000122,PROD0142,5,347.19
ITEM0000288,ORD000123,PROD0143,4,453.59
ITEM0000289,ORD000123,PROD0116,-2,366.52
ITEM0000290,ORD000123,PROD0011,4,325.01
ITEM0000291,ORD000123,PROD0001,4,342.2
ITEM0000292,ORD000124,PROD0137,1,447.4
ITEM0000293,ORD000124,PROD0145,1,359.48
ITEM0000294,ORD000125,PROD0088,3,51.09
ITEM0000295,ORD000125,PROD0067,3,363.03
ITEM0000296,ORD000125,PROD0116,3,366.52
ITEM0000297,ORD000126,PROD0106,4,508.9
ITEM0000298,ORD000126,PROD0143,1,453.59
ITEM0000299,ORD000127,PROD0092,1,557.9
ITEM0000300,ORD000127,PROD0100,-4,208.15
ITEM0000301,ORD000127,PROD0046,3,207.44
ITEM0000302,ORD000127,PROD0003,2,4.27
ITEM0000303,ORD000128,PROD0093,5,573.11
ITEM0000304,ORD000128,PROD0010,4,488.99
ITEM0000305,ORD000128,PROD0072,5,226.81
ITEM0000306,ORD000128,PROD0127,5,9.71
ITEM0000307,ORD000129,PROD0033,3,470.6
ITEM0000308,ORD000130,PROD0137,5,447.4
ITEM0000309,ORD000131,PROD0083,4,306.64
ITEM0000310,ORD000132,PROD0133,1,317.22
ITEM0000311,ORD000132,PROD0012,4,589.04
ITEM0000312,ORD000132,PROD0058,3,356.49
ITEM0000313,ORD000133,PROD0064,2,411.35
ITEM0000314,ORD000134,PROD0086,3,203.78
ITEM0000315,ORD000135,PROD0019,1,443.45
ITEM0000316,ORD000135,PROD0113,1,320.56
ITEM0000317,ORD000136,PROD0016,1,30.39
ITEM0000318,ORD000136,PROD0114,1,45.61
ITEM0000319,ORD000137,PROD0060,4,497.77
ITEM0000320,ORD000137,PROD0003,5,4.27
ITEM0000321,ORD000137,PROD0117,1,130.11
ITEM0000322,ORD000137,PROD0099,2,386.23
ITEM0000323,ORD000138,PROD0091,5,161.11
ITEM0000324,ORD000138,PROD0108,1,332.49
ITEM0000325,ORD000138,PROD0124,4,173.3
ITEM0000326,ORD000139,PROD0038,3,216.74
ITEM0000327,ORD000139,PROD0121,1,287.5
ITEM0000328,ORD000140,PROD0109,3,126.44
ITEM0000329,ORD000141,PROD0120,3,261.92
ITEM0000330,ORD000141,PROD0085,2,602.46
ITEM0000331,ORD000141,PROD0149,1,139.28
ITEM0000332,ORD000141,PROD0145,2,359.48
ITEM0000333,ORD000142,PROD0097,2,-53.1
ITEM0000334,ORD000142,PROD0053,1,292.19
ITEM0000335,ORD000142,PROD0103,1,305.68
ITEM0000336,ORD000143,PROD0051,2,294.17
ITEM0000337,ORD000143,PROD0073,2,241.62
ITEM0000338,ORD000144,PROD0026,4,585.88
ITEM0000339,ORD000144,PROD0006,3,98.27
ITEM0000340,ORD000144,PROD0036,2,33.3
ITEM0000341,ORD000145,PROD0031,2,15.13
ITEM0000342,ORD000146,PROD0082,1,196.55
ITEM0000343,ORD000146,PROD0110,5,39.23
ITEM0000344,ORD000146,PROD0063,2,665.26
ITEM0000345,ORD000147,PROD0021,5,487.35
ITEM0000346,ORD000147,PROD0121,5,287.5
ITEM0000347,ORD000148,PROD0127,4,9.71
ITEM0000348,ORD000148,PROD0122,1,484.26
ITEM0000349,ORD000148,PROD0069,4,619.75
ITEM0000350,ORD000148,PROD0149,3,139.28
ITEM0000351,ORD000149,PROD0035,1,27.57
ITEM0000352,ORD000150,PROD0110,4,39.23
ITEM0000353,ORD000150,PROD0116,3,366.52
ITEM0000354,ORD000150,PROD0120,4,261.92
ITEM0000355,ORD000151,PROD0071,2,402.73
ITEM0000356,ORD000152,PROD0065,2,153.97
ITEM0000357,ORD000152,PROD0078,5,-57.56
ITEM0000358,ORD000152,PROD0071,3,402.73
ITEM0000359,ORD000153,PROD0132,2,316.5
ITEM0000360,ORD000153,PROD0039,2,410.66
ITEM0000361,ORD000153,PROD0102,4,266.91
ITEM0000362,ORD000153,PROD0059,1,254.01
ITEM0000363,ORD000154,PROD0096,2,321.49
ITEM0000364,ORD000155,PROD0108,4,332.49
ITEM0000365,ORD000155,PROD0109,3,126.44
ITEM0000366,ORD000156,PROD0098,5,351.41
ITEM0000367,ORD000156,PROD0053,3,292.19
ITEM0000368,ORD000156,PROD0101,3,182.81
ITEM0000369,ORD000156,PROD0017,5,234.28
ITEM0000370,ORD000157,PROD0073,5,241.62
ITEM0000371,ORD000157,PROD0053,5,292.19
ITEM0000372,ORD000157,PROD0060,4,497.77
ITEM0000373,ORD000157,PROD0075,2,383.73
ITEM0000374,ORD000158,PROD0080,4,392.58
ITEM0000375,ORD000158,PROD0111,3,408.22
ITEM0000376,ORD000159,PROD0017,3,234.28
ITEM0000377,ORD000159,PROD0103,4,305.68
ITEM0000378,ORD000159,PROD0064,1,411.35
ITEM0000379,ORD000159,PROD0135,4,427.2
ITEM0000380,ORD000160,PROD0046,4,207.44
ITEM0000381,ORD000160,PROD0111,5,408.22
ITEM0000382,ORD000161,PROD0018,4,119.66
ITEM0000383,ORD000161,PROD0056,3,249.02
ITEM0000384,ORD000161,PROD0127,3,9.71
ITEM0000385,ORD000162,PROD0119,4,103.02
ITEM0000386,ORD000163,PROD0035,3,27.57
ITEM0000387,ORD000164,PROD0113,4,320.56
ITEM0000388,ORD000164,PROD0036,2,33.3
ITEM0000389,ORD000165,PROD0044,2,474.28
ITEM0000390,ORD000165,PROD0020,1,124.89
ITEM0000391,ORD000165,PROD0003,4,4.27
ITEM0000392,ORD000165,PROD0070,5,271.29
ITEM0000393,ORD000166,PROD0002,1,112.42
ITEM0000394,ORD000167,PROD0108,1,332.49
ITEM0000395,ORD000168,PROD0043,2,251.98
ITEM0000396,ORD000169,PROD0139,4,135.03
ITEM0000397,ORD000169,PROD0102,3,266.91
ITEM0000398,ORD000170,PROD0017,5,234.28
ITEM0000399,ORD000170,PROD0072,2,226.81
ITEM0000400,ORD000171,PROD0065,5,153.97
ITEM0000401,ORD000171,PROD0025,4,23.62
ITEM0000402,ORD000172,PROD0124,1,173.3
ITEM0000403,ORD000172,PROD0018,4,119.66
ITEM0000404,ORD000172,PROD0086,5,203.78
ITEM0000405,ORD000173,PROD0110,5,39.23
ITEM0000406,ORD000173,PROD0063,4,665.26
ITEM0000407,ORD000174,PROD0085,1,602.46
ITEM0000408,ORD000174,PROD0035,3,27.57
ITEM0000409,ORD000174,PROD0072,3,226.81
ITEM0000410,ORD000174,PROD0082,1,196.55
ITEM0000411,ORD000175,PROD0098,3,351.41
ITEM0000412,ORD000175,PROD0134,1,192.47
ITEM0000413,ORD000176,PROD0024,5,594.24
ITEM0000414,ORD000176,PROD0045,2,66.57
ITEM0000415,ORD000177,PROD0109,5,126.44
ITEM0000416,ORD000177,PROD0046,4,207.44
ITEM0000417,ORD000178,PROD0121,4,287.5
ITEM0000418,ORD000178,PROD0113,2,320.56
ITEM0000419,ORD000179,PROD0077,5,286.06
ITEM0000420,ORD000180,PROD0073,1,241.62
ITEM0000421,ORD000180,PROD0097,2,53.1
ITEM0000422,ORD000180,PROD0144,1,105.68
ITEM0000423,ORD000180,PROD0124,3,173.3
ITEM0000424,ORD000181,PROD0019,1,443.45
ITEM0000425,ORD000181,PROD0105,2,308.26
ITEM0000426,ORD000181,PROD0010,3,488.99
ITEM0000427,ORD000182,PROD0064,3,411.35
ITEM0000428,ORD000182,PROD0063,2,665.26
ITEM0000429,ORD000182,PROD0123,2,95.95
ITEM0000430,ORD000182,PROD0009,2,138.45
ITEM0000431,ORD000183,PROD0109,4,126.44
ITEM0000432,ORD000183,PROD0043,5,251.98
ITEM0000433,ORD000184,PROD0028,5,463.5
ITEM0000434,ORD000185,PROD0079,1,61.84
ITEM0000435,ORD000185,PROD0002,4,112.42
ITEM0000436,ORD000185,PROD0044,4,474.28
ITEM0000437,ORD000185,PROD0126,2,263.88
ITEM0000438,ORD000186,PROD0016,2,30.39
ITEM0000439,ORD000186,PROD0047,4,288.09
ITEM0000440,ORD000187,PROD0022,3,380.56
ITEM0000441,ORD000187,PROD0097,2,53.1
ITEM0000442,ORD000187,PROD0032,-1,172.77
ITEM0000443,ORD000188,PROD0134,4,192.47
ITEM0000444,ORD000188,PROD0002,3,112.42
ITEM0000445,ORD000189,PROD0081,4,318.7
ITEM0000446,ORD000189,PROD0062,3,355.88
ITEM0000447,ORD000189,PROD0093,1,573.11
ITEM0000448,ORD000190,PROD0064,5,411.35
ITEM0000449,ORD000190,PROD0095,5,271.32
ITEM0000450,ORD000190,PROD0116,3,366.52
ITEM0000451,ORD000191,PROD0060,3,497.77
ITEM0000452,ORD000191,PROD0125,4,377.98
ITEM0000453,ORD000191,PROD0103,1,305.68
ITEM0000454,ORD000191,PROD0021,2,487.35
ITEM0000455,ORD000192,PROD0128,3,403.21
ITEM0000456,ORD000192,PROD0023,4,414.75
ITEM0000457,ORD000193,PROD0055,1,408.1
ITEM0000458,ORD000193,PROD0044,1,474.28
ITEM0000459,ORD000194,PROD0122,5,484.26
ITEM0000460,ORD000194,PROD0032,3,172.77
ITEM0000461,ORD000194,PROD0035,5,27.57
ITEM0000462,ORD000195,PROD0060,3,497.77
ITEM0000463,ORD000195,PROD0058,5,356.49
ITEM0000464,ORD000195,PROD0067,1,363.03
ITEM0000465,ORD000195,PROD0030,3,314.5
ITEM0000466,ORD000196,PROD0100,3,208.15
ITEM0000467,ORD000196,PROD0109,2,126.44
ITEM0000468,ORD000197,PROD0081,4,318.7
ITEM0000469,ORD000197,PROD0038,3,216.74
ITEM0000470,ORD000197,PROD0076,1,277.07
ITEM0000471,ORD000197,PROD0057,1,632.78
ITEM0000472,ORD000198,PROD0097,2,53.1
ITEM0000473,ORD000198,PROD0016,2,30.39
ITEM0000474,ORD000198,PROD0086,2,203.78
ITEM0000475,ORD000199,PROD0087,4,193.52
ITEM0000476,ORD000199,PROD0109,3,126.44
ITEM0000477,ORD000199,PROD0122,5,484.26
ITEM0000478,ORD000199,PROD0090,5,51.56
ITEM0000479,ORD000200,PROD0114,3,45.61
ITEM0000480,ORD000200,PROD0124,2,-173.3
ITEM0000481,ORD000201,PROD0044,4,474.28
ITEM0000482,ORD000201,PROD0015,5,442.7
ITEM0000483,ORD000201,PROD0025,2,23.62
ITEM0000484,ORD000201,PROD0092,1,557.9
ITEM0000485,ORD000202,PROD0023,4,414.75
ITEM0000486,ORD000202,PROD0119,1,103.02
ITEM0000487,ORD000202,PROD0098,5,351.41
ITEM0000488,ORD000202,PROD0071,5,402.73
ITEM0000489,ORD000203,PROD0112,1,308.35
ITEM0000490,ORD000203,PROD0077,5,286.06
ITEM0000491,ORD000203,PROD0147,1,570.65
ITEM0000492,ORD000203,PROD0033,5,470.6
ITEM0000493,ORD000204,PROD0031,5,-15.13
ITEM0000494,ORD000204,PROD0047,4,288.09
ITEM0000495,ORD000205,PROD0144,3,105.68
ITEM0000496,ORD000206,PROD0109,2,126.44
ITEM0000497,ORD000206,PROD0001,5,342.2
ITEM0000498,ORD000207,PROD0134,5,192.47
ITEM0000499,ORD000207,PROD0091,1,161.11
ITEM0000500,ORD000207,PROD0138,3,43.7
ITEM0000501,ORD000208,PROD0072,1,226.81
ITEM0000502,ORD000208,PROD0033,2,470.6
ITEM0000503,ORD000208,PROD0109,3,126.44
ITEM0000504,ORD000209,PROD0050,5,235.27
ITEM0000505,ORD000209,PROD0096,2,321.49
ITEM0000506,ORD000209,PROD0145,4,359.48
ITEM0000507,ORD000210,PROD0017,3,234.28
ITEM0000508,ORD000210,PROD0085,2,602.46
ITEM0000509,ORD000210,PROD0023,2,414.75
ITEM0000510,ORD000210,PROD0093,1,573.11
ITEM0000511,ORD000211,PROD0147,3,570.65
ITEM0000512,ORD000211,PROD0073,2,241.62
ITEM0000513,ORD000211,PROD0142,2,347.19
ITEM0000514,ORD000212,PROD0067,5,363.03
ITEM0000515,ORD000212,PROD0003,2,4.27
ITEM0000516,ORD000213,PROD0108,2,332.49
ITEM0000517,ORD000213,PROD0118,4,58.39
ITEM0000518,ORD000214,PROD0079,4,61.84
ITEM0000519,ORD000215,PROD0148,1,427.66
ITEM0000520,ORD000215,PROD0015,4,442.7
ITEM0000521,ORD000216,PROD0128,4,403.21
ITEM0000522,ORD000216,PROD0132,1,316.5
ITEM0000523,ORD000216,PROD0137,3,447.4
ITEM0000524,ORD000216,PROD0032,5,172.77
ITEM0000525,ORD000217,PROD0020,2,124.89
ITEM0000526,ORD000217,PROD0094,4,393.51
ITEM0000527,ORD000218,PROD0075,3,383.73
ITEM0000528,ORD000219,PROD0079,1,61.84
ITEM0000529,ORD000219,PROD0132,4,-316.5
ITEM0000530,ORD000220,PROD0090,2,-51.56
ITEM0000531,ORD000221,PROD0106,-4,508.9
ITEM0000532,ORD000221,PROD0032,3,172.77
ITEM0000533,ORD000222,PROD0028,2,463.5
ITEM0000534,ORD000222,PROD0113,3,320.56
ITEM0000535,ORD000222,PROD0042,1,394.4
ITEM0000536,ORD000223,PROD0051,3,294.17
ITEM0000537,ORD000223,PROD0123,4,95.95
ITEM0000538,ORD000224,PROD0034,2,303.7
ITEM0000539,ORD000224,PROD0029,2,93.87
ITEM0000540,ORD000224,PROD0028,4,463.5
ITEM0000541,ORD000224,PROD0006,4,98.27
ITEM0000542,ORD000225,PROD0131,2,130.48
ITEM0000543,ORD000225,PROD0048,3,277.49
ITEM0000544,ORD000226,PROD0129,5,246.64
ITEM0000545,ORD000227,PROD0071,2,402.73
ITEM0000546,ORD000228,PROD0060,4,497.77
ITEM0000547,ORD000228,PROD0057,1,632.78
ITEM0000548,ORD000228,PROD0087,3,193.52
ITEM0000549,ORD000229,PROD0014,3,16.7
ITEM0000550,ORD000230,PROD0086,1,203.78
ITEM0000551,ORD000230,PROD0078,2,57.56
ITEM0000552,ORD000230,PROD0029,3,93.87
ITEM0000553,ORD000231,PROD0023,1,414.75
ITEM0000554,ORD000231,PROD0028,2,463.5
ITEM0000555,ORD000231,PROD0034,1,303.7
ITEM0000556,ORD000231,PROD0031,3,15.13
ITEM0000557,ORD000232,PROD0050,5,235.27
ITEM0000558,ORD000232,PROD0108,5,332.49
ITEM0000559,ORD000233,PROD0124,4,173.3
ITEM0000560,ORD000234,PROD0075,5,383.73
ITEM0000561,ORD000234,PROD0012,2,589.04
ITEM0000562,ORD000235,PROD0131,4,130.48
ITEM0000563,ORD000235,PROD0099,1,386.23
ITEM0000564,ORD000235,PROD0144,1,105.68
ITEM0000565,ORD000235,PROD0100,4,208.15
ITEM0000566,ORD000236,PROD0142,2,347.19
ITEM0000567,ORD000236,PROD0031,1,15.13
ITEM0000568,ORD000236,PROD0044,3,474.28
ITEM0000569,ORD000237,PROD0001,3,342.2
ITEM0000570,ORD000238,PROD0105,3,308.26
ITEM0000571,ORD000238,PROD0076,1,277.07
ITEM0000572,ORD000239,PROD0098,3,351.41
ITEM0000573,ORD000240,PROD0053,2,292.19
ITEM0000574,ORD000240,PROD0149,4,139.28
ITEM0000575,ORD000240,PROD0102,1,266.91
ITEM0000576,ORD000241,PROD0073,3,241.62
ITEM0000577,ORD000241,PROD0006,4,98.27
ITEM0000578,ORD000242,PROD0026,5,585.88
ITEM0000579,ORD000242,PROD0135,1,427.2
ITEM0000580,ORD000242,PROD0036,1,33.3
ITEM0000581,ORD000242,PROD0004,3,129.15
ITEM0000582,ORD000243,PROD0022,4,380.56
ITEM0000583,ORD000243,PROD0052,2,436.28
ITEM0000584,ORD000243,PROD0036,2,33.3
ITEM0000585,ORD000244,PROD0027,-2,356.31
ITEM0000586,ORD000244,PROD0131,2,130.48
ITEM0000587,ORD000244,PROD0107,3,462.67
ITEM0000588,ORD000245,PROD0029,1,93.87
ITEM0000589,ORD000245,PROD0058,1,356.49
ITEM0000590,ORD000246,PROD0110,3,39.23
ITEM0000591,ORD000246,PROD0136,2,485.57
ITEM0000592,ORD000247,PROD0068,2,422.88
ITEM0000593,ORD000247,PROD0020,2,124.89
ITEM0000594,ORD000247,PROD0001,4,342.2
ITEM0000595,ORD000248,PROD0033,3,470.6
ITEM0000596,ORD000248,PROD0047,4,288.09
ITEM0000597,ORD000248,PROD0099,2,386.23
ITEM0000598,ORD000249,PROD0137,1,447.4
ITEM0000599,ORD000249,PROD0138,5,43.7
ITEM0000600,ORD000249,PROD0059,2,254.01
ITEM0000601,ORD000249,PROD0099,1,386.23
ITEM0000602,ORD000250,PROD0090,3,51.56
ITEM0000603,ORD000251,PROD0063,2,665.26
ITEM0000604,ORD000251,PROD0054,2,135.13
ITEM0000605,ORD000251,PROD0058,4,356.49
ITEM0000606,ORD000251,PROD0015,5,442.7
ITEM0000607,ORD000252,PROD0063,1,665.26
ITEM0000608,ORD000253,PROD0136,4,485.57
ITEM0000609,ORD000253,PROD0077,1,286.06
ITEM0000610,ORD000254,PROD0102,4,266.91
ITEM0000611,ORD000255,PROD0059,3,254.01
ITEM0000612,ORD000255,PROD0109,2,126.44
ITEM0000613,ORD000255,PROD0041,1,438.01
ITEM0000614,ORD000256,PROD0081,1,318.7
ITEM0000615,ORD000256,PROD0104,2,66.01
ITEM0000616,ORD000256,PROD0098,3,351.41
ITEM0000617,ORD000256,PROD0043,1,251.98
ITEM0000618,ORD000257,PROD0049,1,106.04
ITEM0000619,ORD000257,PROD0142,5,347.19
ITEM0000620,ORD000257,PROD0052,4,436.28
ITEM0000621,ORD000258,PROD0081,3,318.7
ITEM0000622,ORD000258,PROD0101,1,182.81
ITEM0000623,ORD000259,PROD0123,2,95.95
ITEM0000624,ORD000259,PROD0010,1,488.99
ITEM0000625,ORD000259,PROD0075,2,383.73
ITEM0000626,ORD000259,PROD0042,2,394.4
ITEM0000627,ORD000260,PROD0087,3,193.52
ITEM0000628,ORD000260,PROD0075,1,383.73
ITEM0000629,ORD000261,PROD0040,5,508.7
ITEM0000630,ORD000262,PROD0128,1,403.21
ITEM0000631,ORD000263,PROD0091,2,161.11
ITEM0000632,ORD000263,PROD0023,4,414.75
ITEM0000633,ORD000263,PROD0019,4,443.45
ITEM0000634,ORD000264,PROD0103,4,305.68
ITEM0000635,ORD000264,PROD0105,3,308.26
ITEM0000636,ORD000264,PROD0034,5,303.7
ITEM0000637,ORD000265,PROD0144,2,105.68
ITEM0000638,ORD000265,PROD0003,2,4.27
ITEM0000639,ORD000266,PROD0120,1,261.92
ITEM0000640,ORD000266,PROD0137,4,447.4
ITEM0000641,ORD000266,PROD0028,3,463.5
ITEM0000642,ORD000267,PROD0072,4,226.81
ITEM0000643,ORD000268,PROD0098,1,351.41
ITEM0000644,ORD000269,PROD0109,3,126.44
ITEM0000645,ORD000270,PROD0116,2,366.52
ITEM0000646,ORD000270,PROD0108,1,332.49
ITEM0000647,ORD000270,PROD0135,3,427.2
ITEM0000648,ORD000271,PROD0112,5,-308.35
ITEM0000649,ORD000271,PROD0091,5,161.11
ITEM0000650,ORD000272,PROD0004,2,129.15
ITEM0000651,ORD000272,PROD0039,4,410.66
ITEM0000652,ORD000272,PROD0118,4,58.39
ITEM0000653,ORD000273,PROD0049,5,106.04
ITEM0000654,ORD000273,PROD0108,2,332.49
ITEM0000655,ORD000274,PROD0079,4,61.84
ITEM0000656,ORD000274,PROD0129,4,246.64
ITEM0000657,ORD000274,PROD0032,4,172.77
ITEM0000658,ORD000275,PROD0046,5,207.44
ITEM0000659,ORD000275,PROD0142,4,347.19
ITEM0000660,ORD000275,PROD0042,1,394.4
ITEM0000661,ORD000276,PROD0027,4,356.31
ITEM0000662,ORD000276,PROD0128,3,403.21
ITEM0000663,ORD000276,PROD0140,4,496.11
ITEM0000664,ORD000276,PROD0026,4,585.88
ITEM0000665,ORD000277,PROD0002,3,112.42
ITEM0000666,ORD000277,PROD0096,3,321.49
ITEM0000667,ORD000277,PROD0058,4,-356.49
ITEM0000668,ORD000277,PROD0130,4,421.1
ITEM0000669,ORD000278,PROD0086,4,203.78
ITEM0000670,ORD000278,PROD0044,2,474.28
ITEM0000671,ORD000278,PROD0147,1,570.65
ITEM0000672,ORD000279,PROD0082,2,196.55
ITEM0000673,ORD000279,PROD0133,5,317.22
ITEM0000674,ORD000279,PROD0041,4,438.01
ITEM0000675,ORD000279,PROD0112,3,308.35
ITEM0000676,ORD000280,PROD0003,1,4.27
ITEM0000677,ORD000280,PROD0040,2,508.7
ITEM0000678,ORD000280,PROD0008,3,174.9
ITEM0000679,ORD000280,PROD0140,2,496.11
ITEM0000680,ORD000281,PROD0071,1,402.73
ITEM0000681,ORD000282,PROD0028,2,463.5
ITEM0000682,ORD000283,PROD0101,4,182.81
ITEM0000683,ORD000283,PROD0026,4,585.88
ITEM0000684,ORD000284,PROD0047,1,288.09
ITEM0000685,ORD000284,PROD0077,5,286.06
ITEM0000686,ORD000285,PROD0041,5,438.01
ITEM0000687,ORD000286,PROD0056,1,249.02
ITEM0000688,ORD000286,PROD0094,2,393.51
ITEM0000689,ORD000287,PROD0090,5,51.56
ITEM0000690,ORD000288,PROD0045,4,66.57
ITEM0000691,ORD000288,PROD0051,5,294.17
ITEM0000692,ORD000288,PROD0072,4,226.81
ITEM0000693,ORD000289,PROD0110,3,39.23
ITEM0000694,ORD000289,PROD0052,4,436.28
ITEM0000695,ORD000289,PROD0146,5,292.2
ITEM0000696,ORD000289,PROD0091,5,161.11
ITEM0000697,ORD000290,PROD0083,2,306.64
ITEM0000698,ORD000290,PROD0110,3,39.23
ITEM0000699,ORD000291,PROD0055,3,408.1
ITEM0000700,ORD000291,PROD0120,4,261.92
ITEM0000701,ORD000291,PROD0146,2,292.2
ITEM0000702,ORD000292,PROD0082,4,196.55
ITEM0000703,ORD000292,PROD0051,1,294.17
ITEM0000704,ORD000292,PROD0013,3,196.91
ITEM0000705,ORD000292,PROD0127,1,9.71
ITEM0000706,ORD000293,PROD0010,3,488.99
ITEM0000707,ORD000293,PROD0137,1,447.4
ITEM0000708,ORD000293,PROD0136,3,485.57
ITEM0000709,ORD000293,PROD0011,4,325.01
ITEM0000710,ORD000294,PROD0127,1,9.71
ITEM0000711,ORD000294,PROD0032,2,172.77
ITEM0000712,ORD000294,PROD0096,4,321.49
ITEM0000713,ORD000294,PROD0027,3,356.31
ITEM0000714,ORD000295,PROD0029,1,93.87
ITEM0000715,ORD000296,PROD0036,4,33.3
ITEM0000716,ORD000296,PROD0150,2,88.94
ITEM0000717,ORD000297,PROD0148,4,427.66
ITEM0000718,ORD000297,PROD0123,4,95.95
ITEM0000719,ORD000298,PROD0053,1,292.19
ITEM0000720,ORD000298,PROD0020,1,124.89
ITEM0000721,ORD000299,PROD0136,3,485.57
ITEM0000722,ORD000299,PROD0132,4,316.5
ITEM0000723,ORD000300,PROD0116,2,366.52
ITEM0000724,ORD000300,PROD0132,3,316.5
ITEM0000725,ORD000300,PROD0052,1,436.28
ITEM0000726,ORD000300,PROD0103,1,305.68
ITEM0000727,ORD000301,PROD0091,1,161.11
ITEM0000728,ORD000301,PROD0068,4,422.88
ITEM0000729,ORD000301,PROD0031,1,15.13
ITEM0000730,ORD000301,PROD0141,1,19.31
ITEM0000731,ORD000302,PROD0071,5,402.73
ITEM0000732,ORD000302,PROD0136,1,485.57
ITEM0000733,ORD000303,PROD0062,1,355.88
ITEM0000734,ORD000303,PROD0017,4,234.28
ITEM0000735,ORD000303,PROD0137,3,447.4
ITEM0000736,ORD000304,PROD0001,5,342.2
ITEM0000737,ORD000304,PROD0025,3,23.62
ITEM0000738,ORD000304,PROD0048,2,277.49
ITEM0000739,ORD000305,PROD0110,3,39.23
ITEM0000740,ORD000305,PROD0086,1,203.78
ITEM0000741,ORD000305,PROD0006,-5,98.27
ITEM0000742,ORD000305,PROD0046,4,207.44
ITEM0000743,ORD000306,PROD0038,1,216.74
ITEM0000744,ORD000306,PROD0025,4,23.62
ITEM0000745,ORD000307,PROD0118,3,58.39
ITEM0000746,ORD000307,PROD0004,5,129.15
ITEM0000747,ORD000307,PROD0091,5,161.11
ITEM0000748,ORD000308,PROD0128,5,403.21
ITEM0000749,ORD000308,PROD0008,3,174.9
ITEM0000750,ORD000308,PROD0063,4,665.26
ITEM0000751,ORD000309,PROD0090,5,51.56
ITEM0000752,ORD000309,PROD0085,3,602.46
ITEM0000753,ORD000309,PROD0101,3,182.81
ITEM0000754,ORD000310,PROD0128,2,403.21
ITEM0000755,ORD000311,PROD0125,3,377.98
ITEM0000756,ORD000311,PROD0074,3,122.74
ITEM0000757,ORD000311,PROD0017,4,234.28
ITEM0000758,ORD000312,PROD0129,1,246.64
ITEM0000759,ORD000312,PROD0144,2,105.68
ITEM0000760,ORD000312,PROD0040,3,508.7
ITEM0000761,ORD000313,PROD0103,5,305.68
ITEM0000762,ORD000313,PROD0026,3,585.88
ITEM0000763,ORD000313,PROD0067,2,363.03
ITEM0000764,ORD000313,PROD0078,2,57.56
ITEM0000765,ORD000314,PROD0097,1,53.1
ITEM0000766,ORD000314,PROD0112,3,308.35
ITEM0000767,ORD000315,PROD0106,1,508.9
ITEM0000768,ORD000315,PROD0119,2,103.02
ITEM0000769,ORD000315,PROD0008,2,174.9
ITEM0000770,ORD000315,PROD0144,5,105.68
ITEM0000771,ORD000316,PROD0119,5,103.02
ITEM0000772,ORD000317,PROD0075,5,383.73
ITEM0000773,ORD000318,PROD0053,5,292.19
ITEM0000774,ORD000319,PROD0078,1,57.56
ITEM0000775,ORD000319,PROD0080,2,-392.58
ITEM0000776,ORD000320,PROD0122,1,484.26
ITEM0000777,ORD000321,PROD0048,5,277.49
ITEM0000778,ORD000321,PROD0061,5,683.51
ITEM0000779,ORD000321,PROD0140,1,496.11
ITEM0000780,ORD000321,PROD0067,2,363.03
ITEM0000781,ORD000322,PROD0026,3,585.88
ITEM0000782,ORD000322,PROD0127,1,9.71
ITEM0000783,ORD000322,PROD0095,2,271.32
ITEM0000784,ORD000323,PROD0114,1,45.61
ITEM0000785,ORD000324,PROD0041,3,438.01
ITEM0000786,ORD000325,PROD0045,2,66.57
ITEM0000787,ORD000326,PROD0101,4,182.81
ITEM0000788,ORD000326,PROD0018,2,119.66
ITEM0000789,ORD000326,PROD0124,5,173.3
ITEM0000790,ORD000327,PROD0018,2,119.66
ITEM0000791,ORD000327,PROD0012,4,589.04
ITEM0000792,ORD000327,PROD0008,2,174.9
ITEM0000793,ORD000327,PROD0041,4,438.01
ITEM0000794,ORD000328,PROD0019,4,443.45
ITEM0000795,ORD000329,PROD0097,2,53.1
ITEM0000796,ORD000329,PROD0035,3,27.57
ITEM0000797,ORD000329,PROD0147,4,570.65
ITEM0000798,ORD000329,PROD0143,2,453.59
ITEM0000799,ORD000330,PROD0105,1,308.26
ITEM0000800,ORD000330,PROD0146,5,292.2
ITEM0000801,ORD000330,PROD0140,5,496.11
ITEM0000802,ORD000331,PROD0113,4,320.56
ITEM0000803,ORD000332,PROD0031,4,15.13
ITEM0000804,ORD000333,PROD0100,2,208.15
ITEM0000805,ORD000333,PROD0092,5,557.9
ITEM0000806,ORD000333,PROD0018,5,119.66
ITEM0000807,ORD000334,PROD0068,4,422.88
ITEM0000808,ORD000334,PROD0008,1,174.9
ITEM0000809,ORD000334,PROD0009,3,138.45
ITEM0000810,ORD000334,PROD0087,1,193.52
ITEM0000811,ORD000335,PROD0089,1,289.58
ITEM0000812,ORD000336,PROD0011,4,325.01
ITEM0000813,ORD000336,PROD0027,4,356.31
ITEM0000814,ORD000336,PROD0010,2,488.99
ITEM0000815,ORD000337,PROD0142,4,347.19
ITEM0000816,ORD000338,PROD0030,1,314.5
ITEM0000817,ORD000338,PROD0113,3,320.56
ITEM0000818,ORD000339,PROD0059,4,254.01
ITEM0000819,ORD000340,PROD0015,1,442.7
ITEM0000820,ORD000340,PROD0020,1,124.89
ITEM0000821,ORD000341,PROD0032,2,172.77
ITEM0000822,ORD000341,PROD0020,3,124.89
ITEM0000823,ORD000341,PROD0065,4,153.97
ITEM0000824,ORD000341,PROD0140,5,496.11
ITEM0000825,ORD000342,PROD0014,3,16.7
ITEM0000826,ORD000343,PROD0079,2,61.84
ITEM0000827,ORD000343,PROD0142,2,347.19
ITEM0000828,ORD000344,PROD0009,3,138.45
ITEM0000829,ORD000344,PROD0070,3,271.29
ITEM0000830,ORD000344,PROD0072,1,226.81
ITEM0000831,ORD000344,PROD0099,1,386.23
ITEM0000832,ORD000345,PROD0139,3,135.03
ITEM0000833,ORD000346,PROD0088,5,51.09
ITEM0000834,ORD000347,PROD0137,5,447.4
ITEM0000835,ORD000347,PROD0119,3,103.02
ITEM0000836,ORD000347,PROD0109,2,126.44
ITEM0000837,ORD000348,PROD0147,5,570.65
ITEM0000838,ORD000348,PROD0102,3,266.91
ITEM0000839,ORD000348,PROD0010,5,488.99
ITEM0000840,ORD000349,PROD0005,1,196.98
ITEM0000841,ORD000349,PROD0113,5,320.56
ITEM0000842,ORD000349,PROD0003,1,4.27
ITEM0000843,ORD000349,PROD0120,3,261.92
ITEM0000844,ORD000350,PROD0033,5,470.6
ITEM0000845,ORD000350,PROD0059,1,254.01
ITEM0000846,ORD000350,PROD0045,4,66.57
ITEM0000847,ORD000350,PROD0038,2,216.74
ITEM0000848,ORD000351,PROD0139,3,135.03
ITEM0000849,ORD000351,PROD0012,1,589.04
ITEM0000850,ORD000351,PROD0061,3,683.51
ITEM0000851,ORD000352,PROD0007,5,248.82
ITEM0000852,ORD000352,PROD0084,4,464.44
ITEM0000853,ORD000353,PROD0075,2,383.73
ITEM0000854,ORD000354,PROD0056,1,249.02
ITEM0000855,ORD000354,PROD0097,1,53.1
ITEM0000856,ORD000354,PROD0150,2,88.94
ITEM0000857,ORD000355,PROD0136,1,485.57
ITEM0000858,ORD000356,PROD0063,2,665.26
ITEM0000859,ORD000356,PROD0085,1,602.46
ITEM0000860,ORD000356,PROD0093,4,573.11
ITEM0000861,ORD000357,PROD0115,2,431.33
ITEM0000862,ORD000357,PROD0108,2,332.49
ITEM0000863,ORD000358,PROD0074,1,122.74
ITEM0000864,ORD000358,PROD0088,2,51.09
ITEM0000865,ORD000358,PROD0081,2,318.7
ITEM0000866,ORD000359,PROD0026,1,585.88
ITEM0000867,ORD000359,PROD0033,2,470.6
ITEM0000868,ORD000359,PROD0009,4,138.45
ITEM0000869,ORD000359,PROD0111,4,408.22
ITEM0000870,ORD000360,PROD0012,1,589.04
ITEM0000871,ORD000361,PROD0075,5,383.73
ITEM0000872,ORD000361,PROD0123,1,-95.95
ITEM0000873,ORD000361,PROD0035,5,27.57
ITEM0000874,ORD000361,PROD0047,4,288.09
ITEM0000875,ORD000362,PROD0088,5,51.09
ITEM0000876,ORD000362,PROD0013,4,196.91
ITEM0000877,ORD000362,PROD0145,2,359.48
ITEM0000878,ORD000362,PROD0133,2,317.22
ITEM0000879,ORD000363,PROD0074,3,122.74
ITEM0000880,ORD000364,PROD0060,3,497.77
ITEM0000881,ORD000365,PROD0139,5,-135.03
ITEM0000882,ORD000366,PROD0114,3,45.61
ITEM0000883,ORD000366,PROD0134,1,192.47
ITEM0000884,ORD000366,PROD0033,3,470.6
ITEM0000885,ORD000366,PROD0117,3,130.11
ITEM0000886,ORD000367,PROD0020,2,124.89
ITEM0000887,ORD000367,PROD0084,5,464.44
ITEM0000888,ORD000368,PROD0049,1,106.04
ITEM0000889,ORD000368,PROD0143,2,453.59
ITEM0000890,ORD000368,PROD0010,2,488.99
ITEM0000891,ORD000369,PROD0133,-2,317.22
ITEM0000892,ORD000370,PROD0108,3,332.49
ITEM0000893,ORD000371,PROD0077,3,286.06
ITEM0000894,ORD000371,PROD0060,4,497.77
ITEM0000895,ORD000372,PROD0108,2,332.49
ITEM0000896,ORD000372,PROD0115,4,431.33
ITEM0000897,ORD000372,PROD0084,3,464.44
ITEM0000898,ORD000373,PROD0008,3,174.9
ITEM0000899,ORD000373,PROD0075,4,383.73
ITEM0000900,ORD000374,PROD0109,3,126.44
ITEM0000901,ORD000374,PROD0103,1,305.68
ITEM0000902,ORD000374,PROD0067,5,363.03
ITEM0000903,ORD000374,PROD0014,1,16.7
ITEM0000904,ORD000375,PROD0098,1,351.41
ITEM0000905,ORD000376,PROD0133,2,317.22
ITEM0000906,ORD000377,PROD0075,3,383.73
ITEM0000907,ORD000377,PROD0042,2,394.4
ITEM0000908,ORD000378,PROD0125,3,377.98
ITEM0000909,ORD000378,PROD0011,2,325.01
ITEM0000910,ORD000378,PROD0041,4,438.01
ITEM0000911,ORD000378,PROD0073,3,241.62
ITEM0000912,ORD000379,PROD0004,5,129.15
ITEM0000913,ORD000380,PROD0109,3,126.44
ITEM0000914,ORD000380,PROD0132,3,316.5
ITEM0000915,ORD000380,PROD0006,4,98.27
ITEM0000916,ORD000381,PROD0098,4,351.41
ITEM0000917,ORD000381,PROD0005,5,196.98
ITEM0000918,ORD000382,PROD0123,3,95.95
ITEM0000919,ORD000382,PROD0145,1,359.48
ITEM0000920,ORD000382,PROD0028,4,463.5
ITEM0000921,ORD000383,PROD0016,3,30.39
ITEM0000922,ORD000383,PROD0127,2,9.71
ITEM0000923,ORD000384,PROD0144,5,105.68
ITEM0000924,ORD000384,PROD0126,2,263.88
ITEM0000925,ORD000385,PROD0109,1,126.44
ITEM0000926,ORD000386,PROD0113,1,320.56
ITEM0000927,ORD000386,PROD0030,5,314.5
ITEM0000928,ORD000387,PROD0112,3,308.35
ITEM0000929,ORD000388,PROD0037,5,540.32
ITEM0000930,ORD000388,PROD0075,3,383.73
ITEM0000931,ORD000389,PROD0043,-4,251.98
ITEM0000932,ORD000389,PROD0135,2,427.2
ITEM0000933,ORD000390,PROD0138,4,43.7
ITEM0000934,ORD000391,PROD0089,2,289.58
ITEM0000935,ORD000391,PROD0004,4,129.15
ITEM0000936,ORD000392,PROD0020,1,124.89
ITEM0000937,ORD000392,PROD0040,3,508.7
ITEM0000938,ORD000393,PROD0122,1,484.26
ITEM0000939,ORD000393,PROD0054,1,135.13
ITEM0000940,ORD000393,PROD0044,2,474.28
ITEM0000941,ORD000394,PROD0109,5,126.44
ITEM0000942,ORD000394,PROD0121,4,287.5
ITEM0000943,ORD000394,PROD0084,4,464.44
ITEM0000944,ORD000394,PROD0078,3,57.56
ITEM0000945,ORD000395,PROD0112,4,308.35
ITEM0000946,ORD000395,PROD0144,1,105.68
ITEM0000947,ORD000396,PROD0089,2,289.58
ITEM0000948,ORD000396,PROD0109,1,126.44
ITEM0000949,ORD000396,PROD0055,-2,408.1
ITEM0000950,ORD000396,PROD0144,1,105.68
ITEM0000951,ORD000397,PROD0071,4,402.73
ITEM0000952,ORD000398,PROD0121,5,287.5
ITEM0000953,ORD000399,PROD0010,3,488.99
ITEM0000954,ORD000400,PROD0022,1,380.56
ITEM0000955,ORD000400,PROD0108,1,332.49
ITEM0000956,ORD000401,PROD0086,3,203.78
ITEM0000957,ORD000402,PROD0016,2,30.39
ITEM0000958,ORD000402,PROD0017,4,234.28
ITEM0000959,ORD000402,PROD0050,5,235.27
ITEM0000960,ORD000402,PROD0129,1,246.64
ITEM0000961,ORD000403,PROD0145,4,359.48
ITEM0000962,ORD000404,PROD0044,1,474.28
ITEM0000963,ORD000405,PROD0034,1,303.7
ITEM0000964,ORD000405,PROD0080,3,392.58
ITEM0000965,ORD000406,PROD0076,4,277.07
ITEM0000966,ORD000406,PROD0067,5,363.03
ITEM0000967,ORD000407,PROD0010,4,488.99
ITEM0000968,ORD000407,PROD0150,4,88.94
ITEM0000969,ORD000408,PROD0024,3,594.24
ITEM0000970,ORD000408,PROD0132,1,316.5
ITEM0000971,ORD000408,PROD0054,4,135.13
ITEM0000972,ORD000409,PROD0083,1,306.64
ITEM0000973,ORD000410,PROD0026,3,585.88
ITEM0000974,ORD000410,PROD0048,1,277.49
ITEM0000975,ORD000410,PROD0092,5,557.9
ITEM0000976,ORD000411,PROD0087,3,193.52
ITEM0000977,ORD000411,PROD0124,2,173.3
ITEM0000978,ORD000411,PROD0103,5,305.68
ITEM0000979,ORD000412,PROD0132,3,316.5
ITEM0000980,ORD000412,PROD0043,5,251.98
ITEM0000981,ORD000413,PROD0024,3,594.24
ITEM0000982,ORD000414,PROD0038,2,216.74
ITEM0000983,ORD000415,PROD0063,2,665.26
ITEM0000984,ORD000416,PROD0121,5,287.5
ITEM0000985,ORD000417,PROD0025,2,23.62
ITEM0000986,ORD000417,PROD0100,4,208.15
ITEM0000987,ORD000418,PROD0126,5,263.88
ITEM0000988,ORD000418,PROD0007,3,248.82
ITEM0000989,ORD000418,PROD0057,5,632.78
ITEM0000990,ORD000419,PROD0012,3,589.04
ITEM0000991,ORD000419,PROD0055,2,408.1
ITEM0000992,ORD000420,PROD0046,1,207.44
ITEM0000993,ORD000420,PROD0042,1,394.4
ITEM0000994,ORD000420,PROD0102,1,266.91
ITEM0000995,ORD000420,PROD0133,5,317.22
ITEM0000996,ORD000421,PROD0078,4,57.56
ITEM0000997,ORD000422,PROD0137,2,447.4
ITEM0000998,ORD000422,PROD0094,4,393.51
ITEM0000999,ORD000422,PROD0029,1,93.87
ITEM0001000,ORD000423,PROD0112,1,308.35
ITEM0001001,ORD000423,PROD0013,3,196.91
ITEM0001002,ORD000423,PROD0119,3,103.02
ITEM0001003,ORD000423,PROD0073,3,241.62
ITEM0001004,ORD000424,PROD0115,3,431.33
ITEM0001005,ORD000425,PROD0064,1,411.35
ITEM0001006,ORD000425,PROD0045,4,66.57
ITEM0001007,ORD000425,PROD0022,4,380.56
ITEM0001008,ORD000425,PROD0137,5,447.4
ITEM0001009,ORD000426,PROD0098,5,351.41
ITEM0001010,ORD000427,PROD0021,2,487.35
ITEM0001011,ORD000427,PROD0111,5,408.22
ITEM0001012,ORD000427,PROD0030,2,314.5
ITEM0001013,ORD000428,PROD0071,1,402.73
ITEM0001014,ORD000428,PROD0129,3,246.64
ITEM0001015,ORD000429,PROD0069,1,619.75
ITEM0001016,ORD000429,PROD0119,3,103.02
ITEM0001017,ORD000429,PROD0082,5,196.55
ITEM0001018,ORD000430,PROD0088,3,51.09
ITEM0001019,ORD000431,PROD0100,4,208.15
ITEM0001020,ORD000431,PROD0066,1,370.45
ITEM0001021,ORD000432,PROD0078,4,57.56
ITEM0001022,ORD000432,PROD0075,5,383.73
ITEM0001023,ORD000432,PROD0081,5,318.7
ITEM0001024,ORD000433,PROD0061,4,683.51
ITEM0001025,ORD000433,PROD0097,1,53.1
ITEM0001026,ORD000433,PROD0138,1,43.7
ITEM0001027,ORD000433,PROD0034,2,303.7
ITEM0001028,ORD000434,PROD0108,3,332.49
ITEM0001029,ORD000434,PROD0072,3,226.81
ITEM0001030,ORD000435,PROD0074,4,122.74
ITEM0001031,ORD000435,PROD0116,3,366.52
ITEM0001032,ORD000435,PROD0041,1,438.01
ITEM0001033,ORD000435,PROD0046,4,207.44
ITEM0001034,ORD000436,PROD0147,4,570.65
ITEM0001035,ORD000437,PROD0095,1,271.32
ITEM0001036,ORD000438,PROD0118,2,58.39
ITEM0001037,ORD000438,PROD0095,2,271.32
ITEM0001038,ORD000439,PROD0114,2,45.61
ITEM0001039,ORD000439,PROD0062,1,355.88
ITEM0001040,ORD000440,PROD0009,4,138.45
ITEM0001041,ORD000441,PROD0137,1,447.4
ITEM0001042,ORD000442,PROD0094,4,393.51
ITEM0001043,ORD000443,PROD0149,3,139.28
ITEM0001044,ORD000443,PROD0029,2,93.87
ITEM0001045,ORD000443,PROD0044,1,474.28
ITEM0001046,ORD000444,PROD0067,3,363.03
ITEM0001047,ORD000444,PROD0088,4,51.09
ITEM0001048,ORD000445,PROD0007,5,248.82
ITEM0001049,ORD000445,PROD0057,2,632.78
ITEM0001050,ORD000445,PROD0095,4,271.32
ITEM0001051,ORD000446,PROD0066,5,370.45
ITEM0001052,ORD000446,PROD0059,3,254.01
ITEM0001053,ORD000446,PROD0008,5,174.9
ITEM0001054,ORD000446,PROD0055,2,408.1
ITEM0001055,ORD000447,PROD0044,4,474.28
ITEM0001056,ORD000447,PROD0135,1,427.2
ITEM0001057,ORD000447,PROD0124,2,173.3
ITEM0001058,ORD000447,PROD0045,1,66.57
ITEM0001059,ORD000448,PROD0052,1,436.28
ITEM0001060,ORD000448,PROD0094,3,393.51
ITEM0001061,ORD000449,PROD0015,4,442.7
ITEM0001062,ORD000450,PROD0059,2,254.01
ITEM0001063,ORD000450,PROD0117,5,130.11
ITEM0001064,ORD000451,PROD0054,2,135.13
ITEM0001065,ORD000452,PROD0082,1,196.55
ITEM0001066,ORD000453,PROD0125,-5,377.98
ITEM0001067,ORD000453,PROD0077,1,286.06
ITEM0001068,ORD000454,PROD0001,4,342.2
ITEM0001069,ORD000454,PROD0065,4,153.97
ITEM0001070,ORD000454,PROD0105,3,308.26
ITEM0001071,ORD000454,PROD0070,3,271.29
ITEM0001072,ORD000455,PROD0125,3,377.98
ITEM0001073,ORD000455,PROD0002,4,112.42
ITEM0001074,ORD000456,PROD0088,1,51.09
ITEM0001075,ORD000456,PROD0138,5,43.7
ITEM0001076,ORD000456,PROD0047,4,288.09
ITEM0001077,ORD000456,PROD0050,5,235.27
ITEM0001078,ORD000457,PROD0041,5,438.01
ITEM0001079,ORD000457,PROD0084,4,464.44
ITEM0001080,ORD000458,PROD0086,4,203.78
ITEM0001081,ORD000458,PROD0091,-4,161.11
ITEM0001082,ORD000458,PROD0081,1,318.7
ITEM0001083,ORD000459,PROD0054,3,135.13
ITEM0001084,ORD000459,PROD0066,4,370.45
ITEM0001085,ORD000460,PROD0071,2,402.73
ITEM0001086,ORD000460,PROD0028,5,463.5
ITEM0001087,ORD000460,PROD0020,1,124.89
ITEM0001088,ORD000460,PROD0063,4,665.26
ITEM0001089,ORD000461,PROD0071,4,402.73
ITEM0001090,ORD000461,PROD0138,2,43.7
ITEM0001091,ORD000461,PROD0095,4,271.32
ITEM0001092,ORD000462,PROD0063,3,665.26
ITEM0001093,ORD000462,PROD0084,1,464.44
ITEM0001094,ORD000462,PROD0147,3,570.65
ITEM0001095,ORD000462,PROD0140,4,496.11
ITEM0001096,ORD000463,PROD0051,5,294.17
ITEM0001097,ORD000463,PROD0067,1,363.03
ITEM0001098,ORD000463,PROD0066,4,370.45
ITEM0001099,ORD000464,PROD0009,4,138.45
ITEM0001100,ORD000464,PROD0130,1,421.1
ITEM0001101,ORD000464,PROD0084,5,464.44
ITEM0001102,ORD000464,PROD0138,5,43.7
ITEM0001103,ORD000465,PROD0111,3,408.22
ITEM0001104,ORD000466,PROD0117,1,130.11
ITEM0001105,ORD000466,PROD0136,5,485.57
ITEM0001106,ORD000466,PROD0111,2,408.22
ITEM0001107,ORD000467,PROD0052,2,436.28
ITEM0001108,ORD000467,PROD0148,2,427.66
ITEM0001109,ORD000467,PROD0091,1,161.11
ITEM0001110,ORD000467,PROD0040,1,508.7
ITEM0001111,ORD000468,PROD0109,2,126.44
ITEM0001112,ORD000468,PROD0070,3,271.29
ITEM0001113,ORD000469,PROD0098,4,351.41
ITEM0001114,ORD000469,PROD0013,4,196.91
ITEM0001115,ORD000470,PROD0042,2,394.4
ITEM0001116,ORD000471,PROD0024,3,594.24
ITEM0001117,ORD000471,PROD0130,4,421.1
ITEM0001118,ORD000472,PROD0017,2,234.28
ITEM0001119,ORD000472,PROD0112,4,308.35
ITEM0001120,ORD000472,PROD0077,3,286.06
ITEM0001121,ORD000473,PROD0033,5,470.6
ITEM0001122,ORD000474,PROD0096,4,321.49
ITEM0001123,ORD000474,PROD0107,2,462.67
ITEM0001124,ORD000474,PROD0041,2,438.01
ITEM0001125,ORD000475,PROD0096,1,321.49
ITEM0001126,ORD000475,PROD0068,1,422.88
ITEM0001127,ORD000475,PROD0083,4,306.64
ITEM0001128,ORD000475,PROD0008,5,174.9
ITEM0001129,ORD000476,PROD0017,4,234.28
ITEM0001130,ORD000476,PROD0029,2,93.87
ITEM0001131,ORD000476,PROD0122,1,484.26
ITEM0001132,ORD000476,PROD0119,3,103.02
ITEM0001133,ORD000477,PROD0127,2,9.71
ITEM0001134,ORD000477,PROD0147,2,570.65
ITEM0001135,ORD000477,PROD0051,1,294.17
ITEM0001136,ORD000477,PROD0033,5,470.6
ITEM0001137,ORD000478,PROD0134,2,192.47
ITEM0001138,ORD000478,PROD0133,2,317.22
ITEM0001139,ORD000478,PROD0148,1,427.66
ITEM0001140,ORD000478,PROD0069,1,619.75
ITEM0001141,ORD000479,PROD0042,3,394.4
ITEM0001142,ORD000479,PROD0102,3,266.91
ITEM0001143,ORD000480,PROD0140,3,496.11
ITEM0001144,ORD000480,PROD0113,3,320.56
ITEM0001145,ORD000480,PROD0031,3,15.13
ITEM0001146,ORD000481,PROD0133,3,317.22
ITEM0001147,ORD000481,PROD0068,5,422.88
ITEM0001148,ORD000481,PROD0017,4,234.28
ITEM0001149,ORD000482,PROD0142,4,347.19
ITEM0001150,ORD000482,PROD0022,5,380.56
ITEM0001151,ORD000482,PROD0130,2,421.1
ITEM0001152,ORD000482,PROD0047,3,288.09
ITEM0001153,ORD000483,PROD0139,2,135.03
ITEM0001154,ORD000483,PROD0059,2,254.01
ITEM0001155,ORD000483,PROD0136,2,485.57
ITEM0001156,ORD000484,PROD0072,4,226.81
ITEM0001157,ORD000484,PROD0013,4,196.91
ITEM0001158,ORD000485,PROD0143,5,453.59
ITEM0001159,ORD000485,PROD0080,4,392.58
ITEM0001160,ORD000485,PROD0054,2,135.13
ITEM0001161,ORD000486,PROD0050,2,235.27
ITEM0001162,ORD000486,PROD0064,4,411.35
ITEM0001163,ORD000486,PROD0090,2,51.56
ITEM0001164,ORD000486,PROD0019,3,443.45
ITEM0001165,ORD000487,PROD0060,5,497.77
ITEM0001166,ORD000487,PROD0113,1,320.56
ITEM0001167,ORD000487,PROD0077,3,286.06
ITEM0001168,ORD000487,PROD0032,1,172.77
ITEM0001169,ORD000488,PROD0125,2,377.98
ITEM0001170,ORD000488,PROD0075,5,383.73
ITEM0001171,ORD000489,PROD0108,3,332.49
ITEM0001172,ORD000489,PROD0015,3,442.7
ITEM0001173,ORD000489,PROD0027,3,356.31
ITEM0001174,ORD000489,PROD0072,4,226.81
ITEM0001175,ORD000490,PROD0144,4,105.68
ITEM0001176,ORD000490,PROD0145,1,359.48
ITEM0001177,ORD000490,PROD0097,2,53.1
ITEM0001178,ORD000490,PROD0133,5,317.22
ITEM0001179,ORD000491,PROD0147,4,570.65
ITEM0001180,ORD000491,PROD0134,5,192.47
ITEM0001181,ORD000491,PROD0010,3,488.99
ITEM0001182,ORD000491,PROD0103,1,305.68
ITEM0001183,ORD000492,PROD0071,1,402.73
ITEM0001184,ORD000492,PROD0115,3,431.33
ITEM0001185,ORD000493,PROD0090,3,51.56
ITEM0001186,ORD000493,PROD0045,2,66.57
ITEM0001187,ORD000493,PROD0128,1,403.21
ITEM0001188,ORD000493,PROD0023,4,414.75
ITEM0001189,ORD000494,PROD0113,2,320.56
ITEM0001190,ORD000494,PROD0093,5,573.11
ITEM0001191,ORD000494,PROD0041,5,438.01
ITEM0001192,ORD000495,PROD0024,3,594.24
ITEM0001193,ORD000495,PROD0104,3,66.01
ITEM0001194,ORD000496,PROD0083,2,306.64
ITEM0001195,ORD000497,PROD0058,2,356.49
ITEM0001196,ORD000497,PROD0057,1,632.78
ITEM0001197,ORD000497,PROD0063,4,665.26
ITEM0001198,ORD000497,PROD0113,5,320.56
ITEM0001199,ORD000498,PROD0067,3,363.03
ITEM0001200,ORD000498,PROD0094,2,393.51
ITEM0001201,ORD000498,PROD0068,2,422.88
ITEM0001202,ORD000498,PROD0111,2,408.22
ITEM0001203,ORD000499,PROD0027,5,356.31
ITEM0001204,ORD000499,PROD0059,3,254.01
ITEM0001205,ORD000499,PROD0090,5,51.56
ITEM0001206,ORD000500,PROD0089,4,289.58
ITEM0001207,ORD000501,PROD0008,2,174.9
ITEM0001208,ORD000501,PROD0126,4,263.88
ITEM0001209,ORD000501,PROD0111,3,408.22
ITEM0001210,ORD000502,PROD0002,5,112.42
ITEM0001211,ORD000502,PROD0014,5,16.7
ITEM0001212,ORD000502,PROD0092,2,557.9
ITEM0001213,ORD000503,PROD0031,4,15.13
ITEM0001214,ORD000503,PROD0085,4,602.46
ITEM0001215,ORD000503,PROD0023,4,414.75
ITEM0001216,ORD000503,PROD0025,1,23.62
ITEM0001217,ORD000504,PROD0067,2,363.03
ITEM0001218,ORD000504,PROD0103,1,305.68
ITEM0001219,ORD000505,PROD0096,1,321.49
ITEM0001220,ORD000506,PROD0008,3,174.9
ITEM0001221,ORD000506,PROD0146,2,292.2
ITEM0001222,ORD000506,PROD0145,5,359.48
ITEM0001223,ORD000507,PROD0046,1,207.44
ITEM0001224,ORD000507,PROD0130,1,421.1
ITEM0001225,ORD000507,PROD0039,3,410.66
ITEM0001226,ORD000507,PROD0114,5,45.61
ITEM0001227,ORD000508,PROD0117,4,130.11
ITEM0001228,ORD000508,PROD0141,1,19.31
ITEM0001229,ORD000508,PROD0100,2,208.15
ITEM0001230,ORD000509,PROD0134,1,192.47
ITEM0001231,ORD000510,PROD0140,2,496.11
ITEM0001232,ORD000510,PROD0052,4,436.28
ITEM0001233,ORD000510,PROD0073,4,241.62
ITEM0001234,ORD000510,PROD0083,5,306.64
ITEM0001235,ORD000511,PROD0136,1,485.57
ITEM0001236,ORD000512,PROD0137,1,447.4
ITEM0001237,ORD000513,PROD0131,1,130.48
ITEM0001238,ORD000513,PROD0135,2,427.2
ITEM0001239,ORD000513,PROD0046,1,207.44
ITEM0001240,ORD000513,PROD0095,5,271.32
ITEM0001241,ORD000514,PROD0062,3,355.88
ITEM0001242,ORD000515,PROD0064,4,411.35
ITEM0001243,ORD000515,PROD0067,3,363.03
ITEM0001244,ORD000516,PROD0097,3,53.1
ITEM0001245,ORD000516,PROD0072,4,226.81
ITEM0001246,ORD000516,PROD0049,2,106.04
ITEM0001247,ORD000516,PROD0125,1,377.98
ITEM0001248,ORD000517,PROD0066,3,370.45
ITEM0001249,ORD000517,PROD0102,5,266.91
ITEM0001250,ORD000518,PROD0052,4,436.28
ITEM0001251,ORD000518,PROD0033,1,470.6
ITEM0001252,ORD000518,PROD0133,1,317.22
ITEM0001253,ORD000518,PROD0010,4,488.99
ITEM0001254,ORD000519,PROD0082,5,196.55
ITEM0001255,ORD000519,PROD0012,3,589.04
ITEM0001256,ORD000520,PROD0040,2,508.7
ITEM0001257,ORD000520,PROD0075,4,383.73
ITEM0001258,ORD000520,PROD0130,2,421.1
ITEM0001259,ORD000520,PROD0017,2,234.28
ITEM0001260,ORD000521,PROD0044,3,474.28
ITEM0001261,ORD000522,PROD0145,1,359.48
ITEM0001262,ORD000523,PROD0006,4,98.27
ITEM0001263,ORD000524,PROD0126,3,263.88
ITEM0001264,ORD000524,PROD0065,4,153.97
ITEM0001265,ORD000525,PROD0045,2,66.57
ITEM0001266,ORD000525,PROD0100,3,208.15
ITEM0001267,ORD000525,PROD0066,5,370.45
ITEM0001268,ORD000526,PROD0108,4,332.49
ITEM0001269,ORD000526,PROD0107,3,462.67
ITEM0001270,ORD000526,PROD0118,5,58.39
ITEM0001271,ORD000526,PROD0116,2,366.52
ITEM0001272,ORD000527,PROD0096,2,321.49
ITEM0001273,ORD000527,PROD0079,4,61.84
ITEM0001274,ORD000527,PROD0055,5,408.1
ITEM0001275,ORD000527,PROD0101,3,182.81
ITEM0001276,ORD000528,PROD0053,4,292.19
ITEM0001277,ORD000529,PROD0039,3,410.66
ITEM0001278,ORD000529,PROD0106,2,508.9
ITEM0001279,ORD000530,PROD0017,1,234.28
ITEM0001280,ORD000531,PROD0039,3,410.66
ITEM0001281,ORD000531,PROD0055,3,408.1
ITEM0001282,ORD000532,PROD0026,2,585.88
ITEM0001283,ORD000532,PROD0144,5,105.68
ITEM0001284,ORD000532,PROD0041,4,438.01
ITEM0001285,ORD000533,PROD0011,2,325.01
ITEM0001286,ORD000534,PROD0113,2,320.56
ITEM0001287,ORD000534,PROD0150,4,88.94
ITEM0001288,ORD000534,PROD0147,3,570.65
ITEM0001289,ORD000535,PROD0039,3,410.66
ITEM0001290,ORD000535,PROD0029,1,93.87
ITEM0001291,ORD000535,PROD0051,4,294.17
ITEM0001292,ORD000535,PROD0083,4,306.64
ITEM0001293,ORD000536,PROD0126,3,263.88
ITEM0001294,ORD000537,PROD0087,1,193.52
ITEM0001295,ORD000537,PROD0011,5,325.01
ITEM0001296,ORD000537,PROD0070,3,271.29
ITEM0001297,ORD000537,PROD0118,4,58.39
ITEM0001298,ORD000538,PROD0105,3,308.26
ITEM0001299,ORD000538,PROD0088,3,51.09
ITEM0001300,ORD000538,PROD0034,1,303.7
ITEM0001301,ORD000538,PROD0089,5,289.58
ITEM0001302,ORD000539,PROD0096,2,321.49
ITEM0001303,ORD000539,PROD0017,1,-234.28
ITEM0001304,ORD000540,PROD0150,3,88.94
ITEM0001305,ORD000540,PROD0118,1,58.39
ITEM0001306,ORD000541,PROD0111,2,408.22
ITEM0001307,ORD000542,PROD0051,3,294.17
ITEM0001308,ORD000542,PROD0127,1,9.71
ITEM0001309,ORD000542,PROD0048,1,277.49
ITEM0001310,ORD000542,PROD0121,2,287.5
ITEM0001311,ORD000543,PROD0049,2,106.04
ITEM0001312,ORD000544,PROD0106,2,508.9
ITEM0001313,ORD000544,PROD0130,2,421.1
ITEM0001314,ORD000544,PROD0074,3,122.74
ITEM0001315,ORD000545,PROD0111,1,408.22
ITEM0001316,ORD000546,PROD0093,3,573.11
ITEM0001317,ORD000546,PROD0017,3,234.28
ITEM0001318,ORD000546,PROD0146,4,292.2
ITEM0001319,ORD000547,PROD0011,4,325.01
ITEM0001320,ORD000547,PROD0091,4,161.11
ITEM0001321,ORD000548,PROD0108,4,332.49
ITEM0001322,ORD000548,PROD0007,4,248.82
ITEM0001323,ORD000548,PROD0036,2,33.3
ITEM0001324,ORD000548,PROD0082,2,196.55
ITEM0001325,ORD000549,PROD0101,3,182.81
ITEM0001326,ORD000549,PROD0041,4,438.01
ITEM0001327,ORD000549,PROD0078,2,57.56
ITEM0001328,ORD000549,PROD0141,3,19.31
ITEM0001329,ORD000550,PROD0061,4,683.51
ITEM0001330,ORD000550,PROD0133,1,317.22
ITEM0001331,ORD000551,PROD0032,3,172.77
ITEM0001332,ORD000551,PROD0034,2,303.7
ITEM0001333,ORD000551,PROD0136,1,485.57
ITEM0001334,ORD000551,PROD0073,2,241.62
ITEM0001335,ORD000552,PROD0143,3,453.59
ITEM0001336,ORD000552,PROD0088,3,51.09
ITEM0001337,ORD000552,PROD0148,2,427.66
ITEM0001338,ORD000553,PROD0131,2,130.48
ITEM0001339,ORD000553,PROD0025,4,23.62
ITEM0001340,ORD000553,PROD0099,3,386.23
ITEM0001341,ORD000554,PROD0016,2,30.39
ITEM0001342,ORD000554,PROD0122,5,484.26
ITEM0001343,ORD000554,PROD0064,3,411.35
ITEM0001344,ORD000555,PROD0031,1,15.13
ITEM0001345,ORD000555,PROD0076,5,277.07
ITEM0001346,ORD000556,PROD0037,1,540.32
ITEM0001347,ORD000556,PROD0076,4,277.07
ITEM0001348,ORD000557,PROD0114,1,45.61
ITEM0001349,ORD000557,PROD0081,2,318.7
ITEM0001350,ORD000558,PROD0014,3,16.7
ITEM0001351,ORD000559,PROD0112,3,308.35
ITEM0001352,ORD000560,PROD0131,1,130.48
ITEM0001353,ORD000561,PROD0134,2,192.47
ITEM0001354,ORD000562,PROD0018,5,119.66
ITEM0001355,ORD000562,PROD0127,4,9.71
ITEM0001356,ORD000562,PROD0103,1,305.68
ITEM0001357,ORD000563,PROD0143,1,453.59
ITEM0001358,ORD000564,PROD0040,5,508.7
ITEM0001359,ORD000564,PROD0036,4,33.3
ITEM0001360,ORD000565,PROD0141,5,19.31
ITEM0001361,ORD000565,PROD0018,-4,119.66
ITEM0001362,ORD000565,PROD0011,5,325.01
ITEM0001363,ORD000565,PROD0052,2,436.28
ITEM0001364,ORD000566,PROD0069,5,619.75
ITEM0001365,ORD000566,PROD0143,5,453.59
ITEM0001366,ORD000566,PROD0096,3,321.49
ITEM0001367,ORD000567,PROD0053,4,292.19
ITEM0001368,ORD000567,PROD0048,2,277.49
ITEM0001369,ORD000567,PROD0029,3,93.87
ITEM0001370,ORD000567,PROD0011,5,325.01
ITEM0001371,ORD000568,PROD0056,3,249.02
ITEM0001372,ORD000568,PROD0131,3,130.48
ITEM0001373,ORD000568,PROD0007,4,248.82
ITEM0001374,ORD000569,PROD0064,1,411.35
ITEM0001375,ORD000569,PROD0020,1,124.89
ITEM0001376,ORD000569,PROD0028,3,463.5
ITEM0001377,ORD000570,PROD0109,1,126.44
ITEM0001378,ORD000570,PROD0096,3,321.49
ITEM0001379,ORD000571,PROD0031,4,15.13
ITEM0001380,ORD000571,PROD0008,2,174.9
ITEM0001381,ORD000572,PROD0017,4,234.28
ITEM0001382,ORD000572,PROD0040,4,508.7
ITEM0001383,ORD000572,PROD0056,5,249.02
ITEM0001384,ORD000572,PROD0102,3,266.91
ITEM0001385,ORD000573,PROD0049,1,106.04
ITEM0001386,ORD000573,PROD0061,5,683.51
ITEM0001387,ORD000573,PROD0115,4,431.33
ITEM0001388,ORD000574,PROD0117,2,130.11
ITEM0001389,ORD000574,PROD0121,5,287.5
ITEM0001390,ORD000574,PROD0140,3,496.11
ITEM0001391,ORD000575,PROD0139,1,135.03
ITEM0001392,ORD000575,PROD0105,3,308.26
ITEM0001393,ORD000575,PROD0093,4,573.11
ITEM0001394,ORD000575,PROD0111,2,408.22
ITEM0001395,ORD000576,PROD0147,2,570.65
ITEM0001396,ORD000576,PROD0036,4,33.3
ITEM0001397,ORD000577,PROD0066,5,370.45
ITEM0001398,ORD000578,PROD0084,3,464.44
ITEM0001399,ORD000579,PROD0028,2,463.5
ITEM0001400,ORD000579,PROD0058,5,356.49
ITEM0001401,ORD000579,PROD0117,1,130.11
ITEM0001402,ORD000579,PROD0040,4,508.7
ITEM0001403,ORD000580,PROD0076,1,277.07
ITEM0001404,ORD000581,PROD0092,3,557.9
ITEM0001405,ORD000581,PROD0104,4,66.01
ITEM0001406,ORD000581,PROD0003,5,4.27
ITEM0001407,ORD000581,PROD0077,1,286.06
ITEM0001408,ORD000582,PROD0109,5,126.44
ITEM0001409,ORD000583,PROD0122,3,484.26
ITEM0001410,ORD000584,PROD0121,3,287.5
ITEM0001411,ORD000584,PROD0009,4,138.45
ITEM0001412,ORD000585,PROD0130,4,421.1
ITEM0001413,ORD000586,PROD0065,5,153.97
ITEM0001414,ORD000587,PROD0011,5,325.01
ITEM0001415,ORD000587,PROD0075,2,383.73
ITEM0001416,ORD000588,PROD0097,3,53.1
ITEM0001417,ORD000588,PROD0012,5,589.04
ITEM0001418,ORD000589,PROD0036,5,33.3
ITEM0001419,ORD000589,PROD0034,3,303.7
ITEM0001420,ORD000590,PROD0108,4,332.49
ITEM0001421,ORD000591,PROD0122,2,484.26
ITEM0001422,ORD000591,PROD0103,1,305.68
ITEM0001423,ORD000591,PROD0130,2,421.1
ITEM0001424,ORD000592,PROD0048,5,277.49
ITEM0001425,ORD000593,PROD0003,1,4.27
ITEM0001426,ORD000593,PROD0096,5,321.49
ITEM0001427,ORD000593,PROD0016,2,30.39
ITEM0001428,ORD000593,PROD0131,4,130.48
ITEM0001429,ORD000594,PROD0100,5,208.15
ITEM0001430,ORD000594,PROD0142,2,347.19
ITEM0001431,ORD000595,PROD0064,3,411.35
ITEM0001432,ORD000595,PROD0106,4,508.9
ITEM0001433,ORD000596,PROD0101,2,182.81
ITEM0001434,ORD000596,PROD0116,5,366.52
ITEM0001435,ORD000596,PROD0058,2,356.49
ITEM0001436,ORD000597,PROD0107,1,462.67
ITEM0001437,ORD000598,PROD0101,3,182.81
ITEM0001438,ORD000598,PROD0072,3,226.81
ITEM0001439,ORD000598,PROD0119,4,103.02
ITEM0001440,ORD000599,PROD0121,1,287.5
ITEM0001441,ORD000599,PROD0087,5,193.52
ITEM0001442,ORD000600,PROD0132,3,316.5
ITEM0001443,ORD000600,PROD0059,3,254.01
ITEM0001444,ORD000600,PROD0081,3,318.7
ITEM0001445,ORD000601,PROD0036,2,33.3
ITEM0001446,ORD000601,PROD0076,5,277.07
ITEM0001447,ORD000602,PROD0064,2,411.35
ITEM0001448,ORD000602,PROD0053,3,292.19
ITEM0001449,ORD000602,PROD0087,3,193.52
ITEM0001450,ORD000603,PROD0032,-4,172.77
ITEM0001451,ORD000603,PROD0097,3,53.1
ITEM0001452,ORD000603,PROD0141,5,19.31
ITEM0001453,ORD000604,PROD0126,4,263.88
ITEM0001454,ORD000604,PROD0028,1,463.5
ITEM0001455,ORD000604,PROD0122,1,484.26
ITEM0001456,ORD000604,PROD0112,1,308.35
ITEM0001457,ORD000605,PROD0011,-1,325.01
ITEM0001458,ORD000605,PROD0146,5,292.2
ITEM0001459,ORD000606,PROD0142,2,347.19
ITEM0001460,ORD000606,PROD0091,2,161.11
ITEM0001461,ORD000606,PROD0061,4,683.51
ITEM0001462,ORD000607,PROD0125,2,377.98
ITEM0001463,ORD000607,PROD0032,4,172.77
ITEM0001464,ORD000607,PROD0025,2,-23.62
ITEM0001465,ORD000608,PROD0115,1,431.33
ITEM0001466,ORD000608,PROD0055,2,408.1
ITEM0001467,ORD000608,PROD0060,5,497.77
ITEM0001468,ORD000608,PROD0026,3,585.88
ITEM0001469,ORD000609,PROD0128,5,403.21
ITEM0001470,ORD000610,PROD0044,3,474.28
ITEM0001471,ORD000610,PROD0104,3,66.01
ITEM0001472,ORD000610,PROD0054,4,135.13
ITEM0001473,ORD000610,PROD0056,5,249.02
ITEM0001474,ORD000611,PROD0093,4,573.11
ITEM0001475,ORD000611,PROD0098,4,351.41
ITEM0001476,ORD000611,PROD0006,2,98.27
ITEM0001477,ORD000612,PROD0010,3,488.99
ITEM0001478,ORD000612,PROD0098,2,351.41
ITEM0001479,ORD000613,PROD0039,3,410.66
ITEM0001480,ORD000613,PROD0076,4,277.07
ITEM0001481,ORD000613,PROD0037,2,540.32
ITEM0001482,ORD000613,PROD0112,5,308.35
ITEM0001483,ORD000614,PROD0061,2,683.51
ITEM0001484,ORD000614,PROD0005,1,196.98
ITEM0001485,ORD000615,PROD0046,2,-207.44
ITEM0001486,ORD000615,PROD0040,2,508.7
ITEM0001487,ORD000615,PROD0137,1,447.4
ITEM0001488,ORD000616,PROD0034,5,303.7
ITEM0001489,ORD000616,PROD0062,3,355.88
ITEM0001490,ORD000617,PROD0018,4,119.66
ITEM0001491,ORD000618,PROD0141,4,19.31
ITEM0001492,ORD000618,PROD0139,3,135.03
ITEM0001493,ORD000618,PROD0104,4,66.01
ITEM0001494,ORD000618,PROD0135,4,427.2
ITEM0001495,ORD000619,PROD0077,4,286.06
ITEM0001496,ORD000619,PROD0030,3,314.5
ITEM0001497,ORD000619,PROD0106,2,508.9
ITEM0001498,ORD000620,PROD0102,1,266.91
ITEM0001499,ORD000620,PROD0063,3,665.26
ITEM0001500,ORD000620,PROD0037,4,540.32
ITEM0001501,ORD000621,PROD0076,3,277.07
ITEM0001502,ORD000622,PROD0091,4,161.11
ITEM0001503,ORD000622,PROD0132,4,316.5
ITEM0001504,ORD000622,PROD0142,3,347.19
ITEM0001505,ORD000623,PROD0016,2,30.39
ITEM0001506,ORD000623,PROD0007,4,248.82
ITEM0001507,ORD000623,PROD0131,4,130.48
ITEM0001508,ORD000624,PROD0125,5,377.98
ITEM0001509,ORD000624,PROD0111,1,408.22
ITEM0001510,ORD000624,PROD0132,4,316.5
ITEM0001511,ORD000624,PROD0010,3,488.99
ITEM0001512,ORD000625,PROD0057,1,632.78
ITEM0001513,ORD000625,PROD0011,5,325.01
ITEM0001514,ORD000625,PROD0012,2,589.04
ITEM0001515,ORD000625,PROD0078,-2,57.56
ITEM0001516,ORD000626,PROD0057,4,632.78
ITEM0001517,ORD000627,PROD0096,5,321.49
ITEM0001518,ORD000627,PROD0121,3,287.5
ITEM0001519,ORD000627,PROD0067,2,363.03
ITEM0001520,ORD000628,PROD0058,4,356.49
ITEM0001521,ORD000628,PROD0006,5,98.27
ITEM0001522,ORD000629,PROD0028,2,463.5
ITEM0001523,ORD000629,PROD0038,2,216.74
ITEM0001524,ORD000629,PROD0143,1,453.59
ITEM0001525,ORD000630,PROD0077,2,286.06
ITEM0001526,ORD000630,PROD0021,1,487.35
ITEM0001527,ORD000630,PROD0063,1,665.26
ITEM0001528,ORD000631,PROD0031,4,15.13
ITEM0001529,ORD000631,PROD0079,4,61.84
ITEM0001530,ORD000631,PROD0061,2,683.51
ITEM0001531,ORD000632,PROD0022,5,380.56
ITEM0001532,ORD000632,PROD0026,2,-585.88
ITEM0001533,ORD000632,PROD0003,2,4.27
ITEM0001534,ORD000632,PROD0039,3,410.66
ITEM0001535,ORD000633,PROD0080,1,392.58
ITEM0001536,ORD000633,PROD0085,1,602.46
ITEM0001537,ORD000634,PROD0028,1,463.5
ITEM0001538,ORD000634,PROD0069,1,619.75
ITEM0001539,ORD000634,PROD0075,2,383.73
ITEM0001540,ORD000634,PROD0135,1,427.2
ITEM0001541,ORD000635,PROD0122,3,484.26
ITEM0001542,ORD000635,PROD0116,4,366.52
ITEM0001543,ORD000636,PROD0039,1,410.66
ITEM0001544,ORD000636,PROD0040,1,508.7
ITEM0001545,ORD000636,PROD0010,1,488.99
ITEM0001546,ORD000636,PROD0021,3,487.35
ITEM0001547,ORD000637,PROD0054,3,135.13
ITEM0001548,ORD000637,PROD0122,1,484.26
ITEM0001549,ORD000637,PROD0009,3,138.45
ITEM0001550,ORD000638,PROD0116,4,366.52
ITEM0001551,ORD000638,PROD0035,5,27.57
ITEM0001552,ORD000638,PROD0084,2,464.44
ITEM0001553,ORD000639,PROD0062,5,355.88
ITEM0001554,ORD000639,PROD0132,2,316.5
ITEM0001555,ORD000640,PROD0087,4,193.52
ITEM0001556,ORD000640,PROD0001,2,342.2
ITEM0001557,ORD000640,PROD0027,5,356.31
ITEM0001558,ORD000641,PROD0011,5,325.01
ITEM0001559,ORD000641,PROD0117,3,130.11
ITEM0001560,ORD000641,PROD0141,1,19.31
ITEM0001561,ORD000641,PROD0075,4,383.73
ITEM0001562,ORD000642,PROD0068,5,422.88
ITEM0001563,ORD000642,PROD0077,5,286.06
ITEM0001564,ORD000642,PROD0010,4,-488.99
ITEM0001565,ORD000642,PROD0059,1,254.01
ITEM0001566,ORD000643,PROD0014,2,16.7
ITEM0001567,ORD000643,PROD0128,1,403.21
ITEM0001568,ORD000643,PROD0149,4,139.28
ITEM0001569,ORD000644,PROD0021,1,487.35
ITEM0001570,ORD000644,PROD0085,3,602.46
ITEM0001571,ORD000644,PROD0063,3,665.26
ITEM0001572,ORD000644,PROD0123,2,95.95
ITEM0001573,ORD000645,PROD0020,2,124.89
ITEM0001574,ORD000646,PROD0116,3,366.52
ITEM0001575,ORD000647,PROD0022,3,380.56
ITEM0001576,ORD000647,PROD0092,5,557.9
ITEM0001577,ORD000647,PROD0024,5,594.24
ITEM0001578,ORD000648,PROD0134,2,192.47
ITEM0001579,ORD000648,PROD0137,3,447.4
ITEM0001580,ORD000649,PROD0049,5,106.04
ITEM0001581,ORD000649,PROD0124,2,173.3
ITEM0001582,ORD000650,PROD0051,4,294.17
ITEM0001583,ORD000650,PROD0011,1,325.01
ITEM0001584,ORD000650,PROD0010,3,488.99
ITEM0001585,ORD000651,PROD0134,5,192.47
ITEM0001586,ORD000652,PROD0031,2,15.13
ITEM0001587,ORD000652,PROD0009,3,138.45
ITEM0001588,ORD000652,PROD0082,3,196.55
ITEM0001589,ORD000653,PROD0106,3,508.9
ITEM0001590,ORD000653,PROD0020,3,124.89
ITEM0001591,ORD000653,PROD0136,3,485.57
ITEM0001592,ORD000654,PROD0093,1,573.11
ITEM0001593,ORD000655,PROD0150,2,88.94
ITEM0001594,ORD000655,PROD0021,5,487.35
ITEM0001595,ORD000656,PROD0142,4,347.19
ITEM0001596,ORD000656,PROD0077,4,286.06
ITEM0001597,ORD000656,PROD0026,1,585.88
ITEM0001598,ORD000657,PROD0104,3,66.01
ITEM0001599,ORD000657,PROD0139,2,135.03
ITEM0001600,ORD000657,PROD0028,5,463.5
ITEM0001601,ORD000658,PROD0044,2,-474.28
ITEM0001602,ORD000658,PROD0131,5,130.48
ITEM0001603,ORD000659,PROD0055,3,408.1
ITEM0001604,ORD000659,PROD0100,5,208.15
ITEM0001605,ORD000659,PROD0050,3,235.27
ITEM0001606,ORD000659,PROD0136,1,485.57
ITEM0001607,ORD000660,PROD0065,5,153.97
ITEM0001608,ORD000660,PROD0033,1,470.6
ITEM0001609,ORD000661,PROD0102,2,266.91
ITEM0001610,ORD000662,PROD0004,4,129.15
ITEM0001611,ORD000663,PROD0095,3,271.32
ITEM0001612,ORD000664,PROD0038,4,216.74
ITEM0001613,ORD000664,PROD0053,2,292.19
ITEM0001614,ORD000665,PROD0041,3,438.01
ITEM0001615,ORD000665,PROD0016,3,30.39
ITEM0001616,ORD000665,PROD0118,4,58.39
ITEM0001617,ORD000665,PROD0135,5,427.2
ITEM0001618,ORD000666,PROD0123,2,95.95
ITEM0001619,ORD000666,PROD0100,2,208.15
ITEM0001620,ORD000666,PROD0070,4,271.29
ITEM0001621,ORD000667,PROD0095,1,271.32
ITEM0001622,ORD000667,PROD0134,3,192.47
ITEM0001623,ORD000667,PROD0066,5,370.45
ITEM0001624,ORD000668,PROD0128,1,403.21
ITEM0001625,ORD000668,PROD0136,5,485.57
ITEM0001626,ORD000669,PROD0109,5,126.44
ITEM0001627,ORD000669,PROD0065,5,153.97
ITEM0001628,ORD000669,PROD0070,4,271.29
ITEM0001629,ORD000670,PROD0062,2,355.88
ITEM0001630,ORD000670,PROD0137,1,447.4
ITEM0001631,ORD000670,PROD0086,2,203.78
ITEM0001632,ORD000670,PROD0127,4,9.71
ITEM0001633,ORD000671,PROD0057,2,632.78
ITEM0001634,ORD000671,PROD0055,1,408.1
ITEM0001635,ORD000672,PROD0088,2,51.09
ITEM0001636,ORD000673,PROD0012,3,589.04
ITEM0001637,ORD000673,PROD0122,1,484.26
ITEM0001638,ORD000674,PROD0129,5,246.64
ITEM0001639,ORD000675,PROD0143,5,453.59
ITEM0001640,ORD000675,PROD0043,2,251.98
ITEM0001641,ORD000675,PROD0007,1,248.82
ITEM0001642,ORD000675,PROD0025,2,23.62
ITEM0001643,ORD000676,PROD0009,2,138.45
ITEM0001644,ORD000676,PROD0031,3,15.13
ITEM0001645,ORD000677,PROD0044,3,474.28
ITEM0001646,ORD000678,PROD0040,4,508.7
ITEM0001647,ORD000679,PROD0116,5,366.52
ITEM0001648,ORD000679,PROD0041,2,438.01
ITEM0001649,ORD000679,PROD0137,3,447.4
ITEM0001650,ORD000680,PROD0024,1,594.24
ITEM0001651,ORD000680,PROD0149,1,139.28
ITEM0001652,ORD000680,PROD0030,5,314.5
ITEM0001653,ORD000680,PROD0033,1,470.6
ITEM0001654,ORD000681,PROD0062,5,355.88
ITEM0001655,ORD000682,PROD0046,4,207.44
ITEM0001656,ORD000682,PROD0012,2,589.04
ITEM0001657,ORD000683,PROD0109,5,126.44
ITEM0001658,ORD000684,PROD0008,1,174.9
ITEM0001659,ORD000684,PROD0009,1,138.45
ITEM0001660,ORD000684,PROD0003,5,4.27
ITEM0001661,ORD000685,PROD0015,3,442.7
ITEM0001662,ORD000685,PROD0007,5,248.82
ITEM0001663,ORD000685,PROD0039,3,410.66
ITEM0001664,ORD000686,PROD0074,2,122.74
ITEM0001665,ORD000686,PROD0126,5,263.88
ITEM0001666,ORD000686,PROD0134,4,192.47
ITEM0001667,ORD000686,PROD0020,4,124.89
ITEM0001668,ORD000687,PROD0088,5,51.09
ITEM0001669,ORD000687,PROD0023,4,414.75
ITEM0001670,ORD000687,PROD0093,2,573.11
ITEM0001671,ORD000688,PROD0044,1,474.28
ITEM0001672,ORD000688,PROD0148,4,427.66
ITEM0001673,ORD000688,PROD0097,4,53.1
ITEM0001674,ORD000689,PROD0033,1,470.6
ITEM0001675,ORD000689,PROD0017,1,234.28
ITEM0001676,ORD000690,PROD0067,3,363.03
ITEM0001677,ORD000691,PROD0097,5,53.1
ITEM0001678,ORD000691,PROD0049,2,106.04
ITEM0001679,ORD000692,PROD0134,3,192.47
ITEM0001680,ORD000692,PROD0147,2,570.65
ITEM0001681,ORD000693,PROD0055,1,408.1
ITEM0001682,ORD000693,PROD0027,4,356.31
ITEM0001683,ORD000693,PROD0080,4,392.58
ITEM0001684,ORD000693,PROD0065,3,153.97
ITEM0001685,ORD000694,PROD0088,3,51.09
ITEM0001686,ORD000694,PROD0140,1,496.11
ITEM0001687,ORD000694,PROD0048,3,277.49
ITEM0001688,ORD000695,PROD0058,1,356.49
ITEM0001689,ORD000696,PROD0120,3,261.92
ITEM0001690,ORD000696,PROD0016,1,30.39
ITEM0001691,ORD000697,PROD0050,5,235.27
ITEM0001692,ORD000697,PROD0135,4,427.2
ITEM0001693,ORD000697,PROD0066,1,370.45
ITEM0001694,ORD000698,PROD0140,1,496.11
ITEM0001695,ORD000699,PROD0035,3,27.57
ITEM0001696,ORD000699,PROD0104,4,66.01
ITEM0001697,ORD000700,PROD0100,5,208.15
ITEM0001698,ORD000700,PROD0025,5,23.62
ITEM0001699,ORD000700,PROD0119,2,103.02
ITEM0001700,ORD000701,PROD0029,1,93.87
ITEM0001701,ORD000701,PROD0141,4,19.31
ITEM0001702,ORD000701,PROD0033,3,470.6
ITEM0001703,ORD000701,PROD0135,4,427.2
ITEM0001704,ORD000702,PROD0035,3,27.57
ITEM0001705,ORD000702,PROD0015,5,442.7
ITEM0001706,ORD000702,PROD0020,1,124.89
ITEM0001707,ORD000703,PROD0036,4,33.3
ITEM0001708,ORD000704,PROD0019,4,443.45
ITEM0001709,ORD000704,PROD0062,1,355.88
ITEM0001710,ORD000705,PROD0094,1,393.51
ITEM0001711,ORD000706,PROD0133,1,317.22
ITEM0001712,ORD000707,PROD0093,4,573.11
ITEM0001713,ORD000707,PROD0100,1,208.15
ITEM0001714,ORD000708,PROD0056,3,249.02
ITEM0001715,ORD000708,PROD0066,5,370.45
ITEM0001716,ORD000709,PROD0054,3,135.13
ITEM0001717,ORD000709,PROD0135,1,427.2
ITEM0001718,ORD000710,PROD0088,2,51.09
ITEM0001719,ORD000710,PROD0077,5,286.06
ITEM0001720,ORD000711,PROD0032,3,172.77
ITEM0001721,ORD000711,PROD0014,5,16.7
ITEM0001722,ORD000711,PROD0027,5,356.31
ITEM0001723,ORD000712,PROD0066,5,370.45
ITEM0001724,ORD000712,PROD0150,4,88.94
ITEM0001725,ORD000712,PROD0043,4,251.98
ITEM0001726,ORD000712,PROD0104,5,66.01
ITEM0001727,ORD000713,PROD0149,2,139.28
ITEM0001728,ORD000713,PROD0099,3,386.23
ITEM0001729,ORD000713,PROD0146,3,292.2
ITEM0001730,ORD000714,PROD0076,4,277.07
ITEM0001731,ORD000714,PROD0037,1,540.32
ITEM0001732,ORD000715,PROD0118,4,58.39
ITEM0001733,ORD000716,PROD0134,3,192.47
ITEM0001734,ORD000716,PROD0057,3,632.78
ITEM0001735,ORD000717,PROD0073,1,241.62
ITEM0001736,ORD000718,PROD0088,4,51.09
ITEM0001737,ORD000718,PROD0008,2,174.9
ITEM0001738,ORD000718,PROD0141,5,19.31
ITEM0001739,ORD000718,PROD0038,4,216.74
ITEM0001740,ORD000719,PROD0026,3,585.88
ITEM0001741,ORD000719,PROD0038,1,216.74
ITEM0001742,ORD000719,PROD0049,3,106.04
ITEM0001743,ORD000719,PROD0136,5,485.57
ITEM0001744,ORD000720,PROD0043,4,-251.98
ITEM0001745,ORD000721,PROD0015,1,442.7
ITEM0001746,ORD000722,PROD0086,1,203.78
ITEM0001747,ORD000722,PROD0007,1,248.82
ITEM0001748,ORD000723,PROD0014,2,16.7
ITEM0001749,ORD000723,PROD0117,5,130.11
ITEM0001750,ORD000723,PROD0105,2,308.26
ITEM0001751,ORD000724,PROD0073,4,241.62
ITEM0001752,ORD000724,PROD0101,4,182.81
ITEM0001753,ORD000724,PROD0042,3,394.4
ITEM0001754,ORD000724,PROD0015,4,442.7
ITEM0001755,ORD000725,PROD0068,1,422.88
ITEM0001756,ORD000726,PROD0117,1,130.11
ITEM0001757,ORD000726,PROD0060,3,497.77
ITEM0001758,ORD000727,PROD0119,1,103.02
ITEM0001759,ORD000728,PROD0001,1,342.2
ITEM0001760,ORD000728,PROD0098,5,351.41
ITEM0001761,ORD000729,PROD0032,1,172.77
ITEM0001762,ORD000729,PROD0049,3,106.04
ITEM0001763,ORD000729,PROD0056,2,249.02
ITEM0001764,ORD000729,PROD0115,2,431.33
ITEM0001765,ORD000730,PROD0014,2,16.7
ITEM0001766,ORD000730,PROD0061,4,683.51
ITEM0001767,ORD000730,PROD0116,2,366.52
ITEM0001768,ORD000731,PROD0004,2,129.15
ITEM0001769,ORD000732,PROD0067,4,363.03
ITEM0001770,ORD000732,PROD0133,4,317.22
ITEM0001771,ORD000733,PROD0030,2,314.5
ITEM0001772,ORD000733,PROD0132,4,316.5
ITEM0001773,ORD000734,PROD0104,1,66.01
ITEM0001774,ORD000734,PROD0031,2,15.13
ITEM0001775,ORD000734,PROD0117,2,130.11
ITEM0001776,ORD000734,PROD0123,1,95.95
ITEM0001777,ORD000735,PROD0041,3,438.01
ITEM0001778,ORD000735,PROD0023,4,414.75
ITEM0001779,ORD000735,PROD0101,4,182.81
ITEM0001780,ORD000736,PROD0084,4,464.44
ITEM0001781,ORD000736,PROD0146,1,292.2
ITEM0001782,ORD000737,PROD0140,2,496.11
ITEM0001783,ORD000737,PROD0005,3,196.98
ITEM0001784,ORD000737,PROD0041,2,438.01
ITEM0001785,ORD000738,PROD0087,1,193.52
ITEM0001786,ORD000738,PROD0132,4,316.5
ITEM0001787,ORD000738,PROD0142,1,347.19
ITEM0001788,ORD000739,PROD0115,5,431.33
ITEM0001789,ORD000739,PROD0100,1,208.15
ITEM0001790,ORD000739,PROD0123,4,95.95
ITEM0001791,ORD000739,PROD0051,1,294.17
ITEM0001792,ORD000740,PROD0139,5,135.03
ITEM0001793,ORD000740,PROD0039,2,410.66
ITEM0001794,ORD000740,PROD0148,4,427.66
ITEM0001795,ORD000740,PROD0112,5,308.35
ITEM0001796,ORD000741,PROD0095,3,271.32
ITEM0001797,ORD000741,PROD0014,3,16.7
ITEM0001798,ORD000742,PROD0032,2,172.77
ITEM0001799,ORD000743,PROD0135,4,427.2
ITEM0001800,ORD000743,PROD0101,3,182.81
ITEM0001801,ORD000744,PROD0101,5,182.81
ITEM0001802,ORD000744,PROD0057,1,632.78
ITEM0001803,ORD000744,PROD0050,1,235.27
ITEM0001804,ORD000745,PROD0088,2,51.09
ITEM0001805,ORD000745,PROD0100,5,208.15
ITEM0001806,ORD000746,PROD0058,5,356.49
ITEM0001807,ORD000747,PROD0099,1,386.23
ITEM0001808,ORD000747,PROD0144,3,105.68
ITEM0001809,ORD000747,PROD0084,2,464.44
ITEM0001810,ORD000748,PROD0124,5,173.3
ITEM0001811,ORD000749,PROD0069,1,619.75
ITEM0001812,ORD000749,PROD0010,3,488.99
ITEM0001813,ORD000750,PROD0045,5,66.57
ITEM0001814,ORD000750,PROD0094,4,393.51
ITEM0001815,ORD000751,PROD0012,2,589.04
ITEM0001816,ORD000751,PROD0005,1,196.98
ITEM0001817,ORD000751,PROD0069,1,619.75
ITEM0001818,ORD000752,PROD0144,1,105.68
ITEM0001819,ORD000752,PROD0016,5,30.39
ITEM0001820,ORD000752,PROD0034,3,303.7
ITEM0001821,ORD000752,PROD0123,3,95.95
ITEM0001822,ORD000753,PROD0116,3,366.52
ITEM0001823,ORD000753,PROD0138,3,43.7
ITEM0001824,ORD000753,PROD0114,3,45.61
ITEM0001825,ORD000753,PROD0072,5,226.81
ITEM0001826,ORD000754,PROD0129,3,246.64
ITEM0001827,ORD000754,PROD0033,1,470.6
ITEM0001828,ORD000755,PROD0040,3,508.7
ITEM0001829,ORD000756,PROD0084,3,-464.44
ITEM0001830,ORD000757,PROD0143,3,453.59
ITEM0001831,ORD000757,PROD0047,5,288.09
ITEM0001832,ORD000757,PROD0026,4,585.88
ITEM0001833,ORD000757,PROD0073,2,241.62
ITEM0001834,ORD000758,PROD0002,3,112.42
ITEM0001835,ORD000758,PROD0034,2,303.7
ITEM0001836,ORD000759,PROD0035,2,27.57
ITEM0001837,ORD000760,PROD0024,1,594.24
ITEM0001838,ORD000760,PROD0016,4,30.39
ITEM0001839,ORD000760,PROD0097,5,53.1
ITEM0001840,ORD000761,PROD0117,2,130.11
ITEM0001841,ORD000762,PROD0144,2,105.68
ITEM0001842,ORD000762,PROD0069,1,619.75
ITEM0001843,ORD000762,PROD0124,5,173.3
ITEM0001844,ORD000763,PROD0101,1,182.81
ITEM0001845,ORD000764,PROD0118,2,58.39
ITEM0001846,ORD000765,PROD0008,2,174.9
ITEM0001847,ORD000765,PROD0084,5,464.44
ITEM0001848,ORD000766,PROD0084,2,464.44
ITEM0001849,ORD000766,PROD0150,2,88.94
ITEM0001850,ORD000766,PROD0020,2,124.89
ITEM0001851,ORD000766,PROD0078,5,57.56
ITEM0001852,ORD000767,PROD0127,3,9.71
ITEM0001853,ORD000767,PROD0057,3,632.78
ITEM0001854,ORD000767,PROD0042,4,394.4
ITEM0001855,ORD000767,PROD0101,2,182.81
ITEM0001856,ORD000768,PROD0113,2,320.56
ITEM0001857,ORD000768,PROD0018,5,119.66
ITEM0001858,ORD000769,PROD0036,5,33.3
ITEM0001859,ORD000769,PROD0149,1,139.28
ITEM0001860,ORD000769,PROD0143,1,453.59
ITEM0001861,ORD000770,PROD0133,4,317.22
ITEM0001862,ORD000770,PROD0129,3,246.64
ITEM0001863,ORD000770,PROD0130,2,421.1
ITEM0001864,ORD000770,PROD0146,1,292.2
ITEM0001865,ORD000771,PROD0100,5,208.15
ITEM0001866,ORD000771,PROD0021,1,487.35
ITEM0001867,ORD000772,PROD0006,2,98.27
ITEM0001868,ORD000773,PROD0123,5,95.95
ITEM0001869,ORD000773,PROD0071,2,402.73
ITEM0001870,ORD000774,PROD0024,1,594.24
ITEM0001871,ORD000774,PROD0030,1,314.5
ITEM0001872,ORD000774,PROD0038,4,216.74
ITEM0001873,ORD000774,PROD0102,2,266.91
ITEM0001874,ORD000775,PROD0034,2,303.7
ITEM0001875,ORD000776,PROD0064,3,411.35
ITEM0001876,ORD000776,PROD0051,3,294.17
ITEM0001877,ORD000776,PROD0055,2,408.1
ITEM0001878,ORD000776,PROD0010,3,488.99
ITEM0001879,ORD000777,PROD0143,4,453.59
ITEM0001880,ORD000778,PROD0035,4,27.57
ITEM0001881,ORD000778,PROD0039,5,410.66
ITEM0001882,ORD000778,PROD0074,3,122.74
ITEM0001883,ORD000779,PROD0055,5,408.1
ITEM0001884,ORD000780,PROD0031,4,15.13
ITEM0001885,ORD000780,PROD0037,5,540.32
ITEM0001886,ORD000780,PROD0071,2,402.73
ITEM0001887,ORD000780,PROD0049,1,106.04
ITEM0001888,ORD000781,PROD0093,5,573.11
ITEM0001889,ORD000782,PROD0114,1,45.61
ITEM0001890,ORD000783,PROD0136,3,485.57
ITEM0001891,ORD000783,PROD0028,1,463.5
ITEM0001892,ORD000783,PROD0088,3,51.09
ITEM0001893,ORD000784,PROD0095,3,271.32
ITEM0001894,ORD000784,PROD0109,3,126.44
ITEM0001895,ORD000784,PROD0079,2,61.84
ITEM0001896,ORD000784,PROD0017,1,234.28
ITEM0001897,ORD000785,PROD0031,5,15.13
ITEM0001898,ORD000786,PROD0071,4,402.73
ITEM0001899,ORD000786,PROD0024,5,594.24
ITEM0001900,ORD000786,PROD0126,3,263.88
ITEM0001901,ORD000786,PROD0042,1,394.4
ITEM0001902,ORD000787,PROD0131,4,130.48
ITEM0001903,ORD000787,PROD0011,4,325.01
ITEM0001904,ORD000788,PROD0126,4,263.88
ITEM0001905,ORD000788,PROD0077,1,286.06
ITEM0001906,ORD000788,PROD0052,3,436.28
ITEM0001907,ORD000789,PROD0128,1,403.21
ITEM0001908,ORD000789,PROD0008,2,174.9
ITEM0001909,ORD000789,PROD0053,4,292.19
ITEM0001910,ORD000790,PROD0135,2,427.2
ITEM0001911,ORD000791,PROD0107,3,462.67
ITEM0001912,ORD000791,PROD0109,1,126.44
ITEM0001913,ORD000791,PROD0026,5,585.88
ITEM0001914,ORD000791,PROD0080,3,392.58
ITEM0001915,ORD000792,PROD0145,3,359.48
ITEM0001916,ORD000793,PROD0077,5,286.06
ITEM0001917,ORD000794,PROD0017,4,234.28
ITEM0001918,ORD000794,PROD0051,4,294.17
ITEM0001919,ORD000795,PROD0056,3,249.02
ITEM0001920,ORD000795,PROD0125,5,377.98
ITEM0001921,ORD000796,PROD0132,5,316.5
ITEM0001922,ORD000796,PROD0075,5,383.73
ITEM0001923,ORD000797,PROD0055,4,408.1
ITEM0001924,ORD000798,PROD0015,1,442.7
ITEM0001925,ORD000798,PROD0041,5,438.01
ITEM0001926,ORD000798,PROD0008,2,174.9
ITEM0001927,ORD000798,PROD0067,5,363.03
ITEM0001928,ORD000799,PROD0006,5,98.27
ITEM0001929,ORD000799,PROD0138,1,43.7
ITEM0001930,ORD000799,PROD0129,3,246.64
ITEM0001931,ORD000799,PROD0075,1,383.73
ITEM0001932,ORD000800,PROD0130,5,421.1
ITEM0001933,ORD000800,PROD0096,3,321.49
ITEM0001934,ORD000800,PROD0113,3,320.56
ITEM0001935,ORD000800,PROD0003,2,4.27
ITEM0001936,ORD000801,PROD0041,5,438.01
ITEM0001937,ORD000802,PROD0144,4,105.68
ITEM0001938,ORD000802,PROD0130,4,421.1
ITEM0001939,ORD000802,PROD0039,1,410.66
ITEM0001940,ORD000802,PROD0119,1,103.02
ITEM0001941,ORD000803,PROD0127,5,9.71
ITEM0001942,ORD000804,PROD0086,3,203.78
ITEM0001943,ORD000804,PROD0097,5,53.1
ITEM0001944,ORD000805,PROD0073,2,241.62
ITEM0001945,ORD000805,PROD0097,4,53.1
ITEM0001946,ORD000805,PROD0099,3,386.23
ITEM0001947,ORD000805,PROD0140,2,496.11
ITEM0001948,ORD000806,PROD0105,5,-308.26
ITEM0001949,ORD000806,PROD0071,5,402.73
ITEM0001950,ORD000807,PROD0011,2,325.01
ITEM0001951,ORD000807,PROD0112,2,308.35
ITEM0001952,ORD000808,PROD0017,1,234.28
ITEM0001953,ORD000809,PROD0053,1,292.19
ITEM0001954,ORD000809,PROD0105,4,308.26
ITEM0001955,ORD000810,PROD0103,3,305.68
ITEM0001956,ORD000811,PROD0068,5,422.88
ITEM0001957,ORD000811,PROD0032,1,172.77
ITEM0001958,ORD000812,PROD0121,4,287.5
ITEM0001959,ORD000813,PROD0138,1,43.7
ITEM0001960,ORD000813,PROD0147,1,570.65
ITEM0001961,ORD000813,PROD0140,5,496.11
ITEM0001962,ORD000814,PROD0058,3,356.49
ITEM0001963,ORD000815,PROD0149,5,139.28
ITEM0001964,ORD000815,PROD0102,5,266.91
ITEM0001965,ORD000816,PROD0013,5,196.91
ITEM0001966,ORD000816,PROD0029,2,93.87
ITEM0001967,ORD000816,PROD0032,4,172.77
ITEM0001968,ORD000817,PROD0019,4,443.45
ITEM0001969,ORD000818,PROD0054,4,135.13
ITEM0001970,ORD000818,PROD0108,1,332.49
ITEM0001971,ORD000818,PROD0081,3,318.7
ITEM0001972,ORD000818,PROD0064,1,411.35
ITEM0001973,ORD000819,PROD0046,4,207.44
ITEM0001974,ORD000819,PROD0013,3,196.91
ITEM0001975,ORD000819,PROD0076,5,277.07
ITEM0001976,ORD000820,PROD0004,3,129.15
ITEM0001977,ORD000820,PROD0080,4,392.58
ITEM0001978,ORD000821,PROD0130,4,421.1
ITEM0001979,ORD000821,PROD0008,3,174.9
ITEM0001980,ORD000822,PROD0087,4,193.52
ITEM0001981,ORD000822,PROD0075,3,383.73
ITEM0001982,ORD000822,PROD0014,4,16.7
ITEM0001983,ORD000822,PROD0028,2,463.5
ITEM0001984,ORD000823,PROD0080,5,392.58
ITEM0001985,ORD000823,PROD0103,1,305.68
ITEM0001986,ORD000823,PROD0035,1,27.57
ITEM0001987,ORD000823,PROD0081,5,318.7
ITEM0001988,ORD000824,PROD0028,4,463.5
ITEM0001989,ORD000825,PROD0021,5,487.35
ITEM0001990,ORD000825,PROD0045,4,66.57
ITEM0001991,ORD000826,PROD0043,2,251.98
ITEM0001992,ORD000826,PROD0109,1,126.44
ITEM0001993,ORD000826,PROD0020,4,124.89
ITEM0001994,ORD000827,PROD0044,5,474.28
ITEM0001995,ORD000827,PROD0095,5,271.32
ITEM0001996,ORD000827,PROD0068,3,422.88
ITEM0001997,ORD000828,PROD0079,4,61.84
ITEM0001998,ORD000828,PROD0095,2,271.32
ITEM0001999,ORD000828,PROD0074,2,122.74
ITEM0002000,ORD000829,PROD0022,2,380.56
ITEM0002001,ORD000829,PROD0116,2,366.52
ITEM0002002,ORD000829,PROD0113,5,320.56
ITEM0002003,ORD000829,PROD0102,1,266.91
ITEM0002004,ORD000830,PROD0100,2,208.15
ITEM0002005,ORD000831,PROD0084,5,464.44
ITEM0002006,ORD000831,PROD0140,2,496.11
ITEM0002007,ORD000832,PROD0132,1,316.5
ITEM0002008,ORD000833,PROD0089,3,289.58
ITEM0002009,ORD000833,PROD0045,3,66.57
ITEM0002010,ORD000833,PROD0072,5,226.81
ITEM0002011,ORD000833,PROD0066,3,370.45
ITEM0002012,ORD000834,PROD0083,2,306.64
ITEM0002013,ORD000835,PROD0138,5,43.7
ITEM0002014,ORD000835,PROD0099,5,386.23
ITEM0002015,ORD000835,PROD0146,5,292.2
ITEM0002016,ORD000836,PROD0027,3,356.31
ITEM0002017,ORD000836,PROD0071,1,402.73
ITEM0002018,ORD000836,PROD0116,5,366.52
ITEM0002019,ORD000836,PROD0036,3,33.3
ITEM0002020,ORD000837,PROD0042,1,394.4
ITEM0002021,ORD000837,PROD0134,5,192.47
ITEM0002022,ORD000837,PROD0061,2,683.51
ITEM0002023,ORD000837,PROD0146,2,292.2
ITEM0002024,ORD000838,PROD0038,1,216.74
ITEM0002025,ORD000838,PROD0032,2,-172.77
ITEM0002026,ORD000839,PROD0098,5,351.41
ITEM0002027,ORD000839,PROD0030,5,314.5
ITEM0002028,ORD000839,PROD0012,4,589.04
ITEM0002029,ORD000839,PROD0008,3,174.9
ITEM0002030,ORD000840,PROD0082,5,196.55
ITEM0002031,ORD000840,PROD0063,4,665.26
ITEM0002032,ORD000840,PROD0022,5,380.56
ITEM0002033,ORD000841,PROD0009,1,138.45
ITEM0002034,ORD000842,PROD0072,4,226.81
ITEM0002035,ORD000842,PROD0085,1,602.46
ITEM0002036,ORD000842,PROD0098,4,351.41
ITEM0002037,ORD000843,PROD0023,-3,414.75
ITEM0002038,ORD000843,PROD0024,3,594.24
ITEM0002039,ORD000843,PROD0058,5,356.49
ITEM0002040,ORD000844,PROD0111,5,408.22
ITEM0002041,ORD000844,PROD0108,4,332.49
ITEM0002042,ORD000845,PROD0136,2,485.57
ITEM0002043,ORD000846,PROD0136,1,485.57
ITEM0002044,ORD000846,PROD0125,2,377.98
ITEM0002045,ORD000846,PROD0019,5,443.45
ITEM0002046,ORD000846,PROD0094,5,393.51
ITEM0002047,ORD000847,PROD0117,5,130.11
ITEM0002048,ORD000847,PROD0134,1,192.47
ITEM0002049,ORD000847,PROD0148,1,427.66
ITEM0002050,ORD000848,PROD0093,1,573.11
ITEM0002051,ORD000848,PROD0086,1,203.78
ITEM0002052,ORD000848,PROD0131,3,130.48
ITEM0002053,ORD000848,PROD0081,1,318.7
ITEM0002054,ORD000849,PROD0036,2,33.3
ITEM0002055,ORD000849,PROD0112,3,308.35
ITEM0002056,ORD000849,PROD0069,1,619.75
ITEM0002057,ORD000849,PROD0046,3,207.44
ITEM0002058,ORD000850,PROD0096,3,321.49
ITEM0002059,ORD000850,PROD0125,1,377.98
ITEM0002060,ORD000850,PROD0012,3,-589.04
ITEM0002061,ORD000851,PROD0057,1,632.78
ITEM0002062,ORD000851,PROD0088,2,51.09
ITEM0002063,ORD000851,PROD0105,2,308.26
ITEM0002064,ORD000851,PROD0071,5,402.73
ITEM0002065,ORD000852,PROD0042,4,394.4
ITEM0002066,ORD000852,PROD0068,4,422.88
ITEM0002067,ORD000853,PROD0016,3,30.39
ITEM0002068,ORD000854,PROD0046,4,207.44
ITEM0002069,ORD000855,PROD0093,2,573.11
ITEM0002070,ORD000856,PROD0009,4,138.45
ITEM0002071,ORD000857,PROD0023,3,414.75
ITEM0002072,ORD000857,PROD0130,3,421.1
ITEM0002073,ORD000857,PROD0147,5,570.65
ITEM0002074,ORD000858,PROD0066,4,370.45
ITEM0002075,ORD000858,PROD0072,1,226.81
ITEM0002076,ORD000859,PROD0138,1,43.7
ITEM0002077,ORD000859,PROD0022,2,380.56
ITEM0002078,ORD000859,PROD0055,5,408.1
ITEM0002079,ORD000860,PROD0113,2,320.56
ITEM0002080,ORD000860,PROD0066,4,370.45
ITEM0002081,ORD000860,PROD0135,3,427.2
ITEM0002082,ORD000861,PROD0065,5,153.97
ITEM0002083,ORD000861,PROD0077,2,286.06
ITEM0002084,ORD000862,PROD0086,4,203.78
ITEM0002085,ORD000862,PROD0014,4,16.7
ITEM0002086,ORD000862,PROD0115,3,431.33
ITEM0002087,ORD000863,PROD0009,5,138.45
ITEM0002088,ORD000864,PROD0008,1,174.9
ITEM0002089,ORD000864,PROD0027,4,356.31
ITEM0002090,ORD000864,PROD0060,1,497.77
ITEM0002091,ORD000865,PROD0014,4,16.7
ITEM0002092,ORD000865,PROD0046,2,207.44
ITEM0002093,ORD000865,PROD0044,3,474.28
ITEM0002094,ORD000865,PROD0007,2,248.82
ITEM0002095,ORD000866,PROD0016,4,30.39
ITEM0002096,ORD000866,PROD0003,1,4.27
ITEM0002097,ORD000866,PROD0041,2,438.01
ITEM0002098,ORD000867,PROD0113,4,320.56
ITEM0002099,ORD000867,PROD0087,4,193.52
ITEM0002100,ORD000867,PROD0009,2,138.45
ITEM0002101,ORD000868,PROD0008,-1,174.9
ITEM0002102,ORD000868,PROD0060,5,497.77
ITEM0002103,ORD000868,PROD0017,1,234.28
ITEM0002104,ORD000869,PROD0055,4,408.1
ITEM0002105,ORD000870,PROD0057,3,632.78
ITEM0002106,ORD000871,PROD0096,3,321.49
ITEM0002107,ORD000871,PROD0146,1,292.2
ITEM0002108,ORD000872,PROD0102,5,266.91
ITEM0002109,ORD000873,PROD0123,4,95.95
ITEM0002110,ORD000873,PROD0068,2,422.88
ITEM0002111,ORD000873,PROD0012,2,589.04
ITEM0002112,ORD000873,PROD0062,5,355.88
ITEM0002113,ORD000874,PROD0097,1,53.1
ITEM0002114,ORD000874,PROD0041,1,438.01
ITEM0002115,ORD000874,PROD0086,4,203.78
ITEM0002116,ORD000874,PROD0084,4,464.44
ITEM0002117,ORD000875,PROD0147,2,570.65
ITEM0002118,ORD000875,PROD0039,1,410.66
ITEM0002119,ORD000876,PROD0092,-2,557.9
ITEM0002120,ORD000877,PROD0004,1,129.15
ITEM0002121,ORD000877,PROD0039,2,410.66
ITEM0002122,ORD000878,PROD0145,4,359.48
ITEM0002123,ORD000878,PROD0143,2,453.59
ITEM0002124,ORD000878,PROD0140,5,496.11
ITEM0002125,ORD000879,PROD0003,4,4.27
ITEM0002126,ORD000879,PROD0037,1,540.32
ITEM0002127,ORD000880,PROD0030,2,314.5
ITEM0002128,ORD000880,PROD0024,2,594.24
ITEM0002129,ORD000880,PROD0089,2,289.58
ITEM0002130,ORD000880,PROD0042,2,394.4
ITEM0002131,ORD000881,PROD0002,4,112.42
ITEM0002132,ORD000881,PROD0094,4,393.51
ITEM0002133,ORD000881,PROD0145,5,359.48
ITEM0002134,ORD000881,PROD0025,3,23.62
ITEM0002135,ORD000882,PROD0143,3,453.59
ITEM0002136,ORD000882,PROD0133,5,317.22
ITEM0002137,ORD000882,PROD0012,4,589.04
ITEM0002138,ORD000882,PROD0013,5,196.91
ITEM0002139,ORD000883,PROD0025,5,23.62
ITEM0002140,ORD000884,PROD0076,2,277.07
ITEM0002141,ORD000884,PROD0138,2,43.7
ITEM0002142,ORD000885,PROD0072,1,226.81
ITEM0002143,ORD000885,PROD0055,3,408.1
ITEM0002144,ORD000885,PROD0034,1,303.7
ITEM0002145,ORD000885,PROD0135,1,427.2
ITEM0002146,ORD000886,PROD0034,4,303.7
ITEM0002147,ORD000886,PROD0113,1,320.56
ITEM0002148,ORD000887,PROD0086,4,203.78
ITEM0002149,ORD000887,PROD0013,1,196.91
ITEM0002150,ORD000887,PROD0105,2,308.26
ITEM0002151,ORD000887,PROD0065,4,153.97
ITEM0002152,ORD000888,PROD0006,2,98.27
ITEM0002153,ORD000889,PROD0041,5,438.01
ITEM0002154,ORD000890,PROD0018,2,119.66
ITEM0002155,ORD000890,PROD0100,2,208.15
ITEM0002156,ORD000890,PROD0101,1,182.81
ITEM0002157,ORD000891,PROD0118,4,58.39
ITEM0002158,ORD000891,PROD0011,5,325.01
ITEM0002159,ORD000891,PROD0099,1,386.23
ITEM0002160,ORD000891,PROD0060,3,497.77
ITEM0002161,ORD000892,PROD0058,4,356.49
ITEM0002162,ORD000892,PROD0146,5,292.2
ITEM0002163,ORD000893,PROD0031,3,15.13
ITEM0002164,ORD000893,PROD0023,2,414.75
ITEM0002165,ORD000893,PROD0076,5,277.07
ITEM0002166,ORD000893,PROD0038,2,216.74
ITEM0002167,ORD000894,PROD0026,3,585.88
ITEM0002168,ORD000894,PROD0105,5,308.26
ITEM0002169,ORD000894,PROD0038,2,216.74
ITEM0002170,ORD000894,PROD0062,2,355.88
ITEM0002171,ORD000895,PROD0094,5,393.51
ITEM0002172,ORD000896,PROD0021,3,487.35
ITEM0002173,ORD000897,PROD0120,3,261.92
ITEM0002174,ORD000897,PROD0100,4,208.15
ITEM0002175,ORD000897,PROD0145,3,359.48
ITEM0002176,ORD000898,PROD0145,4,359.48
ITEM0002177,ORD000898,PROD0121,5,287.5
ITEM0002178,ORD000898,PROD0070,4,271.29
ITEM0002179,ORD000899,PROD0138,1,43.7
ITEM0002180,ORD000900,PROD0037,4,540.32
ITEM0002181,ORD000900,PROD0083,2,306.64
ITEM0002182,ORD000900,PROD0096,1,321.49
ITEM0002183,ORD000900,PROD0148,2,427.66
ITEM0002184,ORD000901,PROD0014,5,16.7
ITEM0002185,ORD000901,PROD0068,2,422.88
ITEM0002186,ORD000901,PROD0140,3,496.11
ITEM0002187,ORD000902,PROD0057,1,632.78
ITEM0002188,ORD000902,PROD0118,1,58.39
ITEM0002189,ORD000902,PROD0058,3,356.49
ITEM0002190,ORD000902,PROD0027,1,356.31
ITEM0002191,ORD000903,PROD0054,3,135.13
ITEM0002192,ORD000903,PROD0093,5,573.11
ITEM0002193,ORD000904,PROD0007,4,248.82
ITEM0002194,ORD000904,PROD0136,2,485.57
ITEM0002195,ORD000905,PROD0105,-4,308.26
ITEM0002196,ORD000905,PROD0049,1,106.04
ITEM0002197,ORD000905,PROD0050,3,235.27
ITEM0002198,ORD000906,PROD0010,1,488.99
ITEM0002199,ORD000907,PROD0082,2,196.55
ITEM0002200,ORD000907,PROD0119,3,103.02
ITEM0002201,ORD000908,PROD0127,2,9.71
ITEM0002202,ORD000909,PROD0133,2,317.22
ITEM0002203,ORD000909,PROD0101,2,182.81
ITEM0002204,ORD000910,PROD0091,2,161.11
ITEM0002205,ORD000910,PROD0055,4,408.1
ITEM0002206,ORD000910,PROD0061,5,683.51
ITEM0002207,ORD000911,PROD0091,2,161.11
ITEM0002208,ORD000911,PROD0058,5,356.49
ITEM0002209,ORD000912,PROD0131,2,130.48
ITEM0002210,ORD000913,PROD0098,1,351.41
ITEM0002211,ORD000913,PROD0010,4,488.99
ITEM0002212,ORD000914,PROD0023,4,414.75
ITEM0002213,ORD000914,PROD0127,5,9.71
ITEM0002214,ORD000915,PROD0034,2,303.7
ITEM0002215,ORD000915,PROD0038,2,216.74
ITEM0002216,ORD000915,PROD0054,5,135.13
ITEM0002217,ORD000916,PROD0048,3,277.49
ITEM0002218,ORD000916,PROD0046,5,207.44
ITEM0002219,ORD000917,PROD0063,1,665.26
ITEM0002220,ORD000917,PROD0018,4,119.66
ITEM0002221,ORD000917,PROD0030,1,314.5
ITEM0002222,ORD000917,PROD0137,5,447.4
ITEM0002223,ORD000918,PROD0057,4,632.78
ITEM0002224,ORD000919,PROD0147,3,570.65
ITEM0002225,ORD000919,PROD0122,3,484.26
ITEM0002226,ORD000920,PROD0018,1,119.66
ITEM0002227,ORD000920,PROD0095,1,271.32
ITEM0002228,ORD000921,PROD0148,4,427.66
ITEM0002229,ORD000922,PROD0016,1,30.39
ITEM0002230,ORD000922,PROD0123,2,95.95
ITEM0002231,ORD000923,PROD0035,1,27.57
ITEM0002232,ORD000924,PROD0119,4,103.02
ITEM0002233,ORD000924,PROD0137,4,447.4
ITEM0002234,ORD000924,PROD0146,4,292.2
ITEM0002235,ORD000924,PROD0117,5,130.11
ITEM0002236,ORD000925,PROD0118,3,58.39
ITEM0002237,ORD000926,PROD0091,3,161.11
ITEM0002238,ORD000926,PROD0061,4,683.51
ITEM0002239,ORD000926,PROD0054,5,135.13
ITEM0002240,ORD000926,PROD0147,3,570.65
ITEM0002241,ORD000927,PROD0007,4,248.82
ITEM0002242,ORD000927,PROD0090,4,51.56
ITEM0002243,ORD000927,PROD0125,1,-377.98
ITEM0002244,ORD000928,PROD0140,4,496.11
ITEM0002245,ORD000928,PROD0112,4,308.35
ITEM0002246,ORD000928,PROD0128,1,403.21
ITEM0002247,ORD000929,PROD0009,2,138.45
ITEM0002248,ORD000929,PROD0006,4,98.27
ITEM0002249,ORD000929,PROD0105,4,308.26
ITEM0002250,ORD000930,PROD0036,2,33.3
ITEM0002251,ORD000930,PROD0146,3,292.2
ITEM0002252,ORD000930,PROD0098,2,351.41
ITEM0002253,ORD000931,PROD0110,2,39.23
ITEM0002254,ORD000931,PROD0077,5,286.06
ITEM0002255,ORD000932,PROD0090,2,51.56
ITEM0002256,ORD000932,PROD0073,3,241.62
ITEM0002257,ORD000932,PROD0106,3,508.9
ITEM0002258,ORD000932,PROD0112,3,308.35
ITEM0002259,ORD000933,PROD0063,3,665.26
ITEM0002260,ORD000933,PROD0067,5,363.03
ITEM0002261,ORD000934,PROD0038,1,216.74
ITEM0002262,ORD000934,PROD0058,2,356.49
ITEM0002263,ORD000935,PROD0026,1,585.88
ITEM0002264,ORD000935,PROD0064,5,411.35
ITEM0002265,ORD000935,PROD0041,2,438.01
ITEM0002266,ORD000936,PROD0050,3,235.27
ITEM0002267,ORD000936,PROD0074,2,122.74
ITEM0002268,ORD000936,PROD0106,2,508.9
ITEM0002269,ORD000937,PROD0058,1,356.49
ITEM0002270,ORD000937,PROD0146,3,292.2
ITEM0002271,ORD000938,PROD0092,3,557.9
ITEM0002272,ORD000938,PROD0136,4,485.57
ITEM0002273,ORD000938,PROD0101,4,182.81
ITEM0002274,ORD000938,PROD0049,5,106.04
ITEM0002275,ORD000939,PROD0067,4,363.03
ITEM0002276,ORD000939,PROD0084,2,464.44
ITEM0002277,ORD000940,PROD0105,2,308.26
ITEM0002278,ORD000940,PROD0041,3,438.01
ITEM0002279,ORD000941,PROD0060,4,497.77
ITEM0002280,ORD000941,PROD0116,4,366.52
ITEM0002281,ORD000941,PROD0149,1,139.28
ITEM0002282,ORD000942,PROD0098,2,351.41
ITEM0002283,ORD000942,PROD0150,4,88.94
ITEM0002284,ORD000942,PROD0013,4,196.91
ITEM0002285,ORD000943,PROD0138,1,43.7
ITEM0002286,ORD000943,PROD0094,5,393.51
ITEM0002287,ORD000944,PROD0051,2,294.17
ITEM0002288,ORD000944,PROD0052,-2,436.28
ITEM0002289,ORD000945,PROD0003,1,4.27
ITEM0002290,ORD000945,PROD0059,4,254.01
ITEM0002291,ORD000946,PROD0113,4,320.56
ITEM0002292,ORD000947,PROD0045,3,66.57
ITEM0002293,ORD000948,PROD0125,1,377.98
ITEM0002294,ORD000948,PROD0044,2,474.28
ITEM0002295,ORD000948,PROD0061,4,683.51
ITEM0002296,ORD000949,PROD0042,3,394.4
ITEM0002297,ORD000949,PROD0034,4,303.7
ITEM0002298,ORD000949,PROD0075,5,383.73
ITEM0002299,ORD000949,PROD0014,1,16.7
ITEM0002300,ORD000950,PROD0068,4,422.88
ITEM0002301,ORD000950,PROD0013,5,196.91
ITEM0002302,ORD000951,PROD0047,2,288.09
ITEM0002303,ORD000952,PROD0137,2,447.4
ITEM0002304,ORD000952,PROD0073,2,241.62
ITEM0002305,ORD000952,PROD0066,1,370.45
ITEM0002306,ORD000952,PROD0130,1,421.1
ITEM0002307,ORD000953,PROD0142,1,347.19
ITEM0002308,ORD000953,PROD0107,4,462.67
ITEM0002309,ORD000953,PROD0013,2,196.91
ITEM0002310,ORD000954,PROD0029,2,93.87
ITEM0002311,ORD000954,PROD0127,4,9.71
ITEM0002312,ORD000954,PROD0027,5,356.31
ITEM0002313,ORD000955,PROD0097,2,53.1
ITEM0002314,ORD000956,PROD0050,5,235.27
ITEM0002315,ORD000956,PROD0001,3,342.2
ITEM0002316,ORD000957,PROD0004,1,129.15
ITEM0002317,ORD000957,PROD0070,3,271.29
ITEM0002318,ORD000957,PROD0119,5,103.02
ITEM0002319,ORD000958,PROD0047,2,288.09
ITEM0002320,ORD000958,PROD0102,3,266.91
ITEM0002321,ORD000958,PROD0110,4,39.23
ITEM0002322,ORD000959,PROD0108,1,332.49
ITEM0002323,ORD000960,PROD0147,5,570.65
ITEM0002324,ORD000960,PROD0041,4,438.01
ITEM0002325,ORD000960,PROD0039,3,410.66
ITEM0002326,ORD000961,PROD0040,2,508.7
ITEM0002327,ORD000961,PROD0105,3,308.26
ITEM0002328,ORD000961,PROD0045,1,66.57
ITEM0002329,ORD000961,PROD0076,1,277.07
ITEM0002330,ORD000962,PROD0147,2,570.65
ITEM0002331,ORD000962,PROD0137,2,447.4
ITEM0002332,ORD000962,PROD0058,2,356.49
ITEM0002333,ORD000963,PROD0138,5,43.7
ITEM0002334,ORD000963,PROD0040,4,-508.7
ITEM0002335,ORD000963,PROD0112,5,308.35
ITEM0002336,ORD000964,PROD0035,4,27.57
ITEM0002337,ORD000964,PROD0001,4,342.2
ITEM0002338,ORD000964,PROD0011,2,325.01
ITEM0002339,ORD000965,PROD0080,2,392.58
ITEM0002340,ORD000965,PROD0031,5,15.13
ITEM0002341,ORD000965,PROD0112,2,308.35
ITEM0002342,ORD000965,PROD0034,1,303.7
ITEM0002343,ORD000966,PROD0029,4,93.87
ITEM0002344,ORD000966,PROD0073,5,241.62
ITEM0002345,ORD000967,PROD0105,5,308.26
ITEM0002346,ORD000967,PROD0072,2,226.81
ITEM0002347,ORD000968,PROD0105,-1,308.26
ITEM0002348,ORD000968,PROD0006,2,98.27
ITEM0002349,ORD000968,PROD0044,4,474.28
ITEM0002350,ORD000968,PROD0001,3,342.2
ITEM0002351,ORD000969,PROD0091,5,161.11
ITEM0002352,ORD000970,PROD0116,4,366.52
ITEM0002353,ORD000971,PROD0046,2,207.44
ITEM0002354,ORD000971,PROD0143,4,453.59
ITEM0002355,ORD000972,PROD0130,3,421.1
ITEM0002356,ORD000973,PROD0027,3,356.31
ITEM0002357,ORD000973,PROD0064,1,411.35
ITEM0002358,ORD000973,PROD0112,2,308.35
ITEM0002359,ORD000973,PROD0142,5,347.19
ITEM0002360,ORD000974,PROD0017,1,234.28
ITEM0002361,ORD000974,PROD0136,4,485.57
ITEM0002362,ORD000974,PROD0123,4,95.95
ITEM0002363,ORD000974,PROD0084,5,464.44
ITEM0002364,ORD000975,PROD0064,4,411.35
ITEM0002365,ORD000975,PROD0020,1,124.89
ITEM0002366,ORD000975,PROD0033,1,470.6
ITEM0002367,ORD000976,PROD0090,1,51.56
ITEM0002368,ORD000976,PROD0128,2,403.21
ITEM0002369,ORD000976,PROD0046,4,207.44
ITEM0002370,ORD000977,PROD0053,2,292.19
ITEM0002371,ORD000977,PROD0079,3,61.84
ITEM0002372,ORD000977,PROD0130,1,421.1
ITEM0002373,ORD000977,PROD0145,2,359.48
ITEM0002374,ORD000978,PROD0109,5,126.44
ITEM0002375,ORD000978,PROD0078,-5,57.56
ITEM0002376,ORD000978,PROD0017,4,234.28
ITEM0002377,ORD000978,PROD0113,3,320.56
ITEM0002378,ORD000979,PROD0130,1,421.1
ITEM0002379,ORD000979,PROD0078,4,57.56
ITEM0002380,ORD000980,PROD0098,3,351.41
ITEM0002381,ORD000981,PROD0132,1,316.5
ITEM0002382,ORD000981,PROD0101,1,182.81
ITEM0002383,ORD000982,PROD0005,5,196.98
ITEM0002384,ORD000983,PROD0001,5,342.2
ITEM0002385,ORD000983,PROD0143,1,453.59
ITEM0002386,ORD000984,PROD0068,4,422.88
ITEM0002387,ORD000984,PROD0028,2,463.5
ITEM0002388,ORD000984,PROD0142,3,347.19
ITEM0002389,ORD000984,PROD0089,2,289.58
ITEM0002390,ORD000985,PROD0053,4,292.19
ITEM0002391,ORD000985,PROD0005,5,196.98
ITEM0002392,ORD000985,PROD0092,5,557.9
ITEM0002393,ORD000986,PROD0005,2,196.98
ITEM0002394,ORD000986,PROD0031,1,15.13
ITEM0002395,ORD000986,PROD0136,2,485.57
ITEM0002396,ORD000986,PROD0121,1,287.5
ITEM0002397,ORD000987,PROD0101,4,182.81
ITEM0002398,ORD000988,PROD0010,2,488.99
ITEM0002399,ORD000988,PROD0097,5,53.1
ITEM0002400,ORD000988,PROD0037,2,540.32
ITEM0002401,ORD000989,PROD0085,2,602.46
ITEM0002402,ORD000990,PROD0123,5,95.95
ITEM0002403,ORD000990,PROD0100,3,208.15
ITEM0002404,ORD000990,PROD0078,3,57.56
ITEM0002405,ORD000991,PROD0021,3,487.35
ITEM0002406,ORD000991,PROD0036,5,33.3
ITEM0002407,ORD000991,PROD0074,4,122.74
ITEM0002408,ORD000991,PROD0086,1,203.78
ITEM0002409,ORD000992,PROD0127,5,9.71
ITEM0002410,ORD000992,PROD0041,5,438.01
ITEM0002411,ORD000992,PROD0109,3,126.44
ITEM0002412,ORD000992,PROD0070,5,271.29
ITEM0002413,ORD000993,PROD0030,3,314.5
ITEM0002414,ORD000993,PROD0129,1,246.64
ITEM0002415,ORD000993,PROD0084,1,464.44
ITEM0002416,ORD000993,PROD0126,3,263.88
ITEM0002417,ORD000994,PROD0037,5,540.32
ITEM0002418,ORD000994,PROD0077,3,286.06
ITEM0002419,ORD000994,PROD0113,4,320.56
ITEM0002420,ORD000995,PROD0010,2,488.99
ITEM0002421,ORD000995,PROD0086,2,203.78
ITEM0002422,ORD000996,PROD0134,4,192.47
ITEM0002423,ORD000996,PROD0047,5,288.09
ITEM0002424,ORD000997,PROD0051,4,294.17
ITEM0002425,ORD000997,PROD0003,3,4.27
ITEM0002426,ORD000997,PROD0074,3,122.74
ITEM0002427,ORD000997,PROD0143,2,453.59
ITEM0002428,ORD000998,PROD0092,4,557.9
ITEM0002429,ORD000999,PROD0114,5,45.61
ITEM0002430,ORD000999,PROD0097,2,53.1
ITEM0002431,ORD000999,PROD0042,5,394.4
ITEM0002432,ORD000999,PROD0102,4,266.91
ITEM0002433,ORD001000,PROD0010,1,488.99
ITEM0002434,ORD001001,PROD0088,1,51.09
ITEM0002435,ORD001001,PROD0042,4,394.4
ITEM0002436,ORD001002,PROD0132,5,316.5
ITEM0002437,ORD001002,PROD0133,5,317.22
ITEM0002438,ORD001002,PROD0077,4,286.06
ITEM0002439,ORD001003,PROD0134,1,192.47
ITEM0002440,ORD001003,PROD0033,2,470.6
ITEM0002441,ORD001003,PROD0133,4,317.22
ITEM0002442,ORD001004,PROD0116,4,366.52
ITEM0002443,ORD001004,PROD0021,5,487.35
ITEM0002444,ORD001005,PROD0053,2,292.19
ITEM0002445,ORD001005,PROD0109,5,126.44
ITEM0002446,ORD001005,PROD0128,2,403.21
ITEM0002447,ORD001006,PROD0148,2,427.66
ITEM0002448,ORD001007,PROD0006,5,98.27
ITEM0002449,ORD001008,PROD0148,2,427.66
ITEM0002450,ORD001008,PROD0013,4,196.91
ITEM0002451,ORD001008,PROD0095,3,271.32
ITEM0002452,ORD001008,PROD0081,3,318.7
ITEM0002453,ORD001009,PROD0082,2,196.55
ITEM0002454,ORD001010,PROD0003,2,4.27
ITEM0002455,ORD001011,PROD0090,4,51.56
ITEM0002456,ORD001011,PROD0032,5,172.77
ITEM0002457,ORD001011,PROD0063,1,665.26
ITEM0002458,ORD001012,PROD0055,4,408.1
ITEM0002459,ORD001012,PROD0119,5,103.02
ITEM0002460,ORD001012,PROD0053,4,292.19
ITEM0002461,ORD001013,PROD0146,2,292.2
ITEM0002462,ORD001013,PROD0063,1,665.26
ITEM0002463,ORD001013,PROD0054,4,135.13
ITEM0002464,ORD001013,PROD0091,3,161.11
ITEM0002465,ORD001014,PROD0146,1,292.2
ITEM0002466,ORD001014,PROD0048,4,277.49
ITEM0002467,ORD001014,PROD0092,2,557.9
ITEM0002468,ORD001014,PROD0089,4,289.58
ITEM0002469,ORD001015,PROD0105,3,308.26
ITEM0002470,ORD001015,PROD0002,3,112.42
ITEM0002471,ORD001015,PROD0088,4,51.09
ITEM0002472,ORD001015,PROD0064,5,411.35
ITEM0002473,ORD001016,PROD0105,3,308.26
ITEM0002474,ORD001016,PROD0068,5,422.88
ITEM0002475,ORD001016,PROD0011,-2,325.01
ITEM0002476,ORD001017,PROD0068,3,422.88
ITEM0002477,ORD001018,PROD0055,4,408.1
ITEM0002478,ORD001018,PROD0006,4,98.27
ITEM0002479,ORD001018,PROD0148,5,427.66
ITEM0002480,ORD001019,PROD0131,3,130.48
ITEM0002481,ORD001019,PROD0117,2,130.11
ITEM0002482,ORD001019,PROD0070,5,271.29
ITEM0002483,ORD001020,PROD0109,5,126.44
ITEM0002484,ORD001021,PROD0052,3,436.28
ITEM0002485,ORD001022,PROD0141,4,19.31
ITEM0002486,ORD001022,PROD0121,5,287.5
ITEM0002487,ORD001023,PROD0025,5,23.62
ITEM0002488,ORD001023,PROD0060,3,497.77
ITEM0002489,ORD001023,PROD0003,4,4.27
ITEM0002490,ORD001024,PROD0011,1,325.01
ITEM0002491,ORD001024,PROD0068,2,422.88
ITEM0002492,ORD001025,PROD0072,1,226.81
ITEM0002493,ORD001025,PROD0017,5,234.28
ITEM0002494,ORD001025,PROD0006,5,98.27
ITEM0002495,ORD001026,PROD0124,5,173.3
ITEM0002496,ORD001027,PROD0143,4,453.59
ITEM0002497,ORD001028,PROD0046,1,207.44
ITEM0002498,ORD001028,PROD0096,2,321.49
ITEM0002499,ORD001029,PROD0010,2,488.99
ITEM0002500,ORD001030,PROD0004,4,129.15
ITEM0002501,ORD001030,PROD0039,2,410.66
ITEM0002502,ORD001030,PROD0140,3,496.11
ITEM0002503,ORD001030,PROD0103,4,305.68
ITEM0002504,ORD001031,PROD0003,3,4.27
ITEM0002505,ORD001032,PROD0086,1,203.78
ITEM0002506,ORD001032,PROD0145,5,359.48
ITEM0002507,ORD001033,PROD0028,2,463.5
ITEM0002508,ORD001034,PROD0127,1,9.71
ITEM0002509,ORD001034,PROD0037,3,540.32
ITEM0002510,ORD001034,PROD0048,4,277.49
ITEM0002511,ORD001034,PROD0031,1,-15.13
ITEM0002512,ORD001035,PROD0058,3,356.49
ITEM0002513,ORD001035,PROD0078,2,57.56
ITEM0002514,ORD001036,PROD0070,2,271.29
ITEM0002515,ORD001036,PROD0022,1,380.56
ITEM0002516,ORD001037,PROD0054,2,135.13
ITEM0002517,ORD001038,PROD0021,1,487.35
ITEM0002518,ORD001038,PROD0120,3,261.92
ITEM0002519,ORD001038,PROD0077,3,286.06
ITEM0002520,ORD001038,PROD0143,4,453.59
ITEM0002521,ORD001039,PROD0044,4,474.28
ITEM0002522,ORD001040,PROD0123,5,95.95
ITEM0002523,ORD001040,PROD0143,4,453.59
ITEM0002524,ORD001040,PROD0110,1,39.23
ITEM0002525,ORD001041,PROD0113,1,320.56
ITEM0002526,ORD001041,PROD0143,1,453.59
ITEM0002527,ORD001042,PROD0013,4,196.91
ITEM0002528,ORD001043,PROD0051,2,294.17
ITEM0002529,ORD001043,PROD0084,4,464.44
ITEM0002530,ORD001044,PROD0082,2,-196.55
ITEM0002531,ORD001044,PROD0071,1,402.73
ITEM0002532,ORD001044,PROD0111,4,408.22
ITEM0002533,ORD001044,PROD0048,1,277.49
ITEM0002534,ORD001045,PROD0005,5,196.98
ITEM0002535,ORD001046,PROD0029,1,93.87
ITEM0002536,ORD001046,PROD0002,5,112.42
ITEM0002537,ORD001047,PROD0099,5,386.23
ITEM0002538,ORD001048,PROD0149,5,-139.28
ITEM0002539,ORD001048,PROD0137,3,447.4
ITEM0002540,ORD001048,PROD0148,1,427.66
ITEM0002541,ORD001048,PROD0118,5,58.39
ITEM0002542,ORD001049,PROD0057,1,632.78
ITEM0002543,ORD001049,PROD0064,2,411.35
ITEM0002544,ORD001049,PROD0112,1,308.35
ITEM0002545,ORD001050,PROD0067,2,363.03
ITEM0002546,ORD001050,PROD0085,3,602.46
ITEM0002547,ORD001050,PROD0129,3,246.64
ITEM0002548,ORD001051,PROD0072,4,226.81
ITEM0002549,ORD001051,PROD0106,5,508.9
ITEM0002550,ORD001052,PROD0111,1,408.22
ITEM0002551,ORD001052,PROD0114,1,45.61
ITEM0002552,ORD001052,PROD0038,5,216.74
ITEM0002553,ORD001052,PROD0014,2,16.7
ITEM0002554,ORD001053,PROD0101,1,182.81
ITEM0002555,ORD001053,PROD0037,1,540.32
ITEM0002556,ORD001054,PROD0106,2,508.9
ITEM0002557,ORD001054,PROD0080,4,392.58
ITEM0002558,ORD001055,PROD0028,4,463.5
ITEM0002559,ORD001055,PROD0141,3,19.31
ITEM0002560,ORD001055,PROD0030,4,314.5
ITEM0002561,ORD001056,PROD0110,1,39.23
ITEM0002562,ORD001056,PROD0105,5,308.26
ITEM0002563,ORD001056,PROD0007,1,248.82
ITEM0002564,ORD001057,PROD0018,1,119.66
ITEM0002565,ORD001057,PROD0090,5,51.56
ITEM0002566,ORD001057,PROD0023,4,414.75
ITEM0002567,ORD001057,PROD0033,3,470.6
ITEM0002568,ORD001058,PROD0057,1,632.78
ITEM0002569,ORD001058,PROD0077,1,286.06
ITEM0002570,ORD001058,PROD0099,2,386.23
ITEM0002571,ORD001058,PROD0007,2,248.82
ITEM0002572,ORD001059,PROD0042,1,394.4
ITEM0002573,ORD001059,PROD0082,4,196.55
ITEM0002574,ORD001060,PROD0100,2,208.15
ITEM0002575,ORD001060,PROD0090,5,51.56
ITEM0002576,ORD001060,PROD0103,4,305.68
ITEM0002577,ORD001060,PROD0040,3,508.7
ITEM0002578,ORD001061,PROD0054,3,135.13
ITEM0002579,ORD001062,PROD0078,3,57.56
ITEM0002580,ORD001062,PROD0038,3,216.74
ITEM0002581,ORD001062,PROD0033,4,470.6
ITEM0002582,ORD001062,PROD0061,2,683.51
ITEM0002583,ORD001063,PROD0042,5,394.4
ITEM0002584,ORD001063,PROD0092,4,557.9
ITEM0002585,ORD001063,PROD0066,3,370.45
ITEM0002586,ORD001064,PROD0051,5,294.17
ITEM0002587,ORD001064,PROD0140,4,496.11
ITEM0002588,ORD001064,PROD0141,5,19.31
ITEM0002589,ORD001064,PROD0021,5,487.35
ITEM0002590,ORD001065,PROD0138,1,43.7
ITEM0002591,ORD001065,PROD0006,1,98.27
ITEM0002592,ORD001065,PROD0104,2,66.01
ITEM0002593,ORD001065,PROD0067,2,363.03
ITEM0002594,ORD001066,PROD0014,1,16.7
ITEM0002595,ORD001066,PROD0080,2,392.58
ITEM0002596,ORD001066,PROD0136,5,485.57
ITEM0002597,ORD001066,PROD0109,2,126.44
ITEM0002598,ORD001067,PROD0021,1,487.35
ITEM0002599,ORD001068,PROD0062,1,355.88
ITEM0002600,ORD001069,PROD0012,3,589.04
ITEM0002601,ORD001069,PROD0027,1,356.31
ITEM0002602,ORD001069,PROD0100,5,208.15
ITEM0002603,ORD001069,PROD0040,4,508.7
ITEM0002604,ORD001070,PROD0053,4,292.19
ITEM0002605,ORD001071,PROD0143,4,-453.59
ITEM0002606,ORD001071,PROD0136,2,485.57
ITEM0002607,ORD001072,PROD0028,5,463.5
ITEM0002608,ORD001072,PROD0110,2,39.23
ITEM0002609,ORD001072,PROD0008,5,174.9
ITEM0002610,ORD001072,PROD0142,4,347.19
ITEM0002611,ORD001073,PROD0011,4,325.01
ITEM0002612,ORD001073,PROD0115,1,431.33
ITEM0002613,ORD001074,PROD0091,1,161.11
ITEM0002614,ORD001074,PROD0120,3,261.92
ITEM0002615,ORD001074,PROD0129,2,246.64
ITEM0002616,ORD001075,PROD0099,5,386.23
ITEM0002617,ORD001076,PROD0006,1,98.27
ITEM0002618,ORD001076,PROD0100,2,208.15
ITEM0002619,ORD001076,PROD0114,3,45.61
ITEM0002620,ORD001076,PROD0092,2,557.9
ITEM0002621,ORD001077,PROD0100,1,-208.15
ITEM0002622,ORD001077,PROD0019,2,443.45
ITEM0002623,ORD001078,PROD0029,2,93.87
ITEM0002624,ORD001078,PROD0138,3,43.7
ITEM0002625,ORD001079,PROD0004,3,129.15
ITEM0002626,ORD001080,PROD0141,4,19.31
ITEM0002627,ORD001080,PROD0100,5,208.15
ITEM0002628,ORD001080,PROD0075,5,-383.73
ITEM0002629,ORD001081,PROD0067,5,363.03
ITEM0002630,ORD001081,PROD0040,1,508.7
ITEM0002631,ORD001081,PROD0126,3,263.88
ITEM0002632,ORD001081,PROD0130,1,421.1
ITEM0002633,ORD001082,PROD0035,2,27.57
ITEM0002634,ORD001083,PROD0040,5,508.7
ITEM0002635,ORD001083,PROD0097,4,53.1
ITEM0002636,ORD001083,PROD0012,3,589.04
ITEM0002637,ORD001084,PROD0120,1,261.92
ITEM0002638,ORD001084,PROD0037,2,540.32
ITEM0002639,ORD001084,PROD0010,1,488.99
ITEM0002640,ORD001084,PROD0092,4,557.9
ITEM0002641,ORD001085,PROD0026,3,585.88
ITEM0002642,ORD001085,PROD0125,1,377.98
ITEM0002643,ORD001086,PROD0118,1,58.39
ITEM0002644,ORD001086,PROD0047,3,288.09
ITEM0002645,ORD001086,PROD0099,5,386.23
ITEM0002646,ORD001087,PROD0012,4,589.04
ITEM0002647,ORD001087,PROD0115,4,431.33
ITEM0002648,ORD001087,PROD0107,1,462.67
ITEM0002649,ORD001088,PROD0107,2,462.67
ITEM0002650,ORD001088,PROD0036,5,33.3
ITEM0002651,ORD001088,PROD0092,4,557.9
ITEM0002652,ORD001088,PROD0033,3,470.6
ITEM0002653,ORD001089,PROD0086,3,203.78
ITEM0002654,ORD001090,PROD0122,5,484.26
ITEM0002655,ORD001090,PROD0052,3,436.28
ITEM0002656,ORD001091,PROD0106,4,508.9
ITEM0002657,ORD001091,PROD0116,4,366.52
ITEM0002658,ORD001091,PROD0015,2,442.7
ITEM0002659,ORD001092,PROD0123,4,95.95
ITEM0002660,ORD001092,PROD0054,2,135.13
ITEM0002661,ORD001093,PROD0020,4,124.89
ITEM0002662,ORD001094,PROD0109,2,126.44
ITEM0002663,ORD001095,PROD0148,3,427.66
ITEM0002664,ORD001095,PROD0142,4,-347.19
ITEM0002665,ORD001095,PROD0060,5,497.77
ITEM0002666,ORD001095,PROD0009,1,138.45
ITEM0002667,ORD001096,PROD0048,4,277.49
ITEM0002668,ORD001096,PROD0102,5,266.91
ITEM0002669,ORD001096,PROD0069,4,619.75
ITEM0002670,ORD001097,PROD0011,3,325.01
ITEM0002671,ORD001097,PROD0088,4,51.09
ITEM0002672,ORD001097,PROD0003,3,4.27
ITEM0002673,ORD001097,PROD0009,1,138.45
ITEM0002674,ORD001098,PROD0139,2,135.03
ITEM0002675,ORD001099,PROD0090,3,51.56
ITEM0002676,ORD001099,PROD0141,5,19.31
ITEM0002677,ORD001100,PROD0041,5,438.01
ITEM0002678,ORD001101,PROD0016,4,30.39
ITEM0002679,ORD001101,PROD0033,2,470.6
ITEM0002680,ORD001101,PROD0111,3,408.22
ITEM0002681,ORD001101,PROD0108,4,332.49
ITEM0002682,ORD001102,PROD0078,3,57.56
ITEM0002683,ORD001102,PROD0001,1,342.2
ITEM0002684,ORD001102,PROD0108,1,332.49
ITEM0002685,ORD001102,PROD0127,2,9.71
ITEM0002686,ORD001103,PROD0009,3,138.45
ITEM0002687,ORD001103,PROD0072,5,226.81
ITEM0002688,ORD001104,PROD0043,2,251.98
ITEM0002689,ORD001105,PROD0030,5,314.5
ITEM0002690,ORD001106,PROD0058,4,356.49
ITEM0002691,ORD001107,PROD0063,2,665.26
ITEM0002692,ORD001107,PROD0050,2,235.27
ITEM0002693,ORD001108,PROD0032,3,172.77
ITEM0002694,ORD001108,PROD0033,5,470.6
ITEM0002695,ORD001109,PROD0015,2,442.7
ITEM0002696,ORD001109,PROD0031,2,15.13
ITEM0002697,ORD001110,PROD0047,2,288.09
ITEM0002698,ORD001110,PROD0069,1,619.75
ITEM0002699,ORD001110,PROD0024,4,594.24
ITEM0002700,ORD001110,PROD0145,4,359.48
ITEM0002701,ORD001111,PROD0131,3,130.48
ITEM0002702,ORD001111,PROD0103,2,305.68
ITEM0002703,ORD001112,PROD0147,5,570.65
ITEM0002704,ORD001113,PROD0070,2,271.29
ITEM0002705,ORD001113,PROD0016,3,30.39
ITEM0002706,ORD001114,PROD0036,5,33.3
ITEM0002707,ORD001114,PROD0026,1,585.88
ITEM0002708,ORD001115,PROD0096,2,321.49
ITEM0002709,ORD001115,PROD0065,5,153.97
ITEM0002710,ORD001116,PROD0002,5,112.42
ITEM0002711,ORD001116,PROD0078,4,57.56
ITEM0002712,ORD001117,PROD0091,2,161.11
ITEM0002713,ORD001117,PROD0025,3,23.62
ITEM0002714,ORD001117,PROD0092,5,557.9
ITEM0002715,ORD001117,PROD0015,3,442.7
ITEM0002716,ORD001118,PROD0035,5,27.57
ITEM0002717,ORD001118,PROD0104,5,66.01
ITEM0002718,ORD001118,PROD0045,2,66.57
ITEM0002719,ORD001118,PROD0005,3,196.98
ITEM0002720,ORD001119,PROD0047,1,288.09
ITEM0002721,ORD001119,PROD0090,3,51.56
ITEM0002722,ORD001120,PROD0049,1,106.04
ITEM0002723,ORD001120,PROD0065,2,153.97
ITEM0002724,ORD001120,PROD0047,3,288.09
ITEM0002725,ORD001120,PROD0004,1,129.15
ITEM0002726,ORD001121,PROD0035,4,27.57
ITEM0002727,ORD001122,PROD0050,3,235.27
ITEM0002728,ORD001122,PROD0048,2,277.49
ITEM0002729,ORD001122,PROD0018,1,119.66
ITEM0002730,ORD001122,PROD0123,2,95.95
ITEM0002731,ORD001123,PROD0098,1,351.41
ITEM0002732,ORD001123,PROD0002,5,112.42
ITEM0002733,ORD001124,PROD0108,1,332.49
ITEM0002734,ORD001125,PROD0003,3,4.27
ITEM0002735,ORD001125,PROD0004,3,129.15
ITEM0002736,ORD001125,PROD0147,4,570.65
ITEM0002737,ORD001126,PROD0067,3,363.03
ITEM0002738,ORD001127,PROD0090,2,51.56
ITEM0002739,ORD001127,PROD0071,4,402.73
ITEM0002740,ORD001127,PROD0074,4,122.74
ITEM0002741,ORD001127,PROD0030,4,314.5
ITEM0002742,ORD001128,PROD0072,4,226.81
ITEM0002743,ORD001129,PROD0023,4,414.75
ITEM0002744,ORD001130,PROD0074,2,122.74
ITEM0002745,ORD001130,PROD0144,3,105.68
ITEM0002746,ORD001131,PROD0051,5,294.17
ITEM0002747,ORD001131,PROD0129,1,246.64
ITEM0002748,ORD001131,PROD0100,5,208.15
ITEM0002749,ORD001132,PROD0120,5,261.92
ITEM0002750,ORD001132,PROD0045,1,66.57
ITEM0002751,ORD001132,PROD0051,1,294.17
ITEM0002752,ORD001133,PROD0045,3,66.57
ITEM0002753,ORD001133,PROD0024,5,594.24
ITEM0002754,ORD001133,PROD0101,5,182.81
ITEM0002755,ORD001134,PROD0126,3,263.88
ITEM0002756,ORD001134,PROD0106,5,508.9
ITEM0002757,ORD001134,PROD0025,1,23.62
ITEM0002758,ORD001135,PROD0107,2,462.67
ITEM0002759,ORD001135,PROD0066,2,370.45
ITEM0002760,ORD001135,PROD0120,1,261.92
ITEM0002761,ORD001136,PROD0016,2,30.39
ITEM0002762,ORD001137,PROD0086,5,203.78
ITEM0002763,ORD001137,PROD0011,2,325.01
ITEM0002764,ORD001137,PROD0117,4,130.11
ITEM0002765,ORD001138,PROD0131,4,130.48
ITEM0002766,ORD001138,PROD0063,2,665.26
ITEM0002767,ORD001138,PROD0055,1,408.1
ITEM0002768,ORD001138,PROD0007,2,248.82
ITEM0002769,ORD001139,PROD0005,5,196.98
ITEM0002770,ORD001140,PROD0012,2,589.04
ITEM0002771,ORD001140,PROD0100,2,208.15
ITEM0002772,ORD001140,PROD0121,5,287.5
ITEM0002773,ORD001141,PROD0078,5,57.56
ITEM0002774,ORD001142,PROD0020,1,124.89
ITEM0002775,ORD001142,PROD0140,1,496.11
ITEM0002776,ORD001142,PROD0103,2,305.68
ITEM0002777,ORD001142,PROD0114,1,45.61
ITEM0002778,ORD001143,PROD0146,5,292.2
ITEM0002779,ORD001144,PROD0060,1,497.77
ITEM0002780,ORD001144,PROD0119,1,103.02
ITEM0002781,ORD001145,PROD0041,5,438.01
ITEM0002782,ORD001145,PROD0008,2,174.9
ITEM0002783,ORD001145,PROD0053,2,292.19
ITEM0002784,ORD001146,PROD0116,1,366.52
ITEM0002785,ORD001146,PROD0007,4,248.82
ITEM0002786,ORD001146,PROD0098,5,351.41
ITEM0002787,ORD001146,PROD0046,3,207.44
ITEM0002788,ORD001147,PROD0020,5,124.89
ITEM0002789,ORD001147,PROD0120,1,261.92
ITEM0002790,ORD001148,PROD0136,1,485.57
ITEM0002791,ORD001148,PROD0149,5,139.28
ITEM0002792,ORD001148,PROD0014,5,-16.7
ITEM0002793,ORD001149,PROD0040,4,508.7
ITEM0002794,ORD001150,PROD0133,1,317.22
ITEM0002795,ORD001151,PROD0076,5,277.07
ITEM0002796,ORD001151,PROD0077,1,286.06
ITEM0002797,ORD001152,PROD0071,-5,402.73
ITEM0002798,ORD001152,PROD0023,1,414.75
ITEM0002799,ORD001152,PROD0020,4,124.89
ITEM0002800,ORD001152,PROD0108,4,332.49
ITEM0002801,ORD001153,PROD0062,5,355.88
ITEM0002802,ORD001154,PROD0072,3,226.81
ITEM0002803,ORD001154,PROD0069,2,619.75
ITEM0002804,ORD001154,PROD0056,5,249.02
ITEM0002805,ORD001155,PROD0037,3,540.32
ITEM0002806,ORD001155,PROD0077,5,286.06
ITEM0002807,ORD001155,PROD0042,2,394.4
ITEM0002808,ORD001156,PROD0016,1,30.39
ITEM0002809,ORD001156,PROD0064,2,411.35
ITEM0002810,ORD001156,PROD0097,3,53.1
ITEM0002811,ORD001156,PROD0115,4,431.33
ITEM0002812,ORD001157,PROD0005,3,196.98
ITEM0002813,ORD001157,PROD0063,5,665.26
ITEM0002814,ORD001157,PROD0103,5,305.68
ITEM0002815,ORD001158,PROD0039,4,410.66
ITEM0002816,ORD001158,PROD0051,4,294.17
ITEM0002817,ORD001158,PROD0033,5,470.6
ITEM0002818,ORD001158,PROD0060,2,497.77
ITEM0002819,ORD001159,PROD0066,2,370.45
ITEM0002820,ORD001160,PROD0099,4,386.23
ITEM0002821,ORD001161,PROD0097,2,53.1
ITEM0002822,ORD001161,PROD0040,4,508.7
ITEM0002823,ORD001161,PROD0141,5,19.31
ITEM0002824,ORD001162,PROD0064,3,411.35
ITEM0002825,ORD001163,PROD0052,5,436.28
ITEM0002826,ORD001163,PROD0136,-4,-485.57
ITEM0002827,ORD001163,PROD0049,1,106.04
ITEM0002828,ORD001164,PROD0079,2,61.84
ITEM0002829,ORD001165,PROD0053,5,292.19
ITEM0002830,ORD001166,PROD0009,4,138.45
ITEM0002831,ORD001166,PROD0139,4,135.03
ITEM0002832,ORD001167,PROD0015,2,442.7
ITEM0002833,ORD001167,PROD0133,1,317.22
ITEM0002834,ORD001168,PROD0144,5,105.68
ITEM0002835,ORD001168,PROD0103,5,305.68
ITEM0002836,ORD001168,PROD0033,1,470.6
ITEM0002837,ORD001169,PROD0094,5,393.51
ITEM0002838,ORD001169,PROD0063,5,665.26
ITEM0002839,ORD001169,PROD0001,4,342.2
ITEM0002840,ORD001169,PROD0115,3,-431.33
ITEM0002841,ORD001170,PROD0042,3,394.4
ITEM0002842,ORD001171,PROD0025,4,23.62
ITEM0002843,ORD001171,PROD0004,1,129.15
ITEM0002844,ORD001171,PROD0014,1,16.7
ITEM0002845,ORD001171,PROD0128,5,403.21
ITEM0002846,ORD001172,PROD0051,5,294.17
ITEM0002847,ORD001173,PROD0080,3,-392.58
ITEM0002848,ORD001173,PROD0071,3,402.73
ITEM0002849,ORD001173,PROD0115,5,431.33
ITEM0002850,ORD001174,PROD0106,4,508.9
ITEM0002851,ORD001174,PROD0083,5,306.64
ITEM0002852,ORD001174,PROD0020,1,124.89
ITEM0002853,ORD001174,PROD0019,2,443.45
ITEM0002854,ORD001175,PROD0010,3,488.99
ITEM0002855,ORD001175,PROD0019,5,443.45
ITEM0002856,ORD001175,PROD0143,1,453.59
ITEM0002857,ORD001176,PROD0064,1,411.35
ITEM0002858,ORD001176,PROD0030,1,314.5
ITEM0002859,ORD001176,PROD0102,2,266.91
ITEM0002860,ORD001177,PROD0005,2,196.98
ITEM0002861,ORD001177,PROD0064,1,411.35
ITEM0002862,ORD001177,PROD0140,4,496.11
ITEM0002863,ORD001178,PROD0072,5,226.81
ITEM0002864,ORD001178,PROD0006,2,98.27
ITEM0002865,ORD001178,PROD0114,4,45.61
ITEM0002866,ORD001178,PROD0137,5,447.4
ITEM0002867,ORD001179,PROD0015,5,442.7
ITEM0002868,ORD001179,PROD0049,1,106.04
ITEM0002869,ORD001180,PROD0011,5,325.01
ITEM0002870,ORD001180,PROD0044,3,474.28
ITEM0002871,ORD001180,PROD0031,2,15.13
ITEM0002872,ORD001180,PROD0024,4,594.24
ITEM0002873,ORD001181,PROD0088,2,51.09
ITEM0002874,ORD001182,PROD0076,4,277.07
ITEM0002875,ORD001183,PROD0002,3,112.42
ITEM0002876,ORD001183,PROD0122,1,484.26
ITEM0002877,ORD001183,PROD0123,2,95.95
ITEM0002878,ORD001183,PROD0070,1,271.29
ITEM0002879,ORD001184,PROD0063,4,665.26
ITEM0002880,ORD001184,PROD0148,4,427.66
ITEM0002881,ORD001184,PROD0070,4,271.29
ITEM0002882,ORD001185,PROD0036,4,33.3
ITEM0002883,ORD001186,PROD0002,4,112.42
ITEM0002884,ORD001186,PROD0056,1,249.02
ITEM0002885,ORD001186,PROD0100,4,208.15
ITEM0002886,ORD001186,PROD0133,3,317.22
ITEM0002887,ORD001187,PROD0140,5,496.11
ITEM0002888,ORD001188,PROD0008,3,174.9
ITEM0002889,ORD001188,PROD0037,3,540.32
ITEM0002890,ORD001189,PROD0060,2,497.77
ITEM0002891,ORD001189,PROD0029,5,93.87
ITEM0002892,ORD001189,PROD0148,2,427.66
ITEM0002893,ORD001190,PROD0036,3,33.3
ITEM0002894,ORD001190,PROD0012,3,589.04
ITEM0002895,ORD001190,PROD0082,2,196.55
ITEM0002896,ORD001191,PROD0090,3,51.56
ITEM0002897,ORD001191,PROD0136,4,485.57
ITEM0002898,ORD001191,PROD0055,3,408.1
ITEM0002899,ORD001191,PROD0073,4,241.62
ITEM0002900,ORD001192,PROD0036,1,33.3
ITEM0002901,ORD001192,PROD0080,2,392.58
ITEM0002902,ORD001192,PROD0139,4,135.03
ITEM0002903,ORD001192,PROD0109,1,126.44
ITEM0002904,ORD001193,PROD0113,2,320.56
ITEM0002905,ORD001194,PROD0014,5,16.7
ITEM0002906,ORD001194,PROD0089,3,289.58
ITEM0002907,ORD001194,PROD0135,5,427.2
ITEM0002908,ORD001194,PROD0113,3,320.56
ITEM0002909,ORD001195,PROD0082,4,196.55
ITEM0002910,ORD001196,PROD0112,2,308.35
ITEM0002911,ORD001196,PROD0077,1,286.06
ITEM0002912,ORD001196,PROD0104,3,66.01
ITEM0002913,ORD001196,PROD0149,5,139.28
ITEM0002914,ORD001197,PROD0063,4,665.26
ITEM0002915,ORD001197,PROD0123,3,-95.95
ITEM0002916,ORD001198,PROD0111,2,408.22
ITEM0002917,ORD001198,PROD0126,5,263.88
ITEM0002918,ORD001198,PROD0062,2,355.88
ITEM0002919,ORD001199,PROD0083,2,306.64
ITEM0002920,ORD001199,PROD0062,4,355.88
ITEM0002921,ORD001200,PROD0041,5,438.01
ITEM0002922,ORD001200,PROD0058,1,356.49
ITEM0002923,ORD001201,PROD0017,4,234.28
ITEM0002924,ORD001202,PROD0077,1,286.06
ITEM0002925,ORD001202,PROD0127,-5,9.71
ITEM0002926,ORD001203,PROD0088,1,51.09
ITEM0002927,ORD001203,PROD0033,4,470.6
ITEM0002928,ORD001203,PROD0100,1,208.15
ITEM0002929,ORD001204,PROD0073,2,241.62
ITEM0002930,ORD001204,PROD0063,2,665.26
ITEM0002931,ORD001204,PROD0055,4,408.1
ITEM0002932,ORD001204,PROD0040,1,508.7
ITEM0002933,ORD001205,PROD0008,5,174.9
ITEM0002934,ORD001205,PROD0114,1,45.61
ITEM0002935,ORD001205,PROD0001,5,342.2
ITEM0002936,ORD001205,PROD0054,3,135.13
ITEM0002937,ORD001206,PROD0034,4,303.7
ITEM0002938,ORD001207,PROD0117,5,130.11
ITEM0002939,ORD001207,PROD0108,4,332.49
ITEM0002940,ORD001207,PROD0036,1,33.3
ITEM0002941,ORD001207,PROD0096,5,321.49
ITEM0002942,ORD001208,PROD0073,5,241.62
ITEM0002943,ORD001209,PROD0147,5,570.65
ITEM0002944,ORD001209,PROD0125,5,377.98
ITEM0002945,ORD001210,PROD0081,5,318.7
ITEM0002946,ORD001210,PROD0004,2,129.15
ITEM0002947,ORD001210,PROD0073,4,241.62
ITEM0002948,ORD001211,PROD0026,5,585.88
ITEM0002949,ORD001211,PROD0041,5,438.01
ITEM0002950,ORD001212,PROD0059,1,254.01
ITEM0002951,ORD001212,PROD0065,4,153.97
ITEM0002952,ORD001212,PROD0005,2,196.98
ITEM0002953,ORD001213,PROD0042,4,394.4
ITEM0002954,ORD001213,PROD0088,4,51.09
ITEM0002955,ORD001214,PROD0135,3,427.2
ITEM0002956,ORD001214,PROD0140,3,496.11
ITEM0002957,ORD001214,PROD0124,4,173.3
ITEM0002958,ORD001214,PROD0015,2,442.7
ITEM0002959,ORD001215,PROD0101,5,182.81
ITEM0002960,ORD001215,PROD0007,3,248.82
ITEM0002961,ORD001215,PROD0084,2,464.44
ITEM0002962,ORD001216,PROD0102,1,266.91
ITEM0002963,ORD001216,PROD0031,2,15.13
ITEM0002964,ORD001217,PROD0082,4,196.55
ITEM0002965,ORD001217,PROD0116,5,366.52
ITEM0002966,ORD001217,PROD0130,3,421.1
ITEM0002967,ORD001218,PROD0002,1,112.42
ITEM0002968,ORD001219,PROD0075,3,383.73
ITEM0002969,ORD001219,PROD0015,3,442.7
ITEM0002970,ORD001220,PROD0076,2,277.07
ITEM0002971,ORD001220,PROD0002,4,112.42
ITEM0002972,ORD001220,PROD0037,3,540.32
ITEM0002973,ORD001220,PROD0052,1,436.28
ITEM0002974,ORD001221,PROD0040,4,508.7
ITEM0002975,ORD001221,PROD0055,3,408.1
ITEM0002976,ORD001221,PROD0132,5,316.5
ITEM0002977,ORD001222,PROD0150,4,88.94
ITEM0002978,ORD001223,PROD0070,2,271.29
ITEM0002979,ORD001223,PROD0087,3,193.52
ITEM0002980,ORD001224,PROD0091,4,161.11
ITEM0002981,ORD001224,PROD0097,1,53.1
ITEM0002982,ORD001225,PROD0150,2,88.94
ITEM0002983,ORD001225,PROD0141,2,19.31
ITEM0002984,ORD001225,PROD0012,2,589.04
ITEM0002985,ORD001226,PROD0086,3,203.78
ITEM0002986,ORD001226,PROD0134,4,192.47
ITEM0002987,ORD001227,PROD0118,4,58.39
ITEM0002988,ORD001227,PROD0121,1,287.5
ITEM0002989,ORD001227,PROD0074,4,122.74
ITEM0002990,ORD001227,PROD0137,5,447.4
ITEM0002991,ORD001228,PROD0134,3,192.47
ITEM0002992,ORD001228,PROD0102,2,266.91
ITEM0002993,ORD001228,PROD0132,4,316.5
ITEM0002994,ORD001229,PROD0043,4,251.98
ITEM0002995,ORD001229,PROD0118,1,58.39
ITEM0002996,ORD001229,PROD0108,1,332.49
ITEM0002997,ORD001230,PROD0024,5,594.24
ITEM0002998,ORD001230,PROD0136,2,485.57
ITEM0002999,ORD001230,PROD0120,3,261.92
ITEM0003000,ORD001231,PROD0035,2,27.57
ITEM0003001,ORD001231,PROD0118,4,58.39
ITEM0003002,ORD001232,PROD0010,4,488.99
ITEM0003003,ORD001233,PROD0120,3,261.92
ITEM0003004,ORD001233,PROD0115,4,431.33
ITEM0003005,ORD001233,PROD0149,2,139.28
ITEM0003006,ORD001234,PROD0054,3,135.13
ITEM0003007,ORD001234,PROD0119,5,103.02
ITEM0003008,ORD001234,PROD0132,3,316.5
ITEM0003009,ORD001234,PROD0017,4,234.28
ITEM0003010,ORD001235,PROD0106,2,508.9
ITEM0003011,ORD001235,PROD0053,4,292.19
ITEM0003012,ORD001235,PROD0135,4,427.2
ITEM0003013,ORD001235,PROD0006,5,98.27
ITEM0003014,ORD001236,PROD0026,-4,585.88
ITEM0003015,ORD001236,PROD0131,5,130.48
ITEM0003016,ORD001236,PROD0035,4,27.57
ITEM0003017,ORD001236,PROD0007,2,248.82
ITEM0003018,ORD001237,PROD0078,3,57.56
ITEM0003019,ORD001237,PROD0117,4,130.11
ITEM0003020,ORD001237,PROD0012,5,589.04
ITEM0003021,ORD001237,PROD0063,2,665.26
ITEM0003022,ORD001238,PROD0044,2,474.28
ITEM0003023,ORD001239,PROD0092,2,557.9
ITEM0003024,ORD001240,PROD0068,3,422.88
ITEM0003025,ORD001240,PROD0012,1,589.04
ITEM0003026,ORD001240,PROD0080,3,392.58
ITEM0003027,ORD001241,PROD0013,5,196.91
ITEM0003028,ORD001241,PROD0051,4,294.17
ITEM0003029,ORD001241,PROD0103,5,305.68
ITEM0003030,ORD001242,PROD0037,2,540.32
ITEM0003031,ORD001243,PROD0106,3,508.9
ITEM0003032,ORD001243,PROD0122,2,484.26
ITEM0003033,ORD001243,PROD0148,4,427.66
ITEM0003034,ORD001244,PROD0123,5,95.95
ITEM0003035,ORD001244,PROD0056,3,249.02
ITEM0003036,ORD001244,PROD0128,4,403.21
ITEM0003037,ORD001245,PROD0144,5,105.68
ITEM0003038,ORD001245,PROD0054,3,135.13
ITEM0003039,ORD001245,PROD0010,2,488.99
ITEM0003040,ORD001245,PROD0035,2,27.57
ITEM0003041,ORD001246,PROD0138,4,43.7
ITEM0003042,ORD001246,PROD0064,4,411.35
ITEM0003043,ORD001246,PROD0150,4,88.94
ITEM0003044,ORD001247,PROD0140,4,496.11
ITEM0003045,ORD001247,PROD0073,5,241.62
ITEM0003046,ORD001247,PROD0022,1,380.56
ITEM0003047,ORD001248,PROD0145,1,359.48
ITEM0003048,ORD001248,PROD0142,3,347.19
ITEM0003049,ORD001248,PROD0019,1,443.45
ITEM0003050,ORD001248,PROD0074,5,122.74
ITEM0003051,ORD001249,PROD0138,3,43.7
ITEM0003052,ORD001249,PROD0104,2,66.01
ITEM0003053,ORD001250,PROD0148,5,427.66
ITEM0003054,ORD001251,PROD0118,4,58.39
ITEM0003055,ORD001251,PROD0032,2,172.77
ITEM0003056,ORD001251,PROD0097,2,53.1
ITEM0003057,ORD001251,PROD0107,1,462.67
ITEM0003058,ORD001252,PROD0140,2,496.11
ITEM0003059,ORD001252,PROD0011,5,325.01
ITEM0003060,ORD001252,PROD0019,3,443.45
ITEM0003061,ORD001253,PROD0039,4,410.66
ITEM0003062,ORD001253,PROD0078,5,57.56
ITEM0003063,ORD001253,PROD0071,3,402.73
ITEM0003064,ORD001254,PROD0097,1,53.1
ITEM0003065,ORD001254,PROD0014,2,16.7
ITEM0003066,ORD001255,PROD0086,2,203.78
ITEM0003067,ORD001255,PROD0092,3,557.9
ITEM0003068,ORD001255,PROD0150,1,88.94
ITEM0003069,ORD001255,PROD0041,5,438.01
ITEM0003070,ORD001256,PROD0070,3,271.29
ITEM0003071,ORD001256,PROD0074,2,122.74
ITEM0003072,ORD001257,PROD0060,3,497.77
ITEM0003073,ORD001257,PROD0017,1,234.28
ITEM0003074,ORD001258,PROD0030,3,314.5
ITEM0003075,ORD001259,PROD0055,1,408.1
ITEM0003076,ORD001259,PROD0017,3,234.28
ITEM0003077,ORD001259,PROD0035,4,27.57
ITEM0003078,ORD001260,PROD0016,1,30.39
ITEM0003079,ORD001261,PROD0084,1,464.44
ITEM0003080,ORD001262,PROD0004,4,129.15
ITEM0003081,ORD001263,PROD0135,2,427.2
ITEM0003082,ORD001263,PROD0082,1,196.55
ITEM0003083,ORD001263,PROD0109,1,126.44
ITEM0003084,ORD001263,PROD0078,5,57.56
ITEM0003085,ORD001264,PROD0004,1,129.15
ITEM0003086,ORD001264,PROD0104,2,66.01
ITEM0003087,ORD001265,PROD0084,2,464.44
ITEM0003088,ORD001266,PROD0123,1,95.95
ITEM0003089,ORD001266,PROD0010,5,488.99
ITEM0003090,ORD001266,PROD0027,4,356.31
ITEM0003091,ORD001266,PROD0081,5,318.7
ITEM0003092,ORD001267,PROD0034,2,303.7
ITEM0003093,ORD001267,PROD0048,1,277.49
ITEM0003094,ORD001268,PROD0066,3,370.45
ITEM0003095,ORD001268,PROD0137,2,447.4
ITEM0003096,ORD001269,PROD0041,5,438.01
ITEM0003097,ORD001269,PROD0063,4,665.26
ITEM0003098,ORD001270,PROD0077,1,286.06
ITEM0003099,ORD001270,PROD0114,4,45.61
ITEM0003100,ORD001270,PROD0110,1,39.23
ITEM0003101,ORD001271,PROD0063,3,665.26
ITEM0003102,ORD001271,PROD0071,2,402.73
ITEM0003103,ORD001271,PROD0147,1,570.65
ITEM0003104,ORD001271,PROD0141,4,19.31
ITEM0003105,ORD001272,PROD0041,1,438.01
ITEM0003106,ORD001272,PROD0095,3,271.32
ITEM0003107,ORD001272,PROD0064,3,411.35
ITEM0003108,ORD001272,PROD0131,5,130.48
ITEM0003109,ORD001273,PROD0060,5,497.77
ITEM0003110,ORD001273,PROD0087,4,193.52
ITEM0003111,ORD001273,PROD0054,5,135.13
ITEM0003112,ORD001274,PROD0127,3,9.71
ITEM0003113,ORD001274,PROD0039,4,410.66
ITEM0003114,ORD001274,PROD0077,4,286.06
ITEM0003115,ORD001274,PROD0027,5,356.31
ITEM0003116,ORD001275,PROD0129,5,246.64
ITEM0003117,ORD001275,PROD0110,4,39.23
ITEM0003118,ORD001275,PROD0064,5,411.35
ITEM0003119,ORD001276,PROD0091,2,161.11
ITEM0003120,ORD001277,PROD0023,4,414.75
ITEM0003121,ORD001277,PROD0008,4,174.9
ITEM0003122,ORD001277,PROD0063,1,665.26
ITEM0003123,ORD001277,PROD0006,5,98.27
ITEM0003124,ORD001278,PROD0099,5,386.23
ITEM0003125,ORD001278,PROD0071,1,402.73
ITEM0003126,ORD001279,PROD0083,2,306.64
ITEM0003127,ORD001279,PROD0072,2,226.81
ITEM0003128,ORD001280,PROD0028,2,463.5
ITEM0003129,ORD001280,PROD0118,5,58.39
ITEM0003130,ORD001281,PROD0029,2,93.87
ITEM0003131,ORD001282,PROD0105,4,308.26
ITEM0003132,ORD001283,PROD0009,1,138.45
ITEM0003133,ORD001284,PROD0064,1,411.35
ITEM0003134,ORD001284,PROD0146,2,292.2
ITEM0003135,ORD001284,PROD0070,2,271.29
ITEM0003136,ORD001284,PROD0150,4,88.94
ITEM0003137,ORD001285,PROD0023,4,414.75
ITEM0003138,ORD001285,PROD0016,1,30.39
ITEM0003139,ORD001285,PROD0019,1,443.45
ITEM0003140,ORD001286,PROD0007,1,248.82
ITEM0003141,ORD001287,PROD0107,1,462.67
ITEM0003142,ORD001287,PROD0031,5,15.13
ITEM0003143,ORD001287,PROD0104,2,66.01
ITEM0003144,ORD001287,PROD0140,2,496.11
ITEM0003145,ORD001288,PROD0054,3,135.13
ITEM0003146,ORD001289,PROD0053,5,292.19
ITEM0003147,ORD001290,PROD0030,5,314.5
ITEM0003148,ORD001290,PROD0053,1,292.19
ITEM0003149,ORD001290,PROD0035,4,-27.57
ITEM0003150,ORD001290,PROD0026,5,585.88
ITEM0003151,ORD001291,PROD0077,1,286.06
ITEM0003152,ORD001291,PROD0082,4,196.55
ITEM0003153,ORD001291,PROD0035,4,27.57
ITEM0003154,ORD001291,PROD0125,2,377.98
ITEM0003155,ORD001292,PROD0098,1,351.41
ITEM0003156,ORD001293,PROD0073,2,241.62
ITEM0003157,ORD001293,PROD0013,3,196.91
ITEM0003158,ORD001293,PROD0020,4,124.89
ITEM0003159,ORD001294,PROD0087,2,193.52
ITEM0003160,ORD001294,PROD0043,3,-251.98
ITEM0003161,ORD001294,PROD0083,3,306.64
ITEM0003162,ORD001295,PROD0134,4,192.47
ITEM0003163,ORD001295,PROD0135,5,427.2
ITEM0003164,ORD001295,PROD0092,1,557.9
ITEM0003165,ORD001296,PROD0054,2,135.13
ITEM0003166,ORD001296,PROD0094,1,393.51
ITEM0003167,ORD001296,PROD0130,2,421.1
ITEM0003168,ORD001296,PROD0076,3,277.07
ITEM0003169,ORD001297,PROD0076,3,277.07
ITEM0003170,ORD001298,PROD0067,5,363.03
ITEM0003171,ORD001298,PROD0011,-1,325.01
ITEM0003172,ORD001299,PROD0026,5,585.88
ITEM0003173,ORD001299,PROD0125,2,377.98
ITEM0003174,ORD001299,PROD0035,1,27.57
ITEM0003175,ORD001300,PROD0047,5,288.09
ITEM0003176,ORD001300,PROD0045,3,66.57
ITEM0003177,ORD001301,PROD0009,1,138.45
ITEM0003178,ORD001301,PROD0001,3,342.2
ITEM0003179,ORD001301,PROD0070,2,271.29
ITEM0003180,ORD001302,PROD0050,2,235.27
ITEM0003181,ORD001302,PROD0082,5,196.55
ITEM0003182,ORD001302,PROD0114,4,45.61
ITEM0003183,ORD001303,PROD0135,5,427.2
ITEM0003184,ORD001303,PROD0062,3,355.88
ITEM0003185,ORD001303,PROD0008,3,174.9
ITEM0003186,ORD001303,PROD0033,3,470.6
ITEM0003187,ORD001304,PROD0121,4,287.5
ITEM0003188,ORD001304,PROD0143,2,453.59
ITEM0003189,ORD001304,PROD0105,5,308.26
ITEM0003190,ORD001305,PROD0128,2,403.21
ITEM0003191,ORD001305,PROD0144,1,105.68
ITEM0003192,ORD001305,PROD0007,5,248.82
ITEM0003193,ORD001306,PROD0082,3,196.55
ITEM0003194,ORD001307,PROD0006,2,98.27
ITEM0003195,ORD001307,PROD0140,4,496.11
ITEM0003196,ORD001307,PROD0072,1,226.81
ITEM0003197,ORD001308,PROD0097,1,53.1
ITEM0003198,ORD001309,PROD0096,1,321.49
ITEM0003199,ORD001309,PROD0114,4,45.61
ITEM0003200,ORD001309,PROD0012,5,589.04
ITEM0003201,ORD001310,PROD0132,3,316.5
ITEM0003202,ORD001311,PROD0078,2,57.56
ITEM0003203,ORD001311,PROD0118,1,58.39
ITEM0003204,ORD001311,PROD0128,2,403.21
ITEM0003205,ORD001312,PROD0071,1,402.73
ITEM0003206,ORD001313,PROD0028,3,463.5
ITEM0003207,ORD001313,PROD0084,5,464.44
ITEM0003208,ORD001313,PROD0137,4,447.4
ITEM0003209,ORD001313,PROD0087,2,193.52
ITEM0003210,ORD001314,PROD0087,3,193.52
ITEM0003211,ORD001314,PROD0075,1,383.73
ITEM0003212,ORD001315,PROD0006,4,98.27
ITEM0003213,ORD001315,PROD0036,5,33.3
ITEM0003214,ORD001315,PROD0112,1,308.35
ITEM0003215,ORD001316,PROD0105,4,308.26
ITEM0003216,ORD001317,PROD0104,5,66.01
ITEM0003217,ORD001317,PROD0098,1,351.41
ITEM0003218,ORD001318,PROD0041,1,438.01
ITEM0003219,ORD001318,PROD0129,-3,246.64
ITEM0003220,ORD001319,PROD0148,2,427.66
ITEM0003221,ORD001320,PROD0001,1,342.2
ITEM0003222,ORD001321,PROD0038,3,216.74
ITEM0003223,ORD001321,PROD0048,3,277.49
ITEM0003224,ORD001321,PROD0088,1,51.09
ITEM0003225,ORD001321,PROD0097,5,53.1
ITEM0003226,ORD001322,PROD0035,1,27.57
ITEM0003227,ORD001322,PROD0060,4,497.77
ITEM0003228,ORD001323,PROD0074,1,122.74
ITEM0003229,ORD001323,PROD0063,3,665.26
ITEM0003230,ORD001323,PROD0114,1,45.61
ITEM0003231,ORD001323,PROD0004,4,129.15
ITEM0003232,ORD001324,PROD0108,5,332.49
ITEM0003233,ORD001324,PROD0018,3,119.66
ITEM0003234,ORD001324,PROD0033,1,470.6
ITEM0003235,ORD001324,PROD0007,2,248.82
ITEM0003236,ORD001325,PROD0007,2,248.82
ITEM0003237,ORD001325,PROD0099,2,386.23
ITEM0003238,ORD001325,PROD0123,3,95.95
ITEM0003239,ORD001325,PROD0110,2,39.23
ITEM0003240,ORD001326,PROD0128,1,403.21
ITEM0003241,ORD001326,PROD0022,3,380.56
ITEM0003242,ORD001327,PROD0063,2,665.26
ITEM0003243,ORD001327,PROD0019,5,443.45
ITEM0003244,ORD001328,PROD0138,5,43.7
ITEM0003245,ORD001328,PROD0067,4,363.03
ITEM0003246,ORD001328,PROD0027,3,356.31
ITEM0003247,ORD001328,PROD0126,2,263.88
ITEM0003248,ORD001329,PROD0042,3,394.4
ITEM0003249,ORD001329,PROD0110,2,39.23
ITEM0003250,ORD001329,PROD0101,2,182.81
ITEM0003251,ORD001330,PROD0101,5,182.81
ITEM0003252,ORD001330,PROD0081,5,318.7
ITEM0003253,ORD001330,PROD0099,4,386.23
ITEM0003254,ORD001331,PROD0006,3,98.27
ITEM0003255,ORD001332,PROD0084,1,464.44
ITEM0003256,ORD001332,PROD0099,4,386.23
ITEM0003257,ORD001332,PROD0137,4,447.4
ITEM0003258,ORD001332,PROD0086,2,203.78
ITEM0003259,ORD001333,PROD0036,5,33.3
ITEM0003260,ORD001333,PROD0019,3,443.45
ITEM0003261,ORD001333,PROD0034,2,303.7
ITEM0003262,ORD001334,PROD0074,3,122.74
ITEM0003263,ORD001335,PROD0014,2,16.7
ITEM0003264,ORD001335,PROD0118,2,58.39
ITEM0003265,ORD001335,PROD0007,2,248.82
ITEM0003266,ORD001336,PROD0082,4,196.55
ITEM0003267,ORD001336,PROD0017,1,234.28
ITEM0003268,ORD001336,PROD0102,2,266.91
ITEM0003269,ORD001337,PROD0036,2,33.3
ITEM0003270,ORD001338,PROD0129,4,246.64
ITEM0003271,ORD001338,PROD0069,5,619.75
ITEM0003272,ORD001338,PROD0033,2,470.6
ITEM0003273,ORD001339,PROD0128,1,403.21
ITEM0003274,ORD001339,PROD0022,3,380.56
ITEM0003275,ORD001339,PROD0053,4,292.19
ITEM0003276,ORD001339,PROD0098,1,351.41
ITEM0003277,ORD001340,PROD0030,2,314.5
ITEM0003278,ORD001341,PROD0001,1,342.2
ITEM0003279,ORD001342,PROD0139,1,135.03
ITEM0003280,ORD001343,PROD0074,3,122.74
ITEM0003281,ORD001344,PROD0099,2,386.23
ITEM0003282,ORD001344,PROD0131,1,130.48
ITEM0003283,ORD001344,PROD0088,4,51.09
ITEM0003284,ORD001344,PROD0020,5,124.89
ITEM0003285,ORD001345,PROD0073,4,241.62
ITEM0003286,ORD001345,PROD0115,5,431.33
ITEM0003287,ORD001345,PROD0029,1,93.87
ITEM0003288,ORD001345,PROD0125,5,377.98
ITEM0003289,ORD001346,PROD0109,5,126.44
ITEM0003290,ORD001346,PROD0133,4,317.22
ITEM0003291,ORD001346,PROD0029,5,93.87
ITEM0003292,ORD001346,PROD0022,4,380.56
ITEM0003293,ORD001347,PROD0096,3,321.49
ITEM0003294,ORD001347,PROD0049,5,106.04
ITEM0003295,ORD001348,PROD0064,5,411.35
ITEM0003296,ORD001348,PROD0149,3,139.28
ITEM0003297,ORD001349,PROD0144,3,105.68
ITEM0003298,ORD001349,PROD0012,4,589.04
ITEM0003299,ORD001349,PROD0018,-2,119.66
ITEM0003300,ORD001350,PROD0041,2,438.01
ITEM0003301,ORD001350,PROD0119,5,103.02
ITEM0003302,ORD001351,PROD0043,3,251.98
ITEM0003303,ORD001352,PROD0049,4,106.04
ITEM0003304,ORD001352,PROD0002,1,112.42
ITEM0003305,ORD001352,PROD0138,2,43.7
ITEM0003306,ORD001352,PROD0145,2,359.48
ITEM0003307,ORD001353,PROD0036,4,33.3
ITEM0003308,ORD001353,PROD0082,-2,196.55
ITEM0003309,ORD001353,PROD0033,1,470.6
ITEM0003310,ORD001354,PROD0037,3,540.32
ITEM0003311,ORD001354,PROD0050,1,235.27
ITEM0003312,ORD001354,PROD0076,4,277.07
ITEM0003313,ORD001355,PROD0028,3,463.5
ITEM0003314,ORD001355,PROD0097,4,53.1
ITEM0003315,ORD001355,PROD0094,5,393.51
ITEM0003316,ORD001355,PROD0112,2,308.35
ITEM0003317,ORD001356,PROD0042,2,394.4
ITEM0003318,ORD001356,PROD0073,3,241.62
ITEM0003319,ORD001357,PROD0149,1,139.28
ITEM0003320,ORD001358,PROD0123,1,95.95
ITEM0003321,ORD001358,PROD0063,5,665.26
ITEM0003322,ORD001358,PROD0108,3,332.49
ITEM0003323,ORD001359,PROD0108,1,332.49
ITEM0003324,ORD001359,PROD0003,3,4.27
ITEM0003325,ORD001360,PROD0143,3,453.59
ITEM0003326,ORD001360,PROD0053,3,292.19
ITEM0003327,ORD001360,PROD0057,2,632.78
ITEM0003328,ORD001360,PROD0082,4,196.55
ITEM0003329,ORD001361,PROD0073,2,241.62
ITEM0003330,ORD001361,PROD0062,4,355.88
ITEM0003331,ORD001361,PROD0040,4,508.7
ITEM0003332,ORD001361,PROD0006,5,98.27
ITEM0003333,ORD001362,PROD0033,1,470.6
ITEM0003334,ORD001362,PROD0075,2,383.73
ITEM0003335,ORD001362,PROD0001,1,342.2
ITEM0003336,ORD001362,PROD0011,4,325.01
ITEM0003337,ORD001363,PROD0127,4,9.71
ITEM0003338,ORD001363,PROD0030,1,314.5
ITEM0003339,ORD001364,PROD0098,1,351.41
ITEM0003340,ORD001364,PROD0052,1,436.28
ITEM0003341,ORD001365,PROD0001,3,342.2
ITEM0003342,ORD001366,PROD0072,5,226.81
ITEM0003343,ORD001366,PROD0017,2,234.28
ITEM0003344,ORD001366,PROD0086,2,203.78
ITEM0003345,ORD001367,PROD0063,4,665.26
ITEM0003346,ORD001368,PROD0134,3,192.47
ITEM0003347,ORD001368,PROD0018,3,119.66
ITEM0003348,ORD001368,PROD0090,3,51.56
ITEM0003349,ORD001368,PROD0147,1,570.65
ITEM0003350,ORD001369,PROD0111,4,408.22
ITEM0003351,ORD001370,PROD0079,2,61.84
ITEM0003352,ORD001371,PROD0027,4,356.31
ITEM0003353,ORD001372,PROD0136,2,485.57
ITEM0003354,ORD001372,PROD0139,5,135.03
ITEM0003355,ORD001373,PROD0042,5,394.4
ITEM0003356,ORD001373,PROD0118,4,58.39
ITEM0003357,ORD001373,PROD0103,5,305.68
ITEM0003358,ORD001373,PROD0045,2,66.57
ITEM0003359,ORD001374,PROD0119,3,103.02
ITEM0003360,ORD001375,PROD0088,2,51.09
ITEM0003361,ORD001375,PROD0123,4,95.95
ITEM0003362,ORD001375,PROD0120,2,261.92
ITEM0003363,ORD001376,PROD0032,4,172.77
ITEM0003364,ORD001376,PROD0113,2,320.56
ITEM0003365,ORD001376,PROD0028,2,463.5
ITEM0003366,ORD001377,PROD0137,5,447.4
ITEM0003367,ORD001378,PROD0012,3,589.04
ITEM0003368,ORD001378,PROD0002,2,112.42
ITEM0003369,ORD001378,PROD0048,4,277.49
ITEM0003370,ORD001379,PROD0051,1,294.17
ITEM0003371,ORD001379,PROD0005,3,196.98
ITEM0003372,ORD001380,PROD0044,4,474.28
ITEM0003373,ORD001380,PROD0147,2,570.65
ITEM0003374,ORD001380,PROD0006,2,98.27
ITEM0003375,ORD001381,PROD0011,4,325.01
ITEM0003376,ORD001381,PROD0004,2,129.15
ITEM0003377,ORD001382,PROD0147,2,570.65
ITEM0003378,ORD001382,PROD0116,3,366.52
ITEM0003379,ORD001382,PROD0094,3,393.51
ITEM0003380,ORD001383,PROD0095,1,271.32
ITEM0003381,ORD001383,PROD0105,4,308.26
ITEM0003382,ORD001383,PROD0127,3,9.71
ITEM0003383,ORD001383,PROD0066,3,370.45
ITEM0003384,ORD001384,PROD0091,5,161.11
ITEM0003385,ORD001384,PROD0132,2,316.5
ITEM0003386,ORD001384,PROD0051,5,294.17
ITEM0003387,ORD001384,PROD0069,4,619.75
ITEM0003388,ORD001385,PROD0040,4,508.7
ITEM0003389,ORD001385,PROD0008,1,174.9
ITEM0003390,ORD001386,PROD0065,2,153.97
ITEM0003391,ORD001386,PROD0077,5,286.06
ITEM0003392,ORD001387,PROD0082,1,196.55
ITEM0003393,ORD001387,PROD0016,4,30.39
ITEM0003394,ORD001387,PROD0093,1,573.11
ITEM0003395,ORD001388,PROD0120,4,261.92
ITEM0003396,ORD001389,PROD0002,1,112.42
ITEM0003397,ORD001389,PROD0062,5,355.88
ITEM0003398,ORD001389,PROD0144,1,105.68
ITEM0003399,ORD001390,PROD0144,3,105.68
ITEM0003400,ORD001390,PROD0025,1,23.62
ITEM0003401,ORD001391,PROD0058,5,356.49
ITEM0003402,ORD001391,PROD0126,2,263.88
ITEM0003403,ORD001392,PROD0148,2,427.66
ITEM0003404,ORD001392,PROD0008,4,174.9
ITEM0003405,ORD001392,PROD0071,4,402.73
ITEM0003406,ORD001393,PROD0135,3,427.2
ITEM0003407,ORD001394,PROD0088,4,51.09
ITEM0003408,ORD001394,PROD0021,1,487.35
ITEM0003409,ORD001394,PROD0067,1,363.03
ITEM0003410,ORD001395,PROD0117,4,130.11
ITEM0003411,ORD001395,PROD0009,1,138.45
ITEM0003412,ORD001396,PROD0023,4,414.75
ITEM0003413,ORD001396,PROD0082,2,196.55
ITEM0003414,ORD001397,PROD0135,4,427.2
ITEM0003415,ORD001397,PROD0031,5,15.13
ITEM0003416,ORD001397,PROD0131,2,130.48
ITEM0003417,ORD001398,PROD0019,1,443.45
ITEM0003418,ORD001398,PROD0112,3,308.35
ITEM0003419,ORD001398,PROD0127,5,9.71
ITEM0003420,ORD001399,PROD0045,2,66.57
ITEM0003421,ORD001400,PROD0129,3,246.64
ITEM0003422,ORD001400,PROD0089,3,289.58
ITEM0003423,ORD001400,PROD0024,3,594.24
ITEM0003424,ORD001401,PROD0064,3,411.35
ITEM0003425,ORD001402,PROD0029,3,93.87
ITEM0003426,ORD001403,PROD0077,4,286.06
ITEM0003427,ORD001403,PROD0064,1,411.35
ITEM0003428,ORD001404,PROD0028,3,463.5
ITEM0003429,ORD001405,PROD0100,1,208.15
ITEM0003430,ORD001405,PROD0087,2,193.52
ITEM0003431,ORD001406,PROD0129,4,246.64
ITEM0003432,ORD001407,PROD0146,2,292.2
ITEM0003433,ORD001407,PROD0020,4,124.89
ITEM0003434,ORD001407,PROD0083,2,306.64
ITEM0003435,ORD001407,PROD0114,-4,45.61
ITEM0003436,ORD001408,PROD0096,2,321.49
ITEM0003437,ORD001409,PROD0134,5,192.47
ITEM0003438,ORD001409,PROD0063,3,665.26
ITEM0003439,ORD001409,PROD0144,2,105.68
ITEM0003440,ORD001409,PROD0127,4,9.71
ITEM0003441,ORD001410,PROD0070,4,271.29
ITEM0003442,ORD001410,PROD0105,1,308.26
ITEM0003443,ORD001411,PROD0012,1,589.04
ITEM0003444,ORD001412,PROD0026,4,585.88
ITEM0003445,ORD001412,PROD0063,2,665.26
ITEM0003446,ORD001412,PROD0072,5,226.81
ITEM0003447,ORD001413,PROD0020,5,124.89
ITEM0003448,ORD001413,PROD0100,4,208.15
ITEM0003449,ORD001414,PROD0123,2,95.95
ITEM0003450,ORD001415,PROD0125,2,377.98
ITEM0003451,ORD001415,PROD0110,2,39.23
ITEM0003452,ORD001415,PROD0124,1,173.3
ITEM0003453,ORD001416,PROD0144,5,105.68
ITEM0003454,ORD001416,PROD0094,2,-393.51
ITEM0003455,ORD001416,PROD0008,3,174.9
ITEM0003456,ORD001417,PROD0093,4,573.11
ITEM0003457,ORD001417,PROD0067,4,363.03
ITEM0003458,ORD001417,PROD0094,1,393.51
ITEM0003459,ORD001418,PROD0129,5,246.64
ITEM0003460,ORD001419,PROD0035,4,27.57
ITEM0003461,ORD001420,PROD0127,1,9.71
ITEM0003462,ORD001420,PROD0054,5,135.13
ITEM0003463,ORD001420,PROD0118,1,58.39
ITEM0003464,ORD001421,PROD0101,4,182.81
ITEM0003465,ORD001421,PROD0098,1,351.41
ITEM0003466,ORD001421,PROD0046,1,207.44
ITEM0003467,ORD001422,PROD0096,2,321.49
ITEM0003468,ORD001423,PROD0068,4,422.88
ITEM0003469,ORD001423,PROD0123,5,95.95
ITEM0003470,ORD001423,PROD0007,4,248.82
ITEM0003471,ORD001423,PROD0065,5,153.97
ITEM0003472,ORD001424,PROD0059,5,254.01
ITEM0003473,ORD001424,PROD0103,2,305.68
ITEM0003474,ORD001424,PROD0021,5,487.35
ITEM0003475,ORD001424,PROD0089,4,289.58
ITEM0003476,ORD001425,PROD0097,2,53.1
ITEM0003477,ORD001426,PROD0123,2,95.95
ITEM0003478,ORD001426,PROD0032,4,172.77
ITEM0003479,ORD001426,PROD0133,4,317.22
ITEM0003480,ORD001427,PROD0148,5,427.66
ITEM0003481,ORD001427,PROD0123,1,95.95
ITEM0003482,ORD001427,PROD0073,2,241.62
ITEM0003483,ORD001428,PROD0133,5,317.22
ITEM0003484,ORD001428,PROD0025,1,23.62
ITEM0003485,ORD001428,PROD0142,3,347.19
ITEM0003486,ORD001429,PROD0094,4,393.51
ITEM0003487,ORD001429,PROD0091,5,161.11
ITEM0003488,ORD001429,PROD0115,5,431.33
ITEM0003489,ORD001429,PROD0046,2,207.44
ITEM0003490,ORD001430,PROD0013,2,196.91
ITEM0003491,ORD001430,PROD0030,1,314.5
ITEM0003492,ORD001431,PROD0100,2,208.15
ITEM0003493,ORD001432,PROD0135,1,427.2
ITEM0003494,ORD001432,PROD0085,5,602.46
ITEM0003495,ORD001432,PROD0069,2,619.75
ITEM0003496,ORD001432,PROD0149,3,139.28
ITEM0003497,ORD001433,PROD0141,2,19.31
ITEM0003498,ORD001433,PROD0032,2,172.77
ITEM0003499,ORD001434,PROD0018,5,119.66
ITEM0003500,ORD001434,PROD0048,3,277.49
ITEM0003501,ORD001434,PROD0083,2,306.64
ITEM0003502,ORD001435,PROD0032,5,172.77
ITEM0003503,ORD001436,PROD0143,3,453.59
ITEM0003504,ORD001436,PROD0065,2,153.97
ITEM0003505,ORD001437,PROD0012,3,589.04
ITEM0003506,ORD001437,PROD0110,4,39.23
ITEM0003507,ORD001437,PROD0079,1,61.84
ITEM0003508,ORD001438,PROD0085,4,602.46
ITEM0003509,ORD001438,PROD0024,2,594.24
ITEM0003510,ORD001439,PROD0031,2,15.13
ITEM0003511,ORD001439,PROD0123,2,95.95
ITEM0003512,ORD001440,PROD0016,2,30.39
ITEM0003513,ORD001440,PROD0106,3,508.9
ITEM0003514,ORD001441,PROD0044,3,474.28
ITEM0003515,ORD001441,PROD0076,1,277.07
ITEM0003516,ORD001441,PROD0142,-3,347.19
ITEM0003517,ORD001442,PROD0132,4,316.5
ITEM0003518,ORD001443,PROD0027,3,356.31
ITEM0003519,ORD001443,PROD0080,1,392.58
ITEM0003520,ORD001443,PROD0127,3,9.71
ITEM0003521,ORD001444,PROD0131,2,130.48
ITEM0003522,ORD001445,PROD0082,5,196.55
ITEM0003523,ORD001445,PROD0069,2,619.75
ITEM0003524,ORD001445,PROD0047,4,288.09
ITEM0003525,ORD001445,PROD0148,4,427.66
ITEM0003526,ORD001446,PROD0024,5,594.24
ITEM0003527,ORD001446,PROD0146,1,292.2
ITEM0003528,ORD001446,PROD0065,3,153.97
ITEM0003529,ORD001446,PROD0017,2,234.28
ITEM0003530,ORD001447,PROD0049,5,106.04
ITEM0003531,ORD001447,PROD0052,3,436.28
ITEM0003532,ORD001447,PROD0077,5,286.06
ITEM0003533,ORD001447,PROD0133,3,317.22
ITEM0003534,ORD001448,PROD0144,4,105.68
ITEM0003535,ORD001448,PROD0046,5,207.44
ITEM0003536,ORD001449,PROD0042,5,394.4
ITEM0003537,ORD001449,PROD0144,4,105.68
ITEM0003538,ORD001449,PROD0134,2,192.47
ITEM0003539,ORD001450,PROD0121,4,287.5
ITEM0003540,ORD001451,PROD0010,5,488.99
ITEM0003541,ORD001452,PROD0073,5,241.62
ITEM0003542,ORD001452,PROD0103,5,305.68
ITEM0003543,ORD001452,PROD0097,4,53.1
ITEM0003544,ORD001453,PROD0150,5,88.94
ITEM0003545,ORD001453,PROD0014,1,16.7
ITEM0003546,ORD001453,PROD0022,5,380.56
ITEM0003547,ORD001453,PROD0067,4,363.03
ITEM0003548,ORD001454,PROD0087,1,193.52
ITEM0003549,ORD001455,PROD0067,2,363.03
ITEM0003550,ORD001455,PROD0145,3,359.48
ITEM0003551,ORD001455,PROD0047,4,288.09
ITEM0003552,ORD001456,PROD0105,3,308.26
ITEM0003553,ORD001456,PROD0148,3,427.66
ITEM0003554,ORD001456,PROD0059,4,254.01
ITEM0003555,ORD001456,PROD0125,5,377.98
ITEM0003556,ORD001457,PROD0085,2,602.46
ITEM0003557,ORD001457,PROD0015,4,442.7
ITEM0003558,ORD001458,PROD0106,2,508.9
ITEM0003559,ORD001459,PROD0099,2,386.23
ITEM0003560,ORD001460,PROD0037,4,540.32
ITEM0003561,ORD001461,PROD0076,5,277.07
ITEM0003562,ORD001462,PROD0013,4,196.91
ITEM0003563,ORD001462,PROD0056,4,249.02
ITEM0003564,ORD001462,PROD0100,3,208.15
ITEM0003565,ORD001462,PROD0084,4,464.44
ITEM0003566,ORD001463,PROD0051,3,294.17
ITEM0003567,ORD001463,PROD0057,4,632.78
ITEM0003568,ORD001464,PROD0072,4,226.81
ITEM0003569,ORD001464,PROD0092,4,557.9
ITEM0003570,ORD001464,PROD0119,4,103.02
ITEM0003571,ORD001465,PROD0127,3,9.71
ITEM0003572,ORD001465,PROD0068,5,422.88
ITEM0003573,ORD001465,PROD0096,3,321.49
ITEM0003574,ORD001465,PROD0070,4,271.29
ITEM0003575,ORD001466,PROD0108,1,332.49
ITEM0003576,ORD001466,PROD0143,4,453.59
ITEM0003577,ORD001466,PROD0122,3,484.26
ITEM0003578,ORD001466,PROD0073,3,241.62
ITEM0003579,ORD001467,PROD0016,1,30.39
ITEM0003580,ORD001467,PROD0015,3,442.7
ITEM0003581,ORD001468,PROD0062,3,355.88
ITEM0003582,ORD001468,PROD0075,3,383.73
ITEM0003583,ORD001469,PROD0106,1,508.9
ITEM0003584,ORD001469,PROD0111,1,408.22
ITEM0003585,ORD001470,PROD0016,2,30.39
ITEM0003586,ORD001471,PROD0081,1,318.7
ITEM0003587,ORD001471,PROD0021,2,487.35
ITEM0003588,ORD001471,PROD0023,3,414.75
ITEM0003589,ORD001471,PROD0141,3,19.31
ITEM0003590,ORD001472,PROD0001,4,342.2
ITEM0003591,ORD001472,PROD0072,4,226.81
ITEM0003592,ORD001472,PROD0119,5,103.02
ITEM0003593,ORD001472,PROD0150,2,88.94
ITEM0003594,ORD001473,PROD0071,2,402.73
ITEM0003595,ORD001474,PROD0128,3,403.21
ITEM0003596,ORD001474,PROD0109,4,126.44
ITEM0003597,ORD001475,PROD0091,1,161.11
ITEM0003598,ORD001476,PROD0116,5,366.52
ITEM0003599,ORD001476,PROD0063,4,665.26
ITEM0003600,ORD001476,PROD0055,2,408.1
ITEM0003601,ORD001477,PROD0068,1,422.88
ITEM0003602,ORD001477,PROD0073,2,241.62
ITEM0003603,ORD001477,PROD0027,5,356.31
ITEM0003604,ORD001478,PROD0106,3,508.9
ITEM0003605,ORD001478,PROD0080,2,392.58
ITEM0003606,ORD001478,PROD0128,-2,403.21
ITEM0003607,ORD001478,PROD0123,3,95.95
ITEM0003608,ORD001479,PROD0090,2,51.56
ITEM0003609,ORD001480,PROD0126,5,263.88
ITEM0003610,ORD001481,PROD0044,5,474.28
ITEM0003611,ORD001482,PROD0046,2,207.44
ITEM0003612,ORD001482,PROD0056,2,249.02
ITEM0003613,ORD001482,PROD0138,5,43.7
ITEM0003614,ORD001483,PROD0067,4,363.03
ITEM0003615,ORD001484,PROD0148,1,427.66
ITEM0003616,ORD001484,PROD0119,1,103.02
ITEM0003617,ORD001484,PROD0062,2,355.88
ITEM0003618,ORD001485,PROD0051,2,294.17
ITEM0003619,ORD001486,PROD0058,1,356.49
ITEM0003620,ORD001486,PROD0010,4,488.99
ITEM0003621,ORD001486,PROD0049,1,106.04
ITEM0003622,ORD001487,PROD0082,4,196.55
ITEM0003623,ORD001487,PROD0117,3,130.11
ITEM0003624,ORD001487,PROD0105,5,308.26
ITEM0003625,ORD001488,PROD0088,4,51.09
ITEM0003626,ORD001488,PROD0040,5,508.7
ITEM0003627,ORD001488,PROD0015,1,442.7
ITEM0003628,ORD001489,PROD0005,1,196.98
ITEM0003629,ORD001490,PROD0035,5,27.57
ITEM0003630,ORD001490,PROD0032,2,172.77
ITEM0003631,ORD001490,PROD0104,4,66.01
ITEM0003632,ORD001491,PROD0038,3,216.74
ITEM0003633,ORD001491,PROD0008,1,174.9
ITEM0003634,ORD001491,PROD0136,5,485.57
ITEM0003635,ORD001491,PROD0050,3,235.27
ITEM0003636,ORD001492,PROD0041,1,438.01
ITEM0003637,ORD001492,PROD0038,4,216.74
ITEM0003638,ORD001493,PROD0049,1,106.04
ITEM0003639,ORD001493,PROD0143,3,453.59
ITEM0003640,ORD001493,PROD0119,1,103.02
ITEM0003641,ORD001494,PROD0005,5,196.98
ITEM0003642,ORD001494,PROD0098,2,351.41
ITEM0003643,ORD001494,PROD0012,3,589.04
ITEM0003644,ORD001494,PROD0074,3,122.74
ITEM0003645,ORD001495,PROD0022,5,380.56
ITEM0003646,ORD001495,PROD0129,3,246.64
ITEM0003647,ORD001495,PROD0150,4,88.94
ITEM0003648,ORD001496,PROD0136,3,485.57
ITEM0003649,ORD001496,PROD0131,5,130.48
ITEM0003650,ORD001496,PROD0114,2,45.61
ITEM0003651,ORD001496,PROD0098,4,351.41
ITEM0003652,ORD001497,PROD0050,5,235.27
ITEM0003653,ORD001498,PROD0021,5,487.35
ITEM0003654,ORD001498,PROD0148,3,427.66
ITEM0003655,ORD001498,PROD0004,3,129.15
ITEM0003656,ORD001498,PROD0055,5,408.1
ITEM0003657,ORD001499,PROD0093,2,573.11
ITEM0003658,ORD001500,PROD0122,3,484.26
ITEM0003659,ORD001500,PROD0056,4,249.02
ITEM0003660,ORD001500,PROD0015,3,442.7
ITEM0003661,ORD001500,PROD0145,4,359.48
ITEM0003662,ORD001501,PROD0043,5,251.98
ITEM0003663,ORD001501,PROD0095,2,271.32
ITEM0003664,ORD001502,PROD0040,3,508.7
ITEM0003665,ORD001502,PROD0063,5,665.26
ITEM0003666,ORD001503,PROD0129,3,246.64
ITEM0003667,ORD001503,PROD0005,3,196.98
ITEM0003668,ORD001503,PROD0103,5,305.68
ITEM0003669,ORD001503,PROD0072,2,226.81
ITEM0003670,ORD001504,PROD0041,3,438.01
ITEM0003671,ORD001504,PROD0129,3,246.64
ITEM0003672,ORD001504,PROD0126,3,263.88
ITEM0003673,ORD001505,PROD0031,5,15.13
ITEM0003674,ORD001506,PROD0082,4,196.55
ITEM0003675,ORD001506,PROD0019,4,443.45
ITEM0003676,ORD001506,PROD0092,2,-557.9
ITEM0003677,ORD001507,PROD0016,4,30.39
ITEM0003678,ORD001507,PROD0029,1,93.87
ITEM0003679,ORD001508,PROD0038,3,216.74
ITEM0003680,ORD001508,PROD0033,2,470.6
ITEM0003681,ORD001508,PROD0135,2,427.2
ITEM0003682,ORD001509,PROD0112,5,308.35
ITEM0003683,ORD001509,PROD0013,2,196.91
ITEM0003684,ORD001509,PROD0022,1,380.56
ITEM0003685,ORD001510,PROD0103,3,305.68
ITEM0003686,ORD001510,PROD0125,1,377.98
ITEM0003687,ORD001510,PROD0027,4,356.31
ITEM0003688,ORD001510,PROD0089,4,289.58
ITEM0003689,ORD001511,PROD0013,2,196.91
ITEM0003690,ORD001511,PROD0086,3,203.78
ITEM0003691,ORD001512,PROD0040,2,508.7
ITEM0003692,ORD001512,PROD0129,3,246.64
ITEM0003693,ORD001512,PROD0094,2,393.51
ITEM0003694,ORD001512,PROD0011,4,325.01
ITEM0003695,ORD001513,PROD0107,2,462.67
ITEM0003696,ORD001513,PROD0067,4,363.03
ITEM0003697,ORD001514,PROD0124,3,173.3
ITEM0003698,ORD001515,PROD0117,4,130.11
ITEM0003699,ORD001516,PROD0079,5,61.84
ITEM0003700,ORD001517,PROD0134,5,192.47
ITEM0003701,ORD001517,PROD0063,5,665.26
ITEM0003702,ORD001518,PROD0124,1,173.3
ITEM0003703,ORD001519,PROD0057,4,632.78
ITEM0003704,ORD001519,PROD0111,4,408.22
ITEM0003705,ORD001519,PROD0138,2,43.7
ITEM0003706,ORD001520,PROD0062,2,355.88
ITEM0003707,ORD001520,PROD0077,1,286.06
ITEM0003708,ORD001520,PROD0029,1,93.87
ITEM0003709,ORD001520,PROD0089,3,289.58
ITEM0003710,ORD001521,PROD0068,5,422.88
ITEM0003711,ORD001522,PROD0027,3,356.31
ITEM0003712,ORD001522,PROD0058,4,356.49
ITEM0003713,ORD001522,PROD0088,3,51.09
ITEM0003714,ORD001523,PROD0038,3,216.74
ITEM0003715,ORD001523,PROD0138,1,43.7
ITEM0003716,ORD001524,PROD0125,1,377.98
ITEM0003717,ORD001524,PROD0093,2,573.11
ITEM0003718,ORD001524,PROD0129,3,246.64
ITEM0003719,ORD001525,PROD0114,1,45.61
ITEM0003720,ORD001525,PROD0001,5,342.2
ITEM0003721,ORD001525,PROD0077,1,286.06
ITEM0003722,ORD001526,PROD0143,3,453.59
ITEM0003723,ORD001527,PROD0096,1,321.49
ITEM0003724,ORD001527,PROD0104,4,66.01
ITEM0003725,ORD001527,PROD0010,3,488.99
ITEM0003726,ORD001528,PROD0099,4,386.23
ITEM0003727,ORD001529,PROD0136,3,485.57
ITEM0003728,ORD001529,PROD0081,2,318.7
ITEM0003729,ORD001530,PROD0114,2,45.61
ITEM0003730,ORD001530,PROD0103,2,305.68
ITEM0003731,ORD001530,PROD0064,3,411.35
ITEM0003732,ORD001530,PROD0091,1,161.11
ITEM0003733,ORD001531,PROD0055,2,408.1
ITEM0003734,ORD001532,PROD0013,3,196.91
ITEM0003735,ORD001532,PROD0120,5,261.92
ITEM0003736,ORD001533,PROD0114,1,45.61
ITEM0003737,ORD001533,PROD0017,1,234.28
ITEM0003738,ORD001533,PROD0069,2,619.75
ITEM0003739,ORD001533,PROD0134,4,192.47
ITEM0003740,ORD001534,PROD0047,4,288.09
ITEM0003741,ORD001534,PROD0107,1,462.67
ITEM0003742,ORD001534,PROD0061,5,683.51
ITEM0003743,ORD001535,PROD0043,3,251.98
ITEM0003744,ORD001535,PROD0020,2,124.89
ITEM0003745,ORD001536,PROD0086,4,203.78
ITEM0003746,ORD001536,PROD0079,4,61.84
ITEM0003747,ORD001537,PROD0096,3,321.49
ITEM0003748,ORD001537,PROD0082,5,196.55
ITEM0003749,ORD001538,PROD0098,2,351.41
ITEM0003750,ORD001538,PROD0116,3,366.52
ITEM0003751,ORD001539,PROD0110,5,39.23
ITEM0003752,ORD001539,PROD0132,4,316.5
ITEM0003753,ORD001539,PROD0078,2,57.56
ITEM0003754,ORD001539,PROD0026,3,585.88
ITEM0003755,ORD001540,PROD0048,4,277.49
ITEM0003756,ORD001541,PROD0102,1,266.91
ITEM0003757,ORD001541,PROD0075,4,383.73
ITEM0003758,ORD001541,PROD0120,1,261.92
ITEM0003759,ORD001541,PROD0124,4,173.3
ITEM0003760,ORD001542,PROD0017,4,234.28
ITEM0003761,ORD001542,PROD0107,5,462.67
ITEM0003762,ORD001542,PROD0048,1,277.49
ITEM0003763,ORD001542,PROD0025,4,23.62
ITEM0003764,ORD001543,PROD0085,5,602.46
ITEM0003765,ORD001543,PROD0103,5,305.68
ITEM0003766,ORD001543,PROD0066,3,370.45
ITEM0003767,ORD001544,PROD0146,4,292.2
ITEM0003768,ORD001544,PROD0009,2,138.45
ITEM0003769,ORD001544,PROD0145,1,359.48
ITEM0003770,ORD001545,PROD0144,2,105.68
ITEM0003771,ORD001545,PROD0147,5,570.65
ITEM0003772,ORD001545,PROD0026,4,585.88
ITEM0003773,ORD001546,PROD0102,3,266.91
ITEM0003774,ORD001546,PROD0036,1,33.3
ITEM0003775,ORD001547,PROD0094,2,393.51
ITEM0003776,ORD001547,PROD0071,2,402.73
ITEM0003777,ORD001547,PROD0132,5,316.5
ITEM0003778,ORD001547,PROD0003,3,4.27
ITEM0003779,ORD001548,PROD0084,4,464.44
ITEM0003780,ORD001548,PROD0022,4,380.56
ITEM0003781,ORD001549,PROD0078,1,57.56
ITEM0003782,ORD001550,PROD0147,3,570.65
ITEM0003783,ORD001551,PROD0057,3,632.78
ITEM0003784,ORD001552,PROD0007,4,248.82
ITEM0003785,ORD001552,PROD0050,5,235.27
ITEM0003786,ORD001552,PROD0009,-4,138.45
ITEM0003787,ORD001552,PROD0089,4,289.58
ITEM0003788,ORD001553,PROD0099,5,386.23
ITEM0003789,ORD001553,PROD0144,4,105.68
ITEM0003790,ORD001553,PROD0067,-1,363.03
ITEM0003791,ORD001553,PROD0030,3,314.5
ITEM0003792,ORD001554,PROD0021,2,487.35
ITEM0003793,ORD001554,PROD0121,3,287.5
ITEM0003794,ORD001555,PROD0030,5,314.5
ITEM0003795,ORD001555,PROD0001,1,342.2
ITEM0003796,ORD001555,PROD0078,4,57.56
ITEM0003797,ORD001556,PROD0088,3,51.09
ITEM0003798,ORD001557,PROD0123,1,95.95
ITEM0003799,ORD001557,PROD0106,5,508.9
ITEM0003800,ORD001557,PROD0031,4,15.13
ITEM0003801,ORD001558,PROD0039,2,410.66
ITEM0003802,ORD001558,PROD0043,1,251.98
ITEM0003803,ORD001558,PROD0100,5,208.15
ITEM0003804,ORD001558,PROD0148,4,427.66
ITEM0003805,ORD001559,PROD0105,2,308.26
ITEM0003806,ORD001559,PROD0018,5,119.66
ITEM0003807,ORD001560,PROD0120,5,261.92
ITEM0003808,ORD001560,PROD0011,2,325.01
ITEM0003809,ORD001560,PROD0053,5,292.19
ITEM0003810,ORD001561,PROD0062,5,355.88
ITEM0003811,ORD001561,PROD0092,1,557.9
ITEM0003812,ORD001561,PROD0032,2,172.77
ITEM0003813,ORD001561,PROD0034,2,303.7
ITEM0003814,ORD001562,PROD0065,4,153.97
ITEM0003815,ORD001562,PROD0072,1,226.81
ITEM0003816,ORD001563,PROD0103,5,305.68
ITEM0003817,ORD001564,PROD0079,2,61.84
ITEM0003818,ORD001564,PROD0024,1,594.24
ITEM0003819,ORD001565,PROD0137,2,447.4
ITEM0003820,ORD001565,PROD0123,5,95.95
ITEM0003821,ORD001565,PROD0088,3,51.09
ITEM0003822,ORD001566,PROD0106,3,508.9
ITEM0003823,ORD001566,PROD0078,4,57.56
ITEM0003824,ORD001566,PROD0034,4,303.7
ITEM0003825,ORD001566,PROD0094,2,393.51
ITEM0003826,ORD001567,PROD0009,4,138.45
ITEM0003827,ORD001567,PROD0024,5,594.24
ITEM0003828,ORD001567,PROD0084,5,464.44
ITEM0003829,ORD001567,PROD0144,4,105.68
ITEM0003830,ORD001568,PROD0080,3,392.58
ITEM0003831,ORD001568,PROD0146,1,292.2
ITEM0003832,ORD001569,PROD0061,2,683.51
ITEM0003833,ORD001570,PROD0021,5,487.35
ITEM0003834,ORD001570,PROD0011,1,325.01
ITEM0003835,ORD001570,PROD0046,2,207.44
ITEM0003836,ORD001571,PROD0094,4,393.51
ITEM0003837,ORD001571,PROD0070,2,271.29
ITEM0003838,ORD001571,PROD0018,1,119.66
ITEM0003839,ORD001572,PROD0026,3,585.88
ITEM0003840,ORD001573,PROD0059,4,254.01
ITEM0003841,ORD001574,PROD0052,5,436.28
ITEM0003842,ORD001574,PROD0004,4,129.15
ITEM0003843,ORD001575,PROD0110,1,39.23
ITEM0003844,ORD001576,PROD0103,1,305.68
ITEM0003845,ORD001576,PROD0125,3,377.98
ITEM0003846,ORD001577,PROD0145,4,359.48
ITEM0003847,ORD001578,PROD0090,5,51.56
ITEM0003848,ORD001578,PROD0019,5,443.45
ITEM0003849,ORD001579,PROD0145,1,359.48
ITEM0003850,ORD001579,PROD0116,2,366.52
ITEM0003851,ORD001580,PROD0083,4,306.64
ITEM0003852,ORD001580,PROD0032,4,172.77
ITEM0003853,ORD001580,PROD0020,1,124.89
ITEM0003854,ORD001581,PROD0047,4,288.09
ITEM0003855,ORD001581,PROD0077,2,286.06
ITEM0003856,ORD001581,PROD0144,1,105.68
ITEM0003857,ORD001582,PROD0116,4,366.52
ITEM0003858,ORD001582,PROD0061,3,683.51
ITEM0003859,ORD001582,PROD0112,3,308.35
ITEM0003860,ORD001582,PROD0119,4,103.02
ITEM0003861,ORD001583,PROD0079,2,61.84
ITEM0003862,ORD001583,PROD0058,2,356.49
ITEM0003863,ORD001583,PROD0133,1,317.22
ITEM0003864,ORD001583,PROD0012,4,589.04
ITEM0003865,ORD001584,PROD0003,3,4.27
ITEM0003866,ORD001584,PROD0017,2,234.28
ITEM0003867,ORD001584,PROD0108,4,332.49
ITEM0003868,ORD001585,PROD0009,4,138.45
ITEM0003869,ORD001585,PROD0057,5,632.78
ITEM0003870,ORD001586,PROD0038,1,216.74
ITEM0003871,ORD001586,PROD0120,4,261.92
ITEM0003872,ORD001586,PROD0062,3,355.88
ITEM0003873,ORD001587,PROD0134,3,192.47
ITEM0003874,ORD001588,PROD0115,2,431.33
ITEM0003875,ORD001588,PROD0079,3,61.84
ITEM0003876,ORD001588,PROD0042,4,394.4
ITEM0003877,ORD001589,PROD0043,2,251.98
ITEM0003878,ORD001589,PROD0111,2,408.22
ITEM0003879,ORD001590,PROD0015,4,442.7
ITEM0003880,ORD001591,PROD0116,4,366.52
ITEM0003881,ORD001591,PROD0129,3,246.64
ITEM0003882,ORD001592,PROD0032,5,172.77
ITEM0003883,ORD001592,PROD0103,1,305.68
ITEM0003884,ORD001593,PROD0079,5,61.84
ITEM0003885,ORD001593,PROD0060,3,497.77
ITEM0003886,ORD001594,PROD0143,2,453.59
ITEM0003887,ORD001594,PROD0057,5,632.78
ITEM0003888,ORD001594,PROD0086,1,203.78
ITEM0003889,ORD001594,PROD0117,3,130.11
ITEM0003890,ORD001595,PROD0026,3,585.88
ITEM0003891,ORD001595,PROD0046,1,207.44
ITEM0003892,ORD001595,PROD0040,2,508.7
ITEM0003893,ORD001596,PROD0019,2,443.45
ITEM0003894,ORD001596,PROD0103,1,305.68
ITEM0003895,ORD001596,PROD0013,1,196.91
ITEM0003896,ORD001597,PROD0014,2,16.7
ITEM0003897,ORD001597,PROD0070,3,271.29
ITEM0003898,ORD001597,PROD0039,1,410.66
ITEM0003899,ORD001598,PROD0060,4,497.77
ITEM0003900,ORD001598,PROD0131,1,130.48
ITEM0003901,ORD001598,PROD0010,3,488.99
ITEM0003902,ORD001599,PROD0018,3,119.66
ITEM0003903,ORD001599,PROD0121,3,287.5
ITEM0003904,ORD001599,PROD0029,4,93.87
ITEM0003905,ORD001600,PROD0063,4,665.26
ITEM0003906,ORD001600,PROD0005,5,196.98
ITEM0003907,ORD001600,PROD0111,4,408.22
ITEM0003908,ORD001600,PROD0031,1,15.13
ITEM0003909,ORD001601,PROD0144,3,105.68
ITEM0003910,ORD001601,PROD0099,4,386.23
ITEM0003911,ORD001601,PROD0129,2,246.64
ITEM0003912,ORD001602,PROD0028,1,463.5
ITEM0003913,ORD001603,PROD0039,5,410.66
ITEM0003914,ORD001603,PROD0125,5,377.98
ITEM0003915,ORD001604,PROD0105,5,308.26
ITEM0003916,ORD001605,PROD0012,3,589.04
ITEM0003917,ORD001605,PROD0090,5,51.56
ITEM0003918,ORD001605,PROD0010,2,488.99
ITEM0003919,ORD001605,PROD0098,2,351.41
ITEM0003920,ORD001606,PROD0115,4,431.33
ITEM0003921,ORD001606,PROD0040,1,508.7
ITEM0003922,ORD001606,PROD0050,1,235.27
ITEM0003923,ORD001607,PROD0027,3,356.31
ITEM0003924,ORD001607,PROD0066,4,370.45
ITEM0003925,ORD001607,PROD0089,4,289.58
ITEM0003926,ORD001608,PROD0116,3,366.52
ITEM0003927,ORD001608,PROD0096,1,321.49
ITEM0003928,ORD001608,PROD0018,1,119.66
ITEM0003929,ORD001608,PROD0144,3,105.68
ITEM0003930,ORD001609,PROD0054,2,135.13
ITEM0003931,ORD001609,PROD0038,3,216.74
ITEM0003932,ORD001609,PROD0005,2,196.98
ITEM0003933,ORD001609,PROD0009,4,138.45
ITEM0003934,ORD001610,PROD0028,3,463.5
ITEM0003935,ORD001610,PROD0042,1,394.4
ITEM0003936,ORD001610,PROD0107,1,462.67
ITEM0003937,ORD001610,PROD0096,3,321.49
ITEM0003938,ORD001611,PROD0145,5,359.48
ITEM0003939,ORD001612,PROD0061,2,683.51
ITEM0003940,ORD001612,PROD0134,2,192.47
ITEM0003941,ORD001612,PROD0131,3,130.48
ITEM0003942,ORD001612,PROD0123,1,95.95
ITEM0003943,ORD001613,PROD0058,3,356.49
ITEM0003944,ORD001613,PROD0005,5,196.98
ITEM0003945,ORD001613,PROD0126,3,263.88
ITEM0003946,ORD001614,PROD0026,2,585.88
ITEM0003947,ORD001614,PROD0134,3,192.47
ITEM0003948,ORD001614,PROD0097,2,53.1
ITEM0003949,ORD001615,PROD0120,3,261.92
ITEM0003950,ORD001615,PROD0116,5,366.52
ITEM0003951,ORD001615,PROD0027,1,356.31
ITEM0003952,ORD001615,PROD0048,2,277.49
ITEM0003953,ORD001616,PROD0012,2,589.04
ITEM0003954,ORD001616,PROD0139,5,135.03
ITEM0003955,ORD001616,PROD0030,5,314.5
ITEM0003956,ORD001616,PROD0047,2,288.09
ITEM0003957,ORD001617,PROD0078,2,57.56
ITEM0003958,ORD001617,PROD0040,5,508.7
ITEM0003959,ORD001617,PROD0004,4,129.15
ITEM0003960,ORD001618,PROD0011,1,325.01
ITEM0003961,ORD001618,PROD0058,2,356.49
ITEM0003962,ORD001618,PROD0019,5,443.45
ITEM0003963,ORD001619,PROD0002,3,112.42
ITEM0003964,ORD001619,PROD0099,1,386.23
ITEM0003965,ORD001619,PROD0022,1,380.56
ITEM0003966,ORD001619,PROD0007,5,248.82
ITEM0003967,ORD001620,PROD0125,5,377.98
ITEM0003968,ORD001620,PROD0105,1,308.26
ITEM0003969,ORD001620,PROD0144,1,105.68
ITEM0003970,ORD001621,PROD0080,1,392.58
ITEM0003971,ORD001622,PROD0030,3,314.5
ITEM0003972,ORD001622,PROD0114,3,45.61
ITEM0003973,ORD001622,PROD0001,3,342.2
ITEM0003974,ORD001623,PROD0135,2,427.2
ITEM0003975,ORD001623,PROD0055,3,408.1
ITEM0003976,ORD001623,PROD0018,3,119.66
ITEM0003977,ORD001623,PROD0006,2,98.27
ITEM0003978,ORD001624,PROD0007,4,248.82
ITEM0003979,ORD001624,PROD0057,5,632.78
ITEM0003980,ORD001624,PROD0055,-4,408.1
ITEM0003981,ORD001625,PROD0074,3,122.74
ITEM0003982,ORD001625,PROD0023,1,414.75
ITEM0003983,ORD001625,PROD0048,4,277.49
ITEM0003984,ORD001625,PROD0104,5,66.01
ITEM0003985,ORD001626,PROD0021,1,487.35
ITEM0003986,ORD001627,PROD0058,4,356.49
ITEM0003987,ORD001627,PROD0102,3,266.91
ITEM0003988,ORD001627,PROD0010,4,488.99
ITEM0003989,ORD001628,PROD0131,1,130.48
ITEM0003990,ORD001628,PROD0065,2,153.97
ITEM0003991,ORD001628,PROD0133,1,317.22
ITEM0003992,ORD001629,PROD0124,5,173.3
ITEM0003993,ORD001629,PROD0081,2,318.7
ITEM0003994,ORD001630,PROD0028,1,463.5
ITEM0003995,ORD001630,PROD0147,1,570.65
ITEM0003996,ORD001630,PROD0109,3,126.44
ITEM0003997,ORD001630,PROD0014,4,16.7
ITEM0003998,ORD001631,PROD0088,5,51.09
ITEM0003999,ORD001631,PROD0096,1,321.49
ITEM0004000,ORD001631,PROD0042,3,-394.4
ITEM0004001,ORD001631,PROD0059,1,254.01
ITEM0004002,ORD001632,PROD0090,5,51.56
ITEM0004003,ORD001632,PROD0055,2,408.1
ITEM0004004,ORD001632,PROD0099,5,386.23
ITEM0004005,ORD001632,PROD0029,2,93.87
ITEM0004006,ORD001633,PROD0135,2,427.2
ITEM0004007,ORD001633,PROD0097,4,53.1
ITEM0004008,ORD001633,PROD0085,4,602.46
ITEM0004009,ORD001634,PROD0032,5,172.77
ITEM0004010,ORD001634,PROD0124,-4,173.3
ITEM0004011,ORD001635,PROD0031,4,15.13
ITEM0004012,ORD001635,PROD0032,5,172.77
ITEM0004013,ORD001636,PROD0054,1,135.13
ITEM0004014,ORD001636,PROD0137,3,-447.4
ITEM0004015,ORD001636,PROD0115,2,431.33
ITEM0004016,ORD001636,PROD0004,2,129.15
ITEM0004017,ORD001637,PROD0093,2,573.11
ITEM0004018,ORD001637,PROD0083,1,306.64
ITEM0004019,ORD001638,PROD0029,1,93.87
ITEM0004020,ORD001639,PROD0144,3,105.68
ITEM0004021,ORD001639,PROD0067,5,363.03
ITEM0004022,ORD001640,PROD0050,3,235.27
ITEM0004023,ORD001640,PROD0136,5,485.57
ITEM0004024,ORD001641,PROD0056,1,249.02
ITEM0004025,ORD001641,PROD0019,1,443.45
ITEM0004026,ORD001642,PROD0082,5,196.55
ITEM0004027,ORD001642,PROD0108,5,332.49
ITEM0004028,ORD001642,PROD0018,1,119.66
ITEM0004029,ORD001643,PROD0099,2,386.23
ITEM0004030,ORD001643,PROD0017,1,234.28
ITEM0004031,ORD001643,PROD0058,2,356.49
ITEM0004032,ORD001643,PROD0008,5,174.9
ITEM0004033,ORD001644,PROD0038,5,216.74
ITEM0004034,ORD001644,PROD0058,2,356.49
ITEM0004035,ORD001645,PROD0117,5,130.11
ITEM0004036,ORD001645,PROD0027,5,356.31
ITEM0004037,ORD001645,PROD0045,2,66.57
ITEM0004038,ORD001645,PROD0098,5,351.41
ITEM0004039,ORD001646,PROD0110,4,39.23
ITEM0004040,ORD001646,PROD0139,1,135.03
ITEM0004041,ORD001647,PROD0134,1,192.47
ITEM0004042,ORD001648,PROD0015,4,442.7
ITEM0004043,ORD001648,PROD0100,1,208.15
ITEM0004044,ORD001648,PROD0043,1,251.98
ITEM0004045,ORD001649,PROD0106,2,508.9
ITEM0004046,ORD001650,PROD0083,3,306.64
ITEM0004047,ORD001650,PROD0131,2,130.48
ITEM0004048,ORD001651,PROD0147,5,570.65
ITEM0004049,ORD001651,PROD0051,5,294.17
ITEM0004050,ORD001651,PROD0092,3,557.9
ITEM0004051,ORD001651,PROD0126,1,263.88
ITEM0004052,ORD001652,PROD0038,4,216.74
ITEM0004053,ORD001652,PROD0091,5,161.11
ITEM0004054,ORD001652,PROD0101,2,182.81
ITEM0004055,ORD001652,PROD0119,5,103.02
ITEM0004056,ORD001653,PROD0148,3,427.66
ITEM0004057,ORD001653,PROD0043,5,251.98
ITEM0004058,ORD001654,PROD0022,4,380.56
ITEM0004059,ORD001654,PROD0044,3,474.28
ITEM0004060,ORD001655,PROD0002,5,112.42
ITEM0004061,ORD001655,PROD0017,3,234.28
ITEM0004062,ORD001656,PROD0111,1,408.22
ITEM0004063,ORD001656,PROD0054,3,135.13
ITEM0004064,ORD001656,PROD0102,1,266.91
ITEM0004065,ORD001656,PROD0084,1,464.44
ITEM0004066,ORD001657,PROD0033,2,470.6
ITEM0004067,ORD001657,PROD0110,2,39.23
ITEM0004068,ORD001658,PROD0136,1,485.57
ITEM0004069,ORD001658,PROD0060,3,497.77
ITEM0004070,ORD001659,PROD0148,4,427.66
ITEM0004071,ORD001659,PROD0030,5,314.5
ITEM0004072,ORD001660,PROD0110,-3,39.23
ITEM0004073,ORD001660,PROD0099,1,386.23
ITEM0004074,ORD001660,PROD0143,3,453.59
ITEM0004075,ORD001660,PROD0121,1,287.5
ITEM0004076,ORD001661,PROD0075,1,383.73
ITEM0004077,ORD001661,PROD0085,1,602.46
ITEM0004078,ORD001661,PROD0142,5,347.19
ITEM0004079,ORD001662,PROD0025,1,23.62
ITEM0004080,ORD001662,PROD0031,5,15.13
ITEM0004081,ORD001662,PROD0092,5,557.9
ITEM0004082,ORD001663,PROD0096,2,321.49
ITEM0004083,ORD001663,PROD0041,5,438.01
ITEM0004084,ORD001663,PROD0063,5,665.26
ITEM0004085,ORD001664,PROD0015,4,442.7
ITEM0004086,ORD001664,PROD0079,2,61.84
ITEM0004087,ORD001664,PROD0128,1,403.21
ITEM0004088,ORD001665,PROD0047,5,288.09
ITEM0004089,ORD001665,PROD0119,2,103.02
ITEM0004090,ORD001665,PROD0115,5,431.33
ITEM0004091,ORD001665,PROD0140,1,496.11
ITEM0004092,ORD001666,PROD0031,3,15.13
ITEM0004093,ORD001666,PROD0140,5,496.11
ITEM0004094,ORD001666,PROD0111,3,408.22
ITEM0004095,ORD001666,PROD0018,3,119.66
ITEM0004096,ORD001667,PROD0083,1,306.64
ITEM0004097,ORD001667,PROD0114,5,45.61
ITEM0004098,ORD001667,PROD0127,3,9.71
ITEM0004099,ORD001667,PROD0023,2,414.75
ITEM0004100,ORD001668,PROD0136,1,485.57
ITEM0004101,ORD001668,PROD0147,3,570.65
ITEM0004102,ORD001668,PROD0119,2,103.02
ITEM0004103,ORD001669,PROD0016,3,30.39
ITEM0004104,ORD001669,PROD0002,1,112.42
ITEM0004105,ORD001669,PROD0132,5,316.5
ITEM0004106,ORD001669,PROD0051,-2,294.17
ITEM0004107,ORD001670,PROD0064,5,411.35
ITEM0004108,ORD001671,PROD0085,4,602.46
ITEM0004109,ORD001672,PROD0038,5,216.74
ITEM0004110,ORD001672,PROD0132,5,316.5
ITEM0004111,ORD001672,PROD0094,3,393.51
ITEM0004112,ORD001673,PROD0002,4,112.42
ITEM0004113,ORD001674,PROD0071,3,402.73
ITEM0004114,ORD001674,PROD0081,1,318.7
ITEM0004115,ORD001674,PROD0119,4,103.02
ITEM0004116,ORD001675,PROD0073,4,241.62
ITEM0004117,ORD001675,PROD0060,1,497.77
ITEM0004118,ORD001675,PROD0077,3,286.06
ITEM0004119,ORD001676,PROD0119,5,103.02
ITEM0004120,ORD001677,PROD0128,4,403.21
ITEM0004121,ORD001677,PROD0085,1,602.46
ITEM0004122,ORD001678,PROD0015,1,442.7
ITEM0004123,ORD001678,PROD0114,4,45.61
ITEM0004124,ORD001679,PROD0126,5,263.88
ITEM0004125,ORD001680,PROD0073,2,241.62
ITEM0004126,ORD001680,PROD0004,3,129.15
ITEM0004127,ORD001680,PROD0061,1,683.51
ITEM0004128,ORD001681,PROD0041,2,438.01
ITEM0004129,ORD001681,PROD0118,3,58.39
ITEM0004130,ORD001682,PROD0049,2,106.04
ITEM0004131,ORD001683,PROD0009,3,138.45
ITEM0004132,ORD001683,PROD0150,4,88.94
ITEM0004133,ORD001683,PROD0063,2,665.26
ITEM0004134,ORD001684,PROD0068,3,422.88
ITEM0004135,ORD001684,PROD0093,1,573.11
ITEM0004136,ORD001684,PROD0145,5,359.48
ITEM0004137,ORD001685,PROD0108,3,332.49
ITEM0004138,ORD001686,PROD0139,1,135.03
ITEM0004139,ORD001686,PROD0061,4,683.51
ITEM0004140,ORD001687,PROD0149,2,139.28
ITEM0004141,ORD001687,PROD0086,3,203.78
ITEM0004142,ORD001687,PROD0014,4,16.7
ITEM0004143,ORD001688,PROD0125,2,377.98
ITEM0004144,ORD001688,PROD0105,3,308.26
ITEM0004145,ORD001689,PROD0103,4,305.68
ITEM0004146,ORD001689,PROD0145,2,359.48
ITEM0004147,ORD001690,PROD0016,4,30.39
ITEM0004148,ORD001690,PROD0145,1,359.48
ITEM0004149,ORD001691,PROD0088,1,51.09
ITEM0004150,ORD001692,PROD0118,4,58.39
ITEM0004151,ORD001693,PROD0061,5,683.51
ITEM0004152,ORD001693,PROD0060,1,497.77
ITEM0004153,ORD001694,PROD0001,3,342.2
ITEM0004154,ORD001695,PROD0144,2,105.68
ITEM0004155,ORD001696,PROD0014,3,16.7
ITEM0004156,ORD001696,PROD0081,4,318.7
ITEM0004157,ORD001696,PROD0074,2,122.74
ITEM0004158,ORD001696,PROD0144,2,105.68
ITEM0004159,ORD001697,PROD0075,3,383.73
ITEM0004160,ORD001698,PROD0126,5,263.88
ITEM0004161,ORD001698,PROD0105,1,308.26
ITEM0004162,ORD001698,PROD0004,3,129.15
ITEM0004163,ORD001699,PROD0056,3,249.02
ITEM0004164,ORD001699,PROD0116,5,366.52
ITEM0004165,ORD001699,PROD0141,5,19.31
ITEM0004166,ORD001699,PROD0120,4,261.92
ITEM0004167,ORD001700,PROD0040,5,508.7
ITEM0004168,ORD001700,PROD0140,5,496.11
ITEM0004169,ORD001700,PROD0079,4,61.84
ITEM0004170,ORD001700,PROD0103,4,305.68
ITEM0004171,ORD001701,PROD0009,5,138.45
ITEM0004172,ORD001701,PROD0086,1,203.78
ITEM0004173,ORD001701,PROD0100,4,208.15
ITEM0004174,ORD001701,PROD0102,5,266.91
ITEM0004175,ORD001702,PROD0045,3,66.57
ITEM0004176,ORD001703,PROD0103,1,305.68
ITEM0004177,ORD001704,PROD0001,4,342.2
ITEM0004178,ORD001704,PROD0031,3,15.13
ITEM0004179,ORD001704,PROD0121,1,287.5
ITEM0004180,ORD001704,PROD0132,3,316.5
ITEM0004181,ORD001705,PROD0098,4,351.41
ITEM0004182,ORD001705,PROD0116,1,366.52
ITEM0004183,ORD001705,PROD0039,5,410.66
ITEM0004184,ORD001705,PROD0076,4,277.07
ITEM0004185,ORD001706,PROD0004,1,129.15
ITEM0004186,ORD001706,PROD0096,5,321.49
ITEM0004187,ORD001707,PROD0021,1,487.35
ITEM0004188,ORD001708,PROD0118,5,58.39
ITEM0004189,ORD001708,PROD0086,4,203.78
ITEM0004190,ORD001708,PROD0059,2,254.01
ITEM0004191,ORD001709,PROD0022,1,380.56
ITEM0004192,ORD001709,PROD0104,4,66.01
ITEM0004193,ORD001709,PROD0073,3,241.62
ITEM0004194,ORD001710,PROD0114,4,45.61
ITEM0004195,ORD001710,PROD0109,5,126.44
ITEM0004196,ORD001711,PROD0128,3,403.21
ITEM0004197,ORD001711,PROD0023,3,414.75
ITEM0004198,ORD001711,PROD0118,4,58.39
ITEM0004199,ORD001712,PROD0055,3,408.1
ITEM0004200,ORD001713,PROD0085,5,602.46
ITEM0004201,ORD001713,PROD0007,2,248.82
ITEM0004202,ORD001713,PROD0145,3,359.48
ITEM0004203,ORD001714,PROD0133,3,317.22
ITEM0004204,ORD001715,PROD0057,2,632.78
ITEM0004205,ORD001715,PROD0043,1,251.98
ITEM0004206,ORD001715,PROD0020,4,124.89
ITEM0004207,ORD001716,PROD0040,2,508.7
ITEM0004208,ORD001717,PROD0003,3,4.27
ITEM0004209,ORD001717,PROD0086,5,203.78
ITEM0004210,ORD001718,PROD0017,4,234.28
ITEM0004211,ORD001718,PROD0073,5,241.62
ITEM0004212,ORD001719,PROD0027,4,356.31
ITEM0004213,ORD001719,PROD0124,1,173.3
ITEM0004214,ORD001719,PROD0141,2,19.31
ITEM0004215,ORD001719,PROD0065,3,153.97
ITEM0004216,ORD001720,PROD0139,3,135.03
ITEM0004217,ORD001720,PROD0135,3,427.2
ITEM0004218,ORD001720,PROD0119,1,-103.02
ITEM0004219,ORD001720,PROD0121,5,287.5
ITEM0004220,ORD001721,PROD0112,3,308.35
ITEM0004221,ORD001721,PROD0047,5,288.09
ITEM0004222,ORD001721,PROD0117,2,130.11
ITEM0004223,ORD001722,PROD0123,3,95.95
ITEM0004224,ORD001722,PROD0063,1,665.26
ITEM0004225,ORD001722,PROD0109,4,126.44
ITEM0004226,ORD001723,PROD0086,3,203.78
ITEM0004227,ORD001723,PROD0065,1,153.97
ITEM0004228,ORD001723,PROD0133,3,317.22
ITEM0004229,ORD001723,PROD0008,4,174.9
ITEM0004230,ORD001724,PROD0073,4,241.62
ITEM0004231,ORD001724,PROD0077,2,286.06
ITEM0004232,ORD001725,PROD0126,5,263.88
ITEM0004233,ORD001726,PROD0082,3,196.55
ITEM0004234,ORD001727,PROD0111,1,408.22
ITEM0004235,ORD001727,PROD0084,5,464.44
ITEM0004236,ORD001727,PROD0076,2,277.07
ITEM0004237,ORD001728,PROD0081,5,318.7
ITEM0004238,ORD001729,PROD0137,4,447.4
ITEM0004239,ORD001729,PROD0074,1,122.74
ITEM0004240,ORD001730,PROD0024,1,594.24
ITEM0004241,ORD001730,PROD0043,4,251.98
ITEM0004242,ORD001730,PROD0054,2,135.13
ITEM0004243,ORD001730,PROD0041,4,438.01
ITEM0004244,ORD001731,PROD0037,1,540.32
ITEM0004245,ORD001731,PROD0136,5,485.57
ITEM0004246,ORD001731,PROD0119,5,103.02
ITEM0004247,ORD001731,PROD0097,1,-53.1
ITEM0004248,ORD001732,PROD0069,3,619.75
ITEM0004249,ORD001732,PROD0089,4,289.58
ITEM0004250,ORD001733,PROD0015,3,442.7
ITEM0004251,ORD001734,PROD0033,4,470.6
ITEM0004252,ORD001735,PROD0006,1,98.27
ITEM0004253,ORD001735,PROD0080,3,392.58
ITEM0004254,ORD001735,PROD0042,4,394.4
ITEM0004255,ORD001735,PROD0066,2,370.45
ITEM0004256,ORD001736,PROD0107,4,462.67
ITEM0004257,ORD001737,PROD0103,5,305.68
ITEM0004258,ORD001737,PROD0118,3,58.39
ITEM0004259,ORD001737,PROD0060,3,497.77
ITEM0004260,ORD001738,PROD0054,2,135.13
ITEM0004261,ORD001738,PROD0048,2,277.49
ITEM0004262,ORD001739,PROD0003,4,4.27
ITEM0004263,ORD001740,PROD0041,1,438.01
ITEM0004264,ORD001740,PROD0108,5,332.49
ITEM0004265,ORD001740,PROD0071,1,402.73
ITEM0004266,ORD001741,PROD0031,2,15.13
ITEM0004267,ORD001742,PROD0064,4,411.35
ITEM0004268,ORD001742,PROD0092,5,557.9
ITEM0004269,ORD001743,PROD0053,3,292.19
ITEM0004270,ORD001743,PROD0118,4,58.39
ITEM0004271,ORD001744,PROD0019,5,443.45
ITEM0004272,ORD001744,PROD0082,4,196.55
ITEM0004273,ORD001744,PROD0098,3,351.41
ITEM0004274,ORD001744,PROD0094,5,393.51
ITEM0004275,ORD001745,PROD0100,5,208.15
ITEM0004276,ORD001745,PROD0035,1,27.57
ITEM0004277,ORD001746,PROD0042,3,394.4
ITEM0004278,ORD001746,PROD0081,4,318.7
ITEM0004279,ORD001746,PROD0034,5,303.7
ITEM0004280,ORD001747,PROD0048,1,277.49
ITEM0004281,ORD001748,PROD0016,1,30.39
ITEM0004282,ORD001748,PROD0053,4,292.19
ITEM0004283,ORD001749,PROD0077,2,286.06
ITEM0004284,ORD001749,PROD0015,2,442.7
ITEM0004285,ORD001750,PROD0150,4,88.94
ITEM0004286,ORD001750,PROD0052,1,436.28
ITEM0004287,ORD001751,PROD0091,5,161.11
ITEM0004288,ORD001751,PROD0123,1,95.95
ITEM0004289,ORD001752,PROD0084,-4,464.44
ITEM0004290,ORD001752,PROD0078,5,57.56
ITEM0004291,ORD001753,PROD0068,3,422.88
ITEM0004292,ORD001753,PROD0129,5,246.64
ITEM0004293,ORD001754,PROD0023,3,414.75
ITEM0004294,ORD001754,PROD0048,1,277.49
ITEM0004295,ORD001754,PROD0127,5,9.71
ITEM0004296,ORD001754,PROD0062,2,355.88
ITEM0004297,ORD001755,PROD0144,5,105.68
ITEM0004298,ORD001755,PROD0009,5,138.45
ITEM0004299,ORD001755,PROD0042,1,394.4
ITEM0004300,ORD001756,PROD0147,1,570.65
ITEM0004301,ORD001757,PROD0050,4,235.27
ITEM0004302,ORD001757,PROD0083,2,306.64
ITEM0004303,ORD001758,PROD0014,1,16.7
ITEM0004304,ORD001758,PROD0077,5,286.06
ITEM0004305,ORD001758,PROD0018,1,119.66
ITEM0004306,ORD001758,PROD0124,4,173.3
ITEM0004307,ORD001759,PROD0006,3,98.27
ITEM0004308,ORD001759,PROD0064,3,411.35
ITEM0004309,ORD001760,PROD0089,3,289.58
ITEM0004310,ORD001760,PROD0015,4,442.7
ITEM0004311,ORD001760,PROD0127,4,9.71
ITEM0004312,ORD001760,PROD0117,4,130.11
ITEM0004313,ORD001761,PROD0015,3,442.7
ITEM0004314,ORD001762,PROD0053,4,292.19
ITEM0004315,ORD001762,PROD0016,5,30.39
ITEM0004316,ORD001762,PROD0109,4,126.44
ITEM0004317,ORD001762,PROD0103,2,305.68
ITEM0004318,ORD001763,PROD0134,5,192.47
ITEM0004319,ORD001763,PROD0003,3,4.27
ITEM0004320,ORD001763,PROD0007,2,248.82
ITEM0004321,ORD001764,PROD0076,5,277.07
ITEM0004322,ORD001764,PROD0074,2,122.74
ITEM0004323,ORD001764,PROD0139,1,135.03
ITEM0004324,ORD001764,PROD0135,2,427.2
ITEM0004325,ORD001765,PROD0141,3,19.31
ITEM0004326,ORD001765,PROD0087,2,193.52
ITEM0004327,ORD001765,PROD0071,5,402.73
ITEM0004328,ORD001766,PROD0061,4,683.51
ITEM0004329,ORD001766,PROD0110,5,39.23
ITEM0004330,ORD001767,PROD0137,1,447.4
ITEM0004331,ORD001767,PROD0005,3,196.98
ITEM0004332,ORD001768,PROD0069,4,619.75
ITEM0004333,ORD001768,PROD0026,4,585.88
ITEM0004334,ORD001768,PROD0101,3,182.81
ITEM0004335,ORD001768,PROD0060,4,497.77
ITEM0004336,ORD001769,PROD0029,3,93.87
ITEM0004337,ORD001770,PROD0055,1,408.1
ITEM0004338,ORD001770,PROD0098,1,351.41
ITEM0004339,ORD001770,PROD0018,2,119.66
ITEM0004340,ORD001771,PROD0086,3,203.78
ITEM0004341,ORD001772,PROD0129,3,246.64
ITEM0004342,ORD001772,PROD0064,2,411.35
ITEM0004343,ORD001772,PROD0098,3,351.41
ITEM0004344,ORD001772,PROD0130,3,421.1
ITEM0004345,ORD001773,PROD0109,1,126.44
ITEM0004346,ORD001773,PROD0008,4,174.9
ITEM0004347,ORD001773,PROD0003,4,4.27
ITEM0004348,ORD001773,PROD0060,5,497.77
ITEM0004349,ORD001774,PROD0054,5,135.13
ITEM0004350,ORD001774,PROD0100,1,208.15
ITEM0004351,ORD001774,PROD0136,4,485.57
ITEM0004352,ORD001774,PROD0060,2,497.77
ITEM0004353,ORD001775,PROD0140,1,496.11
ITEM0004354,ORD001776,PROD0144,4,105.68
ITEM0004355,ORD001776,PROD0070,4,271.29
ITEM0004356,ORD001776,PROD0049,5,106.04
ITEM0004357,ORD001777,PROD0091,3,161.11
ITEM0004358,ORD001777,PROD0066,5,370.45
ITEM0004359,ORD001778,PROD0112,3,-308.35
ITEM0004360,ORD001778,PROD0034,1,303.7
ITEM0004361,ORD001778,PROD0122,1,484.26
ITEM0004362,ORD001779,PROD0082,2,196.55
ITEM0004363,ORD001779,PROD0150,4,88.94
ITEM0004364,ORD001779,PROD0048,2,277.49
ITEM0004365,ORD001780,PROD0014,1,16.7
ITEM0004366,ORD001781,PROD0087,1,193.52
ITEM0004367,ORD001781,PROD0115,3,431.33
ITEM0004368,ORD001781,PROD0104,5,66.01
ITEM0004369,ORD001782,PROD0081,2,318.7
ITEM0004370,ORD001782,PROD0090,5,51.56
ITEM0004371,ORD001783,PROD0104,5,66.01
ITEM0004372,ORD001783,PROD0126,2,263.88
ITEM0004373,ORD001783,PROD0147,3,570.65
ITEM0004374,ORD001784,PROD0017,4,234.28
ITEM0004375,ORD001784,PROD0135,5,427.2
ITEM0004376,ORD001785,PROD0107,1,462.67
ITEM0004377,ORD001786,PROD0027,5,356.31
ITEM0004378,ORD001787,PROD0126,5,263.88
ITEM0004379,ORD001787,PROD0055,2,408.1
ITEM0004380,ORD001787,PROD0133,4,317.22
ITEM0004381,ORD001788,PROD0038,3,216.74
ITEM0004382,ORD001789,PROD0141,2,19.31
ITEM0004383,ORD001790,PROD0106,4,508.9
ITEM0004384,ORD001790,PROD0005,2,196.98
ITEM0004385,ORD001790,PROD0038,5,216.74
ITEM0004386,ORD001790,PROD0139,1,135.03
ITEM0004387,ORD001791,PROD0049,-4,106.04
ITEM0004388,ORD001792,PROD0136,5,485.57
ITEM0004389,ORD001793,PROD0128,1,403.21
ITEM0004390,ORD001794,PROD0112,3,308.35
ITEM0004391,ORD001794,PROD0126,2,263.88
ITEM0004392,ORD001795,PROD0088,4,51.09
ITEM0004393,ORD001795,PROD0102,3,266.91
ITEM0004394,ORD001795,PROD0082,5,196.55
ITEM0004395,ORD001796,PROD0001,3,342.2
ITEM0004396,ORD001796,PROD0011,2,325.01
ITEM0004397,ORD001796,PROD0050,2,235.27
ITEM0004398,ORD001797,PROD0066,4,370.45
ITEM0004399,ORD001797,PROD0089,1,289.58
ITEM0004400,ORD001797,PROD0044,3,474.28
ITEM0004401,ORD001797,PROD0096,4,321.49
ITEM0004402,ORD001798,PROD0120,3,261.92
ITEM0004403,ORD001798,PROD0103,5,305.68
ITEM0004404,ORD001798,PROD0123,5,95.95
ITEM0004405,ORD001799,PROD0054,4,135.13
ITEM0004406,ORD001799,PROD0050,2,235.27
ITEM0004407,ORD001799,PROD0035,4,27.57
ITEM0004408,ORD001799,PROD0127,5,9.71
ITEM0004409,ORD001800,PROD0149,1,139.28
ITEM0004410,ORD001800,PROD0054,4,135.13
ITEM0004411,ORD001800,PROD0027,-1,356.31
ITEM0004412,ORD001801,PROD0053,4,292.19
ITEM0004413,ORD001802,PROD0137,3,447.4
ITEM0004414,ORD001802,PROD0072,1,226.81
ITEM0004415,ORD001803,PROD0113,5,320.56
ITEM0004416,ORD001803,PROD0026,3,585.88
ITEM0004417,ORD001804,PROD0139,3,135.03
ITEM0004418,ORD001804,PROD0005,3,196.98
ITEM0004419,ORD001804,PROD0099,1,386.23
ITEM0004420,ORD001804,PROD0076,5,277.07
ITEM0004421,ORD001805,PROD0038,2,216.74
ITEM0004422,ORD001805,PROD0116,5,366.52
ITEM0004423,ORD001806,PROD0147,2,570.65
ITEM0004424,ORD001806,PROD0010,5,488.99
ITEM0004425,ORD001807,PROD0096,1,321.49
ITEM0004426,ORD001808,PROD0093,2,573.11
ITEM0004427,ORD001808,PROD0021,4,487.35
ITEM0004428,ORD001808,PROD0008,5,174.9
ITEM0004429,ORD001809,PROD0127,1,9.71
ITEM0004430,ORD001809,PROD0107,5,462.67
ITEM0004431,ORD001809,PROD0121,2,287.5
ITEM0004432,ORD001810,PROD0048,4,277.49
ITEM0004433,ORD001810,PROD0080,3,392.58
ITEM0004434,ORD001810,PROD0038,2,216.74
ITEM0004435,ORD001811,PROD0087,2,193.52
ITEM0004436,ORD001811,PROD0074,3,122.74
ITEM0004437,ORD001811,PROD0002,3,112.42
ITEM0004438,ORD001812,PROD0024,2,594.24
ITEM0004439,ORD001812,PROD0005,2,196.98
ITEM0004440,ORD001813,PROD0053,5,292.19
ITEM0004441,ORD001813,PROD0048,5,277.49
ITEM0004442,ORD001813,PROD0044,-4,474.28
ITEM0004443,ORD001813,PROD0073,1,241.62
ITEM0004444,ORD001814,PROD0114,2,45.61
ITEM0004445,ORD001815,PROD0121,3,287.5
ITEM0004446,ORD001815,PROD0132,3,316.5
ITEM0004447,ORD001816,PROD0127,4,9.71
ITEM0004448,ORD001816,PROD0025,3,23.62
ITEM0004449,ORD001817,PROD0070,4,271.29
ITEM0004450,ORD001817,PROD0108,3,332.49
ITEM0004451,ORD001818,PROD0034,1,303.7
ITEM0004452,ORD001818,PROD0129,3,246.64
ITEM0004453,ORD001818,PROD0147,2,570.65
ITEM0004454,ORD001819,PROD0114,2,45.61
ITEM0004455,ORD001819,PROD0071,5,402.73
ITEM0004456,ORD001820,PROD0015,1,442.7
ITEM0004457,ORD001820,PROD0039,5,410.66
ITEM0004458,ORD001820,PROD0062,4,355.88
ITEM0004459,ORD001821,PROD0092,5,557.9
ITEM0004460,ORD001821,PROD0065,1,153.97
ITEM0004461,ORD001822,PROD0017,1,234.28
ITEM0004462,ORD001822,PROD0002,4,112.42
ITEM0004463,ORD001822,PROD0134,1,192.47
ITEM0004464,ORD001822,PROD0140,1,496.11
ITEM0004465,ORD001823,PROD0021,4,487.35
ITEM0004466,ORD001824,PROD0081,5,318.7
ITEM0004467,ORD001824,PROD0090,5,51.56
ITEM0004468,ORD001824,PROD0142,3,347.19
ITEM0004469,ORD001824,PROD0105,2,308.26
ITEM0004470,ORD001825,PROD0001,3,-342.2
ITEM0004471,ORD001825,PROD0026,1,585.88
ITEM0004472,ORD001825,PROD0058,4,356.49
ITEM0004473,ORD001825,PROD0132,1,316.5
ITEM0004474,ORD001826,PROD0025,5,23.62
ITEM0004475,ORD001826,PROD0139,1,135.03
ITEM0004476,ORD001826,PROD0024,5,594.24
ITEM0004477,ORD001826,PROD0096,3,321.49
ITEM0004478,ORD001827,PROD0148,5,427.66
ITEM0004479,ORD001827,PROD0106,4,-508.9
ITEM0004480,ORD001828,PROD0042,3,394.4
ITEM0004481,ORD001828,PROD0143,1,453.59
ITEM0004482,ORD001829,PROD0072,3,226.81
ITEM0004483,ORD001829,PROD0148,5,427.66
ITEM0004484,ORD001830,PROD0123,4,95.95
ITEM0004485,ORD001830,PROD0019,3,443.45
ITEM0004486,ORD001831,PROD0018,2,119.66
ITEM0004487,ORD001832,PROD0100,5,208.15
ITEM0004488,ORD001833,PROD0044,1,474.28
ITEM0004489,ORD001834,PROD0059,2,254.01
ITEM0004490,ORD001834,PROD0057,5,632.78
ITEM0004491,ORD001835,PROD0039,3,410.66
ITEM0004492,ORD001835,PROD0057,5,632.78
ITEM0004493,ORD001835,PROD0030,1,314.5
ITEM0004494,ORD001835,PROD0073,4,241.62
ITEM0004495,ORD001836,PROD0008,1,174.9
ITEM0004496,ORD001836,PROD0089,2,-289.58
ITEM0004497,ORD001836,PROD0042,1,394.4
ITEM0004498,ORD001837,PROD0105,1,308.26
ITEM0004499,ORD001837,PROD0011,1,325.01
ITEM0004500,ORD001837,PROD0139,5,135.03
ITEM0004501,ORD001838,PROD0008,5,174.9
ITEM0004502,ORD001838,PROD0104,3,66.01
ITEM0004503,ORD001838,PROD0003,1,4.27
ITEM0004504,ORD001839,PROD0140,5,496.11
ITEM0004505,ORD001839,PROD0090,2,51.56
ITEM0004506,ORD001840,PROD0075,5,383.73
ITEM0004507,ORD001841,PROD0137,4,447.4
ITEM0004508,ORD001841,PROD0074,1,122.74
ITEM0004509,ORD001842,PROD0127,4,9.71
ITEM0004510,ORD001842,PROD0036,4,33.3
ITEM0004511,ORD001842,PROD0135,1,427.2
ITEM0004512,ORD001843,PROD0031,4,15.13
ITEM0004513,ORD001844,PROD0079,2,61.84
ITEM0004514,ORD001844,PROD0134,5,192.47
ITEM0004515,ORD001845,PROD0095,4,271.32
ITEM0004516,ORD001845,PROD0097,2,53.1
ITEM0004517,ORD001845,PROD0041,4,438.01
ITEM0004518,ORD001845,PROD0128,2,403.21
ITEM0004519,ORD001846,PROD0009,5,138.45
ITEM0004520,ORD001846,PROD0001,4,342.2
ITEM0004521,ORD001846,PROD0134,1,192.47
ITEM0004522,ORD001846,PROD0083,3,-306.64
ITEM0004523,ORD001847,PROD0023,1,414.75
ITEM0004524,ORD001847,PROD0049,4,106.04
ITEM0004525,ORD001848,PROD0033,1,470.6
ITEM0004526,ORD001848,PROD0032,5,172.77
ITEM0004527,ORD001849,PROD0072,1,226.81
ITEM0004528,ORD001850,PROD0120,5,261.92
ITEM0004529,ORD001850,PROD0124,3,173.3
ITEM0004530,ORD001851,PROD0056,4,249.02
ITEM0004531,ORD001852,PROD0011,5,325.01
ITEM0004532,ORD001853,PROD0056,4,249.02
ITEM0004533,ORD001853,PROD0086,3,203.78
ITEM0004534,ORD001853,PROD0093,3,573.11
ITEM0004535,ORD001853,PROD0130,2,421.1
ITEM0004536,ORD001854,PROD0076,3,277.07
ITEM0004537,ORD001854,PROD0048,4,277.49
ITEM0004538,ORD001854,PROD0033,2,470.6
ITEM0004539,ORD001855,PROD0131,-2,130.48
ITEM0004540,ORD001855,PROD0121,4,287.5
ITEM0004541,ORD001856,PROD0077,1,286.06
ITEM0004542,ORD001856,PROD0083,4,306.64
ITEM0004543,ORD001856,PROD0129,2,246.64
ITEM0004544,ORD001856,PROD0115,3,431.33
ITEM0004545,ORD001857,PROD0124,3,173.3
ITEM0004546,ORD001858,PROD0004,4,129.15
ITEM0004547,ORD001859,PROD0091,3,161.11
ITEM0004548,ORD001859,PROD0119,5,103.02
ITEM0004549,ORD001859,PROD0080,1,392.58
ITEM0004550,ORD001860,PROD0043,1,251.98
ITEM0004551,ORD001860,PROD0111,2,408.22
ITEM0004552,ORD001860,PROD0120,3,261.92
ITEM0004553,ORD001860,PROD0008,3,174.9
ITEM0004554,ORD001861,PROD0136,5,485.57
ITEM0004555,ORD001862,PROD0030,5,314.5
ITEM0004556,ORD001862,PROD0094,3,393.51
ITEM0004557,ORD001863,PROD0054,2,135.13
ITEM0004558,ORD001864,PROD0113,1,320.56
ITEM0004559,ORD001865,PROD0102,4,266.91
ITEM0004560,ORD001865,PROD0143,4,453.59
ITEM0004561,ORD001866,PROD0103,4,305.68
ITEM0004562,ORD001866,PROD0004,2,129.15
ITEM0004563,ORD001866,PROD0001,2,342.2
ITEM0004564,ORD001867,PROD0129,5,246.64
ITEM0004565,ORD001867,PROD0107,3,462.67
ITEM0004566,ORD001868,PROD0003,3,4.27
ITEM0004567,ORD001868,PROD0077,4,286.06
ITEM0004568,ORD001869,PROD0009,2,138.45
ITEM0004569,ORD001869,PROD0070,3,271.29
ITEM0004570,ORD001869,PROD0140,3,496.11
ITEM0004571,ORD001869,PROD0091,1,161.11
ITEM0004572,ORD001870,PROD0067,1,363.03
ITEM0004573,ORD001870,PROD0047,2,288.09
ITEM0004574,ORD001871,PROD0097,5,53.1
ITEM0004575,ORD001871,PROD0065,3,153.97
ITEM0004576,ORD001872,PROD0043,4,251.98
ITEM0004577,ORD001872,PROD0019,1,443.45
ITEM0004578,ORD001872,PROD0064,2,411.35
ITEM0004579,ORD001873,PROD0110,4,39.23
ITEM0004580,ORD001873,PROD0134,5,192.47
ITEM0004581,ORD001873,PROD0127,3,9.71
ITEM0004582,ORD001873,PROD0122,5,484.26
ITEM0004583,ORD001874,PROD0046,2,207.44
ITEM0004584,ORD001874,PROD0111,1,408.22
ITEM0004585,ORD001874,PROD0126,4,263.88
ITEM0004586,ORD001875,PROD0086,3,-203.78
ITEM0004587,ORD001876,PROD0128,3,403.21
ITEM0004588,ORD001876,PROD0041,-1,438.01
ITEM0004589,ORD001876,PROD0020,4,124.89
ITEM0004590,ORD001877,PROD0080,5,392.58
ITEM0004591,ORD001878,PROD0117,2,130.11
ITEM0004592,ORD001878,PROD0147,1,570.65
ITEM0004593,ORD001878,PROD0098,1,351.41
ITEM0004594,ORD001878,PROD0119,4,103.02
ITEM0004595,ORD001879,PROD0146,3,292.2
ITEM0004596,ORD001879,PROD0145,4,359.48
ITEM0004597,ORD001879,PROD0113,3,320.56
ITEM0004598,ORD001879,PROD0041,5,438.01
ITEM0004599,ORD001880,PROD0079,4,61.84
ITEM0004600,ORD001880,PROD0025,-4,23.62
ITEM0004601,ORD001880,PROD0120,4,261.92
ITEM0004602,ORD001881,PROD0017,5,234.28
ITEM0004603,ORD001881,PROD0009,5,138.45
ITEM0004604,ORD001881,PROD0135,5,427.2
ITEM0004605,ORD001881,PROD0088,2,51.09
ITEM0004606,ORD001882,PROD0052,4,436.28
ITEM0004607,ORD001882,PROD0039,3,410.66
ITEM0004608,ORD001882,PROD0126,3,263.88
ITEM0004609,ORD001882,PROD0102,4,266.91
ITEM0004610,ORD001883,PROD0090,3,51.56
ITEM0004611,ORD001884,PROD0010,1,488.99
ITEM0004612,ORD001884,PROD0034,4,303.7
ITEM0004613,ORD001884,PROD0065,5,153.97
ITEM0004614,ORD001885,PROD0086,4,203.78
ITEM0004615,ORD001885,PROD0007,5,248.82
ITEM0004616,ORD001885,PROD0061,4,683.51
ITEM0004617,ORD001886,PROD0104,2,66.01
ITEM0004618,ORD001886,PROD0149,4,139.28
ITEM0004619,ORD001886,PROD0049,5,106.04
ITEM0004620,ORD001887,PROD0071,1,402.73
ITEM0004621,ORD001888,PROD0081,1,318.7
ITEM0004622,ORD001889,PROD0149,3,139.28
ITEM0004623,ORD001889,PROD0111,4,408.22
ITEM0004624,ORD001889,PROD0053,4,292.19
ITEM0004625,ORD001889,PROD0052,2,436.28
ITEM0004626,ORD001890,PROD0068,1,422.88
ITEM0004627,ORD001890,PROD0029,3,93.87
ITEM0004628,ORD001890,PROD0086,1,203.78
ITEM0004629,ORD001890,PROD0038,4,216.74
ITEM0004630,ORD001891,PROD0077,4,286.06
ITEM0004631,ORD001891,PROD0133,5,317.22
ITEM0004632,ORD001891,PROD0068,1,422.88
ITEM0004633,ORD001891,PROD0119,2,103.02
ITEM0004634,ORD001892,PROD0088,3,51.09
ITEM0004635,ORD001892,PROD0006,2,98.27
ITEM0004636,ORD001893,PROD0086,4,203.78
ITEM0004637,ORD001893,PROD0111,5,408.22
ITEM0004638,ORD001893,PROD0121,2,287.5
ITEM0004639,ORD001893,PROD0016,4,30.39
ITEM0004640,ORD001894,PROD0065,1,153.97
ITEM0004641,ORD001894,PROD0094,2,393.51
ITEM0004642,ORD001894,PROD0134,-4,192.47
ITEM0004643,ORD001894,PROD0077,5,286.06
ITEM0004644,ORD001895,PROD0094,3,393.51
ITEM0004645,ORD001895,PROD0031,4,15.13
ITEM0004646,ORD001895,PROD0008,3,174.9
ITEM0004647,ORD001895,PROD0110,5,39.23
ITEM0004648,ORD001896,PROD0111,3,-408.22
ITEM0004649,ORD001896,PROD0085,3,602.46
ITEM0004650,ORD001897,PROD0049,1,106.04
ITEM0004651,ORD001898,PROD0063,4,665.26
ITEM0004652,ORD001898,PROD0022,5,380.56
ITEM0004653,ORD001898,PROD0110,3,39.23
ITEM0004654,ORD001899,PROD0007,2,248.82
ITEM0004655,ORD001899,PROD0052,3,436.28
ITEM0004656,ORD001900,PROD0032,3,172.77
ITEM0004657,ORD001901,PROD0098,5,351.41
ITEM0004658,ORD001901,PROD0051,2,294.17
ITEM0004659,ORD001901,PROD0057,3,-632.78
ITEM0004660,ORD001901,PROD0006,2,98.27
ITEM0004661,ORD001902,PROD0047,4,288.09
ITEM0004662,ORD001903,PROD0024,-3,594.24
ITEM0004663,ORD001903,PROD0143,2,453.59
ITEM0004664,ORD001904,PROD0133,5,317.22
ITEM0004665,ORD001904,PROD0033,1,470.6
ITEM0004666,ORD001904,PROD0015,1,442.7
ITEM0004667,ORD001904,PROD0078,5,57.56
ITEM0004668,ORD001905,PROD0053,3,292.19
ITEM0004669,ORD001905,PROD0135,5,427.2
ITEM0004670,ORD001905,PROD0039,1,410.66
ITEM0004671,ORD001905,PROD0070,2,271.29
ITEM0004672,ORD001906,PROD0130,3,421.1
ITEM0004673,ORD001907,PROD0087,3,193.52
ITEM0004674,ORD001908,PROD0078,4,57.56
ITEM0004675,ORD001908,PROD0068,3,422.88
ITEM0004676,ORD001908,PROD0129,3,246.64
ITEM0004677,ORD001909,PROD0131,5,130.48
ITEM0004678,ORD001910,PROD0007,5,248.82
ITEM0004679,ORD001910,PROD0114,3,45.61
ITEM0004680,ORD001910,PROD0106,2,508.9
ITEM0004681,ORD001911,PROD0040,4,508.7
ITEM0004682,ORD001911,PROD0115,4,431.33
ITEM0004683,ORD001912,PROD0031,5,15.13
ITEM0004684,ORD001912,PROD0033,5,470.6
ITEM0004685,ORD001912,PROD0056,5,249.02
ITEM0004686,ORD001913,PROD0094,3,393.51
ITEM0004687,ORD001913,PROD0073,4,241.62
ITEM0004688,ORD001913,PROD0141,1,19.31
ITEM0004689,ORD001914,PROD0031,5,15.13
ITEM0004690,ORD001914,PROD0040,2,508.7
ITEM0004691,ORD001914,PROD0085,3,602.46
ITEM0004692,ORD001914,PROD0094,4,393.51
ITEM0004693,ORD001915,PROD0093,3,573.11
ITEM0004694,ORD001915,PROD0051,2,294.17
ITEM0004695,ORD001915,PROD0017,1,234.28
ITEM0004696,ORD001915,PROD0073,3,241.62
ITEM0004697,ORD001916,PROD0112,4,308.35
ITEM0004698,ORD001916,PROD0048,2,277.49
ITEM0004699,ORD001916,PROD0032,4,172.77
ITEM0004700,ORD001917,PROD0002,1,112.42
ITEM0004701,ORD001917,PROD0078,1,57.56
ITEM0004702,ORD001917,PROD0149,1,139.28
ITEM0004703,ORD001918,PROD0150,5,88.94
ITEM0004704,ORD001918,PROD0060,5,497.77
ITEM0004705,ORD001918,PROD0058,1,356.49
ITEM0004706,ORD001918,PROD0101,5,182.81
ITEM0004707,ORD001919,PROD0023,1,414.75
ITEM0004708,ORD001920,PROD0095,2,271.32
ITEM0004709,ORD001921,PROD0061,5,683.51
ITEM0004710,ORD001921,PROD0056,1,-249.02
ITEM0004711,ORD001922,PROD0017,5,234.28
ITEM0004712,ORD001922,PROD0144,3,105.68
ITEM0004713,ORD001923,PROD0064,5,411.35
ITEM0004714,ORD001923,PROD0070,1,271.29
ITEM0004715,ORD001923,PROD0035,4,27.57
ITEM0004716,ORD001923,PROD0003,2,4.27
ITEM0004717,ORD001924,PROD0043,5,251.98
ITEM0004718,ORD001924,PROD0127,4,9.71
ITEM0004719,ORD001925,PROD0114,2,45.61
ITEM0004720,ORD001925,PROD0078,1,57.56
ITEM0004721,ORD001925,PROD0070,4,271.29
ITEM0004722,ORD001925,PROD0146,5,292.2
ITEM0004723,ORD001926,PROD0104,5,66.01
ITEM0004724,ORD001926,PROD0080,4,392.58
ITEM0004725,ORD001926,PROD0037,1,540.32
ITEM0004726,ORD001926,PROD0051,4,294.17
ITEM0004727,ORD001927,PROD0032,5,172.77
ITEM0004728,ORD001928,PROD0069,5,619.75
ITEM0004729,ORD001928,PROD0099,1,386.23
ITEM0004730,ORD001929,PROD0017,4,234.28
ITEM0004731,ORD001929,PROD0053,5,292.19
ITEM0004732,ORD001929,PROD0132,2,316.5
ITEM0004733,ORD001929,PROD0106,3,508.9
ITEM0004734,ORD001930,PROD0118,5,58.39
ITEM0004735,ORD001930,PROD0129,3,246.64
ITEM0004736,ORD001930,PROD0099,2,386.23
ITEM0004737,ORD001931,PROD0068,2,422.88
ITEM0004738,ORD001931,PROD0055,4,408.1
ITEM0004739,ORD001931,PROD0107,3,462.67
ITEM0004740,ORD001932,PROD0023,4,414.75
ITEM0004741,ORD001932,PROD0131,1,130.48
ITEM0004742,ORD001933,PROD0147,5,570.65
ITEM0004743,ORD001934,PROD0061,2,683.51
ITEM0004744,ORD001935,PROD0049,5,106.04
ITEM0004745,ORD001935,PROD0048,4,277.49
ITEM0004746,ORD001935,PROD0145,2,359.48
ITEM0004747,ORD001936,PROD0141,1,19.31
ITEM0004748,ORD001936,PROD0025,5,23.62
ITEM0004749,ORD001937,PROD0021,3,487.35
ITEM0004750,ORD001937,PROD0136,3,485.57
ITEM0004751,ORD001938,PROD0122,2,484.26
ITEM0004752,ORD001938,PROD0005,1,196.98
ITEM0004753,ORD001939,PROD0002,3,112.42
ITEM0004754,ORD001939,PROD0124,1,173.3
ITEM0004755,ORD001939,PROD0123,2,95.95
ITEM0004756,ORD001940,PROD0029,2,93.87
ITEM0004757,ORD001940,PROD0073,5,241.62
ITEM0004758,ORD001940,PROD0115,1,431.33
ITEM0004759,ORD001940,PROD0062,3,355.88
ITEM0004760,ORD001941,PROD0087,4,193.52
ITEM0004761,ORD001941,PROD0131,3,130.48
ITEM0004762,ORD001941,PROD0006,4,98.27
ITEM0004763,ORD001942,PROD0037,4,540.32
ITEM0004764,ORD001943,PROD0141,-5,19.31
ITEM0004765,ORD001943,PROD0125,1,377.98
ITEM0004766,ORD001943,PROD0011,1,325.01
ITEM0004767,ORD001943,PROD0110,4,39.23
ITEM0004768,ORD001944,PROD0148,2,427.66
ITEM0004769,ORD001944,PROD0059,3,254.01
ITEM0004770,ORD001945,PROD0114,5,45.61
ITEM0004771,ORD001946,PROD0070,4,271.29
ITEM0004772,ORD001946,PROD0046,5,207.44
ITEM0004773,ORD001947,PROD0009,1,138.45
ITEM0004774,ORD001947,PROD0078,1,57.56
ITEM0004775,ORD001948,PROD0049,4,106.04
ITEM0004776,ORD001948,PROD0073,2,241.62
ITEM0004777,ORD001949,PROD0078,-1,57.56
ITEM0004778,ORD001949,PROD0050,3,235.27
ITEM0004779,ORD001949,PROD0120,3,261.92
ITEM0004780,ORD001950,PROD0003,1,4.27
ITEM0004781,ORD001950,PROD0070,5,271.29
ITEM0004782,ORD001950,PROD0113,2,320.56
ITEM0004783,ORD001950,PROD0016,5,30.39
ITEM0004784,ORD001951,PROD0097,3,53.1
ITEM0004785,ORD001951,PROD0114,2,45.61
ITEM0004786,ORD001951,PROD0096,2,321.49
ITEM0004787,ORD001951,PROD0010,1,488.99
ITEM0004788,ORD001952,PROD0064,4,411.35
ITEM0004789,ORD001952,PROD0019,4,443.45
ITEM0004790,ORD001953,PROD0012,3,589.04
ITEM0004791,ORD001953,PROD0099,2,386.23
ITEM0004792,ORD001953,PROD0090,2,51.56
ITEM0004793,ORD001954,PROD0002,4,112.42
ITEM0004794,ORD001954,PROD0148,5,427.66
ITEM0004795,ORD001954,PROD0067,2,363.03
ITEM0004796,ORD001955,PROD0106,2,508.9
ITEM0004797,ORD001955,PROD0007,4,248.82
ITEM0004798,ORD001956,PROD0031,1,15.13
ITEM0004799,ORD001957,PROD0072,-5,226.81
ITEM0004800,ORD001958,PROD0104,3,66.01
ITEM0004801,ORD001958,PROD0044,5,474.28
ITEM0004802,ORD001958,PROD0136,4,485.57
ITEM0004803,ORD001958,PROD0007,5,248.82
ITEM0004804,ORD001959,PROD0110,4,39.23
ITEM0004805,ORD001959,PROD0103,2,305.68
ITEM0004806,ORD001959,PROD0079,3,61.84
ITEM0004807,ORD001960,PROD0031,4,15.13
ITEM0004808,ORD001960,PROD0053,5,292.19
ITEM0004809,ORD001960,PROD0095,3,271.32
ITEM0004810,ORD001961,PROD0028,3,463.5
ITEM0004811,ORD001961,PROD0109,4,126.44
ITEM0004812,ORD001961,PROD0120,5,261.92
ITEM0004813,ORD001962,PROD0073,3,241.62
ITEM0004814,ORD001962,PROD0128,5,403.21
ITEM0004815,ORD001962,PROD0116,5,366.52
ITEM0004816,ORD001962,PROD0062,3,355.88
ITEM0004817,ORD001963,PROD0010,5,488.99
ITEM0004818,ORD001963,PROD0021,3,487.35
ITEM0004819,ORD001964,PROD0146,4,292.2
ITEM0004820,ORD001965,PROD0020,5,124.89
ITEM0004821,ORD001965,PROD0063,3,665.26
ITEM0004822,ORD001966,PROD0096,3,321.49
ITEM0004823,ORD001966,PROD0060,1,497.77
ITEM0004824,ORD001966,PROD0061,5,683.51
ITEM0004825,ORD001966,PROD0085,5,602.46
ITEM0004826,ORD001967,PROD0075,1,383.73
ITEM0004827,ORD001967,PROD0095,2,271.32
ITEM0004828,ORD001968,PROD0086,3,203.78
ITEM0004829,ORD001968,PROD0003,4,4.27
ITEM0004830,ORD001968,PROD0063,1,665.26
ITEM0004831,ORD001968,PROD0146,4,292.2
ITEM0004832,ORD001969,PROD0033,3,470.6
ITEM0004833,ORD001970,PROD0018,3,119.66
ITEM0004834,ORD001971,PROD0132,4,316.5
ITEM0004835,ORD001971,PROD0009,4,138.45
ITEM0004836,ORD001971,PROD0049,2,106.04
ITEM0004837,ORD001972,PROD0118,3,58.39
ITEM0004838,ORD001972,PROD0002,3,112.42
ITEM0004839,ORD001972,PROD0134,3,192.47
ITEM0004840,ORD001972,PROD0138,1,43.7
ITEM0004841,ORD001973,PROD0050,5,235.27
ITEM0004842,ORD001973,PROD0090,1,51.56
ITEM0004843,ORD001973,PROD0072,1,226.81
ITEM0004844,ORD001974,PROD0040,3,508.7
ITEM0004845,ORD001974,PROD0063,2,665.26
ITEM0004846,ORD001975,PROD0010,3,488.99
ITEM0004847,ORD001975,PROD0049,4,106.04
ITEM0004848,ORD001975,PROD0077,2,286.06
ITEM0004849,ORD001975,PROD0118,3,58.39
ITEM0004850,ORD001976,PROD0088,4,51.09
ITEM0004851,ORD001976,PROD0065,2,153.97
ITEM0004852,ORD001977,PROD0059,4,254.01
ITEM0004853,ORD001977,PROD0071,5,402.73
ITEM0004854,ORD001977,PROD0099,3,386.23
ITEM0004855,ORD001978,PROD0014,4,16.7
ITEM0004856,ORD001979,PROD0067,1,-363.03
ITEM0004857,ORD001980,PROD0087,5,193.52
ITEM0004858,ORD001980,PROD0103,4,305.68
ITEM0004859,ORD001980,PROD0018,5,119.66
ITEM0004860,ORD001980,PROD0099,3,386.23
ITEM0004861,ORD001981,PROD0036,5,33.3
ITEM0004862,ORD001982,PROD0142,5,347.19
ITEM0004863,ORD001982,PROD0030,4,314.5
ITEM0004864,ORD001982,PROD0113,3,320.56
ITEM0004865,ORD001983,PROD0027,3,356.31
ITEM0004866,ORD001984,PROD0002,5,112.42
ITEM0004867,ORD001984,PROD0022,4,380.56
ITEM0004868,ORD001984,PROD0056,5,249.02
ITEM0004869,ORD001985,PROD0008,4,174.9
ITEM0004870,ORD001985,PROD0028,1,463.5
ITEM0004871,ORD001986,PROD0104,1,66.01
ITEM0004872,ORD001986,PROD0094,2,393.51
ITEM0004873,ORD001986,PROD0077,2,286.06
ITEM0004874,ORD001986,PROD0140,3,496.11
ITEM0004875,ORD001987,PROD0081,2,318.7
ITEM0004876,ORD001988,PROD0016,3,30.39
ITEM0004877,ORD001988,PROD0133,3,317.22
ITEM0004878,ORD001989,PROD0004,3,129.15
ITEM0004879,ORD001989,PROD0033,4,470.6
ITEM0004880,ORD001989,PROD0038,2,216.74
ITEM0004881,ORD001990,PROD0113,4,320.56
ITEM0004882,ORD001990,PROD0011,5,325.01
ITEM0004883,ORD001990,PROD0115,5,431.33
ITEM0004884,ORD001990,PROD0122,4,484.26
ITEM0004885,ORD001991,PROD0125,4,377.98
ITEM0004886,ORD001991,PROD0035,3,27.57
ITEM0004887,ORD001991,PROD0020,2,124.89
ITEM0004888,ORD001991,PROD0011,3,325.01
ITEM0004889,ORD001992,PROD0036,4,33.3
ITEM0004890,ORD001992,PROD0089,4,289.58
ITEM0004891,ORD001992,PROD0071,5,402.73
ITEM0004892,ORD001992,PROD0047,2,288.09
ITEM0004893,ORD001993,PROD0057,1,632.78
ITEM0004894,ORD001993,PROD0143,5,453.59
ITEM0004895,ORD001994,PROD0141,4,19.31
ITEM0004896,ORD001994,PROD0110,1,39.23
ITEM0004897,ORD001994,PROD0133,2,317.22
ITEM0004898,ORD001994,PROD0006,2,98.27
ITEM0004899,ORD001995,PROD0110,5,39.23
ITEM0004900,ORD001996,PROD0015,1,442.7
ITEM0004901,ORD001996,PROD0089,5,289.58
ITEM0004902,ORD001996,PROD0002,3,112.42
ITEM0004903,ORD001996,PROD0121,5,287.5
ITEM0004904,ORD001997,PROD0107,5,462.67
ITEM0004905,ORD001997,PROD0033,5,470.6
ITEM0004906,ORD001997,PROD0019,3,443.45
ITEM0004907,ORD001997,PROD0061,3,683.51
ITEM0004908,ORD001998,PROD0049,3,106.04
ITEM0004909,ORD001998,PROD0009,1,138.45
ITEM0004910,ORD001999,PROD0106,4,508.9
ITEM0004911,ORD002000,PROD0003,3,4.27
ITEM0004912,ORD002000,PROD0086,2,203.78
ITEM0004913,ORD002000,PROD0008,4,174.9
ITEM0004914,ORD002001,PROD0045,5,66.57
ITEM0004915,ORD002001,PROD0056,4,249.02
ITEM0004916,ORD002002,PROD0091,4,161.11
ITEM0004917,ORD002002,PROD0079,3,61.84
ITEM0004918,ORD002003,PROD0149,4,139.28
ITEM0004919,ORD002003,PROD0109,1,126.44
ITEM0004920,ORD002003,PROD0063,2,665.26
ITEM0004921,ORD002004,PROD0014,3,16.7
ITEM0004922,ORD002004,PROD0111,3,408.22
ITEM0004923,ORD002005,PROD0063,4,665.26
ITEM0004924,ORD002006,PROD0129,2,246.64
ITEM0004925,ORD002007,PROD0133,4,317.22
ITEM0004926,ORD002007,PROD0068,4,422.88
ITEM0004927,ORD002008,PROD0003,3,4.27
ITEM0004928,ORD002008,PROD0054,4,135.13
ITEM0004929,ORD002008,PROD0033,3,470.6
ITEM0004930,ORD002008,PROD0006,4,98.27
ITEM0004931,ORD002009,PROD0075,1,383.73
ITEM0004932,ORD002010,PROD0035,2,27.57
ITEM0004933,ORD002010,PROD0013,2,196.91
ITEM0004934,ORD002010,PROD0121,4,287.5
ITEM0004935,ORD002011,PROD0142,4,347.19
ITEM0004936,ORD002011,PROD0117,1,130.11
ITEM0004937,ORD002011,PROD0126,1,263.88
ITEM0004938,ORD002011,PROD0109,5,126.44
ITEM0004939,ORD002012,PROD0011,5,325.01
ITEM0004940,ORD002012,PROD0072,3,226.81
ITEM0004941,ORD002013,PROD0117,2,130.11
ITEM0004942,ORD002014,PROD0011,3,325.01
ITEM0004943,ORD002014,PROD0064,5,411.35
ITEM0004944,ORD002014,PROD0028,5,463.5
ITEM0004945,ORD002015,PROD0009,3,138.45
ITEM0004946,ORD002015,PROD0093,2,573.11
ITEM0004947,ORD002016,PROD0133,4,-317.22
ITEM0004948,ORD002016,PROD0081,1,318.7
ITEM0004949,ORD002017,PROD0048,3,277.49
ITEM0004950,ORD002017,PROD0015,3,442.7
ITEM0004951,ORD002017,PROD0089,3,289.58
ITEM0004952,ORD002018,PROD0117,5,130.11
ITEM0004953,ORD002018,PROD0120,2,261.92
ITEM0004954,ORD002018,PROD0129,2,246.64
ITEM0004955,ORD002018,PROD0135,1,427.2
ITEM0004956,ORD002019,PROD0080,4,392.58
ITEM0004957,ORD002020,PROD0114,3,45.61
ITEM0004958,ORD002021,PROD0142,4,347.19
ITEM0004959,ORD002021,PROD0110,3,39.23
ITEM0004960,ORD002021,PROD0105,3,308.26
ITEM0004961,ORD002022,PROD0121,1,287.5
ITEM0004962,ORD002022,PROD0022,1,380.56
ITEM0004963,ORD002022,PROD0030,4,314.5
ITEM0004964,ORD002022,PROD0005,3,196.98
ITEM0004965,ORD002023,PROD0109,3,126.44
ITEM0004966,ORD002023,PROD0136,1,485.57
ITEM0004967,ORD002023,PROD0145,1,359.48
ITEM0004968,ORD002023,PROD0124,5,173.3
ITEM0004969,ORD002024,PROD0067,5,363.03
ITEM0004970,ORD002024,PROD0104,3,66.01
ITEM0004971,ORD002025,PROD0063,1,665.26
ITEM0004972,ORD002025,PROD0035,4,27.57
ITEM0004973,ORD002025,PROD0064,1,411.35
ITEM0004974,ORD002026,PROD0070,4,271.29
ITEM0004975,ORD002026,PROD0062,2,355.88
ITEM0004976,ORD002027,PROD0098,3,351.41
ITEM0004977,ORD002027,PROD0036,2,33.3
ITEM0004978,ORD002028,PROD0007,2,248.82
ITEM0004979,ORD002029,PROD0014,3,16.7
ITEM0004980,ORD002029,PROD0009,3,138.45
ITEM0004981,ORD002030,PROD0052,2,436.28
ITEM0004982,ORD002030,PROD0144,1,105.68
ITEM0004983,ORD002030,PROD0068,3,422.88
ITEM0004984,ORD002031,PROD0137,3,447.4
ITEM0004985,ORD002032,PROD0136,5,485.57
ITEM0004986,ORD002032,PROD0033,5,470.6
ITEM0004987,ORD002032,PROD0095,1,271.32
ITEM0004988,ORD002032,PROD0016,2,30.39
ITEM0004989,ORD002033,PROD0086,5,203.78
ITEM0004990,ORD002033,PROD0044,4,474.28
ITEM0004991,ORD002034,PROD0055,2,408.1
ITEM0004992,ORD002034,PROD0093,4,573.11
ITEM0004993,ORD002034,PROD0067,3,363.03
ITEM0004994,ORD002034,PROD0076,4,277.07
ITEM0004995,ORD002035,PROD0013,-4,196.91
ITEM0004996,ORD002036,PROD0033,4,470.6
ITEM0004997,ORD002036,PROD0118,5,58.39
ITEM0004998,ORD002036,PROD0094,3,393.51
ITEM0004999,ORD002036,PROD0054,5,135.13
ITEM0005000,ORD002037,PROD0065,5,153.97
ITEM0005001,ORD002037,PROD0091,4,161.11
ITEM0005002,ORD002037,PROD0051,5,294.17
ITEM0005003,ORD002038,PROD0008,4,174.9
ITEM0005004,ORD002038,PROD0113,1,320.56
ITEM0005005,ORD002038,PROD0145,1,359.48
ITEM0005006,ORD002038,PROD0037,2,540.32
ITEM0005007,ORD002039,PROD0064,3,411.35
ITEM0005008,ORD002039,PROD0131,4,130.48
ITEM0005009,ORD002039,PROD0136,2,485.57
ITEM0005010,ORD002040,PROD0087,5,193.52
ITEM0005011,ORD002040,PROD0079,5,61.84
ITEM0005012,ORD002040,PROD0091,2,161.11
ITEM0005013,ORD002041,PROD0113,5,320.56
ITEM0005014,ORD002041,PROD0028,3,463.5
ITEM0005015,ORD002042,PROD0027,1,356.31
ITEM0005016,ORD002042,PROD0119,1,103.02
ITEM0005017,ORD002042,PROD0105,3,308.26
ITEM0005018,ORD002042,PROD0070,2,271.29
ITEM0005019,ORD002043,PROD0034,5,303.7
ITEM0005020,ORD002043,PROD0137,3,447.4
ITEM0005021,ORD002044,PROD0108,2,332.49
ITEM0005022,ORD002044,PROD0126,3,263.88
ITEM0005023,ORD002044,PROD0124,4,173.3
ITEM0005024,ORD002044,PROD0070,4,271.29
ITEM0005025,ORD002045,PROD0089,1,289.58
ITEM0005026,ORD002046,PROD0050,4,235.27
ITEM0005027,ORD002046,PROD0065,4,153.97
ITEM0005028,ORD002046,PROD0134,3,192.47
ITEM0005029,ORD002047,PROD0007,3,248.82
ITEM0005030,ORD002048,PROD0008,3,174.9
ITEM0005031,ORD002048,PROD0146,2,292.2
ITEM0005032,ORD002049,PROD0071,3,402.73
ITEM0005033,ORD002049,PROD0022,2,380.56
ITEM0005034,ORD002050,PROD0106,-1,508.9
ITEM0005035,ORD002050,PROD0140,2,496.11
ITEM0005036,ORD002051,PROD0089,5,289.58
ITEM0005037,ORD002051,PROD0047,5,288.09
ITEM0005038,ORD002051,PROD0063,2,665.26
ITEM0005039,ORD002052,PROD0093,2,573.11
ITEM0005040,ORD002052,PROD0115,5,431.33
ITEM0005041,ORD002052,PROD0008,4,174.9
ITEM0005042,ORD002052,PROD0051,3,294.17
ITEM0005043,ORD002053,PROD0007,4,248.82
ITEM0005044,ORD002053,PROD0013,4,196.91
ITEM0005045,ORD002054,PROD0002,1,112.42
ITEM0005046,ORD002054,PROD0087,5,193.52
ITEM0005047,ORD002054,PROD0148,2,427.66
ITEM0005048,ORD002055,PROD0087,3,193.52
ITEM0005049,ORD002055,PROD0027,3,356.31
ITEM0005050,ORD002055,PROD0139,5,135.03
ITEM0005051,ORD002055,PROD0032,1,172.77
ITEM0005052,ORD002056,PROD0050,5,235.27
ITEM0005053,ORD002056,PROD0076,4,277.07
ITEM0005054,ORD002056,PROD0052,4,436.28
ITEM0005055,ORD002057,PROD0137,3,447.4
ITEM0005056,ORD002057,PROD0081,1,318.7
ITEM0005057,ORD002057,PROD0115,4,431.33
ITEM0005058,ORD002058,PROD0149,5,139.28
ITEM0005059,ORD002058,PROD0116,4,366.52
ITEM0005060,ORD002059,PROD0111,3,408.22
ITEM0005061,ORD002060,PROD0070,-4,271.29
ITEM0005062,ORD002061,PROD0096,4,321.49
ITEM0005063,ORD002061,PROD0101,2,182.81
ITEM0005064,ORD002061,PROD0149,2,139.28
ITEM0005065,ORD002061,PROD0046,2,207.44
ITEM0005066,ORD002062,PROD0100,1,208.15
ITEM0005067,ORD002062,PROD0124,1,173.3
ITEM0005068,ORD002062,PROD0048,5,277.49
ITEM0005069,ORD002063,PROD0047,4,288.09
ITEM0005070,ORD002063,PROD0088,1,51.09
ITEM0005071,ORD002063,PROD0100,4,208.15
ITEM0005072,ORD002064,PROD0019,3,443.45
ITEM0005073,ORD002064,PROD0063,5,665.26
ITEM0005074,ORD002064,PROD0104,5,66.01
ITEM0005075,ORD002065,PROD0128,1,403.21
ITEM0005076,ORD002066,PROD0064,1,411.35
ITEM0005077,ORD002066,PROD0114,5,45.61
ITEM0005078,ORD002067,PROD0022,4,380.56
ITEM0005079,ORD002067,PROD0098,3,351.41
ITEM0005080,ORD002067,PROD0062,3,355.88
ITEM0005081,ORD002067,PROD0129,3,246.64
ITEM0005082,ORD002068,PROD0139,1,135.03
ITEM0005083,ORD002068,PROD0128,3,403.21
ITEM0005084,ORD002068,PROD0079,3,61.84
ITEM0005085,ORD002069,PROD0067,2,363.03
ITEM0005086,ORD002069,PROD0147,2,570.65
ITEM0005087,ORD002070,PROD0145,4,359.48
ITEM0005088,ORD002070,PROD0007,2,-248.82
ITEM0005089,ORD002070,PROD0004,3,129.15
ITEM0005090,ORD002071,PROD0069,4,619.75
ITEM0005091,ORD002071,PROD0029,4,93.87
ITEM0005092,ORD002071,PROD0119,5,103.02
ITEM0005093,ORD002072,PROD0116,4,366.52
ITEM0005094,ORD002072,PROD0103,4,305.68
ITEM0005095,ORD002072,PROD0096,3,321.49
ITEM0005096,ORD002072,PROD0122,3,484.26
ITEM0005097,ORD002073,PROD0126,3,263.88
ITEM0005098,ORD002074,PROD0037,3,-540.32
ITEM0005099,ORD002074,PROD0120,1,261.92
ITEM0005100,ORD002074,PROD0093,1,573.11
ITEM0005101,ORD002074,PROD0077,5,286.06
ITEM0005102,ORD002075,PROD0009,4,138.45
ITEM0005103,ORD002075,PROD0016,4,30.39
ITEM0005104,ORD002075,PROD0098,2,351.41
ITEM0005105,ORD002076,PROD0146,2,292.2
ITEM0005106,ORD002076,PROD0062,1,355.88
ITEM0005107,ORD002077,PROD0065,3,153.97
ITEM0005108,ORD002077,PROD0129,3,246.64
ITEM0005109,ORD002077,PROD0137,2,447.4
ITEM0005110,ORD002078,PROD0065,2,153.97
ITEM0005111,ORD002078,PROD0089,5,289.58
ITEM0005112,ORD002078,PROD0117,5,130.11
ITEM0005113,ORD002078,PROD0134,2,192.47
ITEM0005114,ORD002079,PROD0139,3,135.03
ITEM0005115,ORD002079,PROD0148,4,427.66
ITEM0005116,ORD002080,PROD0012,4,589.04
ITEM0005117,ORD002080,PROD0032,5,172.77
ITEM0005118,ORD002080,PROD0150,2,88.94
ITEM0005119,ORD002080,PROD0029,5,93.87
ITEM0005120,ORD002081,PROD0049,5,106.04
ITEM0005121,ORD002081,PROD0112,1,308.35
ITEM0005122,ORD002081,PROD0124,4,173.3
ITEM0005123,ORD002081,PROD0145,1,359.48
ITEM0005124,ORD002082,PROD0003,5,4.27
ITEM0005125,ORD002082,PROD0049,1,106.04
ITEM0005126,ORD002083,PROD0091,3,161.11
ITEM0005127,ORD002083,PROD0098,4,351.41
ITEM0005128,ORD002083,PROD0044,1,474.28
ITEM0005129,ORD002084,PROD0010,3,488.99
ITEM0005130,ORD002084,PROD0134,2,192.47
ITEM0005131,ORD002084,PROD0040,1,508.7
ITEM0005132,ORD002085,PROD0017,1,234.28
ITEM0005133,ORD002085,PROD0071,3,402.73
ITEM0005134,ORD002085,PROD0041,1,438.01
ITEM0005135,ORD002086,PROD0150,5,88.94
ITEM0005136,ORD002087,PROD0023,5,414.75
ITEM0005137,ORD002087,PROD0007,5,248.82
ITEM0005138,ORD002088,PROD0126,3,263.88
ITEM0005139,ORD002088,PROD0112,1,308.35
ITEM0005140,ORD002089,PROD0074,4,122.74
ITEM0005141,ORD002090,PROD0149,5,139.28
ITEM0005142,ORD002090,PROD0056,3,249.02
ITEM0005143,ORD002091,PROD0054,3,135.13
ITEM0005144,ORD002092,PROD0139,3,135.03
ITEM0005145,ORD002092,PROD0085,2,602.46
ITEM0005146,ORD002092,PROD0130,1,421.1
ITEM0005147,ORD002092,PROD0047,5,288.09
ITEM0005148,ORD002093,PROD0089,3,289.58
ITEM0005149,ORD002093,PROD0063,3,665.26
ITEM0005150,ORD002093,PROD0146,1,292.2
ITEM0005151,ORD002093,PROD0093,2,573.11
ITEM0005152,ORD002094,PROD0023,3,414.75
ITEM0005153,ORD002094,PROD0012,3,589.04
ITEM0005154,ORD002094,PROD0001,3,342.2
ITEM0005155,ORD002095,PROD0038,1,216.74
ITEM0005156,ORD002095,PROD0041,4,438.01
ITEM0005157,ORD002095,PROD0002,3,112.42
ITEM0005158,ORD002096,PROD0028,5,463.5
ITEM0005159,ORD002096,PROD0015,1,442.7
ITEM0005160,ORD002096,PROD0056,1,249.02
ITEM0005161,ORD002096,PROD0049,2,106.04
ITEM0005162,ORD002097,PROD0104,4,66.01
ITEM0005163,ORD002097,PROD0095,3,271.32
ITEM0005164,ORD002097,PROD0142,2,347.19
ITEM0005165,ORD002098,PROD0091,1,161.11
ITEM0005166,ORD002098,PROD0106,2,508.9
ITEM0005167,ORD002098,PROD0136,4,485.57
ITEM0005168,ORD002098,PROD0073,1,241.62
ITEM0005169,ORD002099,PROD0092,4,557.9
ITEM0005170,ORD002099,PROD0145,1,359.48
ITEM0005171,ORD002099,PROD0093,2,573.11
ITEM0005172,ORD002099,PROD0149,3,139.28
ITEM0005173,ORD002100,PROD0023,5,414.75
ITEM0005174,ORD002100,PROD0003,2,4.27
ITEM0005175,ORD002101,PROD0051,2,294.17
ITEM0005176,ORD002101,PROD0117,3,130.11
ITEM0005177,ORD002101,PROD0034,4,303.7
ITEM0005178,ORD002102,PROD0040,1,508.7
ITEM0005179,ORD002102,PROD0046,3,207.44
ITEM0005180,ORD002102,PROD0144,2,105.68
ITEM0005181,ORD002102,PROD0037,3,540.32
ITEM0005182,ORD002103,PROD0007,5,248.82
ITEM0005183,ORD002103,PROD0118,1,58.39
ITEM0005184,ORD002103,PROD0111,2,408.22
ITEM0005185,ORD002104,PROD0013,4,196.91
ITEM0005186,ORD002105,PROD0144,1,105.68
ITEM0005187,ORD002105,PROD0057,3,632.78
ITEM0005188,ORD002105,PROD0111,2,408.22
ITEM0005189,ORD002106,PROD0086,2,203.78
ITEM0005190,ORD002106,PROD0110,4,39.23
ITEM0005191,ORD002107,PROD0125,3,377.98
ITEM0005192,ORD002107,PROD0063,5,665.26
ITEM0005193,ORD002108,PROD0120,2,261.92
ITEM0005194,ORD002108,PROD0046,4,207.44
ITEM0005195,ORD002108,PROD0050,3,235.27
ITEM0005196,ORD002109,PROD0044,5,474.28
ITEM0005197,ORD002109,PROD0129,5,246.64
ITEM0005198,ORD002109,PROD0141,3,19.31
ITEM0005199,ORD002109,PROD0099,1,386.23
ITEM0005200,ORD002110,PROD0107,3,462.67
ITEM0005201,ORD002110,PROD0023,5,414.75
ITEM0005202,ORD002110,PROD0059,1,254.01
ITEM0005203,ORD002111,PROD0121,1,287.5
ITEM0005204,ORD002111,PROD0108,2,332.49
ITEM0005205,ORD002111,PROD0150,2,88.94
ITEM0005206,ORD002112,PROD0020,4,124.89
ITEM0005207,ORD002113,PROD0062,1,355.88
ITEM0005208,ORD002113,PROD0149,2,139.28
ITEM0005209,ORD002114,PROD0142,2,347.19
ITEM0005210,ORD002115,PROD0124,2,173.3
ITEM0005211,ORD002115,PROD0048,2,277.49
ITEM0005212,ORD002115,PROD0009,4,138.45
ITEM0005213,ORD002115,PROD0029,5,93.87
ITEM0005214,ORD002116,PROD0119,4,103.02
ITEM0005215,ORD002117,PROD0136,2,485.57
ITEM0005216,ORD002117,PROD0062,4,355.88
ITEM0005217,ORD002117,PROD0066,3,370.45
ITEM0005218,ORD002118,PROD0142,4,347.19
ITEM0005219,ORD002119,PROD0061,-5,683.51
ITEM0005220,ORD002120,PROD0046,2,207.44
ITEM0005221,ORD002121,PROD0046,1,207.44
ITEM0005222,ORD002121,PROD0068,3,422.88
ITEM0005223,ORD002122,PROD0042,1,394.4
ITEM0005224,ORD002123,PROD0136,2,485.57
ITEM0005225,ORD002123,PROD0056,1,249.02
ITEM0005226,ORD002124,PROD0120,-5,261.92
ITEM0005227,ORD002124,PROD0138,3,43.7
ITEM0005228,ORD002124,PROD0106,3,508.9
ITEM0005229,ORD002124,PROD0035,2,27.57
ITEM0005230,ORD002125,PROD0087,1,193.52
ITEM0005231,ORD002125,PROD0054,5,135.13
ITEM0005232,ORD002125,PROD0006,1,98.27
ITEM0005233,ORD002125,PROD0073,3,-241.62
ITEM0005234,ORD002126,PROD0106,1,508.9
ITEM0005235,ORD002126,PROD0126,3,263.88
ITEM0005236,ORD002126,PROD0115,1,431.33
ITEM0005237,ORD002127,PROD0076,5,277.07
ITEM0005238,ORD002127,PROD0011,1,325.01
ITEM0005239,ORD002127,PROD0087,4,193.52
ITEM0005240,ORD002128,PROD0145,1,359.48
ITEM0005241,ORD002128,PROD0007,2,248.82
ITEM0005242,ORD002129,PROD0066,4,370.45
ITEM0005243,ORD002129,PROD0008,5,174.9
ITEM0005244,ORD002130,PROD0103,3,305.68
ITEM0005245,ORD002131,PROD0118,1,58.39
ITEM0005246,ORD002132,PROD0050,1,235.27
ITEM0005247,ORD002132,PROD0023,1,414.75
ITEM0005248,ORD002132,PROD0042,1,394.4
ITEM0005249,ORD002132,PROD0066,5,370.45
ITEM0005250,ORD002133,PROD0128,4,403.21
ITEM0005251,ORD002133,PROD0103,3,305.68
ITEM0005252,ORD002133,PROD0119,1,103.02
ITEM0005253,ORD002133,PROD0113,2,320.56
ITEM0005254,ORD002134,PROD0011,-5,325.01
ITEM0005255,ORD002134,PROD0034,3,303.7
ITEM0005256,ORD002134,PROD0040,5,508.7
ITEM0005257,ORD002134,PROD0053,2,292.19
ITEM0005258,ORD002135,PROD0137,5,447.4
ITEM0005259,ORD002135,PROD0069,2,619.75
ITEM0005260,ORD002136,PROD0056,4,249.02
ITEM0005261,ORD002136,PROD0087,2,193.52
ITEM0005262,ORD002137,PROD0051,3,294.17
ITEM0005263,ORD002137,PROD0136,4,485.57
ITEM0005264,ORD002137,PROD0079,3,61.84
ITEM0005265,ORD002137,PROD0099,3,386.23
ITEM0005266,ORD002138,PROD0104,2,66.01
ITEM0005267,ORD002138,PROD0043,2,251.98
ITEM0005268,ORD002138,PROD0040,1,508.7
ITEM0005269,ORD002138,PROD0122,1,484.26
ITEM0005270,ORD002139,PROD0035,4,27.57
ITEM0005271,ORD002139,PROD0024,3,594.24
ITEM0005272,ORD002139,PROD0096,2,321.49
ITEM0005273,ORD002140,PROD0094,1,393.51
ITEM0005274,ORD002140,PROD0118,3,58.39
ITEM0005275,ORD002141,PROD0020,1,124.89
ITEM0005276,ORD002142,PROD0074,5,122.74
ITEM0005277,ORD002142,PROD0043,3,251.98
ITEM0005278,ORD002142,PROD0021,3,487.35
ITEM0005279,ORD002142,PROD0142,1,347.19
ITEM0005280,ORD002143,PROD0074,2,122.74
ITEM0005281,ORD002143,PROD0046,3,207.44
ITEM0005282,ORD002143,PROD0129,5,246.64
ITEM0005283,ORD002143,PROD0114,5,45.61
ITEM0005284,ORD002144,PROD0067,3,363.03
ITEM0005285,ORD002145,PROD0061,3,683.51
ITEM0005286,ORD002145,PROD0013,5,196.91
ITEM0005287,ORD002146,PROD0036,3,33.3
ITEM0005288,ORD002147,PROD0044,1,474.28
ITEM0005289,ORD002147,PROD0079,1,61.84
ITEM0005290,ORD002147,PROD0053,5,292.19
ITEM0005291,ORD002147,PROD0013,4,196.91
ITEM0005292,ORD002148,PROD0038,1,216.74
ITEM0005293,ORD002149,PROD0069,4,619.75
ITEM0005294,ORD002150,PROD0049,4,106.04
ITEM0005295,ORD002150,PROD0021,1,487.35
ITEM0005296,ORD002151,PROD0035,2,27.57
ITEM0005297,ORD002151,PROD0029,1,93.87
ITEM0005298,ORD002152,PROD0102,3,266.91
ITEM0005299,ORD002152,PROD0098,1,351.41
ITEM0005300,ORD002152,PROD0116,3,366.52
ITEM0005301,ORD002152,PROD0130,4,421.1
ITEM0005302,ORD002153,PROD0149,5,139.28
ITEM0005303,ORD002153,PROD0095,5,271.32
ITEM0005304,ORD002153,PROD0044,4,474.28
ITEM0005305,ORD002154,PROD0059,3,254.01
ITEM0005306,ORD002154,PROD0008,4,174.9
ITEM0005307,ORD002155,PROD0005,1,196.98
ITEM0005308,ORD002155,PROD0121,3,287.5
ITEM0005309,ORD002155,PROD0080,-3,392.58
ITEM0005310,ORD002155,PROD0026,2,585.88
ITEM0005311,ORD002156,PROD0136,5,485.57
ITEM0005312,ORD002156,PROD0092,4,557.9
ITEM0005313,ORD002157,PROD0101,1,182.81
ITEM0005314,ORD002157,PROD0005,1,196.98
ITEM0005315,ORD002157,PROD0125,2,377.98
ITEM0005316,ORD002157,PROD0084,3,464.44
ITEM0005317,ORD002158,PROD0016,5,30.39
ITEM0005318,ORD002158,PROD0129,3,246.64
ITEM0005319,ORD002158,PROD0090,3,51.56
ITEM0005320,ORD002159,PROD0115,4,431.33
ITEM0005321,ORD002160,PROD0144,3,105.68
ITEM0005322,ORD002160,PROD0091,3,161.11
ITEM0005323,ORD002160,PROD0040,3,508.7
ITEM0005324,ORD002161,PROD0044,5,474.28
ITEM0005325,ORD002161,PROD0041,5,438.01
ITEM0005326,ORD002161,PROD0123,4,95.95
ITEM0005327,ORD002162,PROD0037,1,540.32
ITEM0005328,ORD002163,PROD0144,3,105.68
ITEM0005329,ORD002164,PROD0121,5,287.5
ITEM0005330,ORD002164,PROD0082,2,196.55
ITEM0005331,ORD002164,PROD0057,4,632.78
ITEM0005332,ORD002165,PROD0034,1,303.7
ITEM0005333,ORD002165,PROD0112,2,308.35
ITEM0005334,ORD002165,PROD0043,2,251.98
ITEM0005335,ORD002166,PROD0049,2,106.04
ITEM0005336,ORD002166,PROD0115,5,431.33
ITEM0005337,ORD002166,PROD0037,2,540.32
ITEM0005338,ORD002166,PROD0134,1,192.47
ITEM0005339,ORD002167,PROD0060,5,497.77
ITEM0005340,ORD002167,PROD0016,1,30.39
ITEM0005341,ORD002168,PROD0005,1,196.98
ITEM0005342,ORD002168,PROD0051,5,294.17
ITEM0005343,ORD002169,PROD0106,4,508.9
ITEM0005344,ORD002169,PROD0128,4,403.21
ITEM0005345,ORD002169,PROD0118,3,58.39
ITEM0005346,ORD002169,PROD0119,2,103.02
ITEM0005347,ORD002170,PROD0092,1,557.9
ITEM0005348,ORD002170,PROD0029,5,93.87
ITEM0005349,ORD002171,PROD0050,2,235.27
ITEM0005350,ORD002171,PROD0064,2,411.35
ITEM0005351,ORD002172,PROD0008,2,174.9
ITEM0005352,ORD002172,PROD0119,2,103.02
ITEM0005353,ORD002172,PROD0006,4,98.27
ITEM0005354,ORD002173,PROD0079,4,61.84
ITEM0005355,ORD002173,PROD0130,4,421.1
ITEM0005356,ORD002173,PROD0123,2,95.95
ITEM0005357,ORD002174,PROD0014,5,16.7
ITEM0005358,ORD002174,PROD0045,3,66.57
ITEM0005359,ORD002175,PROD0093,5,573.11
ITEM0005360,ORD002175,PROD0130,1,421.1
ITEM0005361,ORD002176,PROD0077,5,286.06
ITEM0005362,ORD002177,PROD0081,3,318.7
ITEM0005363,ORD002177,PROD0101,2,182.81
ITEM0005364,ORD002177,PROD0076,1,277.07
ITEM0005365,ORD002178,PROD0127,3,-9.71
ITEM0005366,ORD002178,PROD0138,1,43.7
ITEM0005367,ORD002178,PROD0094,4,393.51
ITEM0005368,ORD002178,PROD0085,1,602.46
ITEM0005369,ORD002179,PROD0109,2,126.44
ITEM0005370,ORD002179,PROD0126,1,263.88
ITEM0005371,ORD002180,PROD0119,4,103.02
ITEM0005372,ORD002181,PROD0011,1,325.01
ITEM0005373,ORD002181,PROD0064,4,411.35
ITEM0005374,ORD002181,PROD0028,1,463.5
ITEM0005375,ORD002181,PROD0106,4,508.9
ITEM0005376,ORD002182,PROD0033,4,470.6
ITEM0005377,ORD002182,PROD0144,3,105.68
ITEM0005378,ORD002183,PROD0089,3,289.58
ITEM0005379,ORD002184,PROD0108,4,332.49
ITEM0005380,ORD002185,PROD0100,4,208.15
ITEM0005381,ORD002185,PROD0065,3,153.97
ITEM0005382,ORD002186,PROD0107,2,462.67
ITEM0005383,ORD002186,PROD0049,1,106.04
ITEM0005384,ORD002186,PROD0048,5,277.49
ITEM0005385,ORD002187,PROD0080,4,392.58
ITEM0005386,ORD002187,PROD0143,5,453.59
ITEM0005387,ORD002187,PROD0100,5,208.15
ITEM0005388,ORD002187,PROD0149,1,139.28
ITEM0005389,ORD002188,PROD0067,2,363.03
ITEM0005390,ORD002189,PROD0109,3,-126.44
ITEM0005391,ORD002190,PROD0029,4,93.87
ITEM0005392,ORD002191,PROD0005,2,-196.98
ITEM0005393,ORD002191,PROD0135,2,427.2
ITEM0005394,ORD002191,PROD0093,2,573.11
ITEM0005395,ORD002191,PROD0089,3,289.58
ITEM0005396,ORD002192,PROD0001,3,342.2
ITEM0005397,ORD002193,PROD0005,2,196.98
ITEM0005398,ORD002193,PROD0056,4,249.02
ITEM0005399,ORD002194,PROD0088,1,51.09
ITEM0005400,ORD002194,PROD0106,2,508.9
ITEM0005401,ORD002195,PROD0130,1,421.1
ITEM0005402,ORD002195,PROD0106,1,508.9
ITEM0005403,ORD002195,PROD0036,2,33.3
ITEM0005404,ORD002196,PROD0101,4,182.81
ITEM0005405,ORD002196,PROD0109,5,126.44
ITEM0005406,ORD002197,PROD0149,3,139.28
ITEM0005407,ORD002197,PROD0132,4,316.5
ITEM0005408,ORD002197,PROD0072,5,226.81
ITEM0005409,ORD002198,PROD0028,2,463.5
ITEM0005410,ORD002198,PROD0052,2,436.28
ITEM0005411,ORD002199,PROD0013,3,196.91
ITEM0005412,ORD002199,PROD0064,1,411.35
ITEM0005413,ORD002199,PROD0014,4,16.7
ITEM0005414,ORD002200,PROD0041,5,438.01
ITEM0005415,ORD002200,PROD0130,1,421.1
ITEM0005416,ORD002200,PROD0061,1,683.51
ITEM0005417,ORD002201,PROD0103,4,305.68
ITEM0005418,ORD002201,PROD0022,3,380.56
ITEM0005419,ORD002202,PROD0069,2,619.75
ITEM0005420,ORD002202,PROD0145,3,359.48
ITEM0005421,ORD002202,PROD0007,3,248.82
ITEM0005422,ORD002203,PROD0139,4,135.03
ITEM0005423,ORD002203,PROD0138,1,43.7
ITEM0005424,ORD002204,PROD0114,2,45.61
ITEM0005425,ORD002204,PROD0132,3,316.5
ITEM0005426,ORD002204,PROD0049,2,106.04
ITEM0005427,ORD002204,PROD0037,1,540.32
ITEM0005428,ORD002205,PROD0028,4,463.5
ITEM0005429,ORD002205,PROD0144,5,105.68
ITEM0005430,ORD002205,PROD0084,-2,464.44
ITEM0005431,ORD002205,PROD0059,2,254.01
ITEM0005432,ORD002206,PROD0148,5,427.66
ITEM0005433,ORD002207,PROD0114,3,45.61
ITEM0005434,ORD002207,PROD0058,4,356.49
ITEM0005435,ORD002208,PROD0089,4,289.58
ITEM0005436,ORD002209,PROD0123,4,95.95
ITEM0005437,ORD002209,PROD0009,2,138.45
ITEM0005438,ORD002209,PROD0082,-5,196.55
ITEM0005439,ORD002209,PROD0067,3,363.03
ITEM0005440,ORD002210,PROD0013,5,196.91
ITEM0005441,ORD002210,PROD0091,1,161.11
ITEM0005442,ORD002211,PROD0109,2,126.44
ITEM0005443,ORD002211,PROD0108,5,332.49
ITEM0005444,ORD002212,PROD0024,3,594.24
ITEM0005445,ORD002213,PROD0019,5,443.45
ITEM0005446,ORD002214,PROD0066,2,370.45
ITEM0005447,ORD002214,PROD0101,3,182.81
ITEM0005448,ORD002214,PROD0113,5,320.56
ITEM0005449,ORD002215,PROD0028,5,463.5
ITEM0005450,ORD002215,PROD0148,4,427.66
ITEM0005451,ORD002216,PROD0139,2,135.03
ITEM0005452,ORD002216,PROD0065,1,153.97
ITEM0005453,ORD002217,PROD0148,3,427.66
ITEM0005454,ORD002218,PROD0010,5,488.99
ITEM0005455,ORD002218,PROD0059,4,254.01
ITEM0005456,ORD002218,PROD0036,4,33.3
ITEM0005457,ORD002218,PROD0064,2,411.35
ITEM0005458,ORD002219,PROD0005,5,196.98
ITEM0005459,ORD002219,PROD0055,2,408.1
ITEM0005460,ORD002219,PROD0145,2,359.48
ITEM0005461,ORD002220,PROD0115,2,431.33
ITEM0005462,ORD002220,PROD0003,5,-4.27
ITEM0005463,ORD002221,PROD0031,1,15.13
ITEM0005464,ORD002221,PROD0057,4,632.78
ITEM0005465,ORD002221,PROD0058,4,356.49
ITEM0005466,ORD002222,PROD0009,1,138.45
ITEM0005467,ORD002222,PROD0059,4,254.01
ITEM0005468,ORD002223,PROD0061,2,683.51
ITEM0005469,ORD002223,PROD0004,4,129.15
ITEM0005470,ORD002224,PROD0097,3,53.1
ITEM0005471,ORD002224,PROD0083,2,306.64
ITEM0005472,ORD002225,PROD0080,3,392.58
ITEM0005473,ORD002226,PROD0133,3,317.22
ITEM0005474,ORD002226,PROD0137,5,447.4
ITEM0005475,ORD002226,PROD0038,1,216.74
ITEM0005476,ORD002227,PROD0122,3,484.26
ITEM0005477,ORD002227,PROD0064,3,411.35
ITEM0005478,ORD002227,PROD0060,1,497.77
ITEM0005479,ORD002227,PROD0140,4,496.11
ITEM0005480,ORD002228,PROD0018,2,119.66
ITEM0005481,ORD002228,PROD0150,1,88.94
ITEM0005482,ORD002229,PROD0089,2,289.58
ITEM0005483,ORD002229,PROD0097,5,53.1
ITEM0005484,ORD002229,PROD0052,3,436.28
ITEM0005485,ORD002230,PROD0121,4,287.5
ITEM0005486,ORD002230,PROD0136,2,485.57
ITEM0005487,ORD002230,PROD0035,2,27.57
ITEM0005488,ORD002231,PROD0131,5,130.48
ITEM0005489,ORD002231,PROD0097,3,53.1
ITEM0005490,ORD002232,PROD0054,5,135.13
ITEM0005491,ORD002233,PROD0135,1,427.2
ITEM0005492,ORD002233,PROD0025,5,23.62
ITEM0005493,ORD002233,PROD0147,2,570.65
ITEM0005494,ORD002233,PROD0049,2,106.04
ITEM0005495,ORD002234,PROD0025,3,23.62
ITEM0005496,ORD002234,PROD0129,5,246.64
ITEM0005497,ORD002234,PROD0093,5,573.11
ITEM0005498,ORD002235,PROD0103,2,305.68
ITEM0005499,ORD002235,PROD0058,2,356.49
ITEM0005500,ORD002235,PROD0008,3,-174.9
ITEM0005501,ORD002236,PROD0026,4,585.88
ITEM0005502,ORD002236,PROD0110,2,39.23
ITEM0005503,ORD002236,PROD0129,1,246.64
ITEM0005504,ORD002236,PROD0150,5,88.94
ITEM0005505,ORD002237,PROD0099,2,386.23
ITEM0005506,ORD002237,PROD0013,3,196.91
ITEM0005507,ORD002237,PROD0135,5,427.2
ITEM0005508,ORD002237,PROD0138,4,43.7
ITEM0005509,ORD002238,PROD0063,5,665.26
ITEM0005510,ORD002238,PROD0005,4,196.98
ITEM0005511,ORD002239,PROD0080,4,392.58
ITEM0005512,ORD002239,PROD0013,1,196.91
ITEM0005513,ORD002239,PROD0132,3,316.5
ITEM0005514,ORD002239,PROD0073,1,241.62
ITEM0005515,ORD002240,PROD0111,3,408.22
ITEM0005516,ORD002240,PROD0046,1,-207.44
ITEM0005517,ORD002240,PROD0037,3,540.32
ITEM0005518,ORD002240,PROD0135,4,427.2
ITEM0005519,ORD002241,PROD0135,1,427.2
ITEM0005520,ORD002241,PROD0110,4,39.23
ITEM0005521,ORD002241,PROD0021,1,487.35
ITEM0005522,ORD002242,PROD0114,3,45.61
ITEM0005523,ORD002243,PROD0035,1,27.57
ITEM0005524,ORD002243,PROD0080,5,392.58
ITEM0005525,ORD002243,PROD0072,4,226.81
ITEM0005526,ORD002243,PROD0019,2,443.45
ITEM0005527,ORD002244,PROD0055,5,408.1
ITEM0005528,ORD002244,PROD0135,3,427.2
ITEM0005529,ORD002245,PROD0044,2,474.28
ITEM0005530,ORD002245,PROD0133,3,317.22
ITEM0005531,ORD002245,PROD0096,4,321.49
ITEM0005532,ORD002245,PROD0007,5,248.82
ITEM0005533,ORD002246,PROD0066,4,370.45
ITEM0005534,ORD002247,PROD0075,2,383.73
ITEM0005535,ORD002247,PROD0149,2,139.28
ITEM0005536,ORD002248,PROD0131,5,130.48
ITEM0005537,ORD002249,PROD0031,2,15.13
ITEM0005538,ORD002250,PROD0035,5,27.57
ITEM0005539,ORD002250,PROD0072,3,226.81
ITEM0005540,ORD002251,PROD0125,5,377.98
ITEM0005541,ORD002251,PROD0065,2,153.97
ITEM0005542,ORD002252,PROD0124,3,173.3
ITEM0005543,ORD002252,PROD0101,5,182.81
ITEM0005544,ORD002253,PROD0049,2,106.04
ITEM0005545,ORD002254,PROD0063,3,665.26
ITEM0005546,ORD002254,PROD0033,1,470.6
ITEM0005547,ORD002254,PROD0012,5,589.04
ITEM0005548,ORD002254,PROD0132,3,316.5
ITEM0005549,ORD002255,PROD0044,4,474.28
ITEM0005550,ORD002255,PROD0027,5,356.31
ITEM0005551,ORD002255,PROD0016,1,30.39
ITEM0005552,ORD002255,PROD0014,3,-16.7
ITEM0005553,ORD002256,PROD0136,4,485.57
ITEM0005554,ORD002256,PROD0102,3,266.91
ITEM0005555,ORD002256,PROD0085,1,602.46
ITEM0005556,ORD002257,PROD0068,5,-422.88
ITEM0005557,ORD002257,PROD0027,4,356.31
ITEM0005558,ORD002257,PROD0038,2,216.74
ITEM0005559,ORD002257,PROD0002,5,112.42
ITEM0005560,ORD002258,PROD0094,4,393.51
ITEM0005561,ORD002258,PROD0030,3,314.5
ITEM0005562,ORD002259,PROD0144,1,105.68
ITEM0005563,ORD002259,PROD0014,5,16.7
ITEM0005564,ORD002259,PROD0056,3,249.02
ITEM0005565,ORD002260,PROD0041,5,438.01
ITEM0005566,ORD002260,PROD0132,5,316.5
ITEM0005567,ORD002260,PROD0059,5,254.01
ITEM0005568,ORD002261,PROD0049,4,106.04
ITEM0005569,ORD002261,PROD0047,1,288.09
ITEM0005570,ORD002261,PROD0144,5,105.68
ITEM0005571,ORD002262,PROD0116,1,366.52
ITEM0005572,ORD002262,PROD0119,5,103.02
ITEM0005573,ORD002263,PROD0100,4,208.15
ITEM0005574,ORD002263,PROD0087,4,193.52
ITEM0005575,ORD002263,PROD0148,2,427.66
ITEM0005576,ORD002264,PROD0014,5,16.7
ITEM0005577,ORD002265,PROD0072,2,226.81
ITEM0005578,ORD002265,PROD0055,5,408.1
ITEM0005579,ORD002265,PROD0009,4,138.45
ITEM0005580,ORD002265,PROD0122,4,484.26
ITEM0005581,ORD002266,PROD0060,2,497.77
ITEM0005582,ORD002266,PROD0106,1,508.9
ITEM0005583,ORD002267,PROD0038,4,216.74
ITEM0005584,ORD002268,PROD0043,4,251.98
ITEM0005585,ORD002269,PROD0148,5,427.66
ITEM0005586,ORD002269,PROD0150,5,88.94
ITEM0005587,ORD002269,PROD0017,3,234.28
ITEM0005588,ORD002270,PROD0016,2,30.39
ITEM0005589,ORD002270,PROD0072,1,226.81
ITEM0005590,ORD002271,PROD0112,5,308.35
ITEM0005591,ORD002272,PROD0016,3,30.39
ITEM0005592,ORD002273,PROD0014,4,16.7
ITEM0005593,ORD002274,PROD0135,5,427.2
ITEM0005594,ORD002274,PROD0042,3,394.4
ITEM0005595,ORD002274,PROD0046,3,207.44
ITEM0005596,ORD002274,PROD0144,4,105.68
ITEM0005597,ORD002275,PROD0050,3,235.27
ITEM0005598,ORD002275,PROD0106,5,508.9
ITEM0005599,ORD002275,PROD0105,5,308.26
ITEM0005600,ORD002275,PROD0083,2,306.64
ITEM0005601,ORD002276,PROD0037,5,540.32
ITEM0005602,ORD002276,PROD0091,4,161.11
ITEM0005603,ORD002277,PROD0122,3,484.26
ITEM0005604,ORD002278,PROD0012,3,589.04
ITEM0005605,ORD002279,PROD0038,4,216.74
ITEM0005606,ORD002279,PROD0123,4,95.95
ITEM0005607,ORD002279,PROD0001,4,342.2
ITEM0005608,ORD002280,PROD0041,2,438.01
ITEM0005609,ORD002280,PROD0146,4,292.2
ITEM0005610,ORD002280,PROD0007,4,248.82
ITEM0005611,ORD002280,PROD0076,4,277.07
ITEM0005612,ORD002281,PROD0148,3,427.66
ITEM0005613,ORD002281,PROD0018,3,119.66
ITEM0005614,ORD002282,PROD0132,4,316.5
ITEM0005615,ORD002282,PROD0041,1,438.01
ITEM0005616,ORD002282,PROD0012,3,589.04
ITEM0005617,ORD002282,PROD0053,4,292.19
ITEM0005618,ORD002283,PROD0035,2,27.57
ITEM0005619,ORD002284,PROD0074,2,122.74
ITEM0005620,ORD002284,PROD0002,2,112.42
ITEM0005621,ORD002284,PROD0084,4,464.44
ITEM0005622,ORD002285,PROD0019,3,443.45
ITEM0005623,ORD002285,PROD0120,5,261.92
ITEM0005624,ORD002285,PROD0141,2,19.31
ITEM0005625,ORD002285,PROD0004,4,129.15
ITEM0005626,ORD002286,PROD0035,3,27.57
ITEM0005627,ORD002286,PROD0105,3,308.26
ITEM0005628,ORD002286,PROD0029,1,93.87
ITEM0005629,ORD002287,PROD0069,2,619.75
ITEM0005630,ORD002287,PROD0075,5,383.73
ITEM0005631,ORD002287,PROD0024,5,594.24
ITEM0005632,ORD002287,PROD0033,3,470.6
ITEM0005633,ORD002288,PROD0099,2,386.23
ITEM0005634,ORD002289,PROD0093,4,573.11
ITEM0005635,ORD002289,PROD0020,3,124.89
ITEM0005636,ORD002289,PROD0150,2,88.94
ITEM0005637,ORD002289,PROD0052,3,436.28
ITEM0005638,ORD002290,PROD0041,4,438.01
ITEM0005639,ORD002290,PROD0029,4,93.87
ITEM0005640,ORD002290,PROD0051,4,294.17
ITEM0005641,ORD002290,PROD0069,2,619.75
ITEM0005642,ORD002291,PROD0001,1,342.2
ITEM0005643,ORD002292,PROD0012,2,589.04
ITEM0005644,ORD002292,PROD0143,3,453.59
ITEM0005645,ORD002292,PROD0065,1,153.97
ITEM0005646,ORD002293,PROD0004,5,129.15
ITEM0005647,ORD002294,PROD0085,5,602.46
ITEM0005648,ORD002295,PROD0088,1,51.09
ITEM0005649,ORD002296,PROD0133,2,317.22
ITEM0005650,ORD002296,PROD0111,1,408.22
ITEM0005651,ORD002296,PROD0010,5,488.99
ITEM0005652,ORD002297,PROD0115,5,431.33
ITEM0005653,ORD002297,PROD0109,3,126.44
ITEM0005654,ORD002297,PROD0067,4,363.03
ITEM0005655,ORD002297,PROD0037,3,540.32
ITEM0005656,ORD002298,PROD0045,-4,66.57
ITEM0005657,ORD002299,PROD0111,3,408.22
ITEM0005658,ORD002299,PROD0095,1,271.32
ITEM0005659,ORD002299,PROD0107,4,462.67
ITEM0005660,ORD002300,PROD0015,5,442.7
ITEM0005661,ORD002300,PROD0078,3,57.56
ITEM0005662,ORD002300,PROD0061,3,683.51
ITEM0005663,ORD002301,PROD0033,1,470.6
ITEM0005664,ORD002301,PROD0058,3,356.49
ITEM0005665,ORD002302,PROD0048,4,277.49
ITEM0005666,ORD002303,PROD0140,5,496.11
ITEM0005667,ORD002303,PROD0102,5,266.91
ITEM0005668,ORD002303,PROD0031,1,15.13
ITEM0005669,ORD002304,PROD0132,5,316.5
ITEM0005670,ORD002304,PROD0136,2,485.57
ITEM0005671,ORD002304,PROD0091,3,161.11
ITEM0005672,ORD002304,PROD0145,3,359.48
ITEM0005673,ORD002305,PROD0062,5,355.88
ITEM0005674,ORD002305,PROD0107,4,462.67
ITEM0005675,ORD002306,PROD0087,1,193.52
ITEM0005676,ORD002306,PROD0121,2,287.5
ITEM0005677,ORD002306,PROD0144,4,105.68
ITEM0005678,ORD002307,PROD0005,5,196.98
ITEM0005679,ORD002307,PROD0035,3,27.57
ITEM0005680,ORD002307,PROD0099,3,386.23
ITEM0005681,ORD002308,PROD0136,4,485.57
ITEM0005682,ORD002309,PROD0109,4,126.44
ITEM0005683,ORD002309,PROD0125,1,377.98
ITEM0005684,ORD002309,PROD0066,1,370.45
ITEM0005685,ORD002309,PROD0121,5,287.5
ITEM0005686,ORD002310,PROD0140,4,496.11
ITEM0005687,ORD002311,PROD0037,2,540.32
ITEM0005688,ORD002311,PROD0035,2,27.57
ITEM0005689,ORD002311,PROD0084,4,464.44
ITEM0005690,ORD002312,PROD0013,5,196.91
ITEM0005691,ORD002312,PROD0043,1,251.98
ITEM0005692,ORD002312,PROD0028,5,463.5
ITEM0005693,ORD002313,PROD0150,5,88.94
ITEM0005694,ORD002313,PROD0102,3,266.91
ITEM0005695,ORD002314,PROD0095,5,271.32
ITEM0005696,ORD002314,PROD0129,1,246.64
ITEM0005697,ORD002315,PROD0062,2,355.88
ITEM0005698,ORD002315,PROD0034,3,303.7
ITEM0005699,ORD002315,PROD0014,4,16.7
ITEM0005700,ORD002316,PROD0134,5,192.47
ITEM0005701,ORD002317,PROD0075,2,383.73
ITEM0005702,ORD002317,PROD0084,5,464.44
ITEM0005703,ORD002317,PROD0150,2,88.94
ITEM0005704,ORD002318,PROD0127,5,9.71
ITEM0005705,ORD002318,PROD0125,2,377.98
ITEM0005706,ORD002319,PROD0119,5,103.02
ITEM0005707,ORD002319,PROD0146,2,292.2
ITEM0005708,ORD002319,PROD0022,1,380.56
ITEM0005709,ORD002319,PROD0123,3,95.95
ITEM0005710,ORD002320,PROD0022,3,380.56
ITEM0005711,ORD002320,PROD0083,5,306.64
ITEM0005712,ORD002320,PROD0126,5,263.88
ITEM0005713,ORD002321,PROD0091,2,161.11
ITEM0005714,ORD002321,PROD0132,4,316.5
ITEM0005715,ORD002321,PROD0124,3,173.3
ITEM0005716,ORD002322,PROD0077,2,286.06
ITEM0005717,ORD002322,PROD0133,3,317.22
ITEM0005718,ORD002323,PROD0056,2,249.02
ITEM0005719,ORD002323,PROD0066,2,370.45
ITEM0005720,ORD002324,PROD0065,4,153.97
ITEM0005721,ORD002324,PROD0034,5,303.7
ITEM0005722,ORD002325,PROD0024,4,594.24
ITEM0005723,ORD002325,PROD0066,2,370.45
ITEM0005724,ORD002325,PROD0001,4,342.2
ITEM0005725,ORD002325,PROD0121,5,287.5
ITEM0005726,ORD002326,PROD0070,4,271.29
ITEM0005727,ORD002326,PROD0122,3,484.26
ITEM0005728,ORD002326,PROD0039,4,410.66
ITEM0005729,ORD002326,PROD0024,1,594.24
ITEM0005730,ORD002327,PROD0093,5,573.11
ITEM0005731,ORD002327,PROD0084,4,464.44
ITEM0005732,ORD002328,PROD0128,2,403.21
ITEM0005733,ORD002329,PROD0019,3,443.45
ITEM0005734,ORD002329,PROD0047,5,288.09
ITEM0005735,ORD002329,PROD0097,2,53.1
ITEM0005736,ORD002329,PROD0023,2,414.75
ITEM0005737,ORD002330,PROD0149,5,139.28
ITEM0005738,ORD002330,PROD0010,3,488.99
ITEM0005739,ORD002331,PROD0100,1,208.15
ITEM0005740,ORD002331,PROD0038,1,216.74
ITEM0005741,ORD002332,PROD0077,5,286.06
ITEM0005742,ORD002333,PROD0064,4,411.35
ITEM0005743,ORD002333,PROD0107,5,462.67
ITEM0005744,ORD002333,PROD0094,4,393.51
ITEM0005745,ORD002333,PROD0041,1,438.01
ITEM0005746,ORD002334,PROD0099,3,386.23
ITEM0005747,ORD002334,PROD0025,-4,23.62
ITEM0005748,ORD002335,PROD0055,2,408.1
ITEM0005749,ORD002336,PROD0017,4,234.28
ITEM0005750,ORD002336,PROD0064,3,411.35
ITEM0005751,ORD002337,PROD0135,3,427.2
ITEM0005752,ORD002338,PROD0022,3,380.56
ITEM0005753,ORD002338,PROD0122,2,484.26
ITEM0005754,ORD002338,PROD0112,2,308.35
ITEM0005755,ORD002338,PROD0094,4,393.51
ITEM0005756,ORD002339,PROD0141,5,19.31
ITEM0005757,ORD002339,PROD0046,3,207.44
ITEM0005758,ORD002340,PROD0050,3,235.27
ITEM0005759,ORD002340,PROD0090,5,51.56
ITEM0005760,ORD002340,PROD0105,4,308.26
ITEM0005761,ORD002341,PROD0134,1,192.47
ITEM0005762,ORD002341,PROD0063,1,665.26
ITEM0005763,ORD002342,PROD0081,1,318.7
ITEM0005764,ORD002342,PROD0104,1,66.01
ITEM0005765,ORD002342,PROD0080,1,392.58
ITEM0005766,ORD002342,PROD0090,5,51.56
ITEM0005767,ORD002343,PROD0112,5,308.35
ITEM0005768,ORD002343,PROD0021,4,487.35
ITEM0005769,ORD002343,PROD0055,3,408.1
ITEM0005770,ORD002343,PROD0115,2,431.33
ITEM0005771,ORD002344,PROD0051,5,294.17
ITEM0005772,ORD002344,PROD0123,4,95.95
ITEM0005773,ORD002345,PROD0056,3,249.02
ITEM0005774,ORD002345,PROD0125,4,377.98
ITEM0005775,ORD002346,PROD0003,3,4.27
ITEM0005776,ORD002346,PROD0082,1,196.55
ITEM0005777,ORD002346,PROD0001,5,342.2
ITEM0005778,ORD002347,PROD0105,1,308.26
ITEM0005779,ORD002347,PROD0097,3,53.1
ITEM0005780,ORD002348,PROD0100,3,208.15
ITEM0005781,ORD002348,PROD0112,5,308.35
ITEM0005782,ORD002349,PROD0093,2,573.11
ITEM0005783,ORD002349,PROD0116,5,366.52
ITEM0005784,ORD002349,PROD0030,5,314.5
ITEM0005785,ORD002350,PROD0123,3,95.95
ITEM0005786,ORD002350,PROD0065,1,153.97
ITEM0005787,ORD002350,PROD0124,5,173.3
ITEM0005788,ORD002351,PROD0086,2,203.78
ITEM0005789,ORD002351,PROD0096,5,321.49
ITEM0005790,ORD002351,PROD0127,1,9.71
ITEM0005791,ORD002351,PROD0138,3,43.7
ITEM0005792,ORD002352,PROD0009,1,138.45
ITEM0005793,ORD002352,PROD0083,2,306.64
ITEM0005794,ORD002352,PROD0146,4,292.2
ITEM0005795,ORD002353,PROD0052,2,436.28
ITEM0005796,ORD002353,PROD0096,4,321.49
ITEM0005797,ORD002354,PROD0041,5,-438.01
ITEM0005798,ORD002354,PROD0129,4,246.64
ITEM0005799,ORD002354,PROD0048,3,277.49
ITEM0005800,ORD002354,PROD0031,5,15.13
ITEM0005801,ORD002355,PROD0121,4,287.5
ITEM0005802,ORD002356,PROD0106,5,508.9
ITEM0005803,ORD002356,PROD0007,3,248.82
ITEM0005804,ORD002356,PROD0146,1,292.2
ITEM0005805,ORD002356,PROD0128,3,403.21
ITEM0005806,ORD002357,PROD0021,1,487.35
ITEM0005807,ORD002358,PROD0115,2,431.33
ITEM0005808,ORD002358,PROD0133,1,317.22
ITEM0005809,ORD002359,PROD0018,4,119.66
ITEM0005810,ORD002360,PROD0081,5,318.7
ITEM0005811,ORD002360,PROD0142,4,347.19
ITEM0005812,ORD002360,PROD0024,5,594.24
ITEM0005813,ORD002361,PROD0094,2,393.51
ITEM0005814,ORD002362,PROD0009,3,138.45
ITEM0005815,ORD002362,PROD0117,1,130.11
ITEM0005816,ORD002362,PROD0007,2,248.82
ITEM0005817,ORD002363,PROD0008,3,174.9
ITEM0005818,ORD002363,PROD0047,5,288.09
ITEM0005819,ORD002363,PROD0124,5,173.3
ITEM0005820,ORD002363,PROD0134,4,192.47
ITEM0005821,ORD002364,PROD0136,4,485.57
ITEM0005822,ORD002364,PROD0056,5,249.02
ITEM0005823,ORD002364,PROD0009,5,138.45
ITEM0005824,ORD002365,PROD0106,4,508.9
ITEM0005825,ORD002365,PROD0012,3,589.04
ITEM0005826,ORD002365,PROD0103,2,305.68
ITEM0005827,ORD002366,PROD0124,3,173.3
ITEM0005828,ORD002366,PROD0034,5,303.7
ITEM0005829,ORD002366,PROD0091,5,161.11
ITEM0005830,ORD002366,PROD0004,3,129.15
ITEM0005831,ORD002367,PROD0093,1,573.11
ITEM0005832,ORD002367,PROD0121,1,287.5
ITEM0005833,ORD002367,PROD0039,3,410.66
ITEM0005834,ORD002368,PROD0004,1,129.15
ITEM0005835,ORD002368,PROD0134,4,192.47
ITEM0005836,ORD002368,PROD0031,3,15.13
ITEM0005837,ORD002368,PROD0110,3,39.23
ITEM0005838,ORD002369,PROD0034,1,303.7
ITEM0005839,ORD002369,PROD0123,5,95.95
ITEM0005840,ORD002370,PROD0086,3,203.78
ITEM0005841,ORD002370,PROD0112,5,308.35
ITEM0005842,ORD002371,PROD0104,4,66.01
ITEM0005843,ORD002371,PROD0075,3,383.73
ITEM0005844,ORD002372,PROD0061,1,683.51
ITEM0005845,ORD002372,PROD0090,2,51.56
ITEM0005846,ORD002373,PROD0011,1,325.01
ITEM0005847,ORD002374,PROD0127,3,9.71
ITEM0005848,ORD002374,PROD0043,1,251.98
ITEM0005849,ORD002374,PROD0081,5,318.7
ITEM0005850,ORD002374,PROD0027,1,356.31
ITEM0005851,ORD002375,PROD0058,1,356.49
ITEM0005852,ORD002376,PROD0141,3,19.31
ITEM0005853,ORD002376,PROD0025,3,23.62
ITEM0005854,ORD002377,PROD0090,4,51.56
ITEM0005855,ORD002377,PROD0057,5,632.78
ITEM0005856,ORD002378,PROD0126,1,263.88
ITEM0005857,ORD002378,PROD0072,5,226.81
ITEM0005858,ORD002378,PROD0094,4,393.51
ITEM0005859,ORD002379,PROD0010,1,488.99
ITEM0005860,ORD002379,PROD0072,3,226.81
ITEM0005861,ORD002379,PROD0045,3,66.57
ITEM0005862,ORD002379,PROD0098,1,351.41
ITEM0005863,ORD002380,PROD0107,3,462.67
ITEM0005864,ORD002380,PROD0074,5,122.74
ITEM0005865,ORD002381,PROD0130,2,421.1
ITEM0005866,ORD002381,PROD0125,5,377.98
ITEM0005867,ORD002381,PROD0110,5,39.23
ITEM0005868,ORD002382,PROD0001,3,342.2
ITEM0005869,ORD002382,PROD0125,-3,377.98
ITEM0005870,ORD002382,PROD0073,1,241.62
ITEM0005871,ORD002382,PROD0031,2,15.13
ITEM0005872,ORD002383,PROD0040,3,508.7
ITEM0005873,ORD002383,PROD0023,3,414.75
ITEM0005874,ORD002383,PROD0054,5,135.13
ITEM0005875,ORD002383,PROD0137,2,447.4
ITEM0005876,ORD002384,PROD0103,1,305.68
ITEM0005877,ORD002384,PROD0139,5,135.03
ITEM0005878,ORD002384,PROD0129,4,246.64
ITEM0005879,ORD002385,PROD0055,5,408.1
ITEM0005880,ORD002385,PROD0126,2,263.88
ITEM0005881,ORD002386,PROD0115,4,431.33
ITEM0005882,ORD002386,PROD0110,3,39.23
ITEM0005883,ORD002387,PROD0138,5,43.7
ITEM0005884,ORD002387,PROD0115,3,431.33
ITEM0005885,ORD002387,PROD0118,1,58.39
ITEM0005886,ORD002387,PROD0076,4,277.07
ITEM0005887,ORD002388,PROD0085,2,602.46
ITEM0005888,ORD002389,PROD0009,1,138.45
ITEM0005889,ORD002389,PROD0049,2,106.04
ITEM0005890,ORD002390,PROD0142,2,347.19
ITEM0005891,ORD002390,PROD0137,3,447.4
ITEM0005892,ORD002391,PROD0072,2,226.81
ITEM0005893,ORD002391,PROD0139,1,135.03
ITEM0005894,ORD002391,PROD0003,5,4.27
ITEM0005895,ORD002391,PROD0041,5,438.01
ITEM0005896,ORD002392,PROD0145,5,359.48
ITEM0005897,ORD002392,PROD0124,2,173.3
ITEM0005898,ORD002393,PROD0110,2,39.23
ITEM0005899,ORD002393,PROD0004,1,129.15
ITEM0005900,ORD002393,PROD0129,2,246.64
ITEM0005901,ORD002393,PROD0108,2,332.49
ITEM0005902,ORD002394,PROD0087,5,193.52
ITEM0005903,ORD002394,PROD0027,4,356.31
ITEM0005904,ORD002395,PROD0016,5,30.39
ITEM0005905,ORD002396,PROD0102,2,266.91
ITEM0005906,ORD002397,PROD0048,4,277.49
ITEM0005907,ORD002397,PROD0109,5,126.44
ITEM0005908,ORD002397,PROD0136,4,485.57
ITEM0005909,ORD002398,PROD0121,1,287.5
ITEM0005910,ORD002398,PROD0051,1,294.17
ITEM0005911,ORD002399,PROD0007,3,248.82
ITEM0005912,ORD002399,PROD0014,4,16.7
ITEM0005913,ORD002400,PROD0127,3,9.71
ITEM0005914,ORD002400,PROD0074,5,122.74
ITEM0005915,ORD002400,PROD0132,5,316.5
ITEM0005916,ORD002401,PROD0040,2,508.7
ITEM0005917,ORD002401,PROD0054,2,135.13
ITEM0005918,ORD002402,PROD0141,4,19.31
ITEM0005919,ORD002402,PROD0076,2,277.07
ITEM0005920,ORD002403,PROD0117,1,130.11
ITEM0005921,ORD002403,PROD0140,5,496.11
ITEM0005922,ORD002403,PROD0014,4,16.7
ITEM0005923,ORD002404,PROD0005,5,196.98
ITEM0005924,ORD002404,PROD0072,1,226.81
ITEM0005925,ORD002404,PROD0087,4,193.52
ITEM0005926,ORD002405,PROD0025,2,23.62
ITEM0005927,ORD002405,PROD0020,-5,124.89
ITEM0005928,ORD002406,PROD0068,1,422.88
ITEM0005929,ORD002406,PROD0005,5,196.98
ITEM0005930,ORD002406,PROD0030,2,-314.5
ITEM0005931,ORD002406,PROD0013,4,196.91
ITEM0005932,ORD002407,PROD0100,3,208.15
ITEM0005933,ORD002408,PROD0014,2,16.7
ITEM0005934,ORD002408,PROD0141,1,19.31
ITEM0005935,ORD002408,PROD0040,5,508.7
ITEM0005936,ORD002409,PROD0008,5,174.9
ITEM0005937,ORD002409,PROD0142,3,347.19
ITEM0005938,ORD002409,PROD0019,2,443.45
ITEM0005939,ORD002410,PROD0121,4,287.5
ITEM0005940,ORD002411,PROD0135,4,427.2
ITEM0005941,ORD002411,PROD0097,4,53.1
ITEM0005942,ORD002412,PROD0115,3,431.33
ITEM0005943,ORD002412,PROD0113,1,320.56
ITEM0005944,ORD002412,PROD0114,3,45.61
ITEM0005945,ORD002413,PROD0090,3,51.56
ITEM0005946,ORD002413,PROD0042,5,394.4
ITEM0005947,ORD002413,PROD0101,5,182.81
ITEM0005948,ORD002413,PROD0032,4,172.77
ITEM0005949,ORD002414,PROD0024,1,594.24
ITEM0005950,ORD002415,PROD0094,4,393.51
ITEM0005951,ORD002415,PROD0079,2,61.84
ITEM0005952,ORD002415,PROD0107,4,462.67
ITEM0005953,ORD002416,PROD0103,1,305.68
ITEM0005954,ORD002416,PROD0083,1,-306.64
ITEM0005955,ORD002416,PROD0080,1,392.58
ITEM0005956,ORD002416,PROD0082,4,196.55
ITEM0005957,ORD002417,PROD0030,1,314.5
ITEM0005958,ORD002418,PROD0117,2,130.11
ITEM0005959,ORD002419,PROD0067,5,363.03
ITEM0005960,ORD002419,PROD0004,3,129.15
ITEM0005961,ORD002419,PROD0008,4,174.9
ITEM0005962,ORD002419,PROD0017,4,234.28
ITEM0005963,ORD002420,PROD0053,3,292.19
ITEM0005964,ORD002420,PROD0070,1,271.29
ITEM0005965,ORD002420,PROD0045,4,66.57
ITEM0005966,ORD002421,PROD0033,1,470.6
ITEM0005967,ORD002421,PROD0059,3,254.01
ITEM0005968,ORD002422,PROD0058,5,356.49
ITEM0005969,ORD002423,PROD0061,4,683.51
ITEM0005970,ORD002423,PROD0072,4,226.81
ITEM0005971,ORD002424,PROD0149,4,139.28
ITEM0005972,ORD002424,PROD0081,3,318.7
ITEM0005973,ORD002424,PROD0003,2,4.27
ITEM0005974,ORD002425,PROD0062,5,355.88
ITEM0005975,ORD002425,PROD0027,4,356.31
ITEM0005976,ORD002425,PROD0004,3,129.15
ITEM0005977,ORD002425,PROD0128,1,403.21
ITEM0005978,ORD002426,PROD0072,3,226.81
ITEM0005979,ORD002426,PROD0073,3,241.62
ITEM0005980,ORD002426,PROD0126,5,263.88
ITEM0005981,ORD002427,PROD0040,1,508.7
ITEM0005982,ORD002427,PROD0093,4,573.11
ITEM0005983,ORD002427,PROD0062,3,355.88
ITEM0005984,ORD002428,PROD0133,3,317.22
ITEM0005985,ORD002429,PROD0044,3,474.28
ITEM0005986,ORD002429,PROD0145,3,359.48
ITEM0005987,ORD002429,PROD0006,5,98.27
ITEM0005988,ORD002430,PROD0130,5,421.1
ITEM0005989,ORD002430,PROD0013,3,196.91
ITEM0005990,ORD002430,PROD0102,1,266.91
ITEM0005991,ORD002430,PROD0053,3,292.19
ITEM0005992,ORD002431,PROD0131,5,130.48
ITEM0005993,ORD002432,PROD0039,1,410.66
ITEM0005994,ORD002433,PROD0054,1,135.13
ITEM0005995,ORD002433,PROD0062,4,-355.88
ITEM0005996,ORD002434,PROD0045,1,66.57
ITEM0005997,ORD002434,PROD0118,4,58.39
ITEM0005998,ORD002434,PROD0030,2,314.5
ITEM0005999,ORD002434,PROD0067,2,363.03
ITEM0006000,ORD002435,PROD0004,2,129.15
ITEM0006001,ORD002435,PROD0065,4,153.97
ITEM0006002,ORD002436,PROD0037,3,540.32
ITEM0006003,ORD002436,PROD0088,3,51.09
ITEM0006004,ORD002436,PROD0013,1,196.91
ITEM0006005,ORD002437,PROD0127,2,9.71
ITEM0006006,ORD002437,PROD0058,3,356.49
ITEM0006007,ORD002437,PROD0102,1,266.91
ITEM0006008,ORD002437,PROD0076,1,277.07
ITEM0006009,ORD002438,PROD0062,2,355.88
ITEM0006010,ORD002439,PROD0067,5,363.03
ITEM0006011,ORD002439,PROD0104,3,66.01
ITEM0006012,ORD002440,PROD0059,1,254.01
ITEM0006013,ORD002440,PROD0044,5,474.28
ITEM0006014,ORD002441,PROD0150,2,88.94
ITEM0006015,ORD002441,PROD0027,3,356.31
ITEM0006016,ORD002442,PROD0058,1,356.49
ITEM0006017,ORD002443,PROD0133,1,317.22
ITEM0006018,ORD002444,PROD0020,5,124.89
ITEM0006019,ORD002444,PROD0115,5,431.33
ITEM0006020,ORD002445,PROD0113,1,320.56
ITEM0006021,ORD002445,PROD0060,4,497.77
ITEM0006022,ORD002445,PROD0140,3,496.11
ITEM0006023,ORD002446,PROD0004,3,129.15
ITEM0006024,ORD002446,PROD0083,2,306.64
ITEM0006025,ORD002446,PROD0060,5,497.77
ITEM0006026,ORD002446,PROD0092,5,557.9
ITEM0006027,ORD002447,PROD0015,3,442.7
ITEM0006028,ORD002447,PROD0035,5,27.57
ITEM0006029,ORD002447,PROD0137,5,447.4
ITEM0006030,ORD002448,PROD0026,2,585.88
ITEM0006031,ORD002448,PROD0083,1,306.64
ITEM0006032,ORD002448,PROD0061,4,683.51
ITEM0006033,ORD002449,PROD0111,1,408.22
ITEM0006034,ORD002450,PROD0126,1,263.88
ITEM0006035,ORD002450,PROD0053,1,292.19
ITEM0006036,ORD002451,PROD0008,1,174.9
ITEM0006037,ORD002451,PROD0107,1,462.67
ITEM0006038,ORD002452,PROD0025,2,23.62
ITEM0006039,ORD002452,PROD0101,3,182.81
ITEM0006040,ORD002453,PROD0016,2,30.39
ITEM0006041,ORD002453,PROD0109,3,126.44
ITEM0006042,ORD002453,PROD0085,4,602.46
ITEM0006043,ORD002454,PROD0089,4,289.58
ITEM0006044,ORD002455,PROD0003,5,4.27
ITEM0006045,ORD002455,PROD0138,4,43.7
ITEM0006046,ORD002455,PROD0026,3,585.88
ITEM0006047,ORD002456,PROD0115,3,431.33
ITEM0006048,ORD002457,PROD0095,3,271.32
ITEM0006049,ORD002458,PROD0101,4,182.81
ITEM0006050,ORD002459,PROD0021,3,487.35
ITEM0006051,ORD002459,PROD0078,4,57.56
ITEM0006052,ORD002459,PROD0009,1,138.45
ITEM0006053,ORD002460,PROD0002,1,112.42
ITEM0006054,ORD002460,PROD0013,3,196.91
ITEM0006055,ORD002460,PROD0004,3,129.15
ITEM0006056,ORD002461,PROD0090,1,51.56
ITEM0006057,ORD002461,PROD0044,5,474.28
ITEM0006058,ORD002461,PROD0093,4,573.11
ITEM0006059,ORD002461,PROD0105,4,308.26
ITEM0006060,ORD002462,PROD0021,1,487.35
ITEM0006061,ORD002462,PROD0023,4,414.75
ITEM0006062,ORD002462,PROD0130,3,421.1
ITEM0006063,ORD002463,PROD0062,1,355.88
ITEM0006064,ORD002463,PROD0028,1,463.5
ITEM0006065,ORD002463,PROD0087,4,193.52
ITEM0006066,ORD002464,PROD0026,2,585.88
ITEM0006067,ORD002464,PROD0011,2,325.01
ITEM0006068,ORD002465,PROD0026,3,585.88
ITEM0006069,ORD002465,PROD0106,3,508.9
ITEM0006070,ORD002465,PROD0131,5,130.48
ITEM0006071,ORD002465,PROD0066,3,370.45
ITEM0006072,ORD002466,PROD0023,2,414.75
ITEM0006073,ORD002467,PROD0041,5,438.01
ITEM0006074,ORD002467,PROD0149,3,139.28
ITEM0006075,ORD002467,PROD0118,5,58.39
ITEM0006076,ORD002467,PROD0084,1,464.44
ITEM0006077,ORD002468,PROD0149,3,139.28
ITEM0006078,ORD002468,PROD0040,5,508.7
ITEM0006079,ORD002469,PROD0108,2,332.49
ITEM0006080,ORD002469,PROD0066,2,370.45
ITEM0006081,ORD002469,PROD0147,1,570.65
ITEM0006082,ORD002469,PROD0121,4,287.5
ITEM0006083,ORD002470,PROD0118,1,58.39
ITEM0006084,ORD002470,PROD0111,1,408.22
ITEM0006085,ORD002470,PROD0109,2,126.44
ITEM0006086,ORD002470,PROD0103,3,305.68
ITEM0006087,ORD002471,PROD0004,4,129.15
ITEM0006088,ORD002471,PROD0136,3,485.57
ITEM0006089,ORD002471,PROD0091,2,161.11
ITEM0006090,ORD002471,PROD0108,4,332.49
ITEM0006091,ORD002472,PROD0070,1,271.29
ITEM0006092,ORD002473,PROD0022,3,380.56
ITEM0006093,ORD002474,PROD0118,3,58.39
ITEM0006094,ORD002474,PROD0083,4,306.64
ITEM0006095,ORD002474,PROD0034,5,303.7
ITEM0006096,ORD002475,PROD0105,3,-308.26
ITEM0006097,ORD002475,PROD0054,3,135.13
ITEM0006098,ORD002475,PROD0062,3,355.88
ITEM0006099,ORD002475,PROD0087,4,193.52
ITEM0006100,ORD002476,PROD0122,5,484.26
ITEM0006101,ORD002476,PROD0100,5,208.15
ITEM0006102,ORD002477,PROD0104,4,66.01
ITEM0006103,ORD002477,PROD0006,2,98.27
ITEM0006104,ORD002477,PROD0061,3,683.51
ITEM0006105,ORD002477,PROD0105,5,308.26
ITEM0006106,ORD002478,PROD0124,5,173.3
ITEM0006107,ORD002479,PROD0135,4,427.2
ITEM0006108,ORD002479,PROD0066,5,370.45
ITEM0006109,ORD002479,PROD0036,4,33.3
ITEM0006110,ORD002479,PROD0072,5,226.81
ITEM0006111,ORD002480,PROD0089,1,289.58
ITEM0006112,ORD002480,PROD0010,4,488.99
ITEM0006113,ORD002481,PROD0123,1,95.95
ITEM0006114,ORD002482,PROD0037,2,540.32
ITEM0006115,ORD002483,PROD0072,1,226.81
ITEM0006116,ORD002483,PROD0073,4,241.62
ITEM0006117,ORD002484,PROD0108,2,332.49
ITEM0006118,ORD002484,PROD0068,2,422.88
ITEM0006119,ORD002484,PROD0011,1,325.01
ITEM0006120,ORD002485,PROD0049,2,106.04
ITEM0006121,ORD002486,PROD0149,5,139.28
ITEM0006122,ORD002486,PROD0065,2,153.97
ITEM0006123,ORD002486,PROD0040,4,508.7
ITEM0006124,ORD002486,PROD0056,3,249.02
ITEM0006125,ORD002487,PROD0062,1,-355.88
ITEM0006126,ORD002487,PROD0079,2,61.84
ITEM0006127,ORD002487,PROD0141,2,19.31
ITEM0006128,ORD002487,PROD0084,4,464.44
ITEM0006129,ORD002488,PROD0091,4,161.11
ITEM0006130,ORD002488,PROD0051,3,294.17
ITEM0006131,ORD002488,PROD0041,3,438.01
ITEM0006132,ORD002489,PROD0125,5,377.98
ITEM0006133,ORD002489,PROD0062,1,355.88
ITEM0006134,ORD002489,PROD0131,4,130.48
ITEM0006135,ORD002489,PROD0135,4,427.2
ITEM0006136,ORD002490,PROD0005,2,196.98
ITEM0006137,ORD002490,PROD0114,4,45.61
ITEM0006138,ORD002490,PROD0098,3,351.41
ITEM0006139,ORD002491,PROD0005,1,196.98
ITEM0006140,ORD002491,PROD0074,1,122.74
ITEM0006141,ORD002492,PROD0117,2,130.11
ITEM0006142,ORD002492,PROD0015,1,442.7
ITEM0006143,ORD002493,PROD0095,1,271.32
ITEM0006144,ORD002493,PROD0054,1,135.13
ITEM0006145,ORD002494,PROD0123,1,95.95
ITEM0006146,ORD002494,PROD0015,4,442.7
ITEM0006147,ORD002495,PROD0060,4,497.77
ITEM0006148,ORD002495,PROD0002,5,112.42
ITEM0006149,ORD002495,PROD0048,1,277.49
ITEM0006150,ORD002495,PROD0027,1,356.31
ITEM0006151,ORD002496,PROD0142,5,347.19
ITEM0006152,ORD002497,PROD0107,1,462.67
ITEM0006153,ORD002498,PROD0014,3,16.7
ITEM0006154,ORD002498,PROD0044,1,474.28
ITEM0006155,ORD002498,PROD0081,1,318.7
ITEM0006156,ORD002498,PROD0022,1,380.56
ITEM0006157,ORD002499,PROD0018,5,119.66
ITEM0006158,ORD002499,PROD0029,4,93.87
ITEM0006159,ORD002500,PROD0127,4,9.71
ITEM0006160,ORD002500,PROD0125,5,377.98
ITEM0006161,ORD002500,PROD0112,2,308.35
ITEM0006162,ORD002501,PROD0015,5,442.7
ITEM0006163,ORD002501,PROD0100,4,208.15
ITEM0006164,ORD002501,PROD0068,1,422.88
ITEM0006165,ORD002502,PROD0098,1,351.41
ITEM0006166,ORD002503,PROD0091,5,161.11
ITEM0006167,ORD002503,PROD0126,5,263.88
ITEM0006168,ORD002503,PROD0011,1,325.01
ITEM0006169,ORD002504,PROD0067,4,363.03
ITEM0006170,ORD002504,PROD0038,5,216.74
ITEM0006171,ORD002505,PROD0132,5,316.5
ITEM0006172,ORD002505,PROD0107,4,462.67
ITEM0006173,ORD002505,PROD0046,1,207.44
ITEM0006174,ORD002505,PROD0106,5,508.9
ITEM0006175,ORD002506,PROD0113,1,320.56
ITEM0006176,ORD002507,PROD0040,4,508.7
ITEM0006177,ORD002507,PROD0058,3,356.49
ITEM0006178,ORD002507,PROD0120,1,261.92
ITEM0006179,ORD002507,PROD0101,4,182.81
ITEM0006180,ORD002508,PROD0002,4,112.42
ITEM0006181,ORD002509,PROD0112,4,308.35
ITEM0006182,ORD002509,PROD0027,4,356.31
ITEM0006183,ORD002509,PROD0136,5,485.57
ITEM0006184,ORD002509,PROD0110,2,39.23
ITEM0006185,ORD002510,PROD0029,2,93.87
ITEM0006186,ORD002510,PROD0093,3,573.11
ITEM0006187,ORD002511,PROD0135,5,427.2
ITEM0006188,ORD002512,PROD0074,5,122.74
ITEM0006189,ORD002512,PROD0120,5,261.92
ITEM0006190,ORD002512,PROD0101,2,182.81
ITEM0006191,ORD002513,PROD0004,5,129.15
ITEM0006192,ORD002514,PROD0104,2,66.01
ITEM0006193,ORD002515,PROD0096,5,321.49
ITEM0006194,ORD002515,PROD0087,1,193.52
ITEM0006195,ORD002516,PROD0039,5,410.66
ITEM0006196,ORD002516,PROD0147,2,570.65
ITEM0006197,ORD002516,PROD0104,2,66.01
ITEM0006198,ORD002516,PROD0089,4,289.58
ITEM0006199,ORD002517,PROD0084,3,464.44
ITEM0006200,ORD002517,PROD0071,1,402.73
ITEM0006201,ORD002518,PROD0025,1,23.62
ITEM0006202,ORD002518,PROD0138,1,43.7
ITEM0006203,ORD002518,PROD0052,3,436.28
ITEM0006204,ORD002518,PROD0074,2,122.74
ITEM0006205,ORD002519,PROD0016,1,30.39
ITEM0006206,ORD002519,PROD0058,4,356.49
ITEM0006207,ORD002519,PROD0081,5,318.7
ITEM0006208,ORD002519,PROD0107,4,462.67
ITEM0006209,ORD002520,PROD0142,3,347.19
ITEM0006210,ORD002520,PROD0063,5,665.26
ITEM0006211,ORD002520,PROD0015,4,442.7
ITEM0006212,ORD002521,PROD0031,5,15.13
ITEM0006213,ORD002522,PROD0139,3,135.03
ITEM0006214,ORD002523,PROD0001,3,342.2
ITEM0006215,ORD002523,PROD0114,3,45.61
ITEM0006216,ORD002523,PROD0042,3,394.4
ITEM0006217,ORD002524,PROD0120,4,261.92
ITEM0006218,ORD002524,PROD0021,3,487.35
ITEM0006219,ORD002524,PROD0024,2,594.24
ITEM0006220,ORD002525,PROD0132,1,316.5
ITEM0006221,ORD002526,PROD0127,3,9.71
ITEM0006222,ORD002527,PROD0149,4,139.28
ITEM0006223,ORD002527,PROD0055,4,408.1
ITEM0006224,ORD002527,PROD0056,5,249.02
ITEM0006225,ORD002527,PROD0040,4,508.7
ITEM0006226,ORD002528,PROD0013,1,196.91
ITEM0006227,ORD002528,PROD0097,1,53.1
ITEM0006228,ORD002529,PROD0023,5,414.75
ITEM0006229,ORD002529,PROD0036,2,33.3
ITEM0006230,ORD002529,PROD0081,3,318.7
ITEM0006231,ORD002530,PROD0022,3,380.56
ITEM0006232,ORD002530,PROD0079,3,61.84
ITEM0006233,ORD002531,PROD0028,2,463.5
ITEM0006234,ORD002531,PROD0076,1,277.07
ITEM0006235,ORD002531,PROD0098,5,351.41
ITEM0006236,ORD002532,PROD0003,2,4.27
ITEM0006237,ORD002532,PROD0072,2,226.81
ITEM0006238,ORD002533,PROD0038,3,216.74
ITEM0006239,ORD002534,PROD0080,2,392.58
ITEM0006240,ORD002535,PROD0011,1,325.01
ITEM0006241,ORD002535,PROD0128,4,403.21
ITEM0006242,ORD002535,PROD0040,4,508.7
ITEM0006243,ORD002535,PROD0100,3,208.15
ITEM0006244,ORD002536,PROD0052,1,436.28
ITEM0006245,ORD002536,PROD0049,5,106.04
ITEM0006246,ORD002537,PROD0093,2,573.11
ITEM0006247,ORD002537,PROD0026,4,585.88
ITEM0006248,ORD002537,PROD0135,5,427.2
ITEM0006249,ORD002537,PROD0102,5,266.91
ITEM0006250,ORD002538,PROD0097,4,53.1
ITEM0006251,ORD002539,PROD0080,2,392.58
ITEM0006252,ORD002540,PROD0140,2,496.11
ITEM0006253,ORD002540,PROD0020,5,124.89
ITEM0006254,ORD002540,PROD0116,5,366.52
ITEM0006255,ORD002540,PROD0035,1,27.57
ITEM0006256,ORD002541,PROD0067,4,363.03
ITEM0006257,ORD002541,PROD0066,3,370.45
ITEM0006258,ORD002541,PROD0136,2,485.57
ITEM0006259,ORD002542,PROD0100,2,208.15
ITEM0006260,ORD002542,PROD0016,5,30.39
ITEM0006261,ORD002543,PROD0082,5,196.55
ITEM0006262,ORD002544,PROD0143,5,453.59
ITEM0006263,ORD002544,PROD0003,3,4.27
ITEM0006264,ORD002544,PROD0055,4,408.1
ITEM0006265,ORD002544,PROD0114,5,45.61
ITEM0006266,ORD002545,PROD0061,4,683.51
ITEM0006267,ORD002546,PROD0036,3,33.3
ITEM0006268,ORD002546,PROD0070,4,271.29
ITEM0006269,ORD002546,PROD0124,2,173.3
ITEM0006270,ORD002546,PROD0071,5,402.73
ITEM0006271,ORD002547,PROD0103,1,305.68
ITEM0006272,ORD002547,PROD0065,4,153.97
ITEM0006273,ORD002547,PROD0004,5,129.15
ITEM0006274,ORD002548,PROD0081,3,318.7
ITEM0006275,ORD002548,PROD0088,4,51.09
ITEM0006276,ORD002549,PROD0035,4,27.57
ITEM0006277,ORD002549,PROD0108,1,332.49
ITEM0006278,ORD002550,PROD0060,5,497.77
ITEM0006279,ORD002550,PROD0143,2,453.59
ITEM0006280,ORD002550,PROD0105,5,308.26
ITEM0006281,ORD002550,PROD0138,3,43.7
ITEM0006282,ORD002551,PROD0111,3,408.22
ITEM0006283,ORD002551,PROD0023,5,414.75
ITEM0006284,ORD002551,PROD0016,2,30.39
ITEM0006285,ORD002551,PROD0059,3,254.01
ITEM0006286,ORD002552,PROD0002,1,112.42
ITEM0006287,ORD002552,PROD0103,4,305.68
ITEM0006288,ORD002552,PROD0009,4,138.45
ITEM0006289,ORD002553,PROD0146,-1,292.2
ITEM0006290,ORD002554,PROD0080,1,392.58
ITEM0006291,ORD002554,PROD0087,5,193.52
ITEM0006292,ORD002554,PROD0064,2,411.35
ITEM0006293,ORD002555,PROD0081,2,318.7
ITEM0006294,ORD002556,PROD0015,2,442.7
ITEM0006295,ORD002556,PROD0128,4,403.21
ITEM0006296,ORD002557,PROD0016,1,30.39
ITEM0006297,ORD002557,PROD0137,-3,447.4
ITEM0006298,ORD002557,PROD0104,1,66.01
ITEM0006299,ORD002557,PROD0017,2,234.28
ITEM0006300,ORD002558,PROD0106,4,508.9
ITEM0006301,ORD002558,PROD0087,1,193.52
ITEM0006302,ORD002558,PROD0036,3,33.3
ITEM0006303,ORD002559,PROD0131,5,130.48
ITEM0006304,ORD002559,PROD0096,5,321.49
ITEM0006305,ORD002560,PROD0145,3,359.48
ITEM0006306,ORD002560,PROD0048,3,277.49
ITEM0006307,ORD002560,PROD0016,5,30.39
ITEM0006308,ORD002561,PROD0103,3,305.68
ITEM0006309,ORD002562,PROD0072,2,226.81
ITEM0006310,ORD002562,PROD0076,5,277.07
ITEM0006311,ORD002562,PROD0074,4,122.74
ITEM0006312,ORD002562,PROD0059,4,254.01
ITEM0006313,ORD002563,PROD0101,2,182.81
ITEM0006314,ORD002563,PROD0071,5,402.73
ITEM0006315,ORD002563,PROD0124,1,173.3
ITEM0006316,ORD002564,PROD0147,4,570.65
ITEM0006317,ORD002565,PROD0017,3,234.28
ITEM0006318,ORD002565,PROD0098,2,351.41
ITEM0006319,ORD002566,PROD0001,3,342.2
ITEM0006320,ORD002567,PROD0059,4,254.01
ITEM0006321,ORD002567,PROD0068,2,422.88
ITEM0006322,ORD002567,PROD0090,2,51.56
ITEM0006323,ORD002568,PROD0107,2,462.67
ITEM0006324,ORD002569,PROD0116,3,366.52
ITEM0006325,ORD002569,PROD0139,2,135.03
ITEM0006326,ORD002569,PROD0069,1,619.75
ITEM0006327,ORD002570,PROD0039,1,410.66
ITEM0006328,ORD002570,PROD0025,4,23.62
ITEM0006329,ORD002570,PROD0131,2,130.48
ITEM0006330,ORD002571,PROD0114,1,45.61
ITEM0006331,ORD002572,PROD0048,4,277.49
ITEM0006332,ORD002572,PROD0114,2,45.61
ITEM0006333,ORD002573,PROD0066,4,370.45
ITEM0006334,ORD002574,PROD0085,2,602.46
ITEM0006335,ORD002574,PROD0042,5,394.4
ITEM0006336,ORD002574,PROD0049,1,106.04
ITEM0006337,ORD002574,PROD0112,5,308.35
ITEM0006338,ORD002575,PROD0103,5,305.68
ITEM0006339,ORD002575,PROD0038,3,216.74
ITEM0006340,ORD002576,PROD0140,3,496.11
ITEM0006341,ORD002576,PROD0127,2,9.71
ITEM0006342,ORD002576,PROD0026,5,585.88
ITEM0006343,ORD002576,PROD0093,2,573.11
ITEM0006344,ORD002577,PROD0025,1,23.62
ITEM0006345,ORD002577,PROD0119,1,103.02
ITEM0006346,ORD002577,PROD0098,5,351.41
ITEM0006347,ORD002577,PROD0093,5,573.11
ITEM0006348,ORD002578,PROD0090,1,51.56
ITEM0006349,ORD002579,PROD0050,2,235.27
ITEM0006350,ORD002579,PROD0025,4,23.62
ITEM0006351,ORD002579,PROD0001,5,342.2
ITEM0006352,ORD002579,PROD0085,2,602.46
ITEM0006353,ORD002580,PROD0046,5,207.44
ITEM0006354,ORD002580,PROD0102,2,266.91
ITEM0006355,ORD002581,PROD0138,2,43.7
ITEM0006356,ORD002581,PROD0126,3,263.88
ITEM0006357,ORD002582,PROD0030,3,314.5
ITEM0006358,ORD002582,PROD0145,4,359.48
ITEM0006359,ORD002582,PROD0097,2,-53.1
ITEM0006360,ORD002583,PROD0091,4,161.11
ITEM0006361,ORD002584,PROD0016,2,30.39
ITEM0006362,ORD002584,PROD0083,1,306.64
ITEM0006363,ORD002584,PROD0029,1,93.87
ITEM0006364,ORD002584,PROD0139,2,135.03
ITEM0006365,ORD002585,PROD0107,5,462.67
ITEM0006366,ORD002585,PROD0110,4,39.23
ITEM0006367,ORD002585,PROD0020,1,124.89
ITEM0006368,ORD002586,PROD0001,2,342.2
ITEM0006369,ORD002587,PROD0108,4,332.49
ITEM0006370,ORD002587,PROD0102,5,266.91
ITEM0006371,ORD002587,PROD0093,3,573.11
ITEM0006372,ORD002588,PROD0039,2,410.66
ITEM0006373,ORD002589,PROD0080,4,392.58
ITEM0006374,ORD002590,PROD0057,3,632.78
ITEM0006375,ORD002590,PROD0004,4,129.15
ITEM0006376,ORD002590,PROD0083,4,306.64
ITEM0006377,ORD002590,PROD0053,5,292.19
ITEM0006378,ORD002591,PROD0111,4,408.22
ITEM0006379,ORD002592,PROD0069,1,619.75
ITEM0006380,ORD002593,PROD0052,4,436.28
ITEM0006381,ORD002593,PROD0027,5,356.31
ITEM0006382,ORD002593,PROD0148,4,427.66
ITEM0006383,ORD002593,PROD0073,1,241.62
ITEM0006384,ORD002594,PROD0139,4,135.03
ITEM0006385,ORD002594,PROD0133,5,317.22
ITEM0006386,ORD002594,PROD0080,4,392.58
ITEM0006387,ORD002594,PROD0121,5,287.5
ITEM0006388,ORD002595,PROD0060,1,497.77
ITEM0006389,ORD002595,PROD0004,3,129.15
ITEM0006390,ORD002596,PROD0099,2,386.23
ITEM0006391,ORD002596,PROD0116,3,366.52
ITEM0006392,ORD002597,PROD0137,3,447.4
ITEM0006393,ORD002597,PROD0047,5,288.09
ITEM0006394,ORD002598,PROD0084,2,464.44
ITEM0006395,ORD002598,PROD0015,1,442.7
ITEM0006396,ORD002598,PROD0146,2,292.2
ITEM0006397,ORD002598,PROD0072,2,226.81
ITEM0006398,ORD002599,PROD0062,4,355.88
ITEM0006399,ORD002600,PROD0111,5,408.22
ITEM0006400,ORD002600,PROD0079,5,61.84
ITEM0006401,ORD002600,PROD0073,2,241.62
ITEM0006402,ORD002601,PROD0042,4,394.4
ITEM0006403,ORD002602,PROD0013,3,196.91
ITEM0006404,ORD002602,PROD0109,4,126.44
ITEM0006405,ORD002602,PROD0134,1,192.47
ITEM0006406,ORD002602,PROD0019,2,443.45
ITEM0006407,ORD002603,PROD0088,5,51.09
ITEM0006408,ORD002604,PROD0125,3,377.98
ITEM0006409,ORD002604,PROD0083,1,306.64
ITEM0006410,ORD002604,PROD0124,5,173.3
ITEM0006411,ORD002604,PROD0046,3,207.44
ITEM0006412,ORD002605,PROD0120,1,261.92
ITEM0006413,ORD002605,PROD0108,3,332.49
ITEM0006414,ORD002605,PROD0068,2,422.88
ITEM0006415,ORD002606,PROD0060,2,497.77
ITEM0006416,ORD002606,PROD0055,4,408.1
ITEM0006417,ORD002606,PROD0068,3,422.88
ITEM0006418,ORD002606,PROD0035,5,27.57
ITEM0006419,ORD002607,PROD0066,1,370.45
ITEM0006420,ORD002607,PROD0138,1,43.7
ITEM0006421,ORD002607,PROD0047,3,288.09
ITEM0006422,ORD002608,PROD0095,2,271.32
ITEM0006423,ORD002608,PROD0064,2,411.35
ITEM0006424,ORD002608,PROD0041,4,438.01
ITEM0006425,ORD002609,PROD0072,3,226.81
ITEM0006426,ORD002609,PROD0061,2,683.51
ITEM0006427,ORD002610,PROD0043,2,251.98
ITEM0006428,ORD002610,PROD0142,1,347.19
ITEM0006429,ORD002610,PROD0002,3,112.42
ITEM0006430,ORD002610,PROD0126,1,263.88
ITEM0006431,ORD002611,PROD0139,2,135.03
ITEM0006432,ORD002611,PROD0041,4,438.01
ITEM0006433,ORD002611,PROD0133,4,317.22
ITEM0006434,ORD002611,PROD0098,2,351.41
ITEM0006435,ORD002612,PROD0135,1,427.2
ITEM0006436,ORD002613,PROD0105,4,308.26
ITEM0006437,ORD002614,PROD0007,3,248.82
ITEM0006438,ORD002614,PROD0056,3,249.02
ITEM0006439,ORD002614,PROD0077,5,286.06
ITEM0006440,ORD002614,PROD0025,2,23.62
ITEM0006441,ORD002615,PROD0135,1,427.2
ITEM0006442,ORD002616,PROD0046,2,207.44
ITEM0006443,ORD002617,PROD0050,3,235.27
ITEM0006444,ORD002617,PROD0125,2,377.98
ITEM0006445,ORD002617,PROD0100,2,208.15
ITEM0006446,ORD002618,PROD0105,2,308.26
ITEM0006447,ORD002618,PROD0066,4,370.45
ITEM0006448,ORD002618,PROD0069,4,619.75
ITEM0006449,ORD002619,PROD0068,1,422.88
ITEM0006450,ORD002619,PROD0088,5,51.09
ITEM0006451,ORD002620,PROD0004,5,129.15
ITEM0006452,ORD002620,PROD0079,1,61.84
ITEM0006453,ORD002620,PROD0048,2,277.49
ITEM0006454,ORD002620,PROD0125,5,377.98
ITEM0006455,ORD002621,PROD0149,4,139.28
ITEM0006456,ORD002622,PROD0141,5,19.31
ITEM0006457,ORD002623,PROD0001,4,342.2
ITEM0006458,ORD002624,PROD0063,4,665.26
ITEM0006459,ORD002625,PROD0070,2,271.29
ITEM0006460,ORD002625,PROD0054,2,135.13
ITEM0006461,ORD002625,PROD0125,4,377.98
ITEM0006462,ORD002626,PROD0020,5,124.89
ITEM0006463,ORD002627,PROD0121,5,287.5
ITEM0006464,ORD002628,PROD0143,1,453.59
ITEM0006465,ORD002629,PROD0119,2,103.02
ITEM0006466,ORD002629,PROD0043,4,251.98
ITEM0006467,ORD002629,PROD0024,3,594.24
ITEM0006468,ORD002630,PROD0126,5,263.88
ITEM0006469,ORD002631,PROD0127,5,9.71
ITEM0006470,ORD002631,PROD0081,1,318.7
ITEM0006471,ORD002632,PROD0030,2,314.5
ITEM0006472,ORD002632,PROD0098,4,351.41
ITEM0006473,ORD002632,PROD0089,-1,289.58
ITEM0006474,ORD002633,PROD0083,2,306.64
ITEM0006475,ORD002633,PROD0017,2,234.28
ITEM0006476,ORD002634,PROD0008,5,174.9
ITEM0006477,ORD002634,PROD0145,5,359.48
ITEM0006478,ORD002635,PROD0104,4,66.01
ITEM0006479,ORD002635,PROD0010,2,488.99
ITEM0006480,ORD002636,PROD0112,2,308.35
ITEM0006481,ORD002637,PROD0029,4,93.87
ITEM0006482,ORD002638,PROD0097,2,53.1
ITEM0006483,ORD002638,PROD0031,1,15.13
ITEM0006484,ORD002638,PROD0125,1,377.98
ITEM0006485,ORD002639,PROD0039,3,410.66
ITEM0006486,ORD002640,PROD0107,5,462.67
ITEM0006487,ORD002640,PROD0087,2,193.52
ITEM0006488,ORD002640,PROD0062,3,355.88
ITEM0006489,ORD002640,PROD0061,5,683.51
ITEM0006490,ORD002641,PROD0027,4,356.31
ITEM0006491,ORD002641,PROD0101,3,182.81
ITEM0006492,ORD002641,PROD0037,1,540.32
ITEM0006493,ORD002642,PROD0093,4,573.11
ITEM0006494,ORD002642,PROD0131,2,130.48
ITEM0006495,ORD002642,PROD0075,5,383.73
ITEM0006496,ORD002643,PROD0104,1,66.01
ITEM0006497,ORD002644,PROD0031,4,15.13
ITEM0006498,ORD002644,PROD0149,3,139.28
ITEM0006499,ORD002644,PROD0042,1,394.4
ITEM0006500,ORD002645,PROD0051,4,294.17
ITEM0006501,ORD002645,PROD0111,5,408.22
ITEM0006502,ORD002645,PROD0089,2,289.58
ITEM0006503,ORD002646,PROD0059,4,254.01
ITEM0006504,ORD002647,PROD0075,1,383.73
ITEM0006505,ORD002647,PROD0037,4,540.32
ITEM0006506,ORD002647,PROD0121,1,287.5
ITEM0006507,ORD002648,PROD0038,5,216.74
ITEM0006508,ORD002649,PROD0109,4,126.44
ITEM0006509,ORD002649,PROD0066,2,370.45
ITEM0006510,ORD002649,PROD0035,5,27.57
ITEM0006511,ORD002650,PROD0068,4,422.88
ITEM0006512,ORD002651,PROD0076,4,277.07
ITEM0006513,ORD002651,PROD0029,2,93.87
ITEM0006514,ORD002651,PROD0126,2,263.88
ITEM0006515,ORD002651,PROD0016,3,30.39
ITEM0006516,ORD002652,PROD0077,3,286.06
ITEM0006517,ORD002652,PROD0018,4,119.66
ITEM0006518,ORD002652,PROD0126,5,263.88
ITEM0006519,ORD002653,PROD0049,5,106.04
ITEM0006520,ORD002653,PROD0053,5,292.19
ITEM0006521,ORD002653,PROD0055,3,408.1
ITEM0006522,ORD002653,PROD0104,1,66.01
ITEM0006523,ORD002654,PROD0097,3,53.1
ITEM0006524,ORD002654,PROD0067,1,363.03
ITEM0006525,ORD002654,PROD0119,1,103.02
ITEM0006526,ORD002654,PROD0143,3,453.59
ITEM0006527,ORD002655,PROD0004,4,129.15
ITEM0006528,ORD002655,PROD0149,3,139.28
ITEM0006529,ORD002655,PROD0044,1,474.28
ITEM0006530,ORD002655,PROD0132,2,316.5
ITEM0006531,ORD002656,PROD0087,1,193.52
ITEM0006532,ORD002656,PROD0145,5,359.48
ITEM0006533,ORD002656,PROD0031,5,15.13
ITEM0006534,ORD002656,PROD0138,1,43.7
ITEM0006535,ORD002657,PROD0014,5,16.7
ITEM0006536,ORD002657,PROD0059,1,254.01
ITEM0006537,ORD002658,PROD0149,1,139.28
ITEM0006538,ORD002659,PROD0091,4,161.11
ITEM0006539,ORD002660,PROD0030,4,314.5
ITEM0006540,ORD002660,PROD0080,5,392.58
ITEM0006541,ORD002660,PROD0064,3,411.35
ITEM0006542,ORD002660,PROD0131,4,130.48
ITEM0006543,ORD002661,PROD0105,2,308.26
ITEM0006544,ORD002661,PROD0059,3,254.01
ITEM0006545,ORD002662,PROD0147,1,570.65
ITEM0006546,ORD002663,PROD0079,1,61.84
ITEM0006547,ORD002663,PROD0049,2,106.04
ITEM0006548,ORD002664,PROD0111,1,408.22
ITEM0006549,ORD002665,PROD0041,3,438.01
ITEM0006550,ORD002666,PROD0119,5,103.02
ITEM0006551,ORD002666,PROD0064,1,411.35
ITEM0006552,ORD002667,PROD0031,4,15.13
ITEM0006553,ORD002667,PROD0112,3,308.35
ITEM0006554,ORD002667,PROD0144,2,105.68
ITEM0006555,ORD002667,PROD0037,4,540.32
ITEM0006556,ORD002668,PROD0083,3,306.64
ITEM0006557,ORD002668,PROD0090,2,51.56
ITEM0006558,ORD002668,PROD0107,4,462.67
ITEM0006559,ORD002669,PROD0004,5,129.15
ITEM0006560,ORD002670,PROD0077,5,286.06
ITEM0006561,ORD002671,PROD0068,1,422.88
ITEM0006562,ORD002672,PROD0143,2,453.59
ITEM0006563,ORD002672,PROD0135,3,427.2
ITEM0006564,ORD002673,PROD0021,5,487.35
ITEM0006565,ORD002673,PROD0068,1,422.88
ITEM0006566,ORD002674,PROD0079,-3,61.84
ITEM0006567,ORD002675,PROD0021,4,487.35
ITEM0006568,ORD002676,PROD0143,4,453.59
ITEM0006569,ORD002676,PROD0025,2,23.62
ITEM0006570,ORD002676,PROD0053,5,292.19
ITEM0006571,ORD002676,PROD0060,3,497.77
ITEM0006572,ORD002677,PROD0009,1,138.45
ITEM0006573,ORD002677,PROD0045,4,66.57
ITEM0006574,ORD002678,PROD0104,4,66.01
ITEM0006575,ORD002678,PROD0004,4,129.15
ITEM0006576,ORD002678,PROD0040,3,508.7
ITEM0006577,ORD002678,PROD0131,3,130.48
ITEM0006578,ORD002679,PROD0136,2,485.57
ITEM0006579,ORD002679,PROD0131,5,130.48
ITEM0006580,ORD002680,PROD0115,1,431.33
ITEM0006581,ORD002680,PROD0133,2,317.22
ITEM0006582,ORD002681,PROD0045,4,66.57
ITEM0006583,ORD002681,PROD0011,5,325.01
ITEM0006584,ORD002682,PROD0060,4,497.77
ITEM0006585,ORD002682,PROD0014,5,16.7
ITEM0006586,ORD002683,PROD0144,3,105.68
ITEM0006587,ORD002683,PROD0001,2,342.2
ITEM0006588,ORD002684,PROD0129,2,246.64
ITEM0006589,ORD002684,PROD0085,5,602.46
ITEM0006590,ORD002684,PROD0104,2,66.01
ITEM0006591,ORD002685,PROD0049,4,106.04
ITEM0006592,ORD002685,PROD0085,1,602.46
ITEM0006593,ORD002685,PROD0017,3,234.28
ITEM0006594,ORD002685,PROD0062,5,355.88
ITEM0006595,ORD002686,PROD0122,4,484.26
ITEM0006596,ORD002686,PROD0096,5,321.49
ITEM0006597,ORD002687,PROD0145,3,359.48
ITEM0006598,ORD002687,PROD0036,5,33.3
ITEM0006599,ORD002687,PROD0071,5,402.73
ITEM0006600,ORD002688,PROD0097,3,53.1
ITEM0006601,ORD002688,PROD0010,1,488.99
ITEM0006602,ORD002689,PROD0123,5,95.95
ITEM0006603,ORD002690,PROD0001,2,342.2
ITEM0006604,ORD002691,PROD0078,2,57.56
ITEM0006605,ORD002692,PROD0082,4,196.55
ITEM0006606,ORD002692,PROD0031,5,15.13
ITEM0006607,ORD002692,PROD0004,4,129.15
ITEM0006608,ORD002692,PROD0135,2,427.2
ITEM0006609,ORD002693,PROD0043,4,251.98
ITEM0006610,ORD002694,PROD0115,4,431.33
ITEM0006611,ORD002694,PROD0094,2,393.51
ITEM0006612,ORD002694,PROD0082,4,196.55
ITEM0006613,ORD002695,PROD0054,1,-135.13
ITEM0006614,ORD002695,PROD0134,1,192.47
ITEM0006615,ORD002695,PROD0073,1,241.62
ITEM0006616,ORD002695,PROD0030,1,314.5
ITEM0006617,ORD002696,PROD0076,3,277.07
ITEM0006618,ORD002696,PROD0075,5,383.73
ITEM0006619,ORD002697,PROD0085,3,602.46
ITEM0006620,ORD002697,PROD0118,5,58.39
ITEM0006621,ORD002697,PROD0086,2,203.78
ITEM0006622,ORD002697,PROD0093,2,573.11
ITEM0006623,ORD002698,PROD0097,5,53.1
ITEM0006624,ORD002698,PROD0013,5,196.91
ITEM0006625,ORD002698,PROD0140,1,496.11
ITEM0006626,ORD002698,PROD0030,3,314.5
ITEM0006627,ORD002699,PROD0116,2,366.52
ITEM0006628,ORD002699,PROD0015,5,442.7
ITEM0006629,ORD002700,PROD0022,3,380.56
ITEM0006630,ORD002700,PROD0051,3,294.17
ITEM0006631,ORD002701,PROD0103,4,305.68
ITEM0006632,ORD002701,PROD0100,4,208.15
ITEM0006633,ORD002701,PROD0143,3,453.59
ITEM0006634,ORD002702,PROD0028,1,463.5
ITEM0006635,ORD002702,PROD0014,4,16.7
ITEM0006636,ORD002702,PROD0073,5,241.62
ITEM0006637,ORD002703,PROD0099,4,386.23
ITEM0006638,ORD002703,PROD0123,3,95.95
ITEM0006639,ORD002703,PROD0056,1,249.02
ITEM0006640,ORD002704,PROD0138,3,43.7
ITEM0006641,ORD002704,PROD0072,5,226.81
ITEM0006642,ORD002705,PROD0100,3,208.15
ITEM0006643,ORD002705,PROD0125,5,377.98
ITEM0006644,ORD002706,PROD0145,3,359.48
ITEM0006645,ORD002706,PROD0021,3,487.35
ITEM0006646,ORD002707,PROD0067,2,363.03
ITEM0006647,ORD002707,PROD0120,3,261.92
ITEM0006648,ORD002707,PROD0072,2,226.81
ITEM0006649,ORD002708,PROD0141,3,19.31
ITEM0006650,ORD002708,PROD0122,1,484.26
ITEM0006651,ORD002709,PROD0140,2,496.11
ITEM0006652,ORD002709,PROD0044,5,474.28
ITEM0006653,ORD002709,PROD0144,1,105.68
ITEM0006654,ORD002709,PROD0008,5,174.9
ITEM0006655,ORD002710,PROD0045,4,66.57
ITEM0006656,ORD002710,PROD0083,5,306.64
ITEM0006657,ORD002711,PROD0063,1,665.26
ITEM0006658,ORD002711,PROD0024,4,594.24
ITEM0006659,ORD002711,PROD0123,5,95.95
ITEM0006660,ORD002711,PROD0124,2,173.3
ITEM0006661,ORD002712,PROD0051,2,294.17
ITEM0006662,ORD002713,PROD0007,4,248.82
ITEM0006663,ORD002713,PROD0065,5,153.97
ITEM0006664,ORD002713,PROD0104,3,66.01
ITEM0006665,ORD002714,PROD0074,1,122.74
ITEM0006666,ORD002714,PROD0027,1,356.31
ITEM0006667,ORD002714,PROD0034,1,303.7
ITEM0006668,ORD002715,PROD0007,5,248.82
ITEM0006669,ORD002716,PROD0091,4,161.11
ITEM0006670,ORD002716,PROD0103,1,305.68
ITEM0006671,ORD002716,PROD0135,2,427.2
ITEM0006672,ORD002717,PROD0081,4,318.7
ITEM0006673,ORD002718,PROD0045,4,66.57
ITEM0006674,ORD002719,PROD0085,5,602.46
ITEM0006675,ORD002719,PROD0112,1,308.35
ITEM0006676,ORD002720,PROD0045,4,66.57
ITEM0006677,ORD002720,PROD0148,1,427.66
ITEM0006678,ORD002720,PROD0094,4,393.51
ITEM0006679,ORD002720,PROD0014,4,16.7
ITEM0006680,ORD002721,PROD0073,2,241.62
ITEM0006681,ORD002721,PROD0110,2,39.23
ITEM0006682,ORD002721,PROD0017,4,234.28
ITEM0006683,ORD002722,PROD0131,3,130.48
ITEM0006684,ORD002722,PROD0030,2,314.5
ITEM0006685,ORD002723,PROD0033,4,470.6
ITEM0006686,ORD002723,PROD0137,2,447.4
ITEM0006687,ORD002723,PROD0109,3,126.44
ITEM0006688,ORD002723,PROD0001,3,342.2
ITEM0006689,ORD002724,PROD0023,1,414.75
ITEM0006690,ORD002724,PROD0129,2,246.64
ITEM0006691,ORD002724,PROD0082,3,196.55
ITEM0006692,ORD002725,PROD0016,5,30.39
ITEM0006693,ORD002725,PROD0103,4,305.68
ITEM0006694,ORD002726,PROD0040,2,508.7
ITEM0006695,ORD002726,PROD0085,4,602.46
ITEM0006696,ORD002726,PROD0062,5,355.88
ITEM0006697,ORD002726,PROD0001,2,342.2
ITEM0006698,ORD002727,PROD0054,5,135.13
ITEM0006699,ORD002727,PROD0028,4,463.5
ITEM0006700,ORD002728,PROD0062,3,355.88
ITEM0006701,ORD002729,PROD0037,3,540.32
ITEM0006702,ORD002729,PROD0007,4,248.82
ITEM0006703,ORD002729,PROD0085,3,602.46
ITEM0006704,ORD002729,PROD0094,3,393.51
ITEM0006705,ORD002730,PROD0054,5,135.13
ITEM0006706,ORD002730,PROD0019,5,443.45
ITEM0006707,ORD002730,PROD0008,4,174.9
ITEM0006708,ORD002731,PROD0124,2,173.3
ITEM0006709,ORD002731,PROD0047,1,288.09
ITEM0006710,ORD002731,PROD0131,5,130.48
ITEM0006711,ORD002732,PROD0116,3,366.52
ITEM0006712,ORD002733,PROD0001,1,342.2
ITEM0006713,ORD002733,PROD0054,5,135.13
ITEM0006714,ORD002733,PROD0041,3,438.01
ITEM0006715,ORD002733,PROD0115,1,431.33
ITEM0006716,ORD002734,PROD0103,4,305.68
ITEM0006717,ORD002734,PROD0150,1,88.94
ITEM0006718,ORD002734,PROD0013,5,196.91
ITEM0006719,ORD002735,PROD0066,4,370.45
ITEM0006720,ORD002735,PROD0069,4,619.75
ITEM0006721,ORD002735,PROD0004,5,-129.15
ITEM0006722,ORD002736,PROD0126,5,263.88
ITEM0006723,ORD002736,PROD0047,2,288.09
ITEM0006724,ORD002736,PROD0019,4,443.45
ITEM0006725,ORD002736,PROD0102,4,266.91
ITEM0006726,ORD002737,PROD0108,1,332.49
ITEM0006727,ORD002737,PROD0094,2,-393.51
ITEM0006728,ORD002737,PROD0035,4,27.57
ITEM0006729,ORD002738,PROD0016,4,30.39
ITEM0006730,ORD002739,PROD0054,4,135.13
ITEM0006731,ORD002739,PROD0010,5,488.99
ITEM0006732,ORD002739,PROD0141,4,19.31
ITEM0006733,ORD002740,PROD0030,4,314.5
ITEM0006734,ORD002740,PROD0010,2,488.99
ITEM0006735,ORD002740,PROD0098,5,351.41
ITEM0006736,ORD002740,PROD0013,3,196.91
ITEM0006737,ORD002741,PROD0121,1,287.5
ITEM0006738,ORD002741,PROD0137,3,447.4
ITEM0006739,ORD002741,PROD0012,4,589.04
ITEM0006740,ORD002742,PROD0058,2,356.49
ITEM0006741,ORD002743,PROD0022,4,380.56
ITEM0006742,ORD002743,PROD0006,4,98.27
ITEM0006743,ORD002743,PROD0150,1,88.94
ITEM0006744,ORD002743,PROD0056,2,249.02
ITEM0006745,ORD002744,PROD0119,-1,103.02
ITEM0006746,ORD002745,PROD0052,1,436.28
ITEM0006747,ORD002745,PROD0112,2,308.35
ITEM0006748,ORD002745,PROD0075,2,383.73
ITEM0006749,ORD002746,PROD0122,2,484.26
ITEM0006750,ORD002747,PROD0067,5,363.03
ITEM0006751,ORD002748,PROD0021,5,487.35
ITEM0006752,ORD002748,PROD0028,2,463.5
ITEM0006753,ORD002748,PROD0043,4,251.98
ITEM0006754,ORD002748,PROD0095,1,271.32
ITEM0006755,ORD002749,PROD0117,4,130.11
ITEM0006756,ORD002750,PROD0124,1,173.3
ITEM0006757,ORD002750,PROD0052,4,436.28
ITEM0006758,ORD002750,PROD0116,4,366.52
ITEM0006759,ORD002750,PROD0030,3,314.5
ITEM0006760,ORD002751,PROD0050,2,235.27
ITEM0006761,ORD002751,PROD0120,4,261.92
ITEM0006762,ORD002751,PROD0075,5,383.73
ITEM0006763,ORD002752,PROD0023,1,414.75
ITEM0006764,ORD002752,PROD0100,2,208.15
ITEM0006765,ORD002752,PROD0099,1,386.23
ITEM0006766,ORD002753,PROD0113,1,320.56
ITEM0006767,ORD002754,PROD0037,1,540.32
ITEM0006768,ORD002754,PROD0058,4,356.49
ITEM0006769,ORD002755,PROD0059,1,254.01
ITEM0006770,ORD002755,PROD0130,5,421.1
ITEM0006771,ORD002755,PROD0075,1,383.73
ITEM0006772,ORD002756,PROD0102,5,266.91
ITEM0006773,ORD002756,PROD0014,1,16.7
ITEM0006774,ORD002756,PROD0050,2,235.27
ITEM0006775,ORD002756,PROD0007,4,248.82
ITEM0006776,ORD002757,PROD0073,2,241.62
ITEM0006777,ORD002757,PROD0125,1,377.98
ITEM0006778,ORD002758,PROD0062,3,355.88
ITEM0006779,ORD002758,PROD0006,2,98.27
ITEM0006780,ORD002758,PROD0105,3,308.26
ITEM0006781,ORD002759,PROD0144,5,105.68
ITEM0006782,ORD002759,PROD0011,2,325.01
ITEM0006783,ORD002760,PROD0034,5,303.7
ITEM0006784,ORD002761,PROD0114,3,45.61
ITEM0006785,ORD002762,PROD0078,5,57.56
ITEM0006786,ORD002762,PROD0103,1,305.68
ITEM0006787,ORD002763,PROD0096,5,321.49
ITEM0006788,ORD002763,PROD0037,4,540.32
ITEM0006789,ORD002764,PROD0067,4,363.03
ITEM0006790,ORD002764,PROD0086,4,203.78
ITEM0006791,ORD002764,PROD0135,5,427.2
ITEM0006792,ORD002764,PROD0012,4,589.04
ITEM0006793,ORD002765,PROD0033,3,470.6
ITEM0006794,ORD002765,PROD0066,5,370.45
ITEM0006795,ORD002766,PROD0080,4,392.58
ITEM0006796,ORD002766,PROD0028,3,463.5
ITEM0006797,ORD002767,PROD0009,1,138.45
ITEM0006798,ORD002768,PROD0044,5,474.28
ITEM0006799,ORD002769,PROD0026,2,585.88
ITEM0006800,ORD002770,PROD0129,5,246.64
ITEM0006801,ORD002770,PROD0087,3,193.52
ITEM0006802,ORD002770,PROD0050,3,235.27
ITEM0006803,ORD002770,PROD0002,2,112.42
ITEM0006804,ORD002771,PROD0104,3,66.01
ITEM0006805,ORD002772,PROD0040,5,508.7
ITEM0006806,ORD002773,PROD0034,2,303.7
ITEM0006807,ORD002773,PROD0135,4,427.2
ITEM0006808,ORD002773,PROD0004,1,129.15
ITEM0006809,ORD002773,PROD0044,5,474.28
ITEM0006810,ORD002774,PROD0064,-1,411.35
ITEM0006811,ORD002775,PROD0042,1,394.4
ITEM0006812,ORD002775,PROD0040,5,508.7
ITEM0006813,ORD002775,PROD0014,5,16.7
ITEM0006814,ORD002775,PROD0049,2,106.04
ITEM0006815,ORD002776,PROD0069,1,619.75
ITEM0006816,ORD002776,PROD0018,1,119.66
ITEM0006817,ORD002776,PROD0090,2,51.56
ITEM0006818,ORD002777,PROD0144,2,105.68
ITEM0006819,ORD002777,PROD0105,2,308.26
ITEM0006820,ORD002778,PROD0069,1,619.75
ITEM0006821,ORD002778,PROD0083,2,306.64
ITEM0006822,ORD002778,PROD0090,5,51.56
ITEM0006823,ORD002778,PROD0023,2,414.75
ITEM0006824,ORD002779,PROD0112,1,308.35
ITEM0006825,ORD002780,PROD0005,5,196.98
ITEM0006826,ORD002780,PROD0039,5,410.66
ITEM0006827,ORD002781,PROD0041,4,438.01
ITEM0006828,ORD002781,PROD0011,5,325.01
ITEM0006829,ORD002781,PROD0048,3,277.49
ITEM0006830,ORD002782,PROD0122,2,484.26
ITEM0006831,ORD002783,PROD0066,5,370.45
ITEM0006832,ORD002783,PROD0011,5,325.01
ITEM0006833,ORD002783,PROD0012,4,589.04
ITEM0006834,ORD002784,PROD0015,5,442.7
ITEM0006835,ORD002785,PROD0074,3,122.74
ITEM0006836,ORD002785,PROD0054,5,135.13
ITEM0006837,ORD002785,PROD0083,3,306.64
ITEM0006838,ORD002785,PROD0115,1,431.33
ITEM0006839,ORD002786,PROD0027,3,356.31
ITEM0006840,ORD002787,PROD0070,3,271.29
ITEM0006841,ORD002787,PROD0048,3,277.49
ITEM0006842,ORD002788,PROD0101,4,182.81
ITEM0006843,ORD002789,PROD0122,3,484.26
ITEM0006844,ORD002789,PROD0125,4,377.98
ITEM0006845,ORD002789,PROD0041,1,438.01
ITEM0006846,ORD002790,PROD0025,1,23.62
ITEM0006847,ORD002791,PROD0021,3,487.35
ITEM0006848,ORD002791,PROD0130,2,421.1
ITEM0006849,ORD002791,PROD0004,5,129.15
ITEM0006850,ORD002792,PROD0129,4,246.64
ITEM0006851,ORD002792,PROD0123,3,95.95
ITEM0006852,ORD002793,PROD0007,3,248.82
ITEM0006853,ORD002793,PROD0110,5,39.23
ITEM0006854,ORD002793,PROD0099,5,386.23
ITEM0006855,ORD002794,PROD0104,2,66.01
ITEM0006856,ORD002794,PROD0068,5,422.88
ITEM0006857,ORD002794,PROD0088,5,51.09
ITEM0006858,ORD002795,PROD0096,4,321.49
ITEM0006859,ORD002795,PROD0010,1,488.99
ITEM0006860,ORD002795,PROD0085,1,602.46
ITEM0006861,ORD002796,PROD0094,3,393.51
ITEM0006862,ORD002796,PROD0090,1,51.56
ITEM0006863,ORD002796,PROD0084,2,464.44
ITEM0006864,ORD002796,PROD0145,5,359.48
ITEM0006865,ORD002797,PROD0028,4,463.5
ITEM0006866,ORD002798,PROD0140,3,496.11
ITEM0006867,ORD002798,PROD0001,3,342.2
ITEM0006868,ORD002798,PROD0134,3,192.47
ITEM0006869,ORD002799,PROD0130,1,421.1
ITEM0006870,ORD002799,PROD0107,5,462.67
ITEM0006871,ORD002800,PROD0139,3,135.03
ITEM0006872,ORD002801,PROD0115,5,431.33
ITEM0006873,ORD002802,PROD0035,4,27.57
ITEM0006874,ORD002803,PROD0087,4,193.52
ITEM0006875,ORD002803,PROD0095,5,271.32
ITEM0006876,ORD002803,PROD0138,2,43.7
ITEM0006877,ORD002804,PROD0028,2,463.5
ITEM0006878,ORD002804,PROD0134,1,192.47
ITEM0006879,ORD002805,PROD0046,5,207.44
ITEM0006880,ORD002805,PROD0095,3,271.32
ITEM0006881,ORD002806,PROD0070,3,271.29
ITEM0006882,ORD002806,PROD0054,4,135.13
ITEM0006883,ORD002806,PROD0086,1,203.78
ITEM0006884,ORD002806,PROD0027,3,356.31
ITEM0006885,ORD002807,PROD0001,3,342.2
ITEM0006886,ORD002807,PROD0125,-4,377.98
ITEM0006887,ORD002807,PROD0100,4,208.15
ITEM0006888,ORD002807,PROD0060,3,497.77
ITEM0006889,ORD002808,PROD0010,1,488.99
ITEM0006890,ORD002808,PROD0044,1,474.28
ITEM0006891,ORD002808,PROD0085,2,602.46
ITEM0006892,ORD002808,PROD0039,1,410.66
ITEM0006893,ORD002809,PROD0080,2,392.58
ITEM0006894,ORD002809,PROD0138,2,43.7
ITEM0006895,ORD002809,PROD0094,3,393.51
ITEM0006896,ORD002810,PROD0061,1,683.51
ITEM0006897,ORD002810,PROD0012,5,589.04
ITEM0006898,ORD002810,PROD0104,5,66.01
ITEM0006899,ORD002811,PROD0014,1,16.7
ITEM0006900,ORD002811,PROD0130,2,421.1
ITEM0006901,ORD002811,PROD0126,3,263.88
ITEM0006902,ORD002812,PROD0054,3,135.13
ITEM0006903,ORD002812,PROD0145,5,359.48
ITEM0006904,ORD002812,PROD0113,3,320.56
ITEM0006905,ORD002813,PROD0104,1,66.01
ITEM0006906,ORD002813,PROD0100,3,208.15
ITEM0006907,ORD002814,PROD0004,4,129.15
ITEM0006908,ORD002814,PROD0086,5,203.78
ITEM0006909,ORD002814,PROD0106,1,508.9
ITEM0006910,ORD002815,PROD0042,2,394.4
ITEM0006911,ORD002815,PROD0052,2,436.28
ITEM0006912,ORD002816,PROD0145,4,359.48
ITEM0006913,ORD002816,PROD0121,1,287.5
ITEM0006914,ORD002816,PROD0026,1,585.88
ITEM0006915,ORD002816,PROD0064,2,411.35
ITEM0006916,ORD002817,PROD0056,5,249.02
ITEM0006917,ORD002817,PROD0041,1,438.01
ITEM0006918,ORD002818,PROD0038,5,216.74
ITEM0006919,ORD002818,PROD0067,1,363.03
ITEM0006920,ORD002819,PROD0115,5,431.33
ITEM0006921,ORD002819,PROD0135,2,427.2
ITEM0006922,ORD002820,PROD0060,3,497.77
ITEM0006923,ORD002821,PROD0048,4,277.49
ITEM0006924,ORD002821,PROD0072,3,226.81
ITEM0006925,ORD002821,PROD0133,5,317.22
ITEM0006926,ORD002821,PROD0071,3,402.73
ITEM0006927,ORD002822,PROD0011,2,325.01
ITEM0006928,ORD002822,PROD0014,2,16.7
ITEM0006929,ORD002822,PROD0101,3,182.81
ITEM0006930,ORD002822,PROD0063,2,665.26
ITEM0006931,ORD002823,PROD0083,4,306.64
ITEM0006932,ORD002823,PROD0140,2,496.11
ITEM0006933,ORD002823,PROD0147,3,570.65
ITEM0006934,ORD002824,PROD0043,2,251.98
ITEM0006935,ORD002824,PROD0048,2,277.49
ITEM0006936,ORD002825,PROD0056,5,249.02
ITEM0006937,ORD002825,PROD0087,4,193.52
ITEM0006938,ORD002826,PROD0072,3,226.81
ITEM0006939,ORD002827,PROD0100,5,208.15
ITEM0006940,ORD002827,PROD0114,2,45.61
ITEM0006941,ORD002827,PROD0007,3,248.82
ITEM0006942,ORD002828,PROD0118,1,58.39
ITEM0006943,ORD002828,PROD0072,3,226.81
ITEM0006944,ORD002829,PROD0021,2,487.35
ITEM0006945,ORD002829,PROD0006,3,98.27
ITEM0006946,ORD002829,PROD0088,5,51.09
ITEM0006947,ORD002830,PROD0049,1,106.04
ITEM0006948,ORD002830,PROD0004,1,129.15
ITEM0006949,ORD002831,PROD0073,5,241.62
ITEM0006950,ORD002831,PROD0120,3,261.92
ITEM0006951,ORD002831,PROD0090,3,51.56
ITEM0006952,ORD002831,PROD0044,4,474.28
ITEM0006953,ORD002832,PROD0086,3,203.78
ITEM0006954,ORD002832,PROD0034,3,303.7
ITEM0006955,ORD002833,PROD0091,3,161.11
ITEM0006956,ORD002833,PROD0106,4,508.9
ITEM0006957,ORD002833,PROD0046,5,207.44
ITEM0006958,ORD002834,PROD0146,4,292.2
ITEM0006959,ORD002834,PROD0103,3,305.68
ITEM0006960,ORD002834,PROD0078,3,57.56
ITEM0006961,ORD002835,PROD0036,1,33.3
ITEM0006962,ORD002835,PROD0105,1,308.26
ITEM0006963,ORD002836,PROD0049,5,106.04
ITEM0006964,ORD002836,PROD0031,4,15.13
ITEM0006965,ORD002836,PROD0012,1,589.04
ITEM0006966,ORD002837,PROD0042,2,394.4
ITEM0006967,ORD002837,PROD0094,3,393.51
ITEM0006968,ORD002838,PROD0075,4,383.73
ITEM0006969,ORD002838,PROD0073,1,241.62
ITEM0006970,ORD002838,PROD0042,1,394.4
ITEM0006971,ORD002838,PROD0130,1,421.1
ITEM0006972,ORD002839,PROD0096,4,321.49
ITEM0006973,ORD002840,PROD0079,3,61.84
ITEM0006974,ORD002840,PROD0006,1,98.27
ITEM0006975,ORD002840,PROD0007,1,248.82
ITEM0006976,ORD002840,PROD0072,5,226.81
ITEM0006977,ORD002841,PROD0075,2,383.73
ITEM0006978,ORD002841,PROD0015,3,442.7
ITEM0006979,ORD002841,PROD0068,1,422.88
ITEM0006980,ORD002841,PROD0022,1,380.56
ITEM0006981,ORD002842,PROD0100,4,208.15
ITEM0006982,ORD002843,PROD0134,1,192.47
ITEM0006983,ORD002843,PROD0059,3,254.01
ITEM0006984,ORD002843,PROD0089,4,289.58
ITEM0006985,ORD002844,PROD0027,3,356.31
ITEM0006986,ORD002845,PROD0066,2,370.45
ITEM0006987,ORD002846,PROD0084,2,464.44
ITEM0006988,ORD002846,PROD0003,1,4.27
ITEM0006989,ORD002846,PROD0066,2,370.45
ITEM0006990,ORD002846,PROD0128,-2,403.21
ITEM0006991,ORD002847,PROD0077,5,286.06
ITEM0006992,ORD002847,PROD0006,1,98.27
ITEM0006993,ORD002848,PROD0026,1,585.88
ITEM0006994,ORD002849,PROD0016,1,30.39
ITEM0006995,ORD002849,PROD0007,5,248.82
ITEM0006996,ORD002849,PROD0130,5,421.1
ITEM0006997,ORD002850,PROD0020,5,124.89
ITEM0006998,ORD002850,PROD0086,2,203.78
ITEM0006999,ORD002850,PROD0066,1,370.45
ITEM0007000,ORD002851,PROD0101,1,182.81
ITEM0007001,ORD002851,PROD0112,1,308.35
ITEM0007002,ORD002851,PROD0072,2,226.81
ITEM0007003,ORD002851,PROD0141,3,19.31
ITEM0007004,ORD002852,PROD0099,4,386.23
ITEM0007005,ORD002852,PROD0117,1,130.11
ITEM0007006,ORD002853,PROD0092,2,557.9
ITEM0007007,ORD002853,PROD0022,3,380.56
ITEM0007008,ORD002854,PROD0099,1,386.23
ITEM0007009,ORD002854,PROD0022,2,380.56
ITEM0007010,ORD002854,PROD0100,1,208.15
ITEM0007011,ORD002854,PROD0042,4,394.4
ITEM0007012,ORD002855,PROD0142,-3,347.19
ITEM0007013,ORD002856,PROD0101,1,182.81
ITEM0007014,ORD002856,PROD0124,2,173.3
ITEM0007015,ORD002856,PROD0056,3,249.02
ITEM0007016,ORD002856,PROD0106,4,508.9
ITEM0007017,ORD002857,PROD0135,1,427.2
ITEM0007018,ORD002858,PROD0012,5,589.04
ITEM0007019,ORD002858,PROD0107,5,462.67
ITEM0007020,ORD002859,PROD0150,5,88.94
ITEM0007021,ORD002860,PROD0013,5,196.91
ITEM0007022,ORD002860,PROD0096,5,321.49
ITEM0007023,ORD002860,PROD0004,1,129.15
ITEM0007024,ORD002860,PROD0047,5,288.09
ITEM0007025,ORD002861,PROD0134,2,192.47
ITEM0007026,ORD002861,PROD0068,4,422.88
ITEM0007027,ORD002861,PROD0004,1,129.15
ITEM0007028,ORD002861,PROD0061,4,683.51
ITEM0007029,ORD002862,PROD0027,4,356.31
ITEM0007030,ORD002862,PROD0086,2,203.78
ITEM0007031,ORD002863,PROD0010,2,488.99
ITEM0007032,ORD002863,PROD0051,4,294.17
ITEM0007033,ORD002863,PROD0150,4,88.94
ITEM0007034,ORD002863,PROD0016,2,30.39
ITEM0007035,ORD002864,PROD0073,1,241.62
ITEM0007036,ORD002864,PROD0052,4,436.28
ITEM0007037,ORD002864,PROD0035,1,27.57
ITEM0007038,ORD002864,PROD0128,1,403.21
ITEM0007039,ORD002865,PROD0066,-4,370.45
ITEM0007040,ORD002865,PROD0025,1,23.62
ITEM0007041,ORD002866,PROD0022,4,380.56
ITEM0007042,ORD002866,PROD0145,5,359.48
ITEM0007043,ORD002866,PROD0005,5,196.98
ITEM0007044,ORD002866,PROD0128,4,403.21
ITEM0007045,ORD002867,PROD0034,3,303.7
ITEM0007046,ORD002867,PROD0111,1,408.22
ITEM0007047,ORD002867,PROD0027,2,356.31
ITEM0007048,ORD002867,PROD0005,4,196.98
ITEM0007049,ORD002868,PROD0099,4,386.23
ITEM0007050,ORD002868,PROD0139,5,135.03
ITEM0007051,ORD002868,PROD0130,2,421.1
ITEM0007052,ORD002869,PROD0046,2,207.44
ITEM0007053,ORD002870,PROD0058,4,356.49
ITEM0007054,ORD002870,PROD0113,5,320.56
ITEM0007055,ORD002870,PROD0060,3,497.77
ITEM0007056,ORD002871,PROD0027,2,356.31
ITEM0007057,ORD002871,PROD0136,5,485.57
ITEM0007058,ORD002872,PROD0041,4,438.01
ITEM0007059,ORD002872,PROD0052,3,436.28
ITEM0007060,ORD002872,PROD0076,2,277.07
ITEM0007061,ORD002873,PROD0012,4,589.04
ITEM0007062,ORD002873,PROD0023,5,414.75
ITEM0007063,ORD002873,PROD0006,3,98.27
ITEM0007064,ORD002873,PROD0097,4,53.1
ITEM0007065,ORD002874,PROD0077,3,286.06
ITEM0007066,ORD002875,PROD0135,3,427.2
ITEM0007067,ORD002875,PROD0051,4,294.17
ITEM0007068,ORD002876,PROD0012,2,589.04
ITEM0007069,ORD002876,PROD0036,2,33.3
ITEM0007070,ORD002876,PROD0104,2,66.01
ITEM0007071,ORD002876,PROD0085,5,602.46
ITEM0007072,ORD002877,PROD0133,3,317.22
ITEM0007073,ORD002877,PROD0109,2,126.44
ITEM0007074,ORD002877,PROD0006,3,98.27
ITEM0007075,ORD002877,PROD0020,5,124.89
ITEM0007076,ORD002878,PROD0052,5,436.28
ITEM0007077,ORD002878,PROD0128,4,403.21
ITEM0007078,ORD002879,PROD0057,1,632.78
ITEM0007079,ORD002879,PROD0135,1,427.2
ITEM0007080,ORD002879,PROD0035,4,27.57
ITEM0007081,ORD002880,PROD0049,4,106.04
ITEM0007082,ORD002880,PROD0082,4,196.55
ITEM0007083,ORD002880,PROD0124,4,173.3
ITEM0007084,ORD002881,PROD0112,2,308.35
ITEM0007085,ORD002882,PROD0068,4,422.88
ITEM0007086,ORD002882,PROD0062,4,355.88
ITEM0007087,ORD002883,PROD0100,1,208.15
ITEM0007088,ORD002884,PROD0097,3,53.1
ITEM0007089,ORD002885,PROD0106,3,508.9
ITEM0007090,ORD002885,PROD0131,4,130.48
ITEM0007091,ORD002885,PROD0052,2,436.28
ITEM0007092,ORD002886,PROD0001,3,342.2
ITEM0007093,ORD002886,PROD0035,1,27.57
ITEM0007094,ORD002886,PROD0058,2,356.49
ITEM0007095,ORD002887,PROD0108,4,332.49
ITEM0007096,ORD002887,PROD0092,2,557.9
ITEM0007097,ORD002888,PROD0088,2,51.09
ITEM0007098,ORD002888,PROD0067,5,363.03
ITEM0007099,ORD002888,PROD0004,2,129.15
ITEM0007100,ORD002889,PROD0044,5,474.28
ITEM0007101,ORD002889,PROD0047,3,288.09
ITEM0007102,ORD002889,PROD0013,4,196.91
ITEM0007103,ORD002890,PROD0018,5,119.66
ITEM0007104,ORD002891,PROD0131,3,130.48
ITEM0007105,ORD002891,PROD0139,5,135.03
ITEM0007106,ORD002892,PROD0069,2,619.75
ITEM0007107,ORD002892,PROD0058,4,356.49
ITEM0007108,ORD002892,PROD0007,3,248.82
ITEM0007109,ORD002893,PROD0138,4,43.7
ITEM0007110,ORD002893,PROD0002,5,112.42
ITEM0007111,ORD002893,PROD0078,5,57.56
ITEM0007112,ORD002894,PROD0043,1,251.98
ITEM0007113,ORD002894,PROD0079,4,61.84
ITEM0007114,ORD002894,PROD0113,5,320.56
ITEM0007115,ORD002894,PROD0120,1,261.92
ITEM0007116,ORD002895,PROD0022,2,380.56
ITEM0007117,ORD002895,PROD0061,2,683.51
ITEM0007118,ORD002895,PROD0136,1,485.57
ITEM0007119,ORD002895,PROD0127,1,9.71
ITEM0007120,ORD002896,PROD0123,5,95.95
ITEM0007121,ORD002896,PROD0101,5,182.81
ITEM0007122,ORD002896,PROD0045,2,66.57
ITEM0007123,ORD002896,PROD0020,5,124.89
ITEM0007124,ORD002897,PROD0133,4,317.22
ITEM0007125,ORD002897,PROD0147,5,570.65
ITEM0007126,ORD002897,PROD0092,3,557.9
ITEM0007127,ORD002898,PROD0058,4,356.49
ITEM0007128,ORD002899,PROD0081,2,318.7
ITEM0007129,ORD002899,PROD0133,5,317.22
ITEM0007130,ORD002899,PROD0048,5,277.49
ITEM0007131,ORD002900,PROD0051,4,294.17
ITEM0007132,ORD002900,PROD0030,2,314.5
ITEM0007133,ORD002900,PROD0054,3,135.13
ITEM0007134,ORD002900,PROD0025,1,23.62
ITEM0007135,ORD002901,PROD0023,1,414.75
ITEM0007136,ORD002901,PROD0009,4,138.45
ITEM0007137,ORD002902,PROD0147,1,570.65
ITEM0007138,ORD002902,PROD0115,-4,431.33
ITEM0007139,ORD002902,PROD0121,2,287.5
ITEM0007140,ORD002903,PROD0095,4,271.32
ITEM0007141,ORD002903,PROD0100,5,208.15
ITEM0007142,ORD002903,PROD0050,2,235.27
ITEM0007143,ORD002904,PROD0149,1,139.28
ITEM0007144,ORD002904,PROD0130,2,421.1
ITEM0007145,ORD002904,PROD0030,4,314.5
ITEM0007146,ORD002905,PROD0149,2,139.28
ITEM0007147,ORD002905,PROD0076,1,277.07
ITEM0007148,ORD002906,PROD0013,5,196.91
ITEM0007149,ORD002906,PROD0111,5,408.22
ITEM0007150,ORD002906,PROD0124,2,173.3
ITEM0007151,ORD002907,PROD0011,3,325.01
ITEM0007152,ORD002907,PROD0027,3,356.31
ITEM0007153,ORD002908,PROD0100,5,208.15
ITEM0007154,ORD002909,PROD0070,1,271.29
ITEM0007155,ORD002909,PROD0108,2,332.49
ITEM0007156,ORD002909,PROD0134,3,192.47
ITEM0007157,ORD002910,PROD0048,1,277.49
ITEM0007158,ORD002910,PROD0027,3,356.31
ITEM0007159,ORD002911,PROD0098,5,351.41
ITEM0007160,ORD002912,PROD0107,1,462.67
ITEM0007161,ORD002912,PROD0082,5,196.55
ITEM0007162,ORD002912,PROD0146,4,292.2
ITEM0007163,ORD002912,PROD0033,1,470.6
ITEM0007164,ORD002913,PROD0088,2,51.09
ITEM0007165,ORD002914,PROD0051,2,-294.17
ITEM0007166,ORD002914,PROD0069,5,619.75
ITEM0007167,ORD002914,PROD0127,3,9.71
ITEM0007168,ORD002915,PROD0111,5,408.22
ITEM0007169,ORD002915,PROD0045,5,66.57
ITEM0007170,ORD002915,PROD0079,5,61.84
ITEM0007171,ORD002916,PROD0025,2,23.62
ITEM0007172,ORD002916,PROD0104,3,66.01
ITEM0007173,ORD002916,PROD0146,4,292.2
ITEM0007174,ORD002917,PROD0095,5,-271.32
ITEM0007175,ORD002917,PROD0051,5,294.17
ITEM0007176,ORD002918,PROD0093,2,573.11
ITEM0007177,ORD002919,PROD0067,2,363.03
ITEM0007178,ORD002920,PROD0084,3,464.44
ITEM0007179,ORD002920,PROD0139,5,135.03
ITEM0007180,ORD002921,PROD0121,1,287.5
ITEM0007181,ORD002921,PROD0053,5,292.19
ITEM0007182,ORD002921,PROD0022,3,380.56
ITEM0007183,ORD002921,PROD0040,1,508.7
ITEM0007184,ORD002922,PROD0031,3,15.13
ITEM0007185,ORD002922,PROD0071,1,402.73
ITEM0007186,ORD002922,PROD0004,4,129.15
ITEM0007187,ORD002923,PROD0078,2,57.56
ITEM0007188,ORD002923,PROD0028,-1,463.5
ITEM0007189,ORD002923,PROD0035,3,27.57
ITEM0007190,ORD002924,PROD0038,1,216.74
ITEM0007191,ORD002924,PROD0083,2,306.64
ITEM0007192,ORD002924,PROD0093,5,573.11
ITEM0007193,ORD002924,PROD0111,1,408.22
ITEM0007194,ORD002925,PROD0128,4,403.21
ITEM0007195,ORD002926,PROD0104,3,66.01
ITEM0007196,ORD002927,PROD0106,1,508.9
ITEM0007197,ORD002927,PROD0145,-1,359.48
ITEM0007198,ORD002927,PROD0077,2,286.06
ITEM0007199,ORD002927,PROD0133,1,317.22
ITEM0007200,ORD002928,PROD0063,2,665.26
ITEM0007201,ORD002928,PROD0048,3,277.49
ITEM0007202,ORD002928,PROD0057,2,632.78
ITEM0007203,ORD002928,PROD0141,4,19.31
ITEM0007204,ORD002929,PROD0088,5,51.09
ITEM0007205,ORD002930,PROD0140,3,496.11
ITEM0007206,ORD002930,PROD0060,1,497.77
ITEM0007207,ORD002930,PROD0102,2,266.91
ITEM0007208,ORD002930,PROD0040,1,508.7
ITEM0007209,ORD002931,PROD0147,3,570.65
ITEM0007210,ORD002931,PROD0131,5,130.48
ITEM0007211,ORD002931,PROD0022,3,380.56
ITEM0007212,ORD002931,PROD0096,2,321.49
ITEM0007213,ORD002932,PROD0037,4,540.32
ITEM0007214,ORD002932,PROD0068,5,422.88
ITEM0007215,ORD002932,PROD0135,1,427.2
ITEM0007216,ORD002933,PROD0063,3,665.26
ITEM0007217,ORD002934,PROD0063,1,665.26
ITEM0007218,ORD002935,PROD0056,1,249.02
ITEM0007219,ORD002936,PROD0054,1,135.13
ITEM0007220,ORD002937,PROD0123,3,95.95
ITEM0007221,ORD002937,PROD0129,2,246.64
ITEM0007222,ORD002937,PROD0008,1,174.9
ITEM0007223,ORD002937,PROD0096,1,321.49
ITEM0007224,ORD002938,PROD0048,3,277.49
ITEM0007225,ORD002938,PROD0090,1,51.56
ITEM0007226,ORD002938,PROD0104,3,66.01
ITEM0007227,ORD002938,PROD0112,2,308.35
ITEM0007228,ORD002939,PROD0011,4,325.01
ITEM0007229,ORD002940,PROD0048,1,277.49
ITEM0007230,ORD002940,PROD0033,4,470.6
ITEM0007231,ORD002940,PROD0012,3,589.04
ITEM0007232,ORD002941,PROD0054,1,135.13
ITEM0007233,ORD002941,PROD0142,1,347.19
ITEM0007234,ORD002942,PROD0079,1,61.84
ITEM0007235,ORD002942,PROD0106,5,508.9
ITEM0007236,ORD002942,PROD0150,1,88.94
ITEM0007237,ORD002942,PROD0125,4,377.98
ITEM0007238,ORD002943,PROD0083,3,306.64
ITEM0007239,ORD002944,PROD0104,3,66.01
ITEM0007240,ORD002944,PROD0046,3,207.44
ITEM0007241,ORD002945,PROD0089,3,289.58
ITEM0007242,ORD002945,PROD0007,1,248.82
ITEM0007243,ORD002945,PROD0133,4,317.22
ITEM0007244,ORD002945,PROD0006,3,98.27
ITEM0007245,ORD002946,PROD0044,2,474.28
ITEM0007246,ORD002946,PROD0071,4,402.73
ITEM0007247,ORD002946,PROD0079,3,61.84
ITEM0007248,ORD002947,PROD0105,1,308.26
ITEM0007249,ORD002948,PROD0119,5,103.02
ITEM0007250,ORD002948,PROD0074,2,122.74
ITEM0007251,ORD002948,PROD0107,2,462.67
ITEM0007252,ORD002948,PROD0113,5,320.56
ITEM0007253,ORD002949,PROD0031,3,15.13
ITEM0007254,ORD002949,PROD0055,3,408.1
ITEM0007255,ORD002949,PROD0086,4,203.78
ITEM0007256,ORD002950,PROD0015,2,442.7
ITEM0007257,ORD002950,PROD0080,4,392.58
ITEM0007258,ORD002950,PROD0096,3,321.49
ITEM0007259,ORD002950,PROD0087,3,193.52
ITEM0007260,ORD002951,PROD0115,3,431.33
ITEM0007261,ORD002951,PROD0033,2,470.6
ITEM0007262,ORD002951,PROD0067,4,363.03
ITEM0007263,ORD002951,PROD0014,3,16.7
ITEM0007264,ORD002952,PROD0113,2,320.56
ITEM0007265,ORD002952,PROD0079,2,61.84
ITEM0007266,ORD002953,PROD0011,3,325.01
ITEM0007267,ORD002953,PROD0118,1,58.39
ITEM0007268,ORD002953,PROD0042,4,394.4
ITEM0007269,ORD002953,PROD0097,2,53.1
ITEM0007270,ORD002954,PROD0100,1,-208.15
ITEM0007271,ORD002954,PROD0050,3,235.27
ITEM0007272,ORD002954,PROD0046,4,207.44
ITEM0007273,ORD002955,PROD0090,4,51.56
ITEM0007274,ORD002955,PROD0033,1,470.6
ITEM0007275,ORD002955,PROD0056,1,249.02
ITEM0007276,ORD002956,PROD0009,2,138.45
ITEM0007277,ORD002956,PROD0077,3,286.06
ITEM0007278,ORD002956,PROD0015,4,442.7
ITEM0007279,ORD002956,PROD0106,4,508.9
ITEM0007280,ORD002957,PROD0091,2,161.11
ITEM0007281,ORD002957,PROD0060,1,497.77
ITEM0007282,ORD002957,PROD0021,3,487.35
ITEM0007283,ORD002957,PROD0070,1,271.29
ITEM0007284,ORD002958,PROD0130,4,421.1
ITEM0007285,ORD002958,PROD0146,5,292.2
ITEM0007286,ORD002958,PROD0050,4,235.27
ITEM0007287,ORD002959,PROD0031,1,15.13
ITEM0007288,ORD002960,PROD0136,3,485.57
ITEM0007289,ORD002960,PROD0057,2,632.78
ITEM0007290,ORD002961,PROD0048,3,277.49
ITEM0007291,ORD002961,PROD0068,5,422.88
ITEM0007292,ORD002962,PROD0102,3,266.91
ITEM0007293,ORD002963,PROD0015,4,442.7
ITEM0007294,ORD002963,PROD0034,1,303.7
ITEM0007295,ORD002963,PROD0031,1,15.13
ITEM0007296,ORD002963,PROD0077,4,286.06
ITEM0007297,ORD002964,PROD0068,2,422.88
ITEM0007298,ORD002965,PROD0085,1,602.46
ITEM0007299,ORD002966,PROD0102,-4,266.91
ITEM0007300,ORD002966,PROD0069,3,619.75
ITEM0007301,ORD002966,PROD0084,5,464.44
ITEM0007302,ORD002967,PROD0104,5,66.01
ITEM0007303,ORD002967,PROD0125,4,377.98
ITEM0007304,ORD002968,PROD0046,5,207.44
ITEM0007305,ORD002968,PROD0149,2,139.28
ITEM0007306,ORD002968,PROD0020,2,124.89
ITEM0007307,ORD002968,PROD0104,3,66.01
ITEM0007308,ORD002969,PROD0125,3,377.98
ITEM0007309,ORD002969,PROD0042,5,394.4
ITEM0007310,ORD002969,PROD0041,2,438.01
ITEM0007311,ORD002970,PROD0013,2,196.91
ITEM0007312,ORD002970,PROD0132,1,316.5
ITEM0007313,ORD002970,PROD0052,2,436.28
ITEM0007314,ORD002971,PROD0124,5,173.3
ITEM0007315,ORD002972,PROD0125,1,377.98
ITEM0007316,ORD002972,PROD0094,1,393.51
ITEM0007317,ORD002973,PROD0023,2,414.75
ITEM0007318,ORD002973,PROD0068,2,422.88
ITEM0007319,ORD002973,PROD0037,5,540.32
ITEM0007320,ORD002973,PROD0029,4,93.87
ITEM0007321,ORD002974,PROD0128,2,403.21
ITEM0007322,ORD002974,PROD0107,2,462.67
ITEM0007323,ORD002975,PROD0045,5,66.57
ITEM0007324,ORD002975,PROD0132,4,316.5
ITEM0007325,ORD002975,PROD0022,1,380.56
ITEM0007326,ORD002975,PROD0089,1,289.58
ITEM0007327,ORD002976,PROD0101,4,182.81
ITEM0007328,ORD002976,PROD0046,3,207.44
ITEM0007329,ORD002977,PROD0126,2,263.88
ITEM0007330,ORD002977,PROD0060,3,497.77
ITEM0007331,ORD002977,PROD0035,3,27.57
ITEM0007332,ORD002977,PROD0124,5,173.3
ITEM0007333,ORD002978,PROD0022,4,380.56
ITEM0007334,ORD002979,PROD0076,1,277.07
ITEM0007335,ORD002979,PROD0084,4,-464.44
ITEM0007336,ORD002980,PROD0148,4,427.66
ITEM0007337,ORD002980,PROD0104,4,66.01
ITEM0007338,ORD002981,PROD0117,2,130.11
ITEM0007339,ORD002982,PROD0085,2,602.46
ITEM0007340,ORD002982,PROD0094,5,393.51
ITEM0007341,ORD002982,PROD0014,1,16.7
ITEM0007342,ORD002982,PROD0106,4,508.9
ITEM0007343,ORD002983,PROD0150,2,88.94
ITEM0007344,ORD002983,PROD0114,3,45.61
ITEM0007345,ORD002983,PROD0104,3,66.01
ITEM0007346,ORD002983,PROD0016,2,-30.39
ITEM0007347,ORD002984,PROD0027,4,356.31
ITEM0007348,ORD002984,PROD0108,4,332.49
ITEM0007349,ORD002984,PROD0040,3,508.7
ITEM0007350,ORD002985,PROD0123,2,95.95
ITEM0007351,ORD002986,PROD0027,3,356.31
ITEM0007352,ORD002986,PROD0117,5,130.11
ITEM0007353,ORD002987,PROD0061,4,683.51
ITEM0007354,ORD002987,PROD0044,2,474.28
ITEM0007355,ORD002988,PROD0076,1,277.07
ITEM0007356,ORD002988,PROD0058,5,356.49
ITEM0007357,ORD002989,PROD0090,4,51.56
ITEM0007358,ORD002989,PROD0067,3,363.03
ITEM0007359,ORD002990,PROD0125,4,377.98
ITEM0007360,ORD002991,PROD0088,2,51.09
ITEM0007361,ORD002991,PROD0142,3,347.19
ITEM0007362,ORD002991,PROD0011,4,325.01
ITEM0007363,ORD002992,PROD0110,2,39.23
ITEM0007364,ORD002993,PROD0087,5,193.52
ITEM0007365,ORD002993,PROD0026,2,585.88
ITEM0007366,ORD002993,PROD0052,4,436.28
ITEM0007367,ORD002993,PROD0056,1,249.02
ITEM0007368,ORD002994,PROD0098,1,351.41
ITEM0007369,ORD002994,PROD0121,-4,287.5
ITEM0007370,ORD002995,PROD0136,5,485.57
ITEM0007371,ORD002995,PROD0078,5,57.56
ITEM0007372,ORD002995,PROD0001,1,342.2
ITEM0007373,ORD002995,PROD0100,2,208.15
ITEM0007374,ORD002996,PROD0081,4,318.7
ITEM0007375,ORD002996,PROD0143,1,453.59
ITEM0007376,ORD002996,PROD0099,3,386.23
ITEM0007377,ORD002996,PROD0067,4,363.03
ITEM0007378,ORD002997,PROD0076,2,277.07
ITEM0007379,ORD002998,PROD0033,3,470.6
ITEM0007380,ORD002998,PROD0097,5,53.1
ITEM0007381,ORD002998,PROD0123,1,95.95
ITEM0007382,ORD002998,PROD0087,1,193.52
ITEM0007383,ORD002999,PROD0083,5,306.64
ITEM0007384,ORD002999,PROD0042,2,394.4
ITEM0007385,ORD002999,PROD0130,4,421.1
ITEM0007386,ORD003000,PROD0149,4,139.28
ITEM0007387,ORD003000,PROD0028,5,463.5
ITEM0007388,ORD003000,PROD0119,5,103.02
ITEM0007389,ORD003001,PROD0108,2,332.49
ITEM0007390,ORD003001,PROD0104,4,66.01
ITEM0007391,ORD003002,PROD0089,3,289.58
ITEM0007392,ORD003002,PROD0050,5,235.27
ITEM0007393,ORD003002,PROD0069,2,619.75
ITEM0007394,ORD003003,PROD0039,3,410.66
ITEM0007395,ORD003003,PROD0134,5,192.47
ITEM0007396,ORD003003,PROD0086,3,203.78
ITEM0007397,ORD003003,PROD0084,3,464.44
ITEM0007398,ORD003004,PROD0119,2,103.02
ITEM0007399,ORD003004,PROD0100,4,208.15
ITEM0007400,ORD003004,PROD0038,3,216.74
ITEM0007401,ORD003004,PROD0080,4,392.58
ITEM0007402,ORD003005,PROD0098,4,351.41
ITEM0007403,ORD003005,PROD0060,3,497.77
ITEM0007404,ORD003005,PROD0013,5,196.91
ITEM0007405,ORD003005,PROD0116,3,366.52
ITEM0007406,ORD003006,PROD0059,4,254.01
ITEM0007407,ORD003006,PROD0072,3,226.81
ITEM0007408,ORD003007,PROD0036,5,33.3
ITEM0007409,ORD003007,PROD0014,2,-16.7
ITEM0007410,ORD003008,PROD0078,4,57.56
ITEM0007411,ORD003009,PROD0095,2,271.32
ITEM0007412,ORD003009,PROD0083,5,306.64
ITEM0007413,ORD003009,PROD0033,4,470.6
ITEM0007414,ORD003010,PROD0035,2,27.57
ITEM0007415,ORD003010,PROD0098,5,351.41
ITEM0007416,ORD003010,PROD0060,4,497.77
ITEM0007417,ORD003011,PROD0014,2,16.7
ITEM0007418,ORD003011,PROD0144,1,105.68
ITEM0007419,ORD003012,PROD0052,3,436.28
ITEM0007420,ORD003013,PROD0050,1,235.27
ITEM0007421,ORD003013,PROD0053,4,292.19
ITEM0007422,ORD003013,PROD0073,2,241.62
ITEM0007423,ORD003013,PROD0060,5,497.77
ITEM0007424,ORD003014,PROD0057,5,632.78
ITEM0007425,ORD003014,PROD0018,5,119.66
ITEM0007426,ORD003015,PROD0139,2,135.03
ITEM0007427,ORD003015,PROD0143,4,453.59
ITEM0007428,ORD003016,PROD0062,3,355.88
ITEM0007429,ORD003016,PROD0092,1,557.9
ITEM0007430,ORD003016,PROD0109,3,126.44
ITEM0007431,ORD003017,PROD0042,2,394.4
ITEM0007432,ORD003017,PROD0079,5,61.84
ITEM0007433,ORD003017,PROD0005,4,196.98
ITEM0007434,ORD003017,PROD0041,3,438.01
ITEM0007435,ORD003018,PROD0123,4,95.95
ITEM0007436,ORD003018,PROD0036,2,33.3
ITEM0007437,ORD003018,PROD0134,1,192.47
ITEM0007438,ORD003019,PROD0114,3,45.61
ITEM0007439,ORD003019,PROD0099,3,386.23
ITEM0007440,ORD003020,PROD0134,5,192.47
ITEM0007441,ORD003020,PROD0148,3,427.66
ITEM0007442,ORD003020,PROD0044,1,474.28
ITEM0007443,ORD003020,PROD0061,3,683.51
ITEM0007444,ORD003021,PROD0002,3,112.42
ITEM0007445,ORD003021,PROD0115,5,431.33
ITEM0007446,ORD003022,PROD0117,3,130.11
ITEM0007447,ORD003022,PROD0085,5,602.46
ITEM0007448,ORD003022,PROD0014,5,16.7
ITEM0007449,ORD003022,PROD0035,2,27.57
ITEM0007450,ORD003023,PROD0034,2,303.7
ITEM0007451,ORD003023,PROD0131,4,130.48
ITEM0007452,ORD003023,PROD0018,4,119.66
ITEM0007453,ORD003023,PROD0015,1,442.7
ITEM0007454,ORD003024,PROD0055,2,408.1
ITEM0007455,ORD003024,PROD0054,4,135.13
ITEM0007456,ORD003024,PROD0006,5,98.27
ITEM0007457,ORD003024,PROD0047,4,288.09
ITEM0007458,ORD003025,PROD0144,4,105.68
ITEM0007459,ORD003025,PROD0046,1,207.44
ITEM0007460,ORD003025,PROD0095,3,271.32
ITEM0007461,ORD003026,PROD0128,4,403.21
ITEM0007462,ORD003026,PROD0094,4,393.51
ITEM0007463,ORD003026,PROD0054,2,135.13
ITEM0007464,ORD003027,PROD0080,5,392.58
ITEM0007465,ORD003027,PROD0128,4,-403.21
ITEM0007466,ORD003027,PROD0112,1,308.35
ITEM0007467,ORD003027,PROD0107,1,462.67
ITEM0007468,ORD003028,PROD0096,5,321.49
ITEM0007469,ORD003029,PROD0001,3,342.2
ITEM0007470,ORD003029,PROD0080,5,392.58
ITEM0007471,ORD003029,PROD0043,5,251.98
ITEM0007472,ORD003029,PROD0109,4,-126.44
ITEM0007473,ORD003030,PROD0130,1,421.1
ITEM0007474,ORD003030,PROD0096,2,321.49
ITEM0007475,ORD003031,PROD0086,1,203.78
ITEM0007476,ORD003031,PROD0045,2,66.57
ITEM0007477,ORD003032,PROD0127,2,9.71
ITEM0007478,ORD003032,PROD0097,3,53.1
ITEM0007479,ORD003033,PROD0034,5,303.7
ITEM0007480,ORD003034,PROD0058,5,356.49
ITEM0007481,ORD003034,PROD0059,5,254.01
ITEM0007482,ORD003034,PROD0085,5,602.46
ITEM0007483,ORD003035,PROD0037,4,540.32
ITEM0007484,ORD003035,PROD0035,2,27.57
ITEM0007485,ORD003035,PROD0141,1,19.31
ITEM0007486,ORD003036,PROD0032,1,172.77
ITEM0007487,ORD003037,PROD0014,3,16.7
ITEM0007488,ORD003038,PROD0116,3,366.52
ITEM0007489,ORD003039,PROD0068,3,422.88
ITEM0007490,ORD003039,PROD0075,1,383.73
ITEM0007491,ORD003040,PROD0132,2,316.5
ITEM0007492,ORD003041,PROD0141,3,19.31
ITEM0007493,ORD003041,PROD0114,1,45.61
ITEM0007494,ORD003041,PROD0045,5,66.57
ITEM0007495,ORD003041,PROD0084,3,464.44
ITEM0007496,ORD003042,PROD0103,1,305.68
ITEM0007497,ORD003043,PROD0044,5,474.28
ITEM0007498,ORD003044,PROD0094,4,393.51
ITEM0007499,ORD003044,PROD0138,4,43.7
ITEM0007500,ORD003044,PROD0041,2,438.01
ITEM0007501,ORD003045,PROD0008,5,174.9
ITEM0007502,ORD003045,PROD0112,1,308.35
ITEM0007503,ORD003045,PROD0006,2,98.27
ITEM0007504,ORD003046,PROD0150,2,88.94
ITEM0007505,ORD003046,PROD0029,2,93.87
ITEM0007506,ORD003046,PROD0086,4,203.78
ITEM0007507,ORD003046,PROD0121,5,287.5
ITEM0007508,ORD003047,PROD0136,5,485.57
ITEM0007509,ORD003047,PROD0128,1,403.21
ITEM0007510,ORD003047,PROD0001,4,342.2
ITEM0007511,ORD003047,PROD0029,2,93.87
ITEM0007512,ORD003048,PROD0004,4,129.15
ITEM0007513,ORD003048,PROD0120,4,261.92
ITEM0007514,ORD003048,PROD0026,4,585.88
ITEM0007515,ORD003048,PROD0038,1,216.74
ITEM0007516,ORD003049,PROD0130,2,421.1
ITEM0007517,ORD003050,PROD0082,5,196.55
ITEM0007518,ORD003050,PROD0029,5,93.87
ITEM0007519,ORD003051,PROD0037,1,540.32
ITEM0007520,ORD003051,PROD0088,2,51.09
ITEM0007521,ORD003051,PROD0005,3,196.98
ITEM0007522,ORD003052,PROD0062,4,355.88
ITEM0007523,ORD003053,PROD0122,3,484.26
ITEM0007524,ORD003053,PROD0147,4,570.65
ITEM0007525,ORD003053,PROD0044,3,474.28
ITEM0007526,ORD003054,PROD0040,5,508.7
ITEM0007527,ORD003054,PROD0125,2,377.98
ITEM0007528,ORD003054,PROD0108,-4,332.49
ITEM0007529,ORD003055,PROD0069,4,619.75
ITEM0007530,ORD003055,PROD0003,4,4.27
ITEM0007531,ORD003056,PROD0030,3,314.5
ITEM0007532,ORD003056,PROD0063,1,665.26
ITEM0007533,ORD003057,PROD0034,5,303.7
ITEM0007534,ORD003058,PROD0070,5,271.29
ITEM0007535,ORD003058,PROD0150,4,88.94
ITEM0007536,ORD003058,PROD0072,1,226.81
ITEM0007537,ORD003059,PROD0106,3,508.9
ITEM0007538,ORD003059,PROD0060,4,497.77
ITEM0007539,ORD003059,PROD0146,3,292.2
ITEM0007540,ORD003060,PROD0082,5,196.55
ITEM0007541,ORD003060,PROD0041,4,438.01
ITEM0007542,ORD003060,PROD0035,1,27.57
ITEM0007543,ORD003061,PROD0040,5,508.7
ITEM0007544,ORD003061,PROD0020,5,124.89
ITEM0007545,ORD003061,PROD0061,3,683.51
ITEM0007546,ORD003062,PROD0032,2,172.77
ITEM0007547,ORD003062,PROD0093,3,573.11
ITEM0007548,ORD003062,PROD0065,1,153.97
ITEM0007549,ORD003062,PROD0039,2,410.66
ITEM0007550,ORD003063,PROD0038,1,216.74
ITEM0007551,ORD003063,PROD0012,4,589.04
ITEM0007552,ORD003063,PROD0114,4,45.61
ITEM0007553,ORD003063,PROD0077,5,286.06
ITEM0007554,ORD003064,PROD0025,5,23.62
ITEM0007555,ORD003064,PROD0001,4,342.2
ITEM0007556,ORD003065,PROD0023,5,414.75
ITEM0007557,ORD003065,PROD0136,3,485.57
ITEM0007558,ORD003066,PROD0136,1,485.57
ITEM0007559,ORD003067,PROD0074,1,122.74
ITEM0007560,ORD003067,PROD0035,5,27.57
ITEM0007561,ORD003068,PROD0073,4,241.62
ITEM0007562,ORD003068,PROD0145,4,359.48
ITEM0007563,ORD003069,PROD0075,3,383.73
ITEM0007564,ORD003069,PROD0038,1,216.74
ITEM0007565,ORD003070,PROD0097,2,53.1
ITEM0007566,ORD003071,PROD0044,5,474.28
ITEM0007567,ORD003071,PROD0079,1,61.84
ITEM0007568,ORD003071,PROD0066,2,370.45
ITEM0007569,ORD003071,PROD0123,3,95.95
ITEM0007570,ORD003072,PROD0029,2,93.87
ITEM0007571,ORD003072,PROD0146,3,292.2
ITEM0007572,ORD003072,PROD0129,2,246.64
ITEM0007573,ORD003073,PROD0139,1,135.03
ITEM0007574,ORD003073,PROD0054,4,135.13
ITEM0007575,ORD003074,PROD0028,5,463.5
ITEM0007576,ORD003075,PROD0016,1,30.39
ITEM0007577,ORD003075,PROD0030,4,314.5
ITEM0007578,ORD003075,PROD0033,1,470.6
ITEM0007579,ORD003075,PROD0057,4,632.78
ITEM0007580,ORD003076,PROD0141,4,19.31
ITEM0007581,ORD003076,PROD0070,1,271.29
ITEM0007582,ORD003077,PROD0046,1,207.44
ITEM0007583,ORD003078,PROD0035,2,27.57
ITEM0007584,ORD003078,PROD0085,1,602.46
ITEM0007585,ORD003078,PROD0029,1,93.87
ITEM0007586,ORD003078,PROD0024,2,594.24
ITEM0007587,ORD003079,PROD0090,2,51.56
ITEM0007588,ORD003079,PROD0041,4,438.01
ITEM0007589,ORD003080,PROD0111,5,408.22
ITEM0007590,ORD003081,PROD0073,4,241.62
ITEM0007591,ORD003081,PROD0041,4,438.01
ITEM0007592,ORD003081,PROD0053,2,292.19
ITEM0007593,ORD003082,PROD0004,2,129.15
ITEM0007594,ORD003082,PROD0072,2,226.81
ITEM0007595,ORD003082,PROD0092,4,557.9
ITEM0007596,ORD003082,PROD0086,3,203.78
ITEM0007597,ORD003083,PROD0102,1,266.91
ITEM0007598,ORD003084,PROD0110,1,39.23
ITEM0007599,ORD003085,PROD0024,3,594.24
ITEM0007600,ORD003085,PROD0025,1,23.62
ITEM0007601,ORD003086,PROD0135,4,427.2
ITEM0007602,ORD003087,PROD0091,4,161.11
ITEM0007603,ORD003087,PROD0129,5,246.64
ITEM0007604,ORD003087,PROD0058,4,356.49
ITEM0007605,ORD003088,PROD0042,3,394.4
ITEM0007606,ORD003088,PROD0149,4,139.28
ITEM0007607,ORD003088,PROD0015,5,442.7
ITEM0007608,ORD003089,PROD0124,1,173.3
ITEM0007609,ORD003089,PROD0047,-5,288.09
ITEM0007610,ORD003089,PROD0082,4,196.55
ITEM0007611,ORD003089,PROD0060,5,497.77
ITEM0007612,ORD003090,PROD0019,3,443.45
ITEM0007613,ORD003090,PROD0145,1,-359.48
ITEM0007614,ORD003090,PROD0040,2,508.7
ITEM0007615,ORD003090,PROD0119,3,103.02
ITEM0007616,ORD003091,PROD0090,2,51.56
ITEM0007617,ORD003091,PROD0116,2,366.52
ITEM0007618,ORD003091,PROD0015,1,442.7
ITEM0007619,ORD003091,PROD0094,4,393.51
ITEM0007620,ORD003092,PROD0019,4,443.45
ITEM0007621,ORD003092,PROD0015,1,442.7
ITEM0007622,ORD003092,PROD0055,2,408.1
ITEM0007623,ORD003093,PROD0024,4,594.24
ITEM0007624,ORD003094,PROD0118,1,58.39
ITEM0007625,ORD003095,PROD0060,4,497.77
ITEM0007626,ORD003095,PROD0122,4,484.26
ITEM0007627,ORD003095,PROD0056,3,249.02
ITEM0007628,ORD003095,PROD0028,1,463.5
ITEM0007629,ORD003096,PROD0015,2,442.7
ITEM0007630,ORD003096,PROD0017,4,234.28
ITEM0007631,ORD003096,PROD0132,-5,316.5
ITEM0007632,ORD003096,PROD0056,5,249.02
ITEM0007633,ORD003097,PROD0026,1,585.88
ITEM0007634,ORD003098,PROD0144,1,105.68
ITEM0007635,ORD003098,PROD0056,1,249.02
ITEM0007636,ORD003098,PROD0011,1,325.01
ITEM0007637,ORD003098,PROD0082,3,196.55
ITEM0007638,ORD003099,PROD0017,5,234.28
ITEM0007639,ORD003099,PROD0011,4,325.01
ITEM0007640,ORD003099,PROD0029,2,93.87
ITEM0007641,ORD003099,PROD0073,5,241.62
ITEM0007642,ORD003100,PROD0115,4,431.33
ITEM0007643,ORD003100,PROD0038,3,216.74
ITEM0007644,ORD003100,PROD0028,5,463.5
ITEM0007645,ORD003100,PROD0017,2,234.28
ITEM0007646,ORD003101,PROD0084,5,464.44
ITEM0007647,ORD003101,PROD0068,3,422.88
ITEM0007648,ORD003102,PROD0036,2,33.3
ITEM0007649,ORD003102,PROD0108,1,332.49
ITEM0007650,ORD003102,PROD0056,3,249.02
ITEM0007651,ORD003103,PROD0040,1,508.7
ITEM0007652,ORD003104,PROD0116,3,366.52
ITEM0007653,ORD003104,PROD0109,5,126.44
ITEM0007654,ORD003104,PROD0119,4,103.02
ITEM0007655,ORD003104,PROD0072,1,226.81
ITEM0007656,ORD003105,PROD0107,2,462.67
ITEM0007657,ORD003105,PROD0101,2,182.81
ITEM0007658,ORD003105,PROD0115,4,431.33
ITEM0007659,ORD003105,PROD0112,5,308.35
ITEM0007660,ORD003106,PROD0077,5,286.06
ITEM0007661,ORD003106,PROD0084,4,464.44
ITEM0007662,ORD003106,PROD0066,1,370.45
ITEM0007663,ORD003106,PROD0083,4,306.64
ITEM0007664,ORD003107,PROD0045,4,66.57
ITEM0007665,ORD003107,PROD0134,2,192.47
ITEM0007666,ORD003108,PROD0033,5,470.6
ITEM0007667,ORD003108,PROD0128,4,403.21
ITEM0007668,ORD003108,PROD0079,3,61.84
ITEM0007669,ORD003109,PROD0077,2,286.06
ITEM0007670,ORD003110,PROD0056,2,249.02
ITEM0007671,ORD003110,PROD0035,2,27.57
ITEM0007672,ORD003111,PROD0094,5,393.51
ITEM0007673,ORD003111,PROD0124,1,173.3
ITEM0007674,ORD003111,PROD0095,5,271.32
ITEM0007675,ORD003111,PROD0078,2,57.56
ITEM0007676,ORD003112,PROD0124,1,173.3
ITEM0007677,ORD003112,PROD0003,5,4.27
ITEM0007678,ORD003112,PROD0026,2,585.88
ITEM0007679,ORD003112,PROD0080,5,392.58
ITEM0007680,ORD003113,PROD0087,4,193.52
ITEM0007681,ORD003113,PROD0010,3,488.99
ITEM0007682,ORD003113,PROD0148,5,427.66
ITEM0007683,ORD003113,PROD0017,1,234.28
ITEM0007684,ORD003114,PROD0016,1,30.39
ITEM0007685,ORD003115,PROD0125,4,377.98
ITEM0007686,ORD003115,PROD0058,2,356.49
ITEM0007687,ORD003115,PROD0036,2,33.3
ITEM0007688,ORD003115,PROD0004,5,129.15
ITEM0007689,ORD003116,PROD0026,3,585.88
ITEM0007690,ORD003116,PROD0023,4,414.75
ITEM0007691,ORD003117,PROD0069,2,619.75
ITEM0007692,ORD003118,PROD0066,2,370.45
ITEM0007693,ORD003118,PROD0098,5,351.41
ITEM0007694,ORD003118,PROD0029,4,93.87
ITEM0007695,ORD003118,PROD0073,5,241.62
ITEM0007696,ORD003119,PROD0122,5,484.26
ITEM0007697,ORD003119,PROD0067,3,363.03
ITEM0007698,ORD003119,PROD0064,5,411.35
ITEM0007699,ORD003120,PROD0048,3,277.49
ITEM0007700,ORD003120,PROD0074,3,122.74
ITEM0007701,ORD003121,PROD0031,5,15.13
ITEM0007702,ORD003121,PROD0029,2,93.87
ITEM0007703,ORD003121,PROD0122,1,484.26
ITEM0007704,ORD003121,PROD0115,5,431.33
ITEM0007705,ORD003122,PROD0061,3,683.51
ITEM0007706,ORD003122,PROD0146,1,292.2
ITEM0007707,ORD003123,PROD0086,3,203.78
ITEM0007708,ORD003123,PROD0047,4,288.09
ITEM0007709,ORD003124,PROD0136,1,485.57
ITEM0007710,ORD003124,PROD0126,1,263.88
ITEM0007711,ORD003124,PROD0009,4,138.45
ITEM0007712,ORD003125,PROD0032,1,172.77
ITEM0007713,ORD003125,PROD0087,3,193.52
ITEM0007714,ORD003126,PROD0083,3,306.64
ITEM0007715,ORD003126,PROD0056,5,249.02
ITEM0007716,ORD003127,PROD0085,2,602.46
ITEM0007717,ORD003127,PROD0111,5,408.22
ITEM0007718,ORD003128,PROD0001,5,342.2
ITEM0007719,ORD003128,PROD0037,4,540.32
ITEM0007720,ORD003129,PROD0102,2,266.91
ITEM0007721,ORD003129,PROD0113,3,320.56
ITEM0007722,ORD003130,PROD0102,5,266.91
ITEM0007723,ORD003130,PROD0133,4,317.22
ITEM0007724,ORD003130,PROD0085,2,602.46
ITEM0007725,ORD003131,PROD0080,4,392.58
ITEM0007726,ORD003131,PROD0008,5,174.9
ITEM0007727,ORD003131,PROD0044,1,474.28
ITEM0007728,ORD003132,PROD0032,2,172.77
ITEM0007729,ORD003132,PROD0141,4,19.31
ITEM0007730,ORD003132,PROD0084,2,464.44
ITEM0007731,ORD003133,PROD0021,3,487.35
ITEM0007732,ORD003133,PROD0075,-1,383.73
ITEM0007733,ORD003133,PROD0131,3,130.48
ITEM0007734,ORD003133,PROD0083,4,306.64
ITEM0007735,ORD003134,PROD0026,1,585.88
ITEM0007736,ORD003134,PROD0129,2,246.64
ITEM0007737,ORD003134,PROD0054,2,135.13
ITEM0007738,ORD003135,PROD0104,3,66.01
ITEM0007739,ORD003135,PROD0015,4,442.7
ITEM0007740,ORD003135,PROD0117,4,130.11
ITEM0007741,ORD003135,PROD0048,1,277.49
ITEM0007742,ORD003136,PROD0096,4,321.49
ITEM0007743,ORD003136,PROD0089,3,289.58
ITEM0007744,ORD003136,PROD0054,3,135.13
ITEM0007745,ORD003136,PROD0035,1,27.57
ITEM0007746,ORD003137,PROD0082,4,-196.55
ITEM0007747,ORD003137,PROD0150,1,88.94
ITEM0007748,ORD003138,PROD0056,5,249.02
ITEM0007749,ORD003138,PROD0136,2,485.57
ITEM0007750,ORD003138,PROD0142,5,347.19
ITEM0007751,ORD003138,PROD0032,5,172.77
ITEM0007752,ORD003139,PROD0086,1,203.78
ITEM0007753,ORD003139,PROD0001,4,342.2
ITEM0007754,ORD003139,PROD0025,1,23.62
ITEM0007755,ORD003139,PROD0135,4,427.2
ITEM0007756,ORD003140,PROD0086,2,203.78
ITEM0007757,ORD003141,PROD0087,2,193.52
ITEM0007758,ORD003141,PROD0021,5,487.35
ITEM0007759,ORD003141,PROD0125,3,377.98
ITEM0007760,ORD003141,PROD0126,3,263.88
ITEM0007761,ORD003142,PROD0088,4,51.09
ITEM0007762,ORD003142,PROD0064,5,411.35
ITEM0007763,ORD003142,PROD0126,4,263.88
ITEM0007764,ORD003143,PROD0121,3,287.5
ITEM0007765,ORD003143,PROD0025,4,23.62
ITEM0007766,ORD003144,PROD0007,3,248.82
ITEM0007767,ORD003144,PROD0049,3,106.04
ITEM0007768,ORD003144,PROD0052,5,436.28
ITEM0007769,ORD003145,PROD0138,5,43.7
ITEM0007770,ORD003145,PROD0037,4,540.32
ITEM0007771,ORD003145,PROD0030,2,314.5
ITEM0007772,ORD003146,PROD0121,1,287.5
ITEM0007773,ORD003146,PROD0072,1,226.81
ITEM0007774,ORD003146,PROD0011,4,325.01
ITEM0007775,ORD003146,PROD0090,4,51.56
ITEM0007776,ORD003147,PROD0140,3,496.11
ITEM0007777,ORD003147,PROD0126,1,263.88
ITEM0007778,ORD003148,PROD0068,1,422.88
ITEM0007779,ORD003148,PROD0023,2,414.75
ITEM0007780,ORD003149,PROD0011,4,325.01
ITEM0007781,ORD003149,PROD0108,5,332.49
ITEM0007782,ORD003150,PROD0080,5,392.58
ITEM0007783,ORD003150,PROD0025,1,23.62
ITEM0007784,ORD003150,PROD0009,5,138.45
ITEM0007785,ORD003151,PROD0086,2,203.78
ITEM0007786,ORD003151,PROD0131,4,130.48
ITEM0007787,ORD003152,PROD0112,4,308.35
ITEM0007788,ORD003153,PROD0120,3,261.92
ITEM0007789,ORD003153,PROD0135,4,427.2
ITEM0007790,ORD003153,PROD0141,4,19.31
ITEM0007791,ORD003153,PROD0132,1,316.5
ITEM0007792,ORD003154,PROD0014,4,16.7
ITEM0007793,ORD003155,PROD0025,2,23.62
ITEM0007794,ORD003155,PROD0006,5,98.27
ITEM0007795,ORD003155,PROD0138,4,43.7
ITEM0007796,ORD003156,PROD0059,2,254.01
ITEM0007797,ORD003157,PROD0036,1,33.3
ITEM0007798,ORD003157,PROD0067,4,363.03
ITEM0007799,ORD003157,PROD0025,1,23.62
ITEM0007800,ORD003158,PROD0122,2,484.26
ITEM0007801,ORD003158,PROD0112,5,308.35
ITEM0007802,ORD003158,PROD0014,1,16.7
ITEM0007803,ORD003159,PROD0078,3,57.56
ITEM0007804,ORD003160,PROD0106,1,508.9
ITEM0007805,ORD003160,PROD0126,2,263.88
ITEM0007806,ORD003160,PROD0097,4,53.1
ITEM0007807,ORD003160,PROD0039,2,410.66
ITEM0007808,ORD003161,PROD0143,2,453.59
ITEM0007809,ORD003161,PROD0148,1,427.66
ITEM0007810,ORD003161,PROD0093,5,573.11
ITEM0007811,ORD003162,PROD0009,2,138.45
ITEM0007812,ORD003162,PROD0056,2,249.02
ITEM0007813,ORD003162,PROD0104,2,66.01
ITEM0007814,ORD003162,PROD0065,4,153.97
ITEM0007815,ORD003163,PROD0123,4,95.95
ITEM0007816,ORD003164,PROD0026,1,585.88
ITEM0007817,ORD003164,PROD0009,3,138.45
ITEM0007818,ORD003165,PROD0006,4,98.27
ITEM0007819,ORD003165,PROD0126,3,263.88
ITEM0007820,ORD003165,PROD0146,3,292.2
ITEM0007821,ORD003166,PROD0102,4,266.91
ITEM0007822,ORD003167,PROD0130,4,421.1
ITEM0007823,ORD003167,PROD0112,4,308.35
ITEM0007824,ORD003167,PROD0042,4,394.4
ITEM0007825,ORD003167,PROD0055,5,408.1
ITEM0007826,ORD003168,PROD0001,2,342.2
ITEM0007827,ORD003168,PROD0126,4,263.88
ITEM0007828,ORD003168,PROD0003,3,4.27
ITEM0007829,ORD003168,PROD0033,3,-470.6
ITEM0007830,ORD003169,PROD0108,3,332.49
ITEM0007831,ORD003170,PROD0139,3,135.03
ITEM0007832,ORD003170,PROD0078,-2,57.56
ITEM0007833,ORD003170,PROD0131,2,130.48
ITEM0007834,ORD003170,PROD0125,4,377.98
ITEM0007835,ORD003171,PROD0137,4,447.4
ITEM0007836,ORD003171,PROD0095,3,271.32
ITEM0007837,ORD003171,PROD0074,3,122.74
ITEM0007838,ORD003171,PROD0084,2,464.44
ITEM0007839,ORD003172,PROD0095,2,271.32
ITEM0007840,ORD003172,PROD0005,2,196.98
ITEM0007841,ORD003172,PROD0067,1,363.03
ITEM0007842,ORD003172,PROD0020,3,124.89
ITEM0007843,ORD003173,PROD0109,2,126.44
ITEM0007844,ORD003173,PROD0046,4,207.44
ITEM0007845,ORD003174,PROD0018,3,119.66
ITEM0007846,ORD003174,PROD0016,5,30.39
ITEM0007847,ORD003174,PROD0013,1,196.91
ITEM0007848,ORD003174,PROD0037,2,540.32
ITEM0007849,ORD003175,PROD0052,5,436.28
ITEM0007850,ORD003175,PROD0063,4,665.26
ITEM0007851,ORD003176,PROD0089,1,289.58
ITEM0007852,ORD003176,PROD0132,4,316.5
ITEM0007853,ORD003177,PROD0086,4,203.78
ITEM0007854,ORD003177,PROD0010,5,488.99
ITEM0007855,ORD003178,PROD0030,5,314.5
ITEM0007856,ORD003178,PROD0149,5,139.28
ITEM0007857,ORD003179,PROD0046,5,207.44
ITEM0007858,ORD003179,PROD0090,2,51.56
ITEM0007859,ORD003179,PROD0015,2,442.7
ITEM0007860,ORD003180,PROD0138,5,43.7
ITEM0007861,ORD003180,PROD0106,1,508.9
ITEM0007862,ORD003180,PROD0114,5,45.61
ITEM0007863,ORD003180,PROD0059,5,254.01
ITEM0007864,ORD003181,PROD0125,1,377.98
ITEM0007865,ORD003181,PROD0072,3,226.81
ITEM0007866,ORD003182,PROD0128,1,403.21
ITEM0007867,ORD003182,PROD0049,5,106.04
ITEM0007868,ORD003182,PROD0100,4,208.15
ITEM0007869,ORD003182,PROD0090,2,51.56
ITEM0007870,ORD003183,PROD0104,4,66.01
ITEM0007871,ORD003183,PROD0053,5,292.19
ITEM0007872,ORD003183,PROD0141,2,19.31
ITEM0007873,ORD003183,PROD0090,3,51.56
ITEM0007874,ORD003184,PROD0112,3,308.35
ITEM0007875,ORD003184,PROD0146,1,292.2
ITEM0007876,ORD003184,PROD0042,3,394.4
ITEM0007877,ORD003184,PROD0069,2,619.75
ITEM0007878,ORD003185,PROD0061,5,683.51
ITEM0007879,ORD003185,PROD0098,1,351.41
ITEM0007880,ORD003185,PROD0076,5,277.07
ITEM0007881,ORD003186,PROD0079,2,61.84
ITEM0007882,ORD003186,PROD0097,2,53.1
ITEM0007883,ORD003186,PROD0022,3,380.56
ITEM0007884,ORD003186,PROD0083,4,306.64
ITEM0007885,ORD003187,PROD0138,3,43.7
ITEM0007886,ORD003187,PROD0010,5,488.99
ITEM0007887,ORD003188,PROD0040,1,508.7
ITEM0007888,ORD003189,PROD0090,3,51.56
ITEM0007889,ORD003190,PROD0067,3,363.03
ITEM0007890,ORD003190,PROD0066,2,370.45
ITEM0007891,ORD003191,PROD0022,5,380.56
ITEM0007892,ORD003191,PROD0049,4,106.04
ITEM0007893,ORD003191,PROD0147,2,570.65
ITEM0007894,ORD003192,PROD0124,1,173.3
ITEM0007895,ORD003193,PROD0111,2,408.22
ITEM0007896,ORD003194,PROD0075,1,383.73
ITEM0007897,ORD003194,PROD0011,1,325.01
ITEM0007898,ORD003194,PROD0129,5,246.64
ITEM0007899,ORD003194,PROD0029,1,93.87
ITEM0007900,ORD003195,PROD0035,1,27.57
ITEM0007901,ORD003195,PROD0130,3,421.1
ITEM0007902,ORD003195,PROD0148,5,427.66
ITEM0007903,ORD003195,PROD0061,1,683.51
ITEM0007904,ORD003196,PROD0014,5,16.7
ITEM0007905,ORD003196,PROD0068,5,422.88
ITEM0007906,ORD003196,PROD0140,3,496.11
ITEM0007907,ORD003196,PROD0091,2,161.11
ITEM0007908,ORD003197,PROD0128,3,403.21
ITEM0007909,ORD003197,PROD0014,5,16.7
ITEM0007910,ORD003198,PROD0096,4,321.49
ITEM0007911,ORD003199,PROD0093,1,573.11
ITEM0007912,ORD003200,PROD0096,3,321.49
ITEM0007913,ORD003200,PROD0097,1,53.1
ITEM0007914,ORD003200,PROD0111,3,408.22
ITEM0007915,ORD003200,PROD0015,4,442.7
ITEM0007916,ORD003201,PROD0079,4,61.84
ITEM0007917,ORD003202,PROD0084,1,464.44
ITEM0007918,ORD003202,PROD0040,5,508.7
ITEM0007919,ORD003203,PROD0109,3,126.44
ITEM0007920,ORD003203,PROD0070,2,271.29
ITEM0007921,ORD003203,PROD0128,5,403.21
ITEM0007922,ORD003203,PROD0019,4,443.45
ITEM0007923,ORD003204,PROD0057,-2,632.78
ITEM0007924,ORD003205,PROD0064,5,411.35
ITEM0007925,ORD003205,PROD0126,2,263.88
ITEM0007926,ORD003206,PROD0040,3,508.7
ITEM0007927,ORD003206,PROD0094,5,393.51
ITEM0007928,ORD003206,PROD0107,1,462.67
ITEM0007929,ORD003207,PROD0143,2,453.59
ITEM0007930,ORD003207,PROD0148,3,427.66
ITEM0007931,ORD003207,PROD0090,1,51.56
ITEM0007932,ORD003208,PROD0144,1,105.68
ITEM0007933,ORD003209,PROD0136,3,485.57
ITEM0007934,ORD003209,PROD0134,1,192.47
ITEM0007935,ORD003209,PROD0030,4,314.5
ITEM0007936,ORD003210,PROD0001,4,342.2
ITEM0007937,ORD003211,PROD0075,2,383.73
ITEM0007938,ORD003211,PROD0081,4,318.7
ITEM0007939,ORD003211,PROD0086,4,203.78
ITEM0007940,ORD003212,PROD0071,2,402.73
ITEM0007941,ORD003212,PROD0073,1,241.62
ITEM0007942,ORD003213,PROD0028,1,463.5
ITEM0007943,ORD003213,PROD0135,5,427.2
ITEM0007944,ORD003213,PROD0101,3,182.81
ITEM0007945,ORD003214,PROD0022,2,380.56
ITEM0007946,ORD003214,PROD0052,1,436.28
ITEM0007947,ORD003214,PROD0020,2,124.89
ITEM0007948,ORD003215,PROD0115,2,431.33
ITEM0007949,ORD003215,PROD0044,1,474.28
ITEM0007950,ORD003216,PROD0134,1,192.47
ITEM0007951,ORD003216,PROD0070,3,271.29
ITEM0007952,ORD003216,PROD0051,3,294.17
ITEM0007953,ORD003217,PROD0039,4,410.66
ITEM0007954,ORD003217,PROD0148,4,427.66
ITEM0007955,ORD003217,PROD0108,1,332.49
ITEM0007956,ORD003217,PROD0027,2,356.31
ITEM0007957,ORD003218,PROD0067,1,363.03
ITEM0007958,ORD003218,PROD0086,2,203.78
ITEM0007959,ORD003218,PROD0081,2,318.7
ITEM0007960,ORD003219,PROD0023,3,414.75
ITEM0007961,ORD003219,PROD0116,3,366.52
ITEM0007962,ORD003219,PROD0013,4,196.91
ITEM0007963,ORD003219,PROD0098,2,351.41
ITEM0007964,ORD003220,PROD0098,3,351.41
ITEM0007965,ORD003221,PROD0002,3,112.42
ITEM0007966,ORD003221,PROD0023,1,-414.75
ITEM0007967,ORD003221,PROD0052,1,436.28
ITEM0007968,ORD003222,PROD0150,3,88.94
ITEM0007969,ORD003222,PROD0092,3,557.9
ITEM0007970,ORD003222,PROD0026,5,585.88
ITEM0007971,ORD003223,PROD0110,5,39.23
ITEM0007972,ORD003223,PROD0020,5,124.89
ITEM0007973,ORD003223,PROD0133,5,317.22
ITEM0007974,ORD003223,PROD0013,4,196.91
ITEM0007975,ORD003224,PROD0005,3,196.98
ITEM0007976,ORD003224,PROD0080,1,-392.58
ITEM0007977,ORD003224,PROD0099,3,386.23
ITEM0007978,ORD003224,PROD0071,5,402.73
ITEM0007979,ORD003225,PROD0046,4,207.44
ITEM0007980,ORD003226,PROD0128,4,403.21
ITEM0007981,ORD003226,PROD0057,3,632.78
ITEM0007982,ORD003227,PROD0067,4,363.03
ITEM0007983,ORD003228,PROD0053,2,292.19
ITEM0007984,ORD003228,PROD0014,2,16.7
ITEM0007985,ORD003228,PROD0089,1,289.58
ITEM0007986,ORD003229,PROD0016,2,30.39
ITEM0007987,ORD003229,PROD0007,3,248.82
ITEM0007988,ORD003229,PROD0144,2,105.68
ITEM0007989,ORD003229,PROD0118,3,58.39
ITEM0007990,ORD003230,PROD0080,3,392.58
ITEM0007991,ORD003230,PROD0013,1,196.91
ITEM0007992,ORD003230,PROD0041,5,438.01
ITEM0007993,ORD003230,PROD0093,5,573.11
ITEM0007994,ORD003231,PROD0147,5,570.65
ITEM0007995,ORD003231,PROD0077,1,286.06
ITEM0007996,ORD003231,PROD0095,4,271.32
ITEM0007997,ORD003232,PROD0027,5,356.31
ITEM0007998,ORD003232,PROD0042,3,394.4
ITEM0007999,ORD003232,PROD0132,2,316.5
ITEM0008000,ORD003233,PROD0001,1,342.2
ITEM0008001,ORD003234,PROD0092,1,557.9
ITEM0008002,ORD003234,PROD0054,2,135.13
ITEM0008003,ORD003234,PROD0068,3,422.88
ITEM0008004,ORD003234,PROD0046,5,207.44
ITEM0008005,ORD003235,PROD0093,3,573.11
ITEM0008006,ORD003235,PROD0039,5,410.66
ITEM0008007,ORD003236,PROD0017,3,234.28
ITEM0008008,ORD003236,PROD0126,1,263.88
ITEM0008009,ORD003236,PROD0051,5,294.17
ITEM0008010,ORD003237,PROD0122,1,484.26
ITEM0008011,ORD003237,PROD0083,1,306.64
ITEM0008012,ORD003237,PROD0107,1,462.67
ITEM0008013,ORD003238,PROD0046,1,207.44
ITEM0008014,ORD003239,PROD0067,2,363.03
ITEM0008015,ORD003239,PROD0026,2,585.88
ITEM0008016,ORD003239,PROD0068,2,422.88
ITEM0008017,ORD003240,PROD0069,3,619.75
ITEM0008018,ORD003241,PROD0021,1,487.35
ITEM0008019,ORD003242,PROD0048,4,277.49
ITEM0008020,ORD003242,PROD0051,3,294.17
ITEM0008021,ORD003242,PROD0045,2,66.57
ITEM0008022,ORD003243,PROD0114,4,45.61
ITEM0008023,ORD003243,PROD0022,5,380.56
ITEM0008024,ORD003243,PROD0146,3,292.2
ITEM0008025,ORD003244,PROD0098,2,351.41
ITEM0008026,ORD003244,PROD0002,3,112.42
ITEM0008027,ORD003245,PROD0131,4,130.48
ITEM0008028,ORD003245,PROD0021,5,487.35
ITEM0008029,ORD003245,PROD0096,5,321.49
ITEM0008030,ORD003245,PROD0004,1,129.15
ITEM0008031,ORD003246,PROD0070,2,271.29
ITEM0008032,ORD003246,PROD0100,1,208.15
ITEM0008033,ORD003246,PROD0031,3,15.13
ITEM0008034,ORD003246,PROD0045,3,66.57
ITEM0008035,ORD003247,PROD0052,4,436.28
ITEM0008036,ORD003247,PROD0043,5,251.98
ITEM0008037,ORD003248,PROD0055,4,408.1
ITEM0008038,ORD003248,PROD0018,4,119.66
ITEM0008039,ORD003248,PROD0023,1,414.75
ITEM0008040,ORD003249,PROD0075,1,383.73
ITEM0008041,ORD003249,PROD0052,1,436.28
ITEM0008042,ORD003249,PROD0021,1,487.35
ITEM0008043,ORD003250,PROD0141,5,19.31
ITEM0008044,ORD003250,PROD0099,5,386.23
ITEM0008045,ORD003250,PROD0116,2,366.52
ITEM0008046,ORD003251,PROD0044,3,474.28
ITEM0008047,ORD003252,PROD0132,1,316.5
ITEM0008048,ORD003253,PROD0082,1,196.55
ITEM0008049,ORD003254,PROD0143,3,453.59
ITEM0008050,ORD003255,PROD0042,4,394.4
ITEM0008051,ORD003255,PROD0103,2,305.68
ITEM0008052,ORD003255,PROD0057,2,632.78
ITEM0008053,ORD003256,PROD0074,2,122.74
ITEM0008054,ORD003256,PROD0088,1,51.09
ITEM0008055,ORD003257,PROD0036,5,33.3
ITEM0008056,ORD003257,PROD0095,4,271.32
ITEM0008057,ORD003257,PROD0061,2,683.51
ITEM0008058,ORD003258,PROD0141,5,19.31
ITEM0008059,ORD003259,PROD0125,1,377.98
ITEM0008060,ORD003260,PROD0064,5,411.35
ITEM0008061,ORD003260,PROD0092,2,557.9
ITEM0008062,ORD003260,PROD0026,2,585.88
ITEM0008063,ORD003260,PROD0082,2,196.55
ITEM0008064,ORD003261,PROD0120,3,261.92
ITEM0008065,ORD003261,PROD0123,3,95.95
ITEM0008066,ORD003262,PROD0062,-1,355.88
ITEM0008067,ORD003262,PROD0059,2,254.01
ITEM0008068,ORD003263,PROD0061,1,683.51
ITEM0008069,ORD003263,PROD0018,5,119.66
ITEM0008070,ORD003264,PROD0106,2,508.9
ITEM0008071,ORD003264,PROD0111,2,408.22
ITEM0008072,ORD003265,PROD0064,1,411.35
ITEM0008073,ORD003266,PROD0023,4,414.75
ITEM0008074,ORD003266,PROD0054,3,135.13
ITEM0008075,ORD003266,PROD0103,3,305.68
ITEM0008076,ORD003266,PROD0079,2,61.84
ITEM0008077,ORD003267,PROD0048,2,277.49
ITEM0008078,ORD003267,PROD0115,4,431.33
ITEM0008079,ORD003267,PROD0146,3,292.2
ITEM0008080,ORD003268,PROD0001,4,342.2
ITEM0008081,ORD003268,PROD0100,1,208.15
ITEM0008082,ORD003268,PROD0076,3,277.07
ITEM0008083,ORD003268,PROD0002,-2,112.42
ITEM0008084,ORD003269,PROD0128,2,403.21
ITEM0008085,ORD003269,PROD0006,3,98.27
ITEM0008086,ORD003270,PROD0052,4,436.28
ITEM0008087,ORD003270,PROD0106,2,508.9
ITEM0008088,ORD003270,PROD0077,3,286.06
ITEM0008089,ORD003270,PROD0043,2,251.98
ITEM0008090,ORD003271,PROD0100,4,208.15
ITEM0008091,ORD003271,PROD0123,-2,95.95
ITEM0008092,ORD003271,PROD0048,2,277.49
ITEM0008093,ORD003272,PROD0116,1,366.52
ITEM0008094,ORD003273,PROD0076,5,277.07
ITEM0008095,ORD003274,PROD0091,1,161.11
ITEM0008096,ORD003274,PROD0109,5,126.44
ITEM0008097,ORD003274,PROD0032,2,172.77
ITEM0008098,ORD003274,PROD0107,5,462.67
ITEM0008099,ORD003275,PROD0019,5,443.45
ITEM0008100,ORD003275,PROD0079,3,61.84
ITEM0008101,ORD003275,PROD0022,2,380.56
ITEM0008102,ORD003275,PROD0003,4,4.27
ITEM0008103,ORD003276,PROD0049,1,106.04
ITEM0008104,ORD003277,PROD0021,2,487.35
ITEM0008105,ORD003278,PROD0147,2,570.65
ITEM0008106,ORD003278,PROD0085,1,602.46
ITEM0008107,ORD003278,PROD0025,1,23.62
ITEM0008108,ORD003279,PROD0018,2,119.66
ITEM0008109,ORD003279,PROD0028,5,463.5
ITEM0008110,ORD003279,PROD0031,2,15.13
ITEM0008111,ORD003280,PROD0137,1,447.4
ITEM0008112,ORD003280,PROD0041,2,438.01
ITEM0008113,ORD003280,PROD0063,4,665.26
ITEM0008114,ORD003280,PROD0101,3,182.81
ITEM0008115,ORD003281,PROD0006,5,98.27
ITEM0008116,ORD003281,PROD0098,5,351.41
ITEM0008117,ORD003282,PROD0013,5,196.91
ITEM0008118,ORD003282,PROD0045,1,66.57
ITEM0008119,ORD003283,PROD0075,1,383.73
ITEM0008120,ORD003284,PROD0064,1,411.35
ITEM0008121,ORD003284,PROD0050,3,235.27
ITEM0008122,ORD003284,PROD0006,3,98.27
ITEM0008123,ORD003284,PROD0087,2,193.52
ITEM0008124,ORD003285,PROD0134,3,192.47
ITEM0008125,ORD003285,PROD0072,4,226.81
ITEM0008126,ORD003286,PROD0134,5,192.47
ITEM0008127,ORD003287,PROD0034,5,303.7
ITEM0008128,ORD003287,PROD0062,3,355.88
ITEM0008129,ORD003288,PROD0045,3,66.57
ITEM0008130,ORD003288,PROD0107,3,462.67
ITEM0008131,ORD003289,PROD0060,1,497.77
ITEM0008132,ORD003289,PROD0081,3,318.7
ITEM0008133,ORD003289,PROD0127,4,9.71
ITEM0008134,ORD003289,PROD0133,4,317.22
ITEM0008135,ORD003290,PROD0087,5,193.52
ITEM0008136,ORD003291,PROD0135,1,427.2
ITEM0008137,ORD003291,PROD0021,2,487.35
ITEM0008138,ORD003291,PROD0031,2,15.13
ITEM0008139,ORD003292,PROD0025,3,23.62
ITEM0008140,ORD003293,PROD0021,4,487.35
ITEM0008141,ORD003293,PROD0103,2,305.68
ITEM0008142,ORD003294,PROD0120,1,261.92
ITEM0008143,ORD003294,PROD0132,2,316.5
ITEM0008144,ORD003294,PROD0118,3,58.39
ITEM0008145,ORD003295,PROD0122,5,484.26
ITEM0008146,ORD003295,PROD0060,2,497.77
ITEM0008147,ORD003295,PROD0001,1,342.2
ITEM0008148,ORD003296,PROD0060,3,497.77
ITEM0008149,ORD003296,PROD0006,5,98.27
ITEM0008150,ORD003296,PROD0071,3,402.73
ITEM0008151,ORD003297,PROD0108,3,332.49
ITEM0008152,ORD003297,PROD0135,1,427.2
ITEM0008153,ORD003297,PROD0058,1,356.49
ITEM0008154,ORD003297,PROD0064,1,411.35
ITEM0008155,ORD003298,PROD0100,4,208.15
ITEM0008156,ORD003299,PROD0008,4,174.9
ITEM0008157,ORD003299,PROD0134,5,192.47
ITEM0008158,ORD003300,PROD0036,3,33.3
ITEM0008159,ORD003300,PROD0058,2,356.49
ITEM0008160,ORD003300,PROD0072,4,226.81
ITEM0008161,ORD003300,PROD0066,5,370.45
ITEM0008162,ORD003301,PROD0105,1,308.26
ITEM0008163,ORD003302,PROD0050,5,235.27
ITEM0008164,ORD003302,PROD0018,4,119.66
ITEM0008165,ORD003303,PROD0143,3,453.59
ITEM0008166,ORD003303,PROD0148,1,427.66
ITEM0008167,ORD003303,PROD0056,1,249.02
ITEM0008168,ORD003304,PROD0089,4,289.58
ITEM0008169,ORD003304,PROD0099,4,386.23
ITEM0008170,ORD003304,PROD0072,1,226.81
ITEM0008171,ORD003304,PROD0026,2,585.88
ITEM0008172,ORD003305,PROD0135,3,427.2
ITEM0008173,ORD003305,PROD0146,5,292.2
ITEM0008174,ORD003305,PROD0050,4,235.27
ITEM0008175,ORD003306,PROD0090,1,51.56
ITEM0008176,ORD003307,PROD0138,4,43.7
ITEM0008177,ORD003307,PROD0013,5,196.91
ITEM0008178,ORD003307,PROD0133,1,317.22
ITEM0008179,ORD003308,PROD0139,1,-135.03
ITEM0008180,ORD003308,PROD0096,2,321.49
ITEM0008181,ORD003308,PROD0056,5,-249.02
ITEM0008182,ORD003308,PROD0034,1,303.7
ITEM0008183,ORD003309,PROD0146,3,292.2
ITEM0008184,ORD003309,PROD0005,3,196.98
ITEM0008185,ORD003309,PROD0028,3,463.5
ITEM0008186,ORD003310,PROD0119,1,103.02
ITEM0008187,ORD003310,PROD0145,5,359.48
ITEM0008188,ORD003311,PROD0134,3,192.47
ITEM0008189,ORD003311,PROD0108,4,332.49
ITEM0008190,ORD003312,PROD0114,4,45.61
ITEM0008191,ORD003312,PROD0122,5,484.26
ITEM0008192,ORD003312,PROD0018,2,119.66
ITEM0008193,ORD003312,PROD0117,3,130.11
ITEM0008194,ORD003313,PROD0068,1,422.88
ITEM0008195,ORD003314,PROD0010,3,488.99
ITEM0008196,ORD003314,PROD0137,4,447.4
ITEM0008197,ORD003314,PROD0121,5,287.5
ITEM0008198,ORD003315,PROD0007,5,248.82
ITEM0008199,ORD003315,PROD0026,5,585.88
ITEM0008200,ORD003315,PROD0058,3,356.49
ITEM0008201,ORD003316,PROD0055,5,408.1
ITEM0008202,ORD003316,PROD0142,3,347.19
ITEM0008203,ORD003316,PROD0045,3,66.57
ITEM0008204,ORD003317,PROD0056,2,249.02
ITEM0008205,ORD003317,PROD0106,1,508.9
ITEM0008206,ORD003318,PROD0129,1,246.64
ITEM0008207,ORD003318,PROD0073,1,241.62
ITEM0008208,ORD003318,PROD0064,3,411.35
ITEM0008209,ORD003318,PROD0046,4,207.44
ITEM0008210,ORD003319,PROD0147,5,570.65
ITEM0008211,ORD003320,PROD0018,3,119.66
ITEM0008212,ORD003320,PROD0120,2,261.92
ITEM0008213,ORD003320,PROD0005,2,196.98
ITEM0008214,ORD003320,PROD0148,2,427.66
ITEM0008215,ORD003321,PROD0088,1,51.09
ITEM0008216,ORD003321,PROD0096,1,321.49
ITEM0008217,ORD003321,PROD0006,4,98.27
ITEM0008218,ORD003321,PROD0007,3,248.82
ITEM0008219,ORD003322,PROD0006,1,98.27
ITEM0008220,ORD003322,PROD0042,2,394.4
ITEM0008221,ORD003323,PROD0008,4,174.9
ITEM0008222,ORD003323,PROD0031,4,15.13
ITEM0008223,ORD003323,PROD0059,2,254.01
ITEM0008224,ORD003323,PROD0123,5,95.95
ITEM0008225,ORD003324,PROD0108,5,332.49
ITEM0008226,ORD003324,PROD0126,4,263.88
ITEM0008227,ORD003324,PROD0122,2,484.26
ITEM0008228,ORD003325,PROD0125,4,377.98
ITEM0008229,ORD003326,PROD0141,3,19.31
ITEM0008230,ORD003326,PROD0096,2,321.49
ITEM0008231,ORD003326,PROD0101,2,182.81
ITEM0008232,ORD003326,PROD0077,2,286.06
ITEM0008233,ORD003327,PROD0047,4,288.09
ITEM0008234,ORD003327,PROD0134,1,192.47
ITEM0008235,ORD003328,PROD0071,3,402.73
ITEM0008236,ORD003329,PROD0150,1,88.94
ITEM0008237,ORD003329,PROD0115,2,431.33
ITEM0008238,ORD003330,PROD0105,5,308.26
ITEM0008239,ORD003331,PROD0045,1,66.57
ITEM0008240,ORD003331,PROD0003,4,4.27
ITEM0008241,ORD003331,PROD0085,2,602.46
ITEM0008242,ORD003332,PROD0082,1,196.55
ITEM0008243,ORD003332,PROD0030,1,314.5
ITEM0008244,ORD003332,PROD0089,5,289.58
ITEM0008245,ORD003332,PROD0060,4,497.77
ITEM0008246,ORD003333,PROD0065,4,153.97
ITEM0008247,ORD003334,PROD0107,1,462.67
ITEM0008248,ORD003334,PROD0119,3,103.02
ITEM0008249,ORD003335,PROD0068,3,422.88
ITEM0008250,ORD003335,PROD0099,5,386.23
ITEM0008251,ORD003336,PROD0140,2,496.11
ITEM0008252,ORD003336,PROD0062,1,355.88
ITEM0008253,ORD003336,PROD0036,5,33.3
ITEM0008254,ORD003336,PROD0002,3,112.42
ITEM0008255,ORD003337,PROD0093,2,573.11
ITEM0008256,ORD003337,PROD0115,2,431.33
ITEM0008257,ORD003337,PROD0125,5,377.98
ITEM0008258,ORD003338,PROD0149,3,139.28
ITEM0008259,ORD003338,PROD0068,5,422.88
ITEM0008260,ORD003338,PROD0133,4,317.22
ITEM0008261,ORD003338,PROD0064,4,411.35
ITEM0008262,ORD003339,PROD0120,2,261.92
ITEM0008263,ORD003339,PROD0014,5,16.7
ITEM0008264,ORD003340,PROD0098,4,351.41
ITEM0008265,ORD003341,PROD0038,3,216.74
ITEM0008266,ORD003341,PROD0109,5,126.44
ITEM0008267,ORD003341,PROD0075,3,383.73
ITEM0008268,ORD003341,PROD0104,2,66.01
ITEM0008269,ORD003342,PROD0118,5,58.39
ITEM0008270,ORD003342,PROD0079,1,61.84
ITEM0008271,ORD003343,PROD0088,1,51.09
ITEM0008272,ORD003344,PROD0009,1,138.45
ITEM0008273,ORD003344,PROD0084,2,464.44
ITEM0008274,ORD003344,PROD0075,1,383.73
ITEM0008275,ORD003345,PROD0012,2,589.04
ITEM0008276,ORD003346,PROD0131,4,130.48
ITEM0008277,ORD003346,PROD0074,5,122.74
ITEM0008278,ORD003346,PROD0062,2,355.88
ITEM0008279,ORD003346,PROD0042,2,394.4
ITEM0008280,ORD003347,PROD0112,3,308.35
ITEM0008281,ORD003347,PROD0124,1,173.3
ITEM0008282,ORD003347,PROD0061,3,683.51
ITEM0008283,ORD003347,PROD0015,5,442.7
ITEM0008284,ORD003348,PROD0039,3,410.66
ITEM0008285,ORD003349,PROD0053,4,292.19
ITEM0008286,ORD003349,PROD0006,2,98.27
ITEM0008287,ORD003350,PROD0118,4,58.39
ITEM0008288,ORD003351,PROD0077,5,286.06
ITEM0008289,ORD003351,PROD0121,2,287.5
ITEM0008290,ORD003351,PROD0084,4,464.44
ITEM0008291,ORD003352,PROD0041,3,438.01
ITEM0008292,ORD003352,PROD0100,2,208.15
ITEM0008293,ORD003352,PROD0076,4,277.07
ITEM0008294,ORD003353,PROD0050,3,235.27
ITEM0008295,ORD003354,PROD0122,1,484.26
ITEM0008296,ORD003354,PROD0090,1,51.56
ITEM0008297,ORD003355,PROD0141,2,19.31
ITEM0008298,ORD003355,PROD0113,5,320.56
ITEM0008299,ORD003356,PROD0011,-5,325.01
ITEM0008300,ORD003356,PROD0097,1,53.1
ITEM0008301,ORD003356,PROD0081,3,318.7
ITEM0008302,ORD003356,PROD0149,2,139.28
ITEM0008303,ORD003357,PROD0031,5,15.13
ITEM0008304,ORD003358,PROD0015,2,442.7
ITEM0008305,ORD003358,PROD0092,5,557.9
ITEM0008306,ORD003359,PROD0075,4,383.73
ITEM0008307,ORD003360,PROD0138,3,43.7
ITEM0008308,ORD003360,PROD0047,1,288.09
ITEM0008309,ORD003360,PROD0068,2,422.88
ITEM0008310,ORD003360,PROD0120,4,261.92
ITEM0008311,ORD003361,PROD0119,2,103.02
ITEM0008312,ORD003361,PROD0110,1,39.23
ITEM0008313,ORD003361,PROD0010,3,488.99
ITEM0008314,ORD003362,PROD0016,1,30.39
ITEM0008315,ORD003362,PROD0090,5,51.56
ITEM0008316,ORD003362,PROD0040,3,508.7
ITEM0008317,ORD003362,PROD0071,5,402.73
ITEM0008318,ORD003363,PROD0130,1,421.1
ITEM0008319,ORD003363,PROD0079,1,61.84
ITEM0008320,ORD003364,PROD0126,4,263.88
ITEM0008321,ORD003364,PROD0025,2,23.62
ITEM0008322,ORD003364,PROD0005,5,196.98
ITEM0008323,ORD003365,PROD0054,3,135.13
ITEM0008324,ORD003365,PROD0061,3,683.51
ITEM0008325,ORD003366,PROD0021,1,487.35
ITEM0008326,ORD003366,PROD0011,1,325.01
ITEM0008327,ORD003366,PROD0013,3,196.91
ITEM0008328,ORD003366,PROD0010,5,488.99
ITEM0008329,ORD003367,PROD0015,5,442.7
ITEM0008330,ORD003367,PROD0033,2,470.6
ITEM0008331,ORD003367,PROD0102,3,266.91
ITEM0008332,ORD003368,PROD0128,3,403.21
ITEM0008333,ORD003368,PROD0087,1,193.52
ITEM0008334,ORD003368,PROD0118,5,58.39
ITEM0008335,ORD003369,PROD0066,3,370.45
ITEM0008336,ORD003369,PROD0100,5,208.15
ITEM0008337,ORD003369,PROD0138,3,43.7
ITEM0008338,ORD003370,PROD0072,1,226.81
ITEM0008339,ORD003370,PROD0083,4,306.64
ITEM0008340,ORD003370,PROD0117,4,130.11
ITEM0008341,ORD003370,PROD0012,4,589.04
ITEM0008342,ORD003371,PROD0048,4,277.49
ITEM0008343,ORD003372,PROD0120,4,261.92
ITEM0008344,ORD003372,PROD0081,5,318.7
ITEM0008345,ORD003372,PROD0108,1,332.49
ITEM0008346,ORD003372,PROD0001,4,342.2
ITEM0008347,ORD003373,PROD0005,4,196.98
ITEM0008348,ORD003374,PROD0083,2,306.64
ITEM0008349,ORD003374,PROD0058,2,356.49
ITEM0008350,ORD003374,PROD0051,5,294.17
ITEM0008351,ORD003374,PROD0097,1,53.1
ITEM0008352,ORD003375,PROD0071,2,402.73
ITEM0008353,ORD003375,PROD0098,5,351.41
ITEM0008354,ORD003375,PROD0072,2,226.81
ITEM0008355,ORD003376,PROD0137,4,447.4
ITEM0008356,ORD003376,PROD0016,2,30.39
ITEM0008357,ORD003376,PROD0142,1,347.19
ITEM0008358,ORD003377,PROD0022,4,380.56
ITEM0008359,ORD003377,PROD0048,4,277.49
ITEM0008360,ORD003378,PROD0150,1,88.94
ITEM0008361,ORD003378,PROD0049,4,106.04
ITEM0008362,ORD003378,PROD0036,4,33.3
ITEM0008363,ORD003378,PROD0129,2,246.64
ITEM0008364,ORD003379,PROD0080,1,392.58
ITEM0008365,ORD003379,PROD0082,5,196.55
ITEM0008366,ORD003379,PROD0117,1,130.11
ITEM0008367,ORD003379,PROD0067,1,363.03
ITEM0008368,ORD003380,PROD0071,5,402.73
ITEM0008369,ORD003381,PROD0147,1,570.65
ITEM0008370,ORD003381,PROD0042,1,394.4
ITEM0008371,ORD003382,PROD0108,1,332.49
ITEM0008372,ORD003382,PROD0074,3,122.74
ITEM0008373,ORD003382,PROD0083,1,306.64
ITEM0008374,ORD003382,PROD0097,5,53.1
ITEM0008375,ORD003383,PROD0012,4,589.04
ITEM0008376,ORD003383,PROD0027,5,356.31
ITEM0008377,ORD003383,PROD0075,1,383.73
ITEM0008378,ORD003383,PROD0132,2,316.5
ITEM0008379,ORD003384,PROD0137,1,447.4
ITEM0008380,ORD003384,PROD0149,5,139.28
ITEM0008381,ORD003384,PROD0097,5,53.1
ITEM0008382,ORD003384,PROD0140,4,496.11
ITEM0008383,ORD003385,PROD0091,4,161.11
ITEM0008384,ORD003385,PROD0117,4,130.11
ITEM0008385,ORD003385,PROD0076,4,277.07
ITEM0008386,ORD003385,PROD0138,5,43.7
ITEM0008387,ORD003386,PROD0050,4,235.27
ITEM0008388,ORD003386,PROD0064,5,411.35
ITEM0008389,ORD003387,PROD0112,5,308.35
ITEM0008390,ORD003387,PROD0128,4,403.21
ITEM0008391,ORD003388,PROD0001,4,342.2
ITEM0008392,ORD003388,PROD0093,2,573.11
ITEM0008393,ORD003388,PROD0040,3,508.7
ITEM0008394,ORD003388,PROD0021,5,487.35
ITEM0008395,ORD003389,PROD0089,4,289.58
ITEM0008396,ORD003389,PROD0086,1,203.78
ITEM0008397,ORD003390,PROD0003,4,4.27
ITEM0008398,ORD003391,PROD0076,4,277.07
ITEM0008399,ORD003391,PROD0021,1,487.35
ITEM0008400,ORD003391,PROD0145,3,359.48
ITEM0008401,ORD003392,PROD0076,3,277.07
ITEM0008402,ORD003392,PROD0136,3,485.57
ITEM0008403,ORD003393,PROD0101,2,182.81
ITEM0008404,ORD003393,PROD0117,4,130.11
ITEM0008405,ORD003394,PROD0096,4,321.49
ITEM0008406,ORD003395,PROD0002,3,112.42
ITEM0008407,ORD003396,PROD0122,1,484.26
ITEM0008408,ORD003397,PROD0063,1,665.26
ITEM0008409,ORD003398,PROD0099,4,386.23
ITEM0008410,ORD003398,PROD0028,4,463.5
ITEM0008411,ORD003398,PROD0024,1,594.24
ITEM0008412,ORD003399,PROD0064,3,411.35
ITEM0008413,ORD003399,PROD0053,3,292.19
ITEM0008414,ORD003400,PROD0098,2,351.41
ITEM0008415,ORD003400,PROD0052,5,436.28
ITEM0008416,ORD003401,PROD0082,1,196.55
ITEM0008417,ORD003401,PROD0001,3,342.2
ITEM0008418,ORD003402,PROD0123,2,95.95
ITEM0008419,ORD003402,PROD0125,3,377.98
ITEM0008420,ORD003402,PROD0130,3,421.1
ITEM0008421,ORD003402,PROD0026,5,585.88
ITEM0008422,ORD003403,PROD0051,5,294.17
ITEM0008423,ORD003403,PROD0090,4,51.56
ITEM0008424,ORD003403,PROD0020,5,124.89
ITEM0008425,ORD003404,PROD0022,5,380.56
ITEM0008426,ORD003404,PROD0013,2,196.91
ITEM0008427,ORD003404,PROD0009,3,138.45
ITEM0008428,ORD003404,PROD0077,5,286.06
ITEM0008429,ORD003405,PROD0005,1,196.98
ITEM0008430,ORD003405,PROD0093,4,573.11
ITEM0008431,ORD003406,PROD0150,5,88.94
ITEM0008432,ORD003406,PROD0057,1,632.78
ITEM0008433,ORD003406,PROD0035,5,27.57
ITEM0008434,ORD003407,PROD0001,4,342.2
ITEM0008435,ORD003407,PROD0007,5,248.82
ITEM0008436,ORD003408,PROD0147,4,570.65
ITEM0008437,ORD003408,PROD0023,-4,414.75
ITEM0008438,ORD003408,PROD0127,1,9.71
ITEM0008439,ORD003408,PROD0116,2,366.52
ITEM0008440,ORD003409,PROD0093,1,573.11
ITEM0008441,ORD003409,PROD0053,4,292.19
ITEM0008442,ORD003410,PROD0006,5,98.27
ITEM0008443,ORD003410,PROD0070,4,271.29
ITEM0008444,ORD003410,PROD0008,4,174.9
ITEM0008445,ORD003411,PROD0075,4,383.73
ITEM0008446,ORD003411,PROD0074,1,122.74
ITEM0008447,ORD003412,PROD0113,2,320.56
ITEM0008448,ORD003412,PROD0060,2,497.77
ITEM0008449,ORD003412,PROD0037,2,540.32
ITEM0008450,ORD003413,PROD0088,1,51.09
ITEM0008451,ORD003413,PROD0065,5,153.97
ITEM0008452,ORD003414,PROD0072,3,226.81
ITEM0008453,ORD003415,PROD0020,4,124.89
ITEM0008454,ORD003415,PROD0001,1,342.2
ITEM0008455,ORD003415,PROD0089,3,289.58
ITEM0008456,ORD003416,PROD0072,1,226.81
ITEM0008457,ORD003416,PROD0096,3,321.49
ITEM0008458,ORD003417,PROD0140,3,496.11
ITEM0008459,ORD003417,PROD0031,4,15.13
ITEM0008460,ORD003418,PROD0007,2,248.82
ITEM0008461,ORD003418,PROD0077,1,286.06
ITEM0008462,ORD003419,PROD0150,1,88.94
ITEM0008463,ORD003419,PROD0034,-2,303.7
ITEM0008464,ORD003419,PROD0110,5,39.23
ITEM0008465,ORD003420,PROD0122,5,484.26
ITEM0008466,ORD003421,PROD0092,-1,557.9
ITEM0008467,ORD003421,PROD0046,5,207.44
ITEM0008468,ORD003422,PROD0055,1,408.1
ITEM0008469,ORD003423,PROD0081,1,318.7
ITEM0008470,ORD003423,PROD0023,2,414.75
ITEM0008471,ORD003424,PROD0086,2,203.78
ITEM0008472,ORD003424,PROD0065,2,153.97
ITEM0008473,ORD003425,PROD0009,5,138.45
ITEM0008474,ORD003425,PROD0004,3,129.15
ITEM0008475,ORD003425,PROD0060,3,497.77
ITEM0008476,ORD003425,PROD0124,5,173.3
ITEM0008477,ORD003426,PROD0139,3,135.03
ITEM0008478,ORD003427,PROD0012,5,589.04
ITEM0008479,ORD003427,PROD0006,3,98.27
ITEM0008480,ORD003427,PROD0147,1,570.65
ITEM0008481,ORD003427,PROD0150,5,88.94
ITEM0008482,ORD003428,PROD0121,3,287.5
ITEM0008483,ORD003428,PROD0033,1,470.6
ITEM0008484,ORD003429,PROD0069,2,619.75
ITEM0008485,ORD003429,PROD0059,4,254.01
ITEM0008486,ORD003430,PROD0146,5,292.2
ITEM0008487,ORD003430,PROD0087,3,193.52
ITEM0008488,ORD003431,PROD0014,5,16.7
ITEM0008489,ORD003431,PROD0012,1,589.04
ITEM0008490,ORD003431,PROD0120,4,261.92
ITEM0008491,ORD003431,PROD0023,5,414.75
ITEM0008492,ORD003432,PROD0023,5,414.75
ITEM0008493,ORD003432,PROD0096,4,321.49
ITEM0008494,ORD003432,PROD0083,1,306.64
ITEM0008495,ORD003433,PROD0017,3,234.28
ITEM0008496,ORD003434,PROD0066,4,370.45
ITEM0008497,ORD003434,PROD0030,1,314.5
ITEM0008498,ORD003434,PROD0038,4,216.74
ITEM0008499,ORD003435,PROD0068,5,422.88
ITEM0008500,ORD003435,PROD0006,-1,98.27
ITEM0008501,ORD003435,PROD0001,5,342.2
ITEM0008502,ORD003435,PROD0024,3,594.24
ITEM0008503,ORD003436,PROD0132,5,316.5
ITEM0008504,ORD003437,PROD0084,5,464.44
ITEM0008505,ORD003437,PROD0017,2,234.28
ITEM0008506,ORD003437,PROD0116,1,366.52
ITEM0008507,ORD003438,PROD0008,5,174.9
ITEM0008508,ORD003438,PROD0073,5,241.62
ITEM0008509,ORD003439,PROD0138,2,43.7
ITEM0008510,ORD003440,PROD0100,3,208.15
ITEM0008511,ORD003440,PROD0099,2,386.23
ITEM0008512,ORD003441,PROD0111,3,408.22
ITEM0008513,ORD003442,PROD0114,5,45.61
ITEM0008514,ORD003443,PROD0085,5,602.46
ITEM0008515,ORD003443,PROD0056,5,249.02
ITEM0008516,ORD003443,PROD0128,5,403.21
ITEM0008517,ORD003443,PROD0075,4,383.73
ITEM0008518,ORD003444,PROD0131,5,130.48
ITEM0008519,ORD003444,PROD0028,1,463.5
ITEM0008520,ORD003444,PROD0038,5,216.74
ITEM0008521,ORD003444,PROD0106,2,508.9
ITEM0008522,ORD003445,PROD0135,2,427.2
ITEM0008523,ORD003445,PROD0031,3,15.13
ITEM0008524,ORD003445,PROD0119,1,103.02
ITEM0008525,ORD003445,PROD0109,5,126.44
ITEM0008526,ORD003446,PROD0140,1,496.11
ITEM0008527,ORD003447,PROD0112,2,308.35
ITEM0008528,ORD003447,PROD0005,4,196.98
ITEM0008529,ORD003447,PROD0016,1,30.39
ITEM0008530,ORD003447,PROD0066,3,370.45
ITEM0008531,ORD003448,PROD0017,1,234.28
ITEM0008532,ORD003448,PROD0066,3,370.45
ITEM0008533,ORD003448,PROD0147,1,570.65
ITEM0008534,ORD003448,PROD0005,3,196.98
ITEM0008535,ORD003449,PROD0108,3,332.49
ITEM0008536,ORD003450,PROD0118,4,58.39
ITEM0008537,ORD003451,PROD0047,1,288.09
ITEM0008538,ORD003451,PROD0004,4,129.15
ITEM0008539,ORD003451,PROD0062,4,355.88
ITEM0008540,ORD003452,PROD0015,5,442.7
ITEM0008541,ORD003452,PROD0122,1,484.26
ITEM0008542,ORD003452,PROD0113,5,320.56
ITEM0008543,ORD003453,PROD0107,3,462.67
ITEM0008544,ORD003453,PROD0044,1,474.28
ITEM0008545,ORD003453,PROD0053,4,292.19
ITEM0008546,ORD003453,PROD0059,3,254.01
ITEM0008547,ORD003454,PROD0067,1,363.03
ITEM0008548,ORD003454,PROD0035,5,27.57
ITEM0008549,ORD003454,PROD0116,2,366.52
ITEM0008550,ORD003455,PROD0071,4,402.73
ITEM0008551,ORD003456,PROD0057,1,632.78
ITEM0008552,ORD003456,PROD0060,5,497.77
ITEM0008553,ORD003456,PROD0029,2,93.87
ITEM0008554,ORD003457,PROD0131,3,130.48
ITEM0008555,ORD003458,PROD0029,2,93.87
ITEM0008556,ORD003458,PROD0089,5,289.58
ITEM0008557,ORD003459,PROD0054,2,135.13
ITEM0008558,ORD003459,PROD0013,4,196.91
ITEM0008559,ORD003460,PROD0022,3,380.56
ITEM0008560,ORD003460,PROD0086,1,203.78
ITEM0008561,ORD003461,PROD0050,1,235.27
ITEM0008562,ORD003461,PROD0075,5,383.73
ITEM0008563,ORD003462,PROD0122,5,484.26
ITEM0008564,ORD003462,PROD0112,3,308.35
ITEM0008565,ORD003462,PROD0100,1,208.15
ITEM0008566,ORD003463,PROD0069,4,619.75
ITEM0008567,ORD003463,PROD0032,5,172.77
ITEM0008568,ORD003463,PROD0114,1,45.61
ITEM0008569,ORD003463,PROD0088,3,51.09
ITEM0008570,ORD003464,PROD0056,3,249.02
ITEM0008571,ORD003464,PROD0050,5,235.27
ITEM0008572,ORD003465,PROD0035,1,27.57
ITEM0008573,ORD003465,PROD0042,5,394.4
ITEM0008574,ORD003465,PROD0114,4,45.61
ITEM0008575,ORD003466,PROD0024,4,594.24
ITEM0008576,ORD003467,PROD0008,3,174.9
ITEM0008577,ORD003468,PROD0100,4,208.15
ITEM0008578,ORD003468,PROD0107,2,462.67
ITEM0008579,ORD003468,PROD0137,2,447.4
ITEM0008580,ORD003469,PROD0003,3,4.27
ITEM0008581,ORD003469,PROD0043,3,251.98
ITEM0008582,ORD003470,PROD0092,3,557.9
ITEM0008583,ORD003470,PROD0119,5,103.02
ITEM0008584,ORD003470,PROD0122,1,484.26
ITEM0008585,ORD003470,PROD0103,1,305.68
ITEM0008586,ORD003471,PROD0067,4,363.03
ITEM0008587,ORD003471,PROD0149,4,139.28
ITEM0008588,ORD003471,PROD0017,5,234.28
ITEM0008589,ORD003471,PROD0020,3,124.89
ITEM0008590,ORD003472,PROD0138,3,43.7
ITEM0008591,ORD003472,PROD0078,5,57.56
ITEM0008592,ORD003472,PROD0135,3,427.2
ITEM0008593,ORD003473,PROD0036,4,33.3
ITEM0008594,ORD003473,PROD0024,2,594.24
ITEM0008595,ORD003473,PROD0066,3,370.45
ITEM0008596,ORD003473,PROD0034,4,303.7
ITEM0008597,ORD003474,PROD0083,2,306.64
ITEM0008598,ORD003474,PROD0068,1,422.88
ITEM0008599,ORD003474,PROD0094,1,393.51
ITEM0008600,ORD003475,PROD0144,3,105.68
ITEM0008601,ORD003475,PROD0007,1,248.82
ITEM0008602,ORD003475,PROD0062,2,355.88
ITEM0008603,ORD003475,PROD0055,1,408.1
ITEM0008604,ORD003476,PROD0131,2,130.48
ITEM0008605,ORD003477,PROD0137,1,447.4
ITEM0008606,ORD003477,PROD0083,1,306.64
ITEM0008607,ORD003477,PROD0087,3,193.52
ITEM0008608,ORD003478,PROD0019,4,443.45
ITEM0008609,ORD003478,PROD0121,2,287.5
ITEM0008610,ORD003479,PROD0105,3,308.26
ITEM0008611,ORD003479,PROD0090,2,51.56
ITEM0008612,ORD003479,PROD0022,3,380.56
ITEM0008613,ORD003480,PROD0001,2,342.2
ITEM0008614,ORD003480,PROD0023,5,414.75
ITEM0008615,ORD003480,PROD0033,5,470.6
ITEM0008616,ORD003481,PROD0007,2,248.82
ITEM0008617,ORD003481,PROD0145,1,359.48
ITEM0008618,ORD003482,PROD0113,2,320.56
ITEM0008619,ORD003482,PROD0012,2,589.04
ITEM0008620,ORD003482,PROD0104,3,66.01
ITEM0008621,ORD003482,PROD0136,1,485.57
ITEM0008622,ORD003483,PROD0149,3,139.28
ITEM0008623,ORD003483,PROD0105,5,308.26
ITEM0008624,ORD003483,PROD0048,1,277.49
ITEM0008625,ORD003484,PROD0065,4,153.97
ITEM0008626,ORD003484,PROD0051,5,294.17
ITEM0008627,ORD003485,PROD0006,3,98.27
ITEM0008628,ORD003485,PROD0054,1,135.13
ITEM0008629,ORD003485,PROD0023,3,414.75
ITEM0008630,ORD003486,PROD0059,4,254.01
ITEM0008631,ORD003486,PROD0042,5,394.4
ITEM0008632,ORD003486,PROD0026,3,585.88
ITEM0008633,ORD003487,PROD0101,4,182.81
ITEM0008634,ORD003487,PROD0014,5,16.7
ITEM0008635,ORD003488,PROD0100,1,208.15
ITEM0008636,ORD003488,PROD0130,3,421.1
ITEM0008637,ORD003488,PROD0149,2,139.28
ITEM0008638,ORD003488,PROD0136,3,485.57
ITEM0008639,ORD003489,PROD0066,1,370.45
ITEM0008640,ORD003490,PROD0128,2,403.21
ITEM0008641,ORD003490,PROD0067,3,363.03
ITEM0008642,ORD003491,PROD0114,5,45.61
ITEM0008643,ORD003491,PROD0122,3,484.26
ITEM0008644,ORD003492,PROD0068,5,422.88
ITEM0008645,ORD003492,PROD0044,1,474.28
ITEM0008646,ORD003492,PROD0076,4,277.07
ITEM0008647,ORD003493,PROD0020,5,124.89
ITEM0008648,ORD003493,PROD0083,5,306.64
ITEM0008649,ORD003493,PROD0103,4,305.68
ITEM0008650,ORD003494,PROD0079,4,61.84
ITEM0008651,ORD003495,PROD0121,1,287.5
ITEM0008652,ORD003495,PROD0026,5,585.88
ITEM0008653,ORD003495,PROD0079,5,61.84
ITEM0008654,ORD003496,PROD0087,4,193.52
ITEM0008655,ORD003496,PROD0062,4,355.88
ITEM0008656,ORD003496,PROD0114,2,45.61
ITEM0008657,ORD003496,PROD0072,3,226.81
ITEM0008658,ORD003497,PROD0036,4,33.3
ITEM0008659,ORD003497,PROD0080,3,392.58
ITEM0008660,ORD003497,PROD0019,4,443.45
ITEM0008661,ORD003498,PROD0021,1,487.35
ITEM0008662,ORD003499,PROD0147,1,570.65
ITEM0008663,ORD003499,PROD0018,2,119.66
ITEM0008664,ORD003499,PROD0070,4,271.29
ITEM0008665,ORD003500,PROD0025,5,23.62
ITEM0008666,ORD003500,PROD0071,2,402.73
ITEM0008667,ORD003500,PROD0034,5,303.7
ITEM0008668,ORD003500,PROD0049,4,106.04
ITEM0008669,ORD003501,PROD0119,3,103.02
ITEM0008670,ORD003501,PROD0133,4,317.22
ITEM0008671,ORD003502,PROD0016,3,30.39
ITEM0008672,ORD003502,PROD0045,4,66.57
ITEM0008673,ORD003502,PROD0099,2,-386.23
ITEM0008674,ORD003502,PROD0028,2,463.5
ITEM0008675,ORD003503,PROD0007,2,248.82
ITEM0008676,ORD003503,PROD0131,3,130.48
ITEM0008677,ORD003503,PROD0106,3,508.9
ITEM0008678,ORD003503,PROD0062,2,355.88
ITEM0008679,ORD003504,PROD0036,5,-33.3
ITEM0008680,ORD003505,PROD0097,3,53.1
ITEM0008681,ORD003505,PROD0142,3,347.19
ITEM0008682,ORD003506,PROD0089,2,289.58
ITEM0008683,ORD003507,PROD0006,5,98.27
ITEM0008684,ORD003507,PROD0139,1,135.03
ITEM0008685,ORD003507,PROD0034,5,-303.7
ITEM0008686,ORD003507,PROD0064,4,411.35
ITEM0008687,ORD003508,PROD0002,2,112.42
ITEM0008688,ORD003508,PROD0038,2,216.74
ITEM0008689,ORD003509,PROD0045,2,66.57
ITEM0008690,ORD003509,PROD0039,3,410.66
ITEM0008691,ORD003510,PROD0066,5,370.45
ITEM0008692,ORD003511,PROD0050,2,235.27
ITEM0008693,ORD003511,PROD0033,4,470.6
ITEM0008694,ORD003512,PROD0012,5,589.04
ITEM0008695,ORD003513,PROD0115,2,431.33
ITEM0008696,ORD003513,PROD0082,3,196.55
ITEM0008697,ORD003514,PROD0068,5,422.88
ITEM0008698,ORD003515,PROD0088,2,51.09
ITEM0008699,ORD003515,PROD0116,5,366.52
ITEM0008700,ORD003516,PROD0057,1,-632.78
ITEM0008701,ORD003516,PROD0038,5,216.74
ITEM0008702,ORD003516,PROD0013,4,196.91
ITEM0008703,ORD003517,PROD0125,2,377.98
ITEM0008704,ORD003517,PROD0024,2,594.24
ITEM0008705,ORD003517,PROD0082,5,196.55
ITEM0008706,ORD003517,PROD0120,5,261.92
ITEM0008707,ORD003518,PROD0075,5,383.73
ITEM0008708,ORD003518,PROD0118,5,58.39
ITEM0008709,ORD003518,PROD0098,1,351.41
ITEM0008710,ORD003518,PROD0027,2,356.31
ITEM0008711,ORD003519,PROD0068,4,422.88
ITEM0008712,ORD003519,PROD0035,4,27.57
ITEM0008713,ORD003520,PROD0017,1,234.28
ITEM0008714,ORD003521,PROD0123,1,95.95
ITEM0008715,ORD003521,PROD0064,3,411.35
ITEM0008716,ORD003521,PROD0095,5,271.32
ITEM0008717,ORD003522,PROD0125,1,377.98
ITEM0008718,ORD003522,PROD0126,3,263.88
ITEM0008719,ORD003522,PROD0133,2,317.22
ITEM0008720,ORD003522,PROD0132,1,-316.5
ITEM0008721,ORD003523,PROD0031,2,15.13
ITEM0008722,ORD003523,PROD0082,2,196.55
ITEM0008723,ORD003523,PROD0081,1,318.7
ITEM0008724,ORD003523,PROD0005,2,196.98
ITEM0008725,ORD003524,PROD0008,5,174.9
ITEM0008726,ORD003524,PROD0070,5,271.29
ITEM0008727,ORD003524,PROD0142,4,347.19
ITEM0008728,ORD003525,PROD0150,4,88.94
ITEM0008729,ORD003525,PROD0035,2,27.57
ITEM0008730,ORD003526,PROD0010,4,488.99
ITEM0008731,ORD003527,PROD0011,5,325.01
ITEM0008732,ORD003527,PROD0057,1,632.78
ITEM0008733,ORD003528,PROD0138,3,43.7
ITEM0008734,ORD003528,PROD0105,3,308.26
ITEM0008735,ORD003528,PROD0066,3,370.45
ITEM0008736,ORD003528,PROD0070,2,271.29
ITEM0008737,ORD003529,PROD0135,4,427.2
ITEM0008738,ORD003530,PROD0122,4,484.26
ITEM0008739,ORD003530,PROD0047,2,288.09
ITEM0008740,ORD003531,PROD0018,3,119.66
ITEM0008741,ORD003531,PROD0031,4,15.13
ITEM0008742,ORD003532,PROD0150,4,88.94
ITEM0008743,ORD003532,PROD0113,5,320.56
ITEM0008744,ORD003532,PROD0034,1,303.7
ITEM0008745,ORD003533,PROD0074,2,122.74
ITEM0008746,ORD003533,PROD0016,4,30.39
ITEM0008747,ORD003533,PROD0098,4,351.41
ITEM0008748,ORD003533,PROD0138,4,43.7
ITEM0008749,ORD003534,PROD0100,3,208.15
ITEM0008750,ORD003534,PROD0005,1,196.98
ITEM0008751,ORD003535,PROD0121,5,287.5
ITEM0008752,ORD003535,PROD0139,4,135.03
ITEM0008753,ORD003535,PROD0061,1,683.51
ITEM0008754,ORD003535,PROD0030,1,314.5
ITEM0008755,ORD003536,PROD0060,2,497.77
ITEM0008756,ORD003536,PROD0039,3,410.66
ITEM0008757,ORD003537,PROD0114,4,45.61
ITEM0008758,ORD003537,PROD0133,3,317.22
ITEM0008759,ORD003538,PROD0105,4,308.26
ITEM0008760,ORD003539,PROD0097,1,53.1
ITEM0008761,ORD003540,PROD0022,5,380.56
ITEM0008762,ORD003540,PROD0144,2,105.68
ITEM0008763,ORD003540,PROD0034,5,303.7
ITEM0008764,ORD003540,PROD0082,1,196.55
ITEM0008765,ORD003541,PROD0081,1,318.7
ITEM0008766,ORD003541,PROD0143,1,453.59
ITEM0008767,ORD003542,PROD0052,2,436.28
ITEM0008768,ORD003543,PROD0047,3,288.09
ITEM0008769,ORD003543,PROD0139,2,135.03
ITEM0008770,ORD003543,PROD0048,1,277.49
ITEM0008771,ORD003543,PROD0129,1,246.64
ITEM0008772,ORD003544,PROD0124,4,173.3
ITEM0008773,ORD003544,PROD0102,5,266.91
ITEM0008774,ORD003544,PROD0108,1,332.49
ITEM0008775,ORD003545,PROD0090,4,51.56
ITEM0008776,ORD003545,PROD0021,3,487.35
ITEM0008777,ORD003545,PROD0055,1,408.1
ITEM0008778,ORD003545,PROD0125,4,377.98
ITEM0008779,ORD003546,PROD0001,3,342.2
ITEM0008780,ORD003546,PROD0131,3,130.48
ITEM0008781,ORD003547,PROD0104,3,66.01
ITEM0008782,ORD003547,PROD0139,2,135.03
ITEM0008783,ORD003547,PROD0075,1,383.73
ITEM0008784,ORD003548,PROD0043,3,251.98
ITEM0008785,ORD003548,PROD0036,3,33.3
ITEM0008786,ORD003548,PROD0087,1,193.52
ITEM0008787,ORD003548,PROD0121,2,287.5
ITEM0008788,ORD003549,PROD0081,1,318.7
ITEM0008789,ORD003549,PROD0004,2,129.15
ITEM0008790,ORD003549,PROD0064,4,411.35
ITEM0008791,ORD003550,PROD0145,4,359.48
ITEM0008792,ORD003550,PROD0003,2,4.27
ITEM0008793,ORD003551,PROD0149,1,139.28
ITEM0008794,ORD003552,PROD0100,2,208.15
ITEM0008795,ORD003552,PROD0071,3,402.73
ITEM0008796,ORD003552,PROD0137,2,447.4
ITEM0008797,ORD003552,PROD0004,5,129.15
ITEM0008798,ORD003553,PROD0019,2,443.45
ITEM0008799,ORD003553,PROD0070,3,271.29
ITEM0008800,ORD003553,PROD0147,2,570.65
ITEM0008801,ORD003554,PROD0077,4,286.06
ITEM0008802,ORD003554,PROD0131,1,130.48
ITEM0008803,ORD003554,PROD0104,1,66.01
ITEM0008804,ORD003554,PROD0049,3,106.04
ITEM0008805,ORD003555,PROD0113,2,320.56
ITEM0008806,ORD003556,PROD0052,5,436.28
ITEM0008807,ORD003556,PROD0020,2,124.89
ITEM0008808,ORD003556,PROD0065,5,153.97
ITEM0008809,ORD003556,PROD0115,3,431.33
ITEM0008810,ORD003557,PROD0138,4,43.7
ITEM0008811,ORD003557,PROD0131,4,130.48
ITEM0008812,ORD003557,PROD0021,5,487.35
ITEM0008813,ORD003557,PROD0110,5,39.23
ITEM0008814,ORD003558,PROD0131,4,130.48
ITEM0008815,ORD003558,PROD0083,4,306.64
ITEM0008816,ORD003558,PROD0076,3,277.07
ITEM0008817,ORD003558,PROD0082,5,196.55
ITEM0008818,ORD003559,PROD0043,3,251.98
ITEM0008819,ORD003559,PROD0120,1,261.92
ITEM0008820,ORD003560,PROD0089,4,289.58
ITEM0008821,ORD003561,PROD0033,1,470.6
ITEM0008822,ORD003561,PROD0116,4,366.52
ITEM0008823,ORD003561,PROD0039,3,410.66
ITEM0008824,ORD003562,PROD0145,2,359.48
ITEM0008825,ORD003562,PROD0052,5,436.28
ITEM0008826,ORD003562,PROD0042,2,394.4
ITEM0008827,ORD003563,PROD0131,2,130.48
ITEM0008828,ORD003563,PROD0084,2,464.44
ITEM0008829,ORD003563,PROD0148,4,427.66
ITEM0008830,ORD003564,PROD0009,5,138.45
ITEM0008831,ORD003565,PROD0043,4,251.98
ITEM0008832,ORD003565,PROD0108,5,332.49
ITEM0008833,ORD003566,PROD0101,2,182.81
ITEM0008834,ORD003567,PROD0042,1,394.4
ITEM0008835,ORD003567,PROD0091,5,161.11
ITEM0008836,ORD003567,PROD0016,3,30.39
ITEM0008837,ORD003568,PROD0102,2,266.91
ITEM0008838,ORD003568,PROD0101,2,182.81
ITEM0008839,ORD003568,PROD0030,1,314.5
ITEM0008840,ORD003568,PROD0097,1,53.1
ITEM0008841,ORD003569,PROD0076,4,277.07
ITEM0008842,ORD003569,PROD0144,-3,105.68
ITEM0008843,ORD003570,PROD0082,2,196.55
ITEM0008844,ORD003571,PROD0057,4,632.78
ITEM0008845,ORD003572,PROD0099,2,386.23
ITEM0008846,ORD003572,PROD0136,4,485.57
ITEM0008847,ORD003572,PROD0148,2,427.66
ITEM0008848,ORD003572,PROD0144,2,105.68
ITEM0008849,ORD003573,PROD0018,2,119.66
ITEM0008850,ORD003574,PROD0034,3,303.7
ITEM0008851,ORD003574,PROD0083,1,306.64
ITEM0008852,ORD003574,PROD0049,3,106.04
ITEM0008853,ORD003575,PROD0146,3,292.2
ITEM0008854,ORD003575,PROD0026,1,585.88
ITEM0008855,ORD003575,PROD0067,2,363.03
ITEM0008856,ORD003576,PROD0006,2,98.27
ITEM0008857,ORD003576,PROD0074,1,122.74
ITEM0008858,ORD003576,PROD0034,4,303.7
ITEM0008859,ORD003576,PROD0018,1,119.66
ITEM0008860,ORD003577,PROD0089,4,289.58
ITEM0008861,ORD003577,PROD0085,2,602.46
ITEM0008862,ORD003578,PROD0118,1,58.39
ITEM0008863,ORD003579,PROD0056,5,249.02
ITEM0008864,ORD003579,PROD0106,1,508.9
ITEM0008865,ORD003580,PROD0086,2,203.78
ITEM0008866,ORD003580,PROD0135,5,427.2
ITEM0008867,ORD003581,PROD0014,4,16.7
ITEM0008868,ORD003581,PROD0078,5,-57.56
ITEM0008869,ORD003582,PROD0093,2,573.11
ITEM0008870,ORD003582,PROD0088,3,51.09
ITEM0008871,ORD003583,PROD0109,2,126.44
ITEM0008872,ORD003584,PROD0060,1,497.77
ITEM0008873,ORD003584,PROD0001,3,342.2
ITEM0008874,ORD003585,PROD0076,3,277.07
ITEM0008875,ORD003585,PROD0022,5,380.56
ITEM0008876,ORD003585,PROD0139,1,135.03
ITEM0008877,ORD003586,PROD0150,5,88.94
ITEM0008878,ORD003587,PROD0006,4,98.27
ITEM0008879,ORD003587,PROD0015,4,442.7
ITEM0008880,ORD003587,PROD0136,3,485.57
ITEM0008881,ORD003587,PROD0124,4,173.3
ITEM0008882,ORD003588,PROD0080,2,392.58
ITEM0008883,ORD003588,PROD0037,1,540.32
ITEM0008884,ORD003588,PROD0149,3,139.28
ITEM0008885,ORD003589,PROD0045,4,66.57
ITEM0008886,ORD003589,PROD0024,3,594.24
ITEM0008887,ORD003590,PROD0074,2,122.74
ITEM0008888,ORD003591,PROD0057,1,632.78
ITEM0008889,ORD003591,PROD0031,4,15.13
ITEM0008890,ORD003591,PROD0046,2,207.44
ITEM0008891,ORD003591,PROD0065,4,153.97
ITEM0008892,ORD003592,PROD0124,2,173.3
ITEM0008893,ORD003592,PROD0120,4,261.92
ITEM0008894,ORD003592,PROD0111,5,408.22
ITEM0008895,ORD003593,PROD0018,4,119.66
ITEM0008896,ORD003593,PROD0089,2,289.58
ITEM0008897,ORD003593,PROD0142,3,347.19
ITEM0008898,ORD003593,PROD0146,3,292.2
ITEM0008899,ORD003594,PROD0105,4,308.26
ITEM0008900,ORD003594,PROD0137,4,447.4
ITEM0008901,ORD003595,PROD0094,4,393.51
ITEM0008902,ORD003595,PROD0025,5,23.62
ITEM0008903,ORD003595,PROD0012,5,589.04
ITEM0008904,ORD003596,PROD0017,4,234.28
ITEM0008905,ORD003597,PROD0048,4,277.49
ITEM0008906,ORD003598,PROD0048,1,277.49
ITEM0008907,ORD003598,PROD0016,1,30.39
ITEM0008908,ORD003598,PROD0100,4,208.15
ITEM0008909,ORD003599,PROD0142,4,347.19
ITEM0008910,ORD003599,PROD0033,2,470.6
ITEM0008911,ORD003599,PROD0018,1,119.66
ITEM0008912,ORD003599,PROD0077,4,286.06
ITEM0008913,ORD003600,PROD0062,2,355.88
ITEM0008914,ORD003600,PROD0010,5,488.99
ITEM0008915,ORD003601,PROD0021,2,487.35
ITEM0008916,ORD003601,PROD0114,1,45.61
ITEM0008917,ORD003602,PROD0117,5,130.11
ITEM0008918,ORD003602,PROD0005,2,196.98
ITEM0008919,ORD003602,PROD0018,3,119.66
ITEM0008920,ORD003602,PROD0145,2,359.48
ITEM0008921,ORD003603,PROD0148,5,427.66
ITEM0008922,ORD003604,PROD0088,3,51.09
ITEM0008923,ORD003605,PROD0034,5,303.7
ITEM0008924,ORD003605,PROD0070,3,271.29
ITEM0008925,ORD003605,PROD0050,2,235.27
ITEM0008926,ORD003605,PROD0105,1,308.26
ITEM0008927,ORD003606,PROD0089,3,289.58
ITEM0008928,ORD003606,PROD0133,2,317.22
ITEM0008929,ORD003606,PROD0071,4,402.73
ITEM0008930,ORD003607,PROD0033,5,470.6
ITEM0008931,ORD003607,PROD0086,3,203.78
ITEM0008932,ORD003607,PROD0046,1,207.44
ITEM0008933,ORD003607,PROD0115,4,431.33
ITEM0008934,ORD003608,PROD0004,2,129.15
ITEM0008935,ORD003608,PROD0107,4,462.67
ITEM0008936,ORD003609,PROD0070,4,271.29
ITEM0008937,ORD003609,PROD0048,3,277.49
ITEM0008938,ORD003609,PROD0059,3,254.01
ITEM0008939,ORD003610,PROD0043,3,251.98
ITEM0008940,ORD003610,PROD0042,2,394.4
ITEM0008941,ORD003611,PROD0149,5,139.28
ITEM0008942,ORD003611,PROD0002,2,112.42
ITEM0008943,ORD003611,PROD0050,3,235.27
ITEM0008944,ORD003611,PROD0059,4,254.01
ITEM0008945,ORD003612,PROD0012,3,589.04
ITEM0008946,ORD003612,PROD0009,3,138.45
ITEM0008947,ORD003613,PROD0054,2,135.13
ITEM0008948,ORD003613,PROD0142,1,347.19
ITEM0008949,ORD003613,PROD0078,4,57.56
ITEM0008950,ORD003613,PROD0096,4,321.49
ITEM0008951,ORD003614,PROD0019,5,443.45
ITEM0008952,ORD003614,PROD0148,1,427.66
ITEM0008953,ORD003614,PROD0123,3,95.95
ITEM0008954,ORD003615,PROD0128,5,403.21
ITEM0008955,ORD003615,PROD0049,5,106.04
ITEM0008956,ORD003615,PROD0126,5,263.88
ITEM0008957,ORD003615,PROD0081,4,318.7
ITEM0008958,ORD003616,PROD0021,1,487.35
ITEM0008959,ORD003617,PROD0117,5,130.11
ITEM0008960,ORD003617,PROD0002,3,112.42
ITEM0008961,ORD003617,PROD0092,4,557.9
ITEM0008962,ORD003617,PROD0067,4,363.03
ITEM0008963,ORD003618,PROD0005,2,196.98
ITEM0008964,ORD003618,PROD0118,2,58.39
ITEM0008965,ORD003618,PROD0092,2,557.9
ITEM0008966,ORD003619,PROD0028,2,463.5
ITEM0008967,ORD003619,PROD0086,2,203.78
ITEM0008968,ORD003619,PROD0137,3,447.4
ITEM0008969,ORD003620,PROD0111,3,408.22
ITEM0008970,ORD003620,PROD0022,2,380.56
ITEM0008971,ORD003620,PROD0043,3,251.98
ITEM0008972,ORD003621,PROD0131,3,130.48
ITEM0008973,ORD003621,PROD0039,1,410.66
ITEM0008974,ORD003622,PROD0041,2,438.01
ITEM0008975,ORD003622,PROD0013,4,196.91
ITEM0008976,ORD003622,PROD0133,4,317.22
ITEM0008977,ORD003623,PROD0052,1,436.28
ITEM0008978,ORD003623,PROD0034,4,303.7
ITEM0008979,ORD003623,PROD0001,1,342.2
ITEM0008980,ORD003623,PROD0118,4,58.39
ITEM0008981,ORD003624,PROD0030,3,314.5
ITEM0008982,ORD003625,PROD0020,5,124.89
ITEM0008983,ORD003625,PROD0148,5,427.66
ITEM0008984,ORD003625,PROD0017,5,234.28
ITEM0008985,ORD003626,PROD0100,3,208.15
ITEM0008986,ORD003626,PROD0021,3,487.35
ITEM0008987,ORD003627,PROD0129,4,246.64
ITEM0008988,ORD003627,PROD0145,2,359.48
ITEM0008989,ORD003627,PROD0056,2,249.02
ITEM0008990,ORD003628,PROD0066,1,370.45
ITEM0008991,ORD003628,PROD0103,2,305.68
ITEM0008992,ORD003629,PROD0103,1,305.68
ITEM0008993,ORD003629,PROD0059,-1,254.01
ITEM0008994,ORD003630,PROD0149,4,139.28
ITEM0008995,ORD003630,PROD0092,3,557.9
ITEM0008996,ORD003631,PROD0057,5,632.78
ITEM0008997,ORD003631,PROD0093,5,573.11
ITEM0008998,ORD003632,PROD0020,2,124.89
ITEM0008999,ORD003632,PROD0045,1,66.57
ITEM0009000,ORD003632,PROD0021,2,487.35
ITEM0009001,ORD003633,PROD0036,2,33.3
ITEM0009002,ORD003633,PROD0101,5,182.81
ITEM0009003,ORD003633,PROD0070,1,271.29
ITEM0009004,ORD003634,PROD0096,1,321.49
ITEM0009005,ORD003634,PROD0078,4,57.56
ITEM0009006,ORD003634,PROD0129,4,246.64
ITEM0009007,ORD003634,PROD0127,2,9.71
ITEM0009008,ORD003635,PROD0109,4,126.44
ITEM0009009,ORD003635,PROD0129,5,246.64
ITEM0009010,ORD003635,PROD0087,2,193.52
ITEM0009011,ORD003635,PROD0142,3,347.19
ITEM0009012,ORD003636,PROD0033,1,470.6
ITEM0009013,ORD003636,PROD0097,4,53.1
ITEM0009014,ORD003637,PROD0101,2,182.81
ITEM0009015,ORD003637,PROD0137,2,447.4
ITEM0009016,ORD003638,PROD0117,3,130.11
ITEM0009017,ORD003639,PROD0084,4,464.44
ITEM0009018,ORD003639,PROD0097,2,53.1
ITEM0009019,ORD003639,PROD0082,5,196.55
ITEM0009020,ORD003640,PROD0015,2,442.7
ITEM0009021,ORD003640,PROD0073,5,241.62
ITEM0009022,ORD003641,PROD0145,1,359.48
ITEM0009023,ORD003641,PROD0056,4,249.02
ITEM0009024,ORD003641,PROD0128,2,403.21
ITEM0009025,ORD003641,PROD0012,3,589.04
ITEM0009026,ORD003642,PROD0007,2,248.82
ITEM0009027,ORD003642,PROD0018,3,119.66
ITEM0009028,ORD003643,PROD0013,5,196.91
ITEM0009029,ORD003643,PROD0121,1,287.5
ITEM0009030,ORD003643,PROD0076,5,277.07
ITEM0009031,ORD003644,PROD0140,4,496.11
ITEM0009032,ORD003644,PROD0038,5,216.74
ITEM0009033,ORD003645,PROD0112,2,308.35
ITEM0009034,ORD003645,PROD0117,3,130.11
ITEM0009035,ORD003646,PROD0094,3,393.51
ITEM0009036,ORD003646,PROD0108,1,332.49
ITEM0009037,ORD003646,PROD0023,5,414.75
ITEM0009038,ORD003647,PROD0017,5,234.28
ITEM0009039,ORD003647,PROD0126,3,263.88
ITEM0009040,ORD003648,PROD0017,1,234.28
ITEM0009041,ORD003649,PROD0059,2,254.01
ITEM0009042,ORD003649,PROD0038,4,216.74
ITEM0009043,ORD003650,PROD0069,5,619.75
ITEM0009044,ORD003650,PROD0032,3,172.77
ITEM0009045,ORD003650,PROD0002,4,112.42
ITEM0009046,ORD003651,PROD0122,2,484.26
ITEM0009047,ORD003651,PROD0128,2,403.21
ITEM0009048,ORD003651,PROD0012,3,589.04
ITEM0009049,ORD003652,PROD0148,1,427.66
ITEM0009050,ORD003652,PROD0045,2,66.57
ITEM0009051,ORD003652,PROD0062,3,355.88
ITEM0009052,ORD003652,PROD0080,4,392.58
ITEM0009053,ORD003653,PROD0073,4,241.62
ITEM0009054,ORD003653,PROD0017,4,234.28
ITEM0009055,ORD003653,PROD0141,5,19.31
ITEM0009056,ORD003654,PROD0145,2,359.48
ITEM0009057,ORD003654,PROD0107,2,462.67
ITEM0009058,ORD003655,PROD0017,5,234.28
ITEM0009059,ORD003655,PROD0013,5,196.91
ITEM0009060,ORD003655,PROD0008,4,174.9
ITEM0009061,ORD003656,PROD0039,1,410.66
ITEM0009062,ORD003656,PROD0130,4,421.1
ITEM0009063,ORD003656,PROD0132,3,316.5
ITEM0009064,ORD003657,PROD0023,3,414.75
ITEM0009065,ORD003657,PROD0122,3,484.26
ITEM0009066,ORD003657,PROD0004,5,129.15
ITEM0009067,ORD003658,PROD0043,3,251.98
ITEM0009068,ORD003658,PROD0134,2,192.47
ITEM0009069,ORD003659,PROD0123,2,95.95
ITEM0009070,ORD003659,PROD0004,2,129.15
ITEM0009071,ORD003659,PROD0008,1,174.9
ITEM0009072,ORD003659,PROD0037,1,540.32
ITEM0009073,ORD003660,PROD0043,4,251.98
ITEM0009074,ORD003660,PROD0130,4,421.1
ITEM0009075,ORD003661,PROD0129,5,246.64
ITEM0009076,ORD003662,PROD0108,2,332.49
ITEM0009077,ORD003662,PROD0076,1,277.07
ITEM0009078,ORD003662,PROD0060,3,497.77
ITEM0009079,ORD003663,PROD0088,4,51.09
ITEM0009080,ORD003663,PROD0001,5,342.2
ITEM0009081,ORD003664,PROD0062,2,355.88
ITEM0009082,ORD003664,PROD0114,5,45.61
ITEM0009083,ORD003664,PROD0051,4,294.17
ITEM0009084,ORD003665,PROD0041,-2,438.01
ITEM0009085,ORD003666,PROD0148,1,427.66
ITEM0009086,ORD003666,PROD0040,3,508.7
ITEM0009087,ORD003666,PROD0116,2,366.52
ITEM0009088,ORD003666,PROD0095,5,271.32
ITEM0009089,ORD003667,PROD0117,5,130.11
ITEM0009090,ORD003668,PROD0020,1,124.89
ITEM0009091,ORD003668,PROD0108,2,332.49
ITEM0009092,ORD003668,PROD0016,4,30.39
ITEM0009093,ORD003668,PROD0026,5,585.88
ITEM0009094,ORD003669,PROD0119,2,103.02
ITEM0009095,ORD003669,PROD0083,2,306.64
ITEM0009096,ORD003670,PROD0066,1,370.45
ITEM0009097,ORD003670,PROD0006,2,98.27
ITEM0009098,ORD003671,PROD0012,2,589.04
ITEM0009099,ORD003672,PROD0096,2,321.49
ITEM0009100,ORD003672,PROD0125,5,377.98
ITEM0009101,ORD003672,PROD0133,2,317.22
ITEM0009102,ORD003672,PROD0067,1,363.03
ITEM0009103,ORD003673,PROD0060,4,497.77
ITEM0009104,ORD003673,PROD0072,4,226.81
ITEM0009105,ORD003673,PROD0074,2,122.74
ITEM0009106,ORD003673,PROD0126,-2,263.88
ITEM0009107,ORD003674,PROD0002,2,112.42
ITEM0009108,ORD003674,PROD0065,5,153.97
ITEM0009109,ORD003674,PROD0091,5,161.11
ITEM0009110,ORD003674,PROD0049,2,106.04
ITEM0009111,ORD003675,PROD0053,2,292.19
ITEM0009112,ORD003675,PROD0029,1,93.87
ITEM0009113,ORD003675,PROD0068,1,422.88
ITEM0009114,ORD003675,PROD0003,1,4.27
ITEM0009115,ORD003676,PROD0044,3,474.28
ITEM0009116,ORD003676,PROD0019,3,443.45
ITEM0009117,ORD003676,PROD0107,2,462.67
ITEM0009118,ORD003676,PROD0056,4,249.02
ITEM0009119,ORD003677,PROD0136,5,485.57
ITEM0009120,ORD003677,PROD0137,2,447.4
ITEM0009121,ORD003678,PROD0126,2,263.88
ITEM0009122,ORD003679,PROD0088,5,51.09
ITEM0009123,ORD003679,PROD0076,4,277.07
ITEM0009124,ORD003679,PROD0037,5,540.32
ITEM0009125,ORD003680,PROD0033,1,470.6
ITEM0009126,ORD003680,PROD0124,2,173.3
ITEM0009127,ORD003681,PROD0047,5,288.09
ITEM0009128,ORD003681,PROD0068,2,422.88
ITEM0009129,ORD003681,PROD0094,5,393.51
ITEM0009130,ORD003682,PROD0065,2,153.97
ITEM0009131,ORD003683,PROD0149,3,139.28
ITEM0009132,ORD003683,PROD0012,1,589.04
ITEM0009133,ORD003683,PROD0147,1,570.65
ITEM0009134,ORD003684,PROD0073,4,241.62
ITEM0009135,ORD003685,PROD0016,4,30.39
ITEM0009136,ORD003685,PROD0044,1,474.28
ITEM0009137,ORD003685,PROD0083,3,306.64
ITEM0009138,ORD003685,PROD0089,1,289.58
ITEM0009139,ORD003686,PROD0049,4,106.04
ITEM0009140,ORD003686,PROD0110,3,39.23
ITEM0009141,ORD003687,PROD0115,3,431.33
ITEM0009142,ORD003687,PROD0072,4,226.81
ITEM0009143,ORD003688,PROD0059,2,254.01
ITEM0009144,ORD003688,PROD0122,2,484.26
ITEM0009145,ORD003689,PROD0063,1,665.26
ITEM0009146,ORD003689,PROD0014,2,16.7
ITEM0009147,ORD003689,PROD0128,5,403.21
ITEM0009148,ORD003689,PROD0016,2,30.39
ITEM0009149,ORD003690,PROD0123,5,95.95
ITEM0009150,ORD003690,PROD0068,2,422.88
ITEM0009151,ORD003690,PROD0075,4,383.73
ITEM0009152,ORD003691,PROD0001,2,342.2
ITEM0009153,ORD003691,PROD0055,4,408.1
ITEM0009154,ORD003691,PROD0150,5,88.94
ITEM0009155,ORD003692,PROD0084,3,464.44
ITEM0009156,ORD003693,PROD0135,5,427.2
ITEM0009157,ORD003694,PROD0054,4,135.13
ITEM0009158,ORD003695,PROD0031,4,15.13
ITEM0009159,ORD003695,PROD0118,1,58.39
ITEM0009160,ORD003696,PROD0114,5,45.61
ITEM0009161,ORD003696,PROD0100,1,208.15
ITEM0009162,ORD003697,PROD0013,1,196.91
ITEM0009163,ORD003697,PROD0103,2,305.68
ITEM0009164,ORD003697,PROD0057,5,632.78
ITEM0009165,ORD003697,PROD0010,5,488.99
ITEM0009166,ORD003698,PROD0020,5,124.89
ITEM0009167,ORD003698,PROD0028,1,463.5
ITEM0009168,ORD003699,PROD0030,5,314.5
ITEM0009169,ORD003699,PROD0013,4,196.91
ITEM0009170,ORD003699,PROD0091,1,161.11
ITEM0009171,ORD003700,PROD0103,4,305.68
ITEM0009172,ORD003700,PROD0026,5,585.88
ITEM0009173,ORD003701,PROD0060,4,497.77
ITEM0009174,ORD003701,PROD0110,2,39.23
ITEM0009175,ORD003701,PROD0126,2,263.88
ITEM0009176,ORD003701,PROD0116,4,366.52
ITEM0009177,ORD003702,PROD0131,5,130.48
ITEM0009178,ORD003702,PROD0060,4,497.77
ITEM0009179,ORD003703,PROD0004,5,129.15
ITEM0009180,ORD003703,PROD0128,4,403.21
ITEM0009181,ORD003703,PROD0124,3,173.3
ITEM0009182,ORD003703,PROD0149,4,139.28
ITEM0009183,ORD003704,PROD0038,2,216.74
ITEM0009184,ORD003705,PROD0084,5,464.44
ITEM0009185,ORD003705,PROD0024,2,594.24
ITEM0009186,ORD003705,PROD0122,4,484.26
ITEM0009187,ORD003705,PROD0093,2,573.11
ITEM0009188,ORD003706,PROD0007,2,248.82
ITEM0009189,ORD003706,PROD0148,1,427.66
ITEM0009190,ORD003706,PROD0031,5,15.13
ITEM0009191,ORD003707,PROD0146,1,292.2
ITEM0009192,ORD003707,PROD0142,4,347.19
ITEM0009193,ORD003707,PROD0068,3,422.88
ITEM0009194,ORD003708,PROD0037,5,540.32
ITEM0009195,ORD003708,PROD0106,1,508.9
ITEM0009196,ORD003708,PROD0118,1,58.39
ITEM0009197,ORD003709,PROD0008,1,174.9
ITEM0009198,ORD003710,PROD0046,2,207.44
ITEM0009199,ORD003711,PROD0056,2,249.02
ITEM0009200,ORD003711,PROD0131,2,130.48
ITEM0009201,ORD003712,PROD0048,2,277.49
ITEM0009202,ORD003712,PROD0028,1,463.5
ITEM0009203,ORD003712,PROD0038,2,216.74
ITEM0009204,ORD003712,PROD0006,3,98.27
ITEM0009205,ORD003713,PROD0144,5,105.68
ITEM0009206,ORD003713,PROD0057,5,632.78
ITEM0009207,ORD003713,PROD0108,2,332.49
ITEM0009208,ORD003713,PROD0078,4,57.56
ITEM0009209,ORD003714,PROD0026,2,585.88
ITEM0009210,ORD003714,PROD0074,3,122.74
ITEM0009211,ORD003715,PROD0116,1,366.52
ITEM0009212,ORD003715,PROD0011,5,325.01
ITEM0009213,ORD003715,PROD0150,2,88.94
ITEM0009214,ORD003716,PROD0025,3,23.62
ITEM0009215,ORD003716,PROD0027,1,356.31
ITEM0009216,ORD003716,PROD0058,5,356.49
ITEM0009217,ORD003716,PROD0109,3,126.44
ITEM0009218,ORD003717,PROD0010,4,488.99
ITEM0009219,ORD003717,PROD0087,5,193.52
ITEM0009220,ORD003717,PROD0049,2,106.04
ITEM0009221,ORD003717,PROD0139,2,135.03
ITEM0009222,ORD003718,PROD0052,1,436.28
ITEM0009223,ORD003718,PROD0060,2,497.77
ITEM0009224,ORD003718,PROD0132,4,316.5
ITEM0009225,ORD003718,PROD0001,5,342.2
ITEM0009226,ORD003719,PROD0053,1,292.19
ITEM0009227,ORD003719,PROD0037,5,540.32
ITEM0009228,ORD003720,PROD0067,4,363.03
ITEM0009229,ORD003720,PROD0144,3,105.68
ITEM0009230,ORD003721,PROD0102,4,266.91
ITEM0009231,ORD003721,PROD0120,1,261.92
ITEM0009232,ORD003721,PROD0081,3,318.7
ITEM0009233,ORD003722,PROD0039,5,410.66
ITEM0009234,ORD003722,PROD0030,3,314.5
ITEM0009235,ORD003723,PROD0084,1,464.44
ITEM0009236,ORD003723,PROD0053,4,292.19
ITEM0009237,ORD003724,PROD0101,5,182.81
ITEM0009238,ORD003725,PROD0099,1,386.23
ITEM0009239,ORD003725,PROD0050,1,235.27
ITEM0009240,ORD003726,PROD0034,2,303.7
ITEM0009241,ORD003726,PROD0130,1,421.1
ITEM0009242,ORD003727,PROD0056,5,249.02
ITEM0009243,ORD003728,PROD0036,3,33.3
ITEM0009244,ORD003728,PROD0129,3,246.64
ITEM0009245,ORD003728,PROD0118,2,58.39
ITEM0009246,ORD003728,PROD0049,5,106.04
ITEM0009247,ORD003729,PROD0122,4,484.26
ITEM0009248,ORD003729,PROD0132,3,316.5
ITEM0009249,ORD003730,PROD0035,5,27.57
ITEM0009250,ORD003731,PROD0032,1,172.77
ITEM0009251,ORD003731,PROD0027,3,356.31
ITEM0009252,ORD003732,PROD0114,3,45.61
ITEM0009253,ORD003732,PROD0027,2,356.31
ITEM0009254,ORD003732,PROD0055,5,408.1
ITEM0009255,ORD003733,PROD0065,5,153.97
ITEM0009256,ORD003733,PROD0116,3,366.52
ITEM0009257,ORD003734,PROD0132,5,316.5
ITEM0009258,ORD003734,PROD0012,5,589.04
ITEM0009259,ORD003734,PROD0100,5,208.15
ITEM0009260,ORD003735,PROD0102,1,266.91
ITEM0009261,ORD003736,PROD0013,1,196.91
ITEM0009262,ORD003736,PROD0089,5,289.58
ITEM0009263,ORD003736,PROD0034,4,303.7
ITEM0009264,ORD003737,PROD0006,5,98.27
ITEM0009265,ORD003737,PROD0042,4,394.4
ITEM0009266,ORD003738,PROD0091,5,161.11
ITEM0009267,ORD003738,PROD0060,2,497.77
ITEM0009268,ORD003739,PROD0064,3,411.35
ITEM0009269,ORD003739,PROD0036,3,33.3
ITEM0009270,ORD003740,PROD0071,2,402.73
ITEM0009271,ORD003740,PROD0046,3,207.44
ITEM0009272,ORD003740,PROD0036,5,33.3
ITEM0009273,ORD003740,PROD0025,3,23.62
ITEM0009274,ORD003741,PROD0001,4,342.2
ITEM0009275,ORD003742,PROD0004,1,129.15
ITEM0009276,ORD003742,PROD0086,4,203.78
ITEM0009277,ORD003743,PROD0046,1,207.44
ITEM0009278,ORD003743,PROD0077,1,286.06
ITEM0009279,ORD003744,PROD0080,4,392.58
ITEM0009280,ORD003744,PROD0052,1,436.28
ITEM0009281,ORD003745,PROD0138,4,43.7
ITEM0009282,ORD003745,PROD0109,5,126.44
ITEM0009283,ORD003745,PROD0110,2,39.23
ITEM0009284,ORD003745,PROD0118,2,58.39
ITEM0009285,ORD003746,PROD0150,5,-88.94
ITEM0009286,ORD003747,PROD0098,4,351.41
ITEM0009287,ORD003747,PROD0029,2,93.87
ITEM0009288,ORD003747,PROD0132,5,316.5
ITEM0009289,ORD003748,PROD0072,5,226.81
ITEM0009290,ORD003748,PROD0041,2,438.01
ITEM0009291,ORD003748,PROD0086,2,203.78
ITEM0009292,ORD003748,PROD0008,4,174.9
ITEM0009293,ORD003749,PROD0126,3,263.88
ITEM0009294,ORD003749,PROD0041,2,438.01
ITEM0009295,ORD003750,PROD0019,4,443.45
ITEM0009296,ORD003750,PROD0133,2,317.22
ITEM0009297,ORD003750,PROD0104,3,66.01
ITEM0009298,ORD003750,PROD0074,4,122.74
ITEM0009299,ORD003751,PROD0052,3,436.28
ITEM0009300,ORD003752,PROD0144,3,105.68
ITEM0009301,ORD003752,PROD0013,5,196.91
ITEM0009302,ORD003752,PROD0048,1,277.49
ITEM0009303,ORD003753,PROD0107,4,462.67
ITEM0009304,ORD003753,PROD0081,4,318.7
ITEM0009305,ORD003754,PROD0079,4,61.84
ITEM0009306,ORD003754,PROD0119,1,103.02
ITEM0009307,ORD003755,PROD0136,4,485.57
ITEM0009308,ORD003755,PROD0054,5,135.13
ITEM0009309,ORD003755,PROD0119,4,103.02
ITEM0009310,ORD003755,PROD0073,2,241.62
ITEM0009311,ORD003756,PROD0106,2,508.9
ITEM0009312,ORD003756,PROD0028,3,463.5
ITEM0009313,ORD003756,PROD0035,5,27.57
ITEM0009314,ORD003756,PROD0130,5,421.1
ITEM0009315,ORD003757,PROD0105,5,308.26
ITEM0009316,ORD003758,PROD0010,4,488.99
ITEM0009317,ORD003758,PROD0144,3,105.68
ITEM0009318,ORD003758,PROD0109,5,126.44
ITEM0009319,ORD003759,PROD0100,3,208.15
ITEM0009320,ORD003760,PROD0007,3,248.82
ITEM0009321,ORD003760,PROD0087,5,193.52
ITEM0009322,ORD003761,PROD0002,4,112.42
ITEM0009323,ORD003761,PROD0030,2,314.5
ITEM0009324,ORD003761,PROD0108,2,332.49
ITEM0009325,ORD003761,PROD0149,3,139.28
ITEM0009326,ORD003762,PROD0100,3,208.15
ITEM0009327,ORD003762,PROD0036,1,33.3
ITEM0009328,ORD003762,PROD0052,3,436.28
ITEM0009329,ORD003763,PROD0036,3,33.3
ITEM0009330,ORD003763,PROD0075,3,383.73
ITEM0009331,ORD003763,PROD0013,1,196.91
ITEM0009332,ORD003764,PROD0149,3,139.28
ITEM0009333,ORD003765,PROD0087,5,193.52
ITEM0009334,ORD003766,PROD0028,4,463.5
ITEM0009335,ORD003767,PROD0135,3,427.2
ITEM0009336,ORD003767,PROD0024,3,594.24
ITEM0009337,ORD003768,PROD0094,3,393.51
ITEM0009338,ORD003769,PROD0081,2,318.7
ITEM0009339,ORD003770,PROD0073,3,241.62
ITEM0009340,ORD003770,PROD0120,2,261.92
ITEM0009341,ORD003771,PROD0112,3,308.35
ITEM0009342,ORD003771,PROD0017,4,234.28
ITEM0009343,ORD003771,PROD0028,4,463.5
ITEM0009344,ORD003771,PROD0085,4,602.46
ITEM0009345,ORD003772,PROD0098,3,351.41
ITEM0009346,ORD003772,PROD0025,1,23.62
ITEM0009347,ORD003773,PROD0128,1,403.21
ITEM0009348,ORD003773,PROD0052,5,436.28
ITEM0009349,ORD003774,PROD0028,3,463.5
ITEM0009350,ORD003774,PROD0122,3,484.26
ITEM0009351,ORD003775,PROD0144,5,105.68
ITEM0009352,ORD003775,PROD0076,5,277.07
ITEM0009353,ORD003775,PROD0078,3,57.56
ITEM0009354,ORD003775,PROD0058,3,356.49
ITEM0009355,ORD003776,PROD0116,5,366.52
ITEM0009356,ORD003776,PROD0148,1,427.66
ITEM0009357,ORD003776,PROD0121,2,287.5
ITEM0009358,ORD003776,PROD0034,4,303.7
ITEM0009359,ORD003777,PROD0053,5,292.19
ITEM0009360,ORD003777,PROD0148,3,427.66
ITEM0009361,ORD003777,PROD0116,4,366.52
ITEM0009362,ORD003777,PROD0101,1,182.81
ITEM0009363,ORD003778,PROD0148,5,427.66
ITEM0009364,ORD003779,PROD0056,4,249.02
ITEM0009365,ORD003779,PROD0073,5,241.62
ITEM0009366,ORD003779,PROD0072,2,226.81
ITEM0009367,ORD003779,PROD0015,4,442.7
ITEM0009368,ORD003780,PROD0055,2,408.1
ITEM0009369,ORD003780,PROD0045,4,66.57
ITEM0009370,ORD003781,PROD0033,1,470.6
ITEM0009371,ORD003782,PROD0109,3,126.44
ITEM0009372,ORD003782,PROD0150,1,88.94
ITEM0009373,ORD003782,PROD0023,5,414.75
ITEM0009374,ORD003783,PROD0071,1,-402.73
ITEM0009375,ORD003783,PROD0099,4,386.23
ITEM0009376,ORD003783,PROD0007,3,248.82
ITEM0009377,ORD003783,PROD0125,3,377.98
ITEM0009378,ORD003784,PROD0047,1,288.09
ITEM0009379,ORD003784,PROD0039,3,410.66
ITEM0009380,ORD003784,PROD0033,4,470.6
ITEM0009381,ORD003785,PROD0022,5,-380.56
ITEM0009382,ORD003786,PROD0045,3,66.57
ITEM0009383,ORD003786,PROD0018,5,119.66
ITEM0009384,ORD003786,PROD0128,1,403.21
ITEM0009385,ORD003786,PROD0008,5,174.9
ITEM0009386,ORD003787,PROD0028,3,463.5
ITEM0009387,ORD003787,PROD0038,2,216.74
ITEM0009388,ORD003787,PROD0061,3,683.51
ITEM0009389,ORD003787,PROD0011,1,325.01
ITEM0009390,ORD003788,PROD0109,2,126.44
ITEM0009391,ORD003788,PROD0105,1,308.26
ITEM0009392,ORD003789,PROD0094,1,393.51
ITEM0009393,ORD003790,PROD0076,5,277.07
ITEM0009394,ORD003790,PROD0136,1,485.57
ITEM0009395,ORD003791,PROD0004,3,129.15
ITEM0009396,ORD003791,PROD0120,3,261.92
ITEM0009397,ORD003791,PROD0146,4,292.2
ITEM0009398,ORD003792,PROD0057,2,632.78
ITEM0009399,ORD003793,PROD0099,2,386.23
ITEM0009400,ORD003793,PROD0022,5,380.56
ITEM0009401,ORD003793,PROD0011,4,325.01
ITEM0009402,ORD003793,PROD0050,1,235.27
ITEM0009403,ORD003794,PROD0016,3,30.39
ITEM0009404,ORD003794,PROD0005,4,196.98
ITEM0009405,ORD003795,PROD0070,2,271.29
ITEM0009406,ORD003796,PROD0041,1,438.01
ITEM0009407,ORD003796,PROD0123,4,95.95
ITEM0009408,ORD003796,PROD0059,2,254.01
ITEM0009409,ORD003797,PROD0133,1,317.22
ITEM0009410,ORD003797,PROD0080,5,392.58
ITEM0009411,ORD003798,PROD0070,3,271.29
ITEM0009412,ORD003798,PROD0066,4,370.45
ITEM0009413,ORD003799,PROD0035,5,27.57
ITEM0009414,ORD003799,PROD0014,3,16.7
ITEM0009415,ORD003800,PROD0087,2,193.52
ITEM0009416,ORD003800,PROD0031,1,15.13
ITEM0009417,ORD003800,PROD0076,3,277.07
ITEM0009418,ORD003801,PROD0142,4,347.19
ITEM0009419,ORD003802,PROD0088,5,51.09
ITEM0009420,ORD003802,PROD0058,2,356.49
ITEM0009421,ORD003803,PROD0058,4,356.49
ITEM0009422,ORD003804,PROD0048,-5,277.49
ITEM0009423,ORD003804,PROD0123,4,95.95
ITEM0009424,ORD003804,PROD0148,5,427.66
ITEM0009425,ORD003804,PROD0041,1,438.01
ITEM0009426,ORD003805,PROD0123,2,95.95
ITEM0009427,ORD003805,PROD0014,4,16.7
ITEM0009428,ORD003806,PROD0075,1,383.73
ITEM0009429,ORD003806,PROD0021,1,487.35
ITEM0009430,ORD003807,PROD0078,2,57.56
ITEM0009431,ORD003808,PROD0064,5,411.35
ITEM0009432,ORD003808,PROD0024,4,594.24
ITEM0009433,ORD003808,PROD0018,5,119.66
ITEM0009434,ORD003809,PROD0019,2,443.45
ITEM0009435,ORD003809,PROD0054,4,135.13
ITEM0009436,ORD003809,PROD0011,-5,325.01
ITEM0009437,ORD003809,PROD0078,4,57.56
ITEM0009438,ORD003810,PROD0009,2,138.45
ITEM0009439,ORD003810,PROD0119,5,103.02
ITEM0009440,ORD003810,PROD0136,5,485.57
ITEM0009441,ORD003810,PROD0095,1,271.32
ITEM0009442,ORD003811,PROD0032,3,172.77
ITEM0009443,ORD003811,PROD0150,2,88.94
ITEM0009444,ORD003811,PROD0092,2,557.9
ITEM0009445,ORD003812,PROD0027,1,356.31
ITEM0009446,ORD003812,PROD0114,4,45.61
ITEM0009447,ORD003813,PROD0074,4,122.74
ITEM0009448,ORD003813,PROD0102,3,266.91
ITEM0009449,ORD003813,PROD0003,4,4.27
ITEM0009450,ORD003813,PROD0144,5,105.68
ITEM0009451,ORD003814,PROD0071,5,402.73
ITEM0009452,ORD003814,PROD0121,1,287.5
ITEM0009453,ORD003815,PROD0066,2,370.45
ITEM0009454,ORD003815,PROD0073,1,241.62
ITEM0009455,ORD003815,PROD0108,3,332.49
ITEM0009456,ORD003815,PROD0149,3,139.28
ITEM0009457,ORD003816,PROD0088,3,51.09
ITEM0009458,ORD003816,PROD0030,2,314.5
ITEM0009459,ORD003816,PROD0097,4,53.1
ITEM0009460,ORD003817,PROD0042,4,394.4
ITEM0009461,ORD003817,PROD0082,1,196.55
ITEM0009462,ORD003817,PROD0069,3,619.75
ITEM0009463,ORD003818,PROD0091,5,161.11
ITEM0009464,ORD003818,PROD0050,3,235.27
ITEM0009465,ORD003818,PROD0088,5,51.09
ITEM0009466,ORD003818,PROD0137,3,447.4
ITEM0009467,ORD003819,PROD0096,2,321.49
ITEM0009468,ORD003819,PROD0069,2,619.75
ITEM0009469,ORD003819,PROD0051,5,294.17
ITEM0009470,ORD003819,PROD0035,2,27.57
ITEM0009471,ORD003820,PROD0145,1,359.48
ITEM0009472,ORD003820,PROD0128,3,403.21
ITEM0009473,ORD003821,PROD0073,5,241.62
ITEM0009474,ORD003821,PROD0091,3,161.11
ITEM0009475,ORD003821,PROD0093,3,573.11
ITEM0009476,ORD003821,PROD0056,4,249.02
ITEM0009477,ORD003822,PROD0133,2,317.22
ITEM0009478,ORD003822,PROD0077,5,286.06
ITEM0009479,ORD003822,PROD0039,5,410.66
ITEM0009480,ORD003822,PROD0088,5,51.09
ITEM0009481,ORD003823,PROD0043,1,251.98
ITEM0009482,ORD003824,PROD0052,4,436.28
ITEM0009483,ORD003824,PROD0138,1,43.7
ITEM0009484,ORD003825,PROD0070,5,271.29
ITEM0009485,ORD003825,PROD0016,1,30.39
ITEM0009486,ORD003825,PROD0106,3,508.9
ITEM0009487,ORD003825,PROD0086,2,203.78
ITEM0009488,ORD003826,PROD0076,2,277.07
ITEM0009489,ORD003826,PROD0017,3,234.28
ITEM0009490,ORD003826,PROD0100,2,208.15
ITEM0009491,ORD003826,PROD0058,4,356.49
ITEM0009492,ORD003827,PROD0024,5,594.24
ITEM0009493,ORD003827,PROD0128,1,403.21
ITEM0009494,ORD003828,PROD0019,4,443.45
ITEM0009495,ORD003828,PROD0006,5,98.27
ITEM0009496,ORD003828,PROD0040,5,508.7
ITEM0009497,ORD003829,PROD0066,4,370.45
ITEM0009498,ORD003830,PROD0051,3,294.17
ITEM0009499,ORD003830,PROD0067,3,363.03
ITEM0009500,ORD003830,PROD0099,4,386.23
ITEM0009501,ORD003831,PROD0117,4,130.11
ITEM0009502,ORD003831,PROD0026,3,585.88
ITEM0009503,ORD003831,PROD0098,2,351.41
ITEM0009504,ORD003832,PROD0074,1,122.74
ITEM0009505,ORD003833,PROD0129,3,246.64
ITEM0009506,ORD003833,PROD0027,4,356.31
ITEM0009507,ORD003833,PROD0138,4,43.7
ITEM0009508,ORD003833,PROD0127,3,9.71
ITEM0009509,ORD003834,PROD0066,2,370.45
ITEM0009510,ORD003835,PROD0033,5,470.6
ITEM0009511,ORD003835,PROD0040,4,508.7
ITEM0009512,ORD003836,PROD0040,4,508.7
ITEM0009513,ORD003837,PROD0140,3,496.11
ITEM0009514,ORD003838,PROD0086,3,203.78
ITEM0009515,ORD003838,PROD0112,3,308.35
ITEM0009516,ORD003838,PROD0002,4,112.42
ITEM0009517,ORD003838,PROD0142,4,347.19
ITEM0009518,ORD003839,PROD0005,3,196.98
ITEM0009519,ORD003839,PROD0012,3,589.04
ITEM0009520,ORD003839,PROD0021,1,487.35
ITEM0009521,ORD003840,PROD0118,2,58.39
ITEM0009522,ORD003841,PROD0133,2,317.22
ITEM0009523,ORD003842,PROD0119,4,103.02
ITEM0009524,ORD003842,PROD0117,2,130.11
ITEM0009525,ORD003842,PROD0132,1,316.5
ITEM0009526,ORD003843,PROD0018,3,119.66
ITEM0009527,ORD003843,PROD0129,5,246.64
ITEM0009528,ORD003843,PROD0114,3,45.61
ITEM0009529,ORD003843,PROD0120,5,261.92
ITEM0009530,ORD003844,PROD0031,1,15.13
ITEM0009531,ORD003844,PROD0081,1,318.7
ITEM0009532,ORD003844,PROD0070,2,271.29
ITEM0009533,ORD003845,PROD0009,3,138.45
ITEM0009534,ORD003845,PROD0110,1,39.23
ITEM0009535,ORD003845,PROD0068,5,422.88
ITEM0009536,ORD003845,PROD0031,3,15.13
ITEM0009537,ORD003846,PROD0110,2,39.23
ITEM0009538,ORD003847,PROD0047,2,288.09
ITEM0009539,ORD003847,PROD0100,3,208.15
ITEM0009540,ORD003847,PROD0089,1,289.58
ITEM0009541,ORD003848,PROD0026,3,585.88
ITEM0009542,ORD003848,PROD0135,4,427.2
ITEM0009543,ORD003848,PROD0061,4,683.51
ITEM0009544,ORD003849,PROD0052,5,436.28
ITEM0009545,ORD003849,PROD0110,3,39.23
ITEM0009546,ORD003850,PROD0074,4,122.74
ITEM0009547,ORD003851,PROD0106,5,508.9
ITEM0009548,ORD003851,PROD0112,1,308.35
ITEM0009549,ORD003851,PROD0051,4,294.17
ITEM0009550,ORD003851,PROD0080,5,392.58
ITEM0009551,ORD003852,PROD0050,5,235.27
ITEM0009552,ORD003852,PROD0021,2,487.35
ITEM0009553,ORD003853,PROD0011,2,325.01
ITEM0009554,ORD003854,PROD0144,4,105.68
ITEM0009555,ORD003854,PROD0133,1,317.22
ITEM0009556,ORD003854,PROD0025,4,23.62
ITEM0009557,ORD003854,PROD0147,5,570.65
ITEM0009558,ORD003855,PROD0058,1,356.49
ITEM0009559,ORD003855,PROD0137,3,447.4
ITEM0009560,ORD003856,PROD0072,5,226.81
ITEM0009561,ORD003856,PROD0097,4,53.1
ITEM0009562,ORD003857,PROD0125,3,377.98
ITEM0009563,ORD003857,PROD0046,3,207.44
ITEM0009564,ORD003858,PROD0005,2,196.98
ITEM0009565,ORD003858,PROD0010,2,488.99
ITEM0009566,ORD003859,PROD0016,5,30.39
ITEM0009567,ORD003859,PROD0029,3,93.87
ITEM0009568,ORD003859,PROD0126,5,263.88
ITEM0009569,ORD003859,PROD0059,4,254.01
ITEM0009570,ORD003860,PROD0036,4,33.3
ITEM0009571,ORD003860,PROD0076,1,277.07
ITEM0009572,ORD003860,PROD0079,1,61.84
ITEM0009573,ORD003860,PROD0059,1,254.01
ITEM0009574,ORD003861,PROD0083,3,306.64
ITEM0009575,ORD003861,PROD0123,5,95.95
ITEM0009576,ORD003862,PROD0024,4,594.24
ITEM0009577,ORD003862,PROD0114,1,45.61
ITEM0009578,ORD003863,PROD0054,2,135.13
ITEM0009579,ORD003863,PROD0128,3,403.21
ITEM0009580,ORD003864,PROD0046,2,207.44
ITEM0009581,ORD003864,PROD0006,1,98.27
ITEM0009582,ORD003864,PROD0019,2,443.45
ITEM0009583,ORD003865,PROD0025,2,23.62
ITEM0009584,ORD003866,PROD0125,2,377.98
ITEM0009585,ORD003866,PROD0065,3,153.97
ITEM0009586,ORD003867,PROD0052,4,436.28
ITEM0009587,ORD003868,PROD0040,4,508.7
ITEM0009588,ORD003869,PROD0090,5,51.56
ITEM0009589,ORD003869,PROD0089,2,289.58
ITEM0009590,ORD003869,PROD0001,5,342.2
ITEM0009591,ORD003870,PROD0140,2,496.11
ITEM0009592,ORD003870,PROD0093,4,573.11
ITEM0009593,ORD003871,PROD0099,3,386.23
ITEM0009594,ORD003871,PROD0067,5,363.03
ITEM0009595,ORD003871,PROD0124,1,173.3
ITEM0009596,ORD003872,PROD0090,5,51.56
ITEM0009597,ORD003873,PROD0099,2,386.23
ITEM0009598,ORD003873,PROD0009,3,138.45
ITEM0009599,ORD003873,PROD0131,5,130.48
ITEM0009600,ORD003873,PROD0142,3,347.19
ITEM0009601,ORD003874,PROD0121,4,287.5
ITEM0009602,ORD003875,PROD0072,1,226.81
ITEM0009603,ORD003875,PROD0121,5,287.5
ITEM0009604,ORD003876,PROD0088,1,51.09
ITEM0009605,ORD003876,PROD0071,2,402.73
ITEM0009606,ORD003876,PROD0096,1,321.49
ITEM0009607,ORD003877,PROD0115,3,431.33
ITEM0009608,ORD003877,PROD0136,4,485.57
ITEM0009609,ORD003877,PROD0024,3,594.24
ITEM0009610,ORD003878,PROD0065,4,153.97
ITEM0009611,ORD003878,PROD0040,1,508.7
ITEM0009612,ORD003878,PROD0020,2,124.89
ITEM0009613,ORD003878,PROD0056,2,249.02
ITEM0009614,ORD003879,PROD0082,3,196.55
ITEM0009615,ORD003879,PROD0021,1,487.35
ITEM0009616,ORD003879,PROD0099,1,386.23
ITEM0009617,ORD003879,PROD0073,2,241.62
ITEM0009618,ORD003880,PROD0005,5,196.98
ITEM0009619,ORD003880,PROD0120,5,261.92
ITEM0009620,ORD003881,PROD0148,1,427.66
ITEM0009621,ORD003881,PROD0021,1,487.35
ITEM0009622,ORD003881,PROD0058,5,356.49
ITEM0009623,ORD003882,PROD0109,4,126.44
ITEM0009624,ORD003883,PROD0111,3,408.22
ITEM0009625,ORD003883,PROD0127,2,9.71
ITEM0009626,ORD003883,PROD0140,3,496.11
ITEM0009627,ORD003883,PROD0137,4,447.4
ITEM0009628,ORD003884,PROD0095,1,271.32
ITEM0009629,ORD003885,PROD0021,4,487.35
ITEM0009630,ORD003886,PROD0131,3,130.48
ITEM0009631,ORD003886,PROD0015,4,442.7
ITEM0009632,ORD003886,PROD0144,4,105.68
ITEM0009633,ORD003887,PROD0050,2,235.27
ITEM0009634,ORD003887,PROD0025,2,23.62
ITEM0009635,ORD003888,PROD0057,5,632.78
ITEM0009636,ORD003889,PROD0017,3,234.28
ITEM0009637,ORD003889,PROD0038,2,216.74
ITEM0009638,ORD003889,PROD0044,5,474.28
ITEM0009639,ORD003890,PROD0101,5,182.81
ITEM0009640,ORD003890,PROD0014,2,16.7
ITEM0009641,ORD003890,PROD0071,5,402.73
ITEM0009642,ORD003890,PROD0001,5,342.2
ITEM0009643,ORD003891,PROD0145,5,359.48
ITEM0009644,ORD003892,PROD0111,4,408.22
ITEM0009645,ORD003893,PROD0055,3,408.1
ITEM0009646,ORD003893,PROD0005,3,196.98
ITEM0009647,ORD003893,PROD0062,1,355.88
ITEM0009648,ORD003893,PROD0117,5,130.11
ITEM0009649,ORD003894,PROD0114,1,45.61
ITEM0009650,ORD003895,PROD0115,5,431.33
ITEM0009651,ORD003895,PROD0022,2,380.56
ITEM0009652,ORD003896,PROD0043,5,251.98
ITEM0009653,ORD003897,PROD0001,1,342.2
ITEM0009654,ORD003897,PROD0144,2,105.68
ITEM0009655,ORD003897,PROD0113,2,320.56
ITEM0009656,ORD003897,PROD0122,1,484.26
ITEM0009657,ORD003898,PROD0104,3,66.01
ITEM0009658,ORD003898,PROD0121,2,287.5
ITEM0009659,ORD003899,PROD0028,1,463.5
ITEM0009660,ORD003899,PROD0132,3,316.5
ITEM0009661,ORD003900,PROD0011,3,325.01
ITEM0009662,ORD003900,PROD0085,5,602.46
ITEM0009663,ORD003901,PROD0133,5,317.22
ITEM0009664,ORD003901,PROD0095,5,271.32
ITEM0009665,ORD003901,PROD0142,4,347.19
ITEM0009666,ORD003901,PROD0025,2,23.62
ITEM0009667,ORD003902,PROD0003,3,4.27
ITEM0009668,ORD003902,PROD0078,4,57.56
ITEM0009669,ORD003902,PROD0105,5,308.26
ITEM0009670,ORD003903,PROD0089,1,289.58
ITEM0009671,ORD003903,PROD0007,1,248.82
ITEM0009672,ORD003903,PROD0022,1,380.56
ITEM0009673,ORD003904,PROD0006,5,98.27
ITEM0009674,ORD003905,PROD0144,1,105.68
ITEM0009675,ORD003905,PROD0070,1,271.29
ITEM0009676,ORD003905,PROD0121,1,287.5
ITEM0009677,ORD003905,PROD0047,3,288.09
ITEM0009678,ORD003906,PROD0136,5,485.57
ITEM0009679,ORD003906,PROD0100,4,208.15
ITEM0009680,ORD003906,PROD0074,4,122.74
ITEM0009681,ORD003906,PROD0038,4,216.74
ITEM0009682,ORD003907,PROD0080,3,392.58
ITEM0009683,ORD003908,PROD0019,4,443.45
ITEM0009684,ORD003908,PROD0148,1,427.66
ITEM0009685,ORD003908,PROD0020,1,124.89
ITEM0009686,ORD003908,PROD0112,5,308.35
ITEM0009687,ORD003909,PROD0003,1,4.27
ITEM0009688,ORD003909,PROD0127,5,9.71
ITEM0009689,ORD003910,PROD0015,2,442.7
ITEM0009690,ORD003910,PROD0107,4,462.67
ITEM0009691,ORD003910,PROD0077,4,286.06
ITEM0009692,ORD003910,PROD0146,1,292.2
ITEM0009693,ORD003911,PROD0057,4,632.78
ITEM0009694,ORD003911,PROD0072,2,226.81
ITEM0009695,ORD003911,PROD0094,5,393.51
ITEM0009696,ORD003912,PROD0092,5,557.9
ITEM0009697,ORD003912,PROD0149,4,139.28
ITEM0009698,ORD003912,PROD0123,4,95.95
ITEM0009699,ORD003912,PROD0070,4,271.29
ITEM0009700,ORD003913,PROD0101,5,182.81
ITEM0009701,ORD003914,PROD0037,4,540.32
ITEM0009702,ORD003914,PROD0042,3,394.4
ITEM0009703,ORD003914,PROD0029,3,93.87
ITEM0009704,ORD003915,PROD0005,3,196.98
ITEM0009705,ORD003916,PROD0144,2,105.68
ITEM0009706,ORD003917,PROD0138,2,43.7
ITEM0009707,ORD003918,PROD0138,1,43.7
ITEM0009708,ORD003918,PROD0056,1,249.02
ITEM0009709,ORD003918,PROD0066,1,370.45
ITEM0009710,ORD003918,PROD0024,3,594.24
ITEM0009711,ORD003919,PROD0077,2,286.06
ITEM0009712,ORD003919,PROD0045,5,66.57
ITEM0009713,ORD003920,PROD0093,3,573.11
ITEM0009714,ORD003921,PROD0029,3,93.87
ITEM0009715,ORD003921,PROD0111,1,408.22
ITEM0009716,ORD003921,PROD0101,4,182.81
ITEM0009717,ORD003921,PROD0087,5,193.52
ITEM0009718,ORD003922,PROD0074,3,122.74
ITEM0009719,ORD003923,PROD0108,3,332.49
ITEM0009720,ORD003924,PROD0105,2,308.26
ITEM0009721,ORD003924,PROD0142,2,347.19
ITEM0009722,ORD003924,PROD0128,3,403.21
ITEM0009723,ORD003925,PROD0150,2,88.94
ITEM0009724,ORD003925,PROD0102,2,266.91
ITEM0009725,ORD003925,PROD0119,1,103.02
ITEM0009726,ORD003926,PROD0098,2,351.41
ITEM0009727,ORD003926,PROD0100,2,208.15
ITEM0009728,ORD003926,PROD0033,3,470.6
ITEM0009729,ORD003926,PROD0029,-4,93.87
ITEM0009730,ORD003927,PROD0003,5,4.27
ITEM0009731,ORD003927,PROD0088,3,51.09
ITEM0009732,ORD003928,PROD0133,2,317.22
ITEM0009733,ORD003928,PROD0028,2,463.5
ITEM0009734,ORD003928,PROD0052,3,436.28
ITEM0009735,ORD003929,PROD0090,2,51.56
ITEM0009736,ORD003929,PROD0099,5,386.23
ITEM0009737,ORD003929,PROD0095,5,271.32
ITEM0009738,ORD003929,PROD0138,4,43.7
ITEM0009739,ORD003930,PROD0087,1,193.52
ITEM0009740,ORD003931,PROD0099,4,386.23
ITEM0009741,ORD003931,PROD0064,2,411.35
ITEM0009742,ORD003931,PROD0100,2,208.15
ITEM0009743,ORD003932,PROD0126,1,263.88
ITEM0009744,ORD003932,PROD0006,3,98.27
ITEM0009745,ORD003932,PROD0031,2,15.13
ITEM0009746,ORD003933,PROD0137,1,447.4
ITEM0009747,ORD003933,PROD0131,3,130.48
ITEM0009748,ORD003934,PROD0073,1,241.62
ITEM0009749,ORD003934,PROD0079,2,61.84
ITEM0009750,ORD003934,PROD0118,2,58.39
ITEM0009751,ORD003934,PROD0119,2,103.02
ITEM0009752,ORD003935,PROD0056,5,249.02
ITEM0009753,ORD003935,PROD0064,2,411.35
ITEM0009754,ORD003935,PROD0058,2,356.49
ITEM0009755,ORD003936,PROD0072,4,226.81
ITEM0009756,ORD003936,PROD0091,1,161.11
ITEM0009757,ORD003936,PROD0066,5,370.45
ITEM0009758,ORD003936,PROD0093,4,573.11
ITEM0009759,ORD003937,PROD0106,3,508.9
ITEM0009760,ORD003937,PROD0076,2,277.07
ITEM0009761,ORD003938,PROD0029,3,93.87
ITEM0009762,ORD003938,PROD0059,2,254.01
ITEM0009763,ORD003938,PROD0103,5,305.68
ITEM0009764,ORD003939,PROD0143,2,453.59
ITEM0009765,ORD003940,PROD0132,5,316.5
ITEM0009766,ORD003940,PROD0140,2,496.11
ITEM0009767,ORD003940,PROD0035,5,27.57
ITEM0009768,ORD003941,PROD0030,4,314.5
ITEM0009769,ORD003941,PROD0042,3,394.4
ITEM0009770,ORD003941,PROD0028,4,463.5
ITEM0009771,ORD003942,PROD0007,2,248.82
ITEM0009772,ORD003942,PROD0078,1,57.56
ITEM0009773,ORD003942,PROD0118,1,58.39
ITEM0009774,ORD003942,PROD0011,1,325.01
ITEM0009775,ORD003943,PROD0114,1,45.61
ITEM0009776,ORD003943,PROD0085,4,602.46
ITEM0009777,ORD003944,PROD0130,2,421.1
ITEM0009778,ORD003944,PROD0145,5,359.48
ITEM0009779,ORD003944,PROD0120,5,261.92
ITEM0009780,ORD003945,PROD0040,4,508.7
ITEM0009781,ORD003945,PROD0113,5,320.56
ITEM0009782,ORD003946,PROD0035,3,27.57
ITEM0009783,ORD003946,PROD0041,4,438.01
ITEM0009784,ORD003946,PROD0010,5,488.99
ITEM0009785,ORD003947,PROD0061,4,683.51
ITEM0009786,ORD003947,PROD0117,-1,130.11
ITEM0009787,ORD003947,PROD0008,1,174.9
ITEM0009788,ORD003948,PROD0096,4,321.49
ITEM0009789,ORD003948,PROD0031,3,15.13
ITEM0009790,ORD003949,PROD0128,4,403.21
ITEM0009791,ORD003949,PROD0073,2,241.62
ITEM0009792,ORD003950,PROD0099,4,386.23
ITEM0009793,ORD003950,PROD0131,3,130.48
ITEM0009794,ORD003951,PROD0085,2,602.46
ITEM0009795,ORD003951,PROD0140,4,496.11
ITEM0009796,ORD003951,PROD0084,4,464.44
ITEM0009797,ORD003951,PROD0047,1,288.09
ITEM0009798,ORD003952,PROD0136,1,485.57
ITEM0009799,ORD003952,PROD0116,4,366.52
ITEM0009800,ORD003953,PROD0123,1,95.95
ITEM0009801,ORD003954,PROD0045,3,66.57
ITEM0009802,ORD003955,PROD0086,1,203.78
ITEM0009803,ORD003955,PROD0047,5,288.09
ITEM0009804,ORD003955,PROD0067,1,363.03
ITEM0009805,ORD003956,PROD0090,1,51.56
ITEM0009806,ORD003956,PROD0049,5,106.04
ITEM0009807,ORD003957,PROD0068,1,422.88
ITEM0009808,ORD003957,PROD0084,4,464.44
ITEM0009809,ORD003958,PROD0125,4,377.98
ITEM0009810,ORD003958,PROD0099,5,386.23
ITEM0009811,ORD003959,PROD0108,3,332.49
ITEM0009812,ORD003960,PROD0006,3,98.27
ITEM0009813,ORD003960,PROD0025,3,23.62
ITEM0009814,ORD003960,PROD0076,5,277.07
ITEM0009815,ORD003961,PROD0075,1,383.73
ITEM0009816,ORD003961,PROD0111,2,408.22
ITEM0009817,ORD003962,PROD0142,4,347.19
ITEM0009818,ORD003962,PROD0027,4,356.31
ITEM0009819,ORD003962,PROD0036,3,33.3
ITEM0009820,ORD003963,PROD0129,1,246.64
ITEM0009821,ORD003963,PROD0140,5,496.11
ITEM0009822,ORD003963,PROD0083,5,306.64
ITEM0009823,ORD003963,PROD0105,1,308.26
ITEM0009824,ORD003964,PROD0085,2,602.46
ITEM0009825,ORD003964,PROD0145,3,359.48
ITEM0009826,ORD003964,PROD0027,5,356.31
ITEM0009827,ORD003964,PROD0047,4,288.09
ITEM0009828,ORD003965,PROD0044,2,474.28
ITEM0009829,ORD003966,PROD0009,4,138.45
ITEM0009830,ORD003966,PROD0039,1,410.66
ITEM0009831,ORD003966,PROD0143,5,453.59
ITEM0009832,ORD003967,PROD0057,4,632.78
ITEM0009833,ORD003968,PROD0071,3,402.73
ITEM0009834,ORD003968,PROD0065,2,153.97
ITEM0009835,ORD003968,PROD0066,1,370.45
ITEM0009836,ORD003969,PROD0002,5,112.42
ITEM0009837,ORD003970,PROD0019,3,443.45
ITEM0009838,ORD003970,PROD0105,4,308.26
ITEM0009839,ORD003971,PROD0108,2,332.49
ITEM0009840,ORD003971,PROD0077,2,286.06
ITEM0009841,ORD003971,PROD0028,4,463.5
ITEM0009842,ORD003971,PROD0079,2,61.84
ITEM0009843,ORD003972,PROD0012,4,589.04
ITEM0009844,ORD003973,PROD0061,4,683.51
ITEM0009845,ORD003974,PROD0050,5,235.27
ITEM0009846,ORD003974,PROD0117,5,130.11
ITEM0009847,ORD003974,PROD0082,3,196.55
ITEM0009848,ORD003975,PROD0068,2,422.88
ITEM0009849,ORD003975,PROD0111,5,408.22
ITEM0009850,ORD003975,PROD0122,5,484.26
ITEM0009851,ORD003975,PROD0035,1,27.57
ITEM0009852,ORD003976,PROD0138,3,43.7
ITEM0009853,ORD003976,PROD0119,4,103.02
ITEM0009854,ORD003976,PROD0012,4,589.04
ITEM0009855,ORD003977,PROD0008,5,174.9
ITEM0009856,ORD003977,PROD0125,4,377.98
ITEM0009857,ORD003977,PROD0002,1,112.42
ITEM0009858,ORD003977,PROD0046,2,207.44
ITEM0009859,ORD003978,PROD0134,3,192.47
ITEM0009860,ORD003978,PROD0047,1,288.09
ITEM0009861,ORD003978,PROD0123,4,95.95
ITEM0009862,ORD003978,PROD0059,3,254.01
ITEM0009863,ORD003979,PROD0038,5,216.74
ITEM0009864,ORD003979,PROD0019,2,443.45
ITEM0009865,ORD003980,PROD0054,3,135.13
ITEM0009866,ORD003980,PROD0077,1,286.06
ITEM0009867,ORD003980,PROD0137,3,447.4
ITEM0009868,ORD003981,PROD0109,4,126.44
ITEM0009869,ORD003982,PROD0057,5,632.78
ITEM0009870,ORD003982,PROD0113,4,320.56
ITEM0009871,ORD003983,PROD0006,5,98.27
ITEM0009872,ORD003983,PROD0096,1,321.49
ITEM0009873,ORD003983,PROD0129,5,246.64
ITEM0009874,ORD003983,PROD0007,5,248.82
ITEM0009875,ORD003984,PROD0123,3,95.95
ITEM0009876,ORD003985,PROD0098,4,351.41
ITEM0009877,ORD003985,PROD0109,5,126.44
ITEM0009878,ORD003986,PROD0012,5,589.04
ITEM0009879,ORD003987,PROD0090,5,51.56
ITEM0009880,ORD003987,PROD0018,4,119.66
ITEM0009881,ORD003987,PROD0112,3,308.35
ITEM0009882,ORD003987,PROD0128,1,403.21
ITEM0009883,ORD003988,PROD0036,3,33.3
ITEM0009884,ORD003988,PROD0007,3,248.82
ITEM0009885,ORD003988,PROD0018,2,119.66
ITEM0009886,ORD003988,PROD0112,5,308.35
ITEM0009887,ORD003989,PROD0078,2,57.56
ITEM0009888,ORD003990,PROD0063,3,665.26
ITEM0009889,ORD003990,PROD0062,5,355.88
ITEM0009890,ORD003990,PROD0002,-3,112.42
ITEM0009891,ORD003991,PROD0017,1,234.28
ITEM0009892,ORD003991,PROD0147,5,570.65
ITEM0009893,ORD003991,PROD0089,5,289.58
ITEM0009894,ORD003991,PROD0130,4,421.1
ITEM0009895,ORD003992,PROD0144,4,105.68
ITEM0009896,ORD003993,PROD0099,2,386.23
ITEM0009897,ORD003993,PROD0020,4,124.89
ITEM0009898,ORD003994,PROD0017,1,234.28
ITEM0009899,ORD003994,PROD0084,5,464.44
ITEM0009900,ORD003994,PROD0041,5,438.01
ITEM0009901,ORD003995,PROD0092,4,557.9
ITEM0009902,ORD003995,PROD0119,3,103.02
ITEM0009903,ORD003995,PROD0059,5,254.01
ITEM0009904,ORD003995,PROD0120,1,261.92
ITEM0009905,ORD003996,PROD0127,3,9.71
ITEM0009906,ORD003996,PROD0099,2,386.23
ITEM0009907,ORD003997,PROD0040,3,508.7
ITEM0009908,ORD003997,PROD0035,3,27.57
ITEM0009909,ORD003997,PROD0096,3,321.49
ITEM0009910,ORD003998,PROD0038,3,216.74
ITEM0009911,ORD003998,PROD0090,1,51.56
ITEM0009912,ORD003999,PROD0028,1,463.5
ITEM0009913,ORD003999,PROD0020,4,124.89
ITEM0009914,ORD004000,PROD0131,2,130.48
ITEM0009915,ORD004001,PROD0039,1,410.66
ITEM0009916,ORD004001,PROD0020,1,124.89
ITEM0009917,ORD004002,PROD0057,1,632.78
ITEM0009918,ORD004002,PROD0053,2,292.19
ITEM0009919,ORD004003,PROD0006,2,98.27
ITEM0009920,ORD004003,PROD0042,5,394.4
ITEM0009921,ORD004003,PROD0005,3,196.98
ITEM0009922,ORD004003,PROD0131,5,130.48
ITEM0009923,ORD004004,PROD0093,5,573.11
ITEM0009924,ORD004005,PROD0118,4,58.39
ITEM0009925,ORD004006,PROD0041,5,438.01
ITEM0009926,ORD004006,PROD0052,4,436.28
ITEM0009927,ORD004006,PROD0089,5,289.58
ITEM0009928,ORD004007,PROD0096,3,321.49
ITEM0009929,ORD004007,PROD0066,1,370.45
ITEM0009930,ORD004007,PROD0038,5,216.74
ITEM0009931,ORD004007,PROD0040,2,508.7
ITEM0009932,ORD004008,PROD0107,1,462.67
ITEM0009933,ORD004008,PROD0135,5,427.2
ITEM0009934,ORD004008,PROD0028,3,463.5
ITEM0009935,ORD004008,PROD0070,5,271.29
ITEM0009936,ORD004009,PROD0089,5,289.58
ITEM0009937,ORD004009,PROD0114,4,45.61
ITEM0009938,ORD004009,PROD0015,5,442.7
ITEM0009939,ORD004010,PROD0133,1,317.22
ITEM0009940,ORD004010,PROD0069,3,619.75
ITEM0009941,ORD004010,PROD0150,1,88.94
ITEM0009942,ORD004011,PROD0107,3,462.67
ITEM0009943,ORD004011,PROD0003,2,4.27
ITEM0009944,ORD004011,PROD0097,3,53.1
ITEM0009945,ORD004012,PROD0137,5,447.4
ITEM0009946,ORD004012,PROD0132,4,316.5
ITEM0009947,ORD004012,PROD0074,1,122.74
ITEM0009948,ORD004013,PROD0055,5,408.1
ITEM0009949,ORD004013,PROD0112,2,308.35
ITEM0009950,ORD004013,PROD0004,4,129.15
ITEM0009951,ORD004013,PROD0010,1,488.99
ITEM0009952,ORD004014,PROD0002,1,112.42
ITEM0009953,ORD004014,PROD0146,1,292.2
ITEM0009954,ORD004014,PROD0117,2,130.11
ITEM0009955,ORD004015,PROD0035,2,27.57
ITEM0009956,ORD004015,PROD0125,3,377.98
ITEM0009957,ORD004015,PROD0074,2,122.74
ITEM0009958,ORD004015,PROD0109,1,126.44
ITEM0009959,ORD004016,PROD0054,1,135.13
ITEM0009960,ORD004016,PROD0022,5,380.56
ITEM0009961,ORD004017,PROD0108,3,332.49
ITEM0009962,ORD004017,PROD0037,1,540.32
ITEM0009963,ORD004017,PROD0009,5,138.45
ITEM0009964,ORD004018,PROD0073,5,241.62
ITEM0009965,ORD004019,PROD0119,3,103.02
ITEM0009966,ORD004019,PROD0021,1,487.35
ITEM0009967,ORD004020,PROD0120,2,261.92
ITEM0009968,ORD004020,PROD0107,3,462.67
ITEM0009969,ORD004021,PROD0082,4,196.55
ITEM0009970,ORD004021,PROD0072,3,226.81
ITEM0009971,ORD004022,PROD0052,4,436.28
ITEM0009972,ORD004022,PROD0032,4,172.77
ITEM0009973,ORD004022,PROD0139,2,135.03
ITEM0009974,ORD004022,PROD0007,3,248.82
ITEM0009975,ORD004023,PROD0116,3,366.52
ITEM0009976,ORD004023,PROD0006,5,98.27
ITEM0009977,ORD004023,PROD0070,2,271.29
ITEM0009978,ORD004023,PROD0027,2,356.31
ITEM0009979,ORD004024,PROD0116,5,366.52
ITEM0009980,ORD004024,PROD0083,3,306.64
ITEM0009981,ORD004024,PROD0087,5,193.52
ITEM0009982,ORD004024,PROD0067,5,363.03
ITEM0009983,ORD004025,PROD0100,5,208.15
ITEM0009984,ORD004025,PROD0114,5,45.61
ITEM0009985,ORD004025,PROD0147,1,570.65
ITEM0009986,ORD004025,PROD0053,4,292.19
ITEM0009987,ORD004026,PROD0005,5,196.98
ITEM0009988,ORD004026,PROD0128,2,403.21
ITEM0009989,ORD004027,PROD0002,1,112.42
ITEM0009990,ORD004027,PROD0130,2,421.1
ITEM0009991,ORD004027,PROD0049,3,106.04
ITEM0009992,ORD004028,PROD0046,3,207.44
ITEM0009993,ORD004028,PROD0038,4,216.74
ITEM0009994,ORD004029,PROD0096,5,321.49
ITEM0009995,ORD004030,PROD0058,2,356.49
ITEM0009996,ORD004030,PROD0078,1,57.56
ITEM0009997,ORD004031,PROD0032,2,172.77
ITEM0009998,ORD004032,PROD0009,5,138.45
ITEM0009999,ORD004032,PROD0147,2,570.65
ITEM0010000,ORD004032,PROD0104,2,66.01
ITEM0010001,ORD004033,PROD0022,5,380.56
ITEM0010002,ORD004033,PROD0082,1,-196.55
ITEM0010003,ORD004034,PROD0060,2,497.77
ITEM0010004,ORD004035,PROD0016,4,30.39
ITEM0010005,ORD004036,PROD0144,3,105.68
ITEM0010006,ORD004036,PROD0093,5,573.11
ITEM0010007,ORD004037,PROD0033,3,470.6
ITEM0010008,ORD004037,PROD0077,1,286.06
ITEM0010009,ORD004038,PROD0015,2,-442.7
ITEM0010010,ORD004038,PROD0072,4,226.81
ITEM0010011,ORD004038,PROD0032,1,172.77
ITEM0010012,ORD004038,PROD0149,2,139.28
ITEM0010013,ORD004039,PROD0016,2,30.39
ITEM0010014,ORD004039,PROD0020,2,124.89
ITEM0010015,ORD004039,PROD0007,1,248.82
ITEM0010016,ORD004040,PROD0073,2,241.62
ITEM0010017,ORD004041,PROD0101,1,182.81
ITEM0010018,ORD004042,PROD0001,3,342.2
ITEM0010019,ORD004043,PROD0076,2,277.07
ITEM0010020,ORD004044,PROD0138,2,43.7
ITEM0010021,ORD004044,PROD0023,1,414.75
ITEM0010022,ORD004044,PROD0125,2,377.98
ITEM0010023,ORD004044,PROD0105,4,308.26
ITEM0010024,ORD004045,PROD0008,3,174.9
ITEM0010025,ORD004045,PROD0105,2,308.26
ITEM0010026,ORD004046,PROD0127,4,9.71
ITEM0010027,ORD004046,PROD0049,5,106.04
ITEM0010028,ORD004047,PROD0014,4,16.7
ITEM0010029,ORD004047,PROD0081,4,318.7
ITEM0010030,ORD004048,PROD0070,2,271.29
ITEM0010031,ORD004048,PROD0005,4,196.98
ITEM0010032,ORD004048,PROD0025,2,23.62
ITEM0010033,ORD004049,PROD0005,5,196.98
ITEM0010034,ORD004049,PROD0102,4,266.91
ITEM0010035,ORD004050,PROD0037,3,540.32
ITEM0010036,ORD004050,PROD0140,2,496.11
ITEM0010037,ORD004051,PROD0016,4,30.39
ITEM0010038,ORD004051,PROD0026,3,585.88
ITEM0010039,ORD004051,PROD0082,1,196.55
ITEM0010040,ORD004052,PROD0113,1,320.56
ITEM0010041,ORD004052,PROD0141,1,19.31
ITEM0010042,ORD004053,PROD0038,4,216.74
ITEM0010043,ORD004053,PROD0149,2,139.28
ITEM0010044,ORD004053,PROD0032,3,172.77
ITEM0010045,ORD004053,PROD0044,2,474.28
ITEM0010046,ORD004054,PROD0054,1,135.13
ITEM0010047,ORD004054,PROD0031,1,15.13
ITEM0010048,ORD004055,PROD0135,3,427.2
ITEM0010049,ORD004055,PROD0003,3,4.27
ITEM0010050,ORD004055,PROD0049,3,106.04
ITEM0010051,ORD004056,PROD0009,3,138.45
ITEM0010052,ORD004056,PROD0065,5,153.97
ITEM0010053,ORD004056,PROD0076,1,277.07
ITEM0010054,ORD004057,PROD0019,4,443.45
ITEM0010055,ORD004057,PROD0026,3,585.88
ITEM0010056,ORD004058,PROD0037,3,540.32
ITEM0010057,ORD004058,PROD0147,3,570.65
ITEM0010058,ORD004059,PROD0083,5,306.64
ITEM0010059,ORD004059,PROD0088,4,51.09
ITEM0010060,ORD004059,PROD0006,3,98.27
ITEM0010061,ORD004060,PROD0004,3,129.15
ITEM0010062,ORD004061,PROD0130,5,421.1
ITEM0010063,ORD004062,PROD0095,-2,271.32
ITEM0010064,ORD004062,PROD0100,3,208.15
ITEM0010065,ORD004062,PROD0058,2,356.49
ITEM0010066,ORD004062,PROD0110,1,39.23
ITEM0010067,ORD004063,PROD0085,3,602.46
ITEM0010068,ORD004063,PROD0104,4,66.01
ITEM0010069,ORD004063,PROD0146,2,292.2
ITEM0010070,ORD004064,PROD0039,3,410.66
ITEM0010071,ORD004064,PROD0095,1,271.32
ITEM0010072,ORD004064,PROD0122,3,484.26
ITEM0010073,ORD004064,PROD0118,3,58.39
ITEM0010074,ORD004065,PROD0088,1,51.09
ITEM0010075,ORD004065,PROD0131,4,130.48
ITEM0010076,ORD004065,PROD0101,5,182.81
ITEM0010077,ORD004066,PROD0059,3,254.01
ITEM0010078,ORD004066,PROD0080,2,392.58
ITEM0010079,ORD004067,PROD0128,4,403.21
ITEM0010080,ORD004067,PROD0073,4,241.62
ITEM0010081,ORD004068,PROD0121,5,287.5
ITEM0010082,ORD004069,PROD0010,5,488.99
ITEM0010083,ORD004069,PROD0053,1,292.19
ITEM0010084,ORD004069,PROD0085,3,602.46
ITEM0010085,ORD004070,PROD0028,3,463.5
ITEM0010086,ORD004070,PROD0131,-4,130.48
ITEM0010087,ORD004070,PROD0080,3,392.58
ITEM0010088,ORD004070,PROD0098,3,351.41
ITEM0010089,ORD004071,PROD0073,5,241.62
ITEM0010090,ORD004071,PROD0034,2,303.7
ITEM0010091,ORD004072,PROD0087,2,193.52
ITEM0010092,ORD004072,PROD0112,1,308.35
ITEM0010093,ORD004072,PROD0108,4,332.49
ITEM0010094,ORD004072,PROD0118,2,58.39
ITEM0010095,ORD004073,PROD0106,4,508.9
ITEM0010096,ORD004073,PROD0091,2,161.11
ITEM0010097,ORD004073,PROD0121,2,287.5
ITEM0010098,ORD004073,PROD0031,5,15.13
ITEM0010099,ORD004074,PROD0023,3,414.75
ITEM0010100,ORD004074,PROD0117,4,130.11
ITEM0010101,ORD004074,PROD0111,1,408.22
ITEM0010102,ORD004075,PROD0144,2,105.68
ITEM0010103,ORD004076,PROD0030,4,314.5
ITEM0010104,ORD004076,PROD0090,1,51.56
ITEM0010105,ORD004077,PROD0140,1,496.11
ITEM0010106,ORD004077,PROD0099,2,386.23
ITEM0010107,ORD004078,PROD0011,2,325.01
ITEM0010108,ORD004079,PROD0143,3,453.59
ITEM0010109,ORD004079,PROD0008,3,174.9
ITEM0010110,ORD004080,PROD0052,1,436.28
ITEM0010111,ORD004081,PROD0004,3,129.15
ITEM0010112,ORD004082,PROD0068,3,422.88
ITEM0010113,ORD004082,PROD0150,1,88.94
ITEM0010114,ORD004082,PROD0134,2,192.47
ITEM0010115,ORD004082,PROD0125,2,377.98
ITEM0010116,ORD004083,PROD0073,3,241.62
ITEM0010117,ORD004083,PROD0068,5,422.88
ITEM0010118,ORD004083,PROD0069,4,619.75
ITEM0010119,ORD004084,PROD0034,3,303.7
ITEM0010120,ORD004084,PROD0102,4,266.91
ITEM0010121,ORD004084,PROD0020,3,124.89
ITEM0010122,ORD004085,PROD0029,1,93.87
ITEM0010123,ORD004085,PROD0036,5,33.3
ITEM0010124,ORD004085,PROD0133,1,317.22
ITEM0010125,ORD004086,PROD0101,3,182.81
ITEM0010126,ORD004086,PROD0147,1,570.65
ITEM0010127,ORD004087,PROD0031,2,15.13
ITEM0010128,ORD004087,PROD0110,3,39.23
ITEM0010129,ORD004088,PROD0023,4,414.75
ITEM0010130,ORD004088,PROD0045,1,66.57
ITEM0010131,ORD004088,PROD0005,1,196.98
ITEM0010132,ORD004088,PROD0083,5,306.64
ITEM0010133,ORD004089,PROD0103,2,305.68
ITEM0010134,ORD004089,PROD0080,1,392.58
ITEM0010135,ORD004089,PROD0084,1,464.44
ITEM0010136,ORD004090,PROD0120,3,261.92
ITEM0010137,ORD004090,PROD0079,2,61.84
ITEM0010138,ORD004090,PROD0068,4,422.88
ITEM0010139,ORD004090,PROD0059,1,254.01
ITEM0010140,ORD004091,PROD0021,2,487.35
ITEM0010141,ORD004091,PROD0005,2,196.98
ITEM0010142,ORD004091,PROD0063,4,665.26
ITEM0010143,ORD004091,PROD0042,1,394.4
ITEM0010144,ORD004092,PROD0033,2,470.6
ITEM0010145,ORD004092,PROD0012,5,589.04
ITEM0010146,ORD004092,PROD0103,3,305.68
ITEM0010147,ORD004093,PROD0150,1,88.94
ITEM0010148,ORD004093,PROD0041,2,438.01
ITEM0010149,ORD004094,PROD0099,4,386.23
ITEM0010150,ORD004094,PROD0097,2,53.1
ITEM0010151,ORD004094,PROD0124,1,173.3
ITEM0010152,ORD004095,PROD0075,5,383.73
ITEM0010153,ORD004095,PROD0111,5,408.22
ITEM0010154,ORD004095,PROD0069,4,619.75
ITEM0010155,ORD004095,PROD0060,3,497.77
ITEM0010156,ORD004096,PROD0066,5,370.45
ITEM0010157,ORD004096,PROD0045,1,66.57
ITEM0010158,ORD004096,PROD0025,4,23.62
ITEM0010159,ORD004096,PROD0013,3,196.91
ITEM0010160,ORD004097,PROD0013,3,196.91
ITEM0010161,ORD004097,PROD0138,5,43.7
ITEM0010162,ORD004097,PROD0008,5,174.9
ITEM0010163,ORD004097,PROD0120,4,261.92
ITEM0010164,ORD004098,PROD0047,5,288.09
ITEM0010165,ORD004098,PROD0123,4,95.95
ITEM0010166,ORD004098,PROD0011,5,325.01
ITEM0010167,ORD004099,PROD0132,3,316.5
ITEM0010168,ORD004099,PROD0003,2,4.27
ITEM0010169,ORD004100,PROD0066,4,370.45
ITEM0010170,ORD004101,PROD0065,5,153.97
ITEM0010171,ORD004101,PROD0090,3,51.56
ITEM0010172,ORD004101,PROD0034,1,303.7
ITEM0010173,ORD004102,PROD0026,3,585.88
ITEM0010174,ORD004102,PROD0011,5,325.01
ITEM0010175,ORD004103,PROD0022,4,380.56
ITEM0010176,ORD004103,PROD0099,4,386.23
ITEM0010177,ORD004103,PROD0083,3,306.64
ITEM0010178,ORD004104,PROD0034,2,303.7
ITEM0010179,ORD004104,PROD0106,1,508.9
ITEM0010180,ORD004105,PROD0086,5,203.78
ITEM0010181,ORD004105,PROD0124,2,173.3
ITEM0010182,ORD004106,PROD0071,5,402.73
ITEM0010183,ORD004106,PROD0083,3,306.64
ITEM0010184,ORD004107,PROD0140,3,496.11
ITEM0010185,ORD004108,PROD0037,2,540.32
ITEM0010186,ORD004108,PROD0137,1,447.4
ITEM0010187,ORD004108,PROD0015,2,442.7
ITEM0010188,ORD004108,PROD0131,5,130.48
ITEM0010189,ORD004109,PROD0049,5,106.04
ITEM0010190,ORD004109,PROD0126,1,263.88
ITEM0010191,ORD004109,PROD0081,4,318.7
ITEM0010192,ORD004110,PROD0069,4,619.75
ITEM0010193,ORD004111,PROD0135,5,427.2
ITEM0010194,ORD004111,PROD0013,4,196.91
ITEM0010195,ORD004112,PROD0145,2,359.48
ITEM0010196,ORD004113,PROD0034,4,303.7
ITEM0010197,ORD004114,PROD0073,1,241.62
ITEM0010198,ORD004114,PROD0055,5,408.1
ITEM0010199,ORD004114,PROD0096,5,321.49
ITEM0010200,ORD004114,PROD0079,3,61.84
ITEM0010201,ORD004115,PROD0100,4,208.15
ITEM0010202,ORD004115,PROD0120,4,261.92
ITEM0010203,ORD004115,PROD0087,3,193.52
ITEM0010204,ORD004115,PROD0111,2,408.22
ITEM0010205,ORD004116,PROD0126,2,263.88
ITEM0010206,ORD004116,PROD0053,3,292.19
ITEM0010207,ORD004117,PROD0038,1,216.74
ITEM0010208,ORD004118,PROD0147,2,570.65
ITEM0010209,ORD004119,PROD0145,1,359.48
ITEM0010210,ORD004119,PROD0111,3,408.22
ITEM0010211,ORD004120,PROD0097,2,53.1
ITEM0010212,ORD004121,PROD0039,4,410.66
ITEM0010213,ORD004121,PROD0091,4,161.11
ITEM0010214,ORD004122,PROD0067,4,363.03
ITEM0010215,ORD004122,PROD0094,2,393.51
ITEM0010216,ORD004122,PROD0107,1,462.67
ITEM0010217,ORD004123,PROD0060,2,497.77
ITEM0010218,ORD004123,PROD0130,4,421.1
ITEM0010219,ORD004123,PROD0136,4,485.57
ITEM0010220,ORD004124,PROD0104,4,66.01
ITEM0010221,ORD004124,PROD0028,5,463.5
ITEM0010222,ORD004124,PROD0017,5,234.28
ITEM0010223,ORD004125,PROD0053,5,292.19
ITEM0010224,ORD004125,PROD0120,4,261.92
ITEM0010225,ORD004126,PROD0003,1,4.27
ITEM0010226,ORD004127,PROD0012,4,589.04
ITEM0010227,ORD004127,PROD0112,1,308.35
ITEM0010228,ORD004127,PROD0085,4,602.46
ITEM0010229,ORD004128,PROD0022,2,380.56
ITEM0010230,ORD004128,PROD0014,3,16.7
ITEM0010231,ORD004129,PROD0061,3,683.51
ITEM0010232,ORD004129,PROD0029,2,93.87
ITEM0010233,ORD004130,PROD0033,4,470.6
ITEM0010234,ORD004130,PROD0104,4,66.01
ITEM0010235,ORD004131,PROD0112,5,308.35
ITEM0010236,ORD004131,PROD0059,5,254.01
ITEM0010237,ORD004131,PROD0008,2,174.9
ITEM0010238,ORD004131,PROD0038,5,216.74
ITEM0010239,ORD004132,PROD0110,4,39.23
ITEM0010240,ORD004132,PROD0064,4,411.35
ITEM0010241,ORD004133,PROD0134,4,192.47
ITEM0010242,ORD004134,PROD0034,5,303.7
ITEM0010243,ORD004134,PROD0142,5,347.19
ITEM0010244,ORD004135,PROD0136,1,485.57
ITEM0010245,ORD004135,PROD0121,3,287.5
ITEM0010246,ORD004136,PROD0076,2,277.07
ITEM0010247,ORD004136,PROD0029,1,93.87
ITEM0010248,ORD004137,PROD0072,1,226.81
ITEM0010249,ORD004138,PROD0127,-1,9.71
ITEM0010250,ORD004138,PROD0092,3,557.9
ITEM0010251,ORD004138,PROD0053,4,292.19
ITEM0010252,ORD004138,PROD0098,3,351.41
ITEM0010253,ORD004139,PROD0052,3,436.28
ITEM0010254,ORD004139,PROD0116,4,366.52
ITEM0010255,ORD004139,PROD0038,2,216.74
ITEM0010256,ORD004140,PROD0042,1,394.4
ITEM0010257,ORD004140,PROD0012,5,589.04
ITEM0010258,ORD004140,PROD0016,1,30.39
ITEM0010259,ORD004140,PROD0149,1,139.28
ITEM0010260,ORD004141,PROD0112,3,308.35
ITEM0010261,ORD004142,PROD0143,4,453.59
ITEM0010262,ORD004142,PROD0034,4,303.7
ITEM0010263,ORD004142,PROD0110,5,39.23
ITEM0010264,ORD004142,PROD0057,1,632.78
ITEM0010265,ORD004143,PROD0084,1,464.44
ITEM0010266,ORD004144,PROD0004,2,129.15
ITEM0010267,ORD004144,PROD0105,2,308.26
ITEM0010268,ORD004144,PROD0016,4,30.39
ITEM0010269,ORD004145,PROD0094,2,393.51
ITEM0010270,ORD004146,PROD0143,5,453.59
ITEM0010271,ORD004147,PROD0031,3,15.13
ITEM0010272,ORD004148,PROD0136,5,485.57
ITEM0010273,ORD004148,PROD0034,4,303.7
ITEM0010274,ORD004149,PROD0142,4,347.19
ITEM0010275,ORD004149,PROD0036,5,33.3
ITEM0010276,ORD004149,PROD0126,2,263.88
ITEM0010277,ORD004149,PROD0091,3,161.11
ITEM0010278,ORD004150,PROD0142,2,347.19
ITEM0010279,ORD004150,PROD0065,5,153.97
ITEM0010280,ORD004150,PROD0026,1,585.88
ITEM0010281,ORD004151,PROD0129,4,246.64
ITEM0010282,ORD004151,PROD0062,3,355.88
ITEM0010283,ORD004152,PROD0104,5,66.01
ITEM0010284,ORD004152,PROD0052,3,436.28
ITEM0010285,ORD004153,PROD0089,1,289.58
ITEM0010286,ORD004154,PROD0119,3,103.02
ITEM0010287,ORD004154,PROD0045,2,66.57
ITEM0010288,ORD004154,PROD0149,2,139.28
ITEM0010289,ORD004154,PROD0048,2,277.49
ITEM0010290,ORD004155,PROD0139,1,135.03
ITEM0010291,ORD004156,PROD0020,2,124.89
ITEM0010292,ORD004157,PROD0025,1,23.62
ITEM0010293,ORD004157,PROD0016,3,30.39
ITEM0010294,ORD004158,PROD0148,1,427.66
ITEM0010295,ORD004159,PROD0032,3,172.77
ITEM0010296,ORD004159,PROD0022,1,380.56
ITEM0010297,ORD004159,PROD0017,3,234.28
ITEM0010298,ORD004160,PROD0016,4,30.39
ITEM0010299,ORD004160,PROD0134,5,192.47
ITEM0010300,ORD004160,PROD0047,-5,288.09
ITEM0010301,ORD004161,PROD0024,1,594.24
ITEM0010302,ORD004162,PROD0127,3,9.71
ITEM0010303,ORD004163,PROD0139,5,135.03
ITEM0010304,ORD004163,PROD0062,3,355.88
ITEM0010305,ORD004163,PROD0087,2,193.52
ITEM0010306,ORD004164,PROD0079,3,61.84
ITEM0010307,ORD004164,PROD0122,5,484.26
ITEM0010308,ORD004165,PROD0097,1,53.1
ITEM0010309,ORD004165,PROD0070,3,271.29
ITEM0010310,ORD004166,PROD0116,4,366.52
ITEM0010311,ORD004166,PROD0122,4,484.26
ITEM0010312,ORD004166,PROD0022,4,380.56
ITEM0010313,ORD004167,PROD0009,3,138.45
ITEM0010314,ORD004168,PROD0060,5,497.77
ITEM0010315,ORD004168,PROD0144,3,105.68
ITEM0010316,ORD004168,PROD0100,5,208.15
ITEM0010317,ORD004169,PROD0016,5,30.39
ITEM0010318,ORD004170,PROD0077,3,286.06
ITEM0010319,ORD004170,PROD0135,5,427.2
ITEM0010320,ORD004170,PROD0026,5,585.88
ITEM0010321,ORD004170,PROD0067,4,363.03
ITEM0010322,ORD004171,PROD0059,5,254.01
ITEM0010323,ORD004172,PROD0021,2,487.35
ITEM0010324,ORD004172,PROD0082,5,196.55
ITEM0010325,ORD004172,PROD0087,4,193.52
ITEM0010326,ORD004173,PROD0053,1,292.19
ITEM0010327,ORD004174,PROD0119,5,103.02
ITEM0010328,ORD004174,PROD0135,1,427.2
ITEM0010329,ORD004174,PROD0149,4,139.28
ITEM0010330,ORD004174,PROD0043,3,251.98
ITEM0010331,ORD004175,PROD0007,4,248.82
ITEM0010332,ORD004175,PROD0150,1,88.94
ITEM0010333,ORD004175,PROD0070,1,271.29
ITEM0010334,ORD004176,PROD0130,5,421.1
ITEM0010335,ORD004176,PROD0134,5,192.47
ITEM0010336,ORD004177,PROD0069,4,619.75
ITEM0010337,ORD004177,PROD0031,1,15.13
ITEM0010338,ORD004178,PROD0009,1,138.45
ITEM0010339,ORD004178,PROD0146,2,292.2
ITEM0010340,ORD004179,PROD0115,5,431.33
ITEM0010341,ORD004179,PROD0006,1,98.27
ITEM0010342,ORD004179,PROD0067,4,363.03
ITEM0010343,ORD004180,PROD0097,2,53.1
ITEM0010344,ORD004180,PROD0092,1,557.9
ITEM0010345,ORD004180,PROD0014,5,16.7
ITEM0010346,ORD004181,PROD0009,1,138.45
ITEM0010347,ORD004181,PROD0037,4,540.32
ITEM0010348,ORD004182,PROD0147,4,570.65
ITEM0010349,ORD004182,PROD0094,4,393.51
ITEM0010350,ORD004182,PROD0127,4,9.71
ITEM0010351,ORD004182,PROD0081,1,318.7
ITEM0010352,ORD004183,PROD0038,3,-216.74
ITEM0010353,ORD004183,PROD0054,5,135.13
ITEM0010354,ORD004183,PROD0031,2,15.13
ITEM0010355,ORD004184,PROD0105,1,308.26
ITEM0010356,ORD004184,PROD0109,5,126.44
ITEM0010357,ORD004185,PROD0006,1,98.27
ITEM0010358,ORD004185,PROD0108,1,332.49
ITEM0010359,ORD004185,PROD0018,3,119.66
ITEM0010360,ORD004185,PROD0116,4,366.52
ITEM0010361,ORD004186,PROD0070,3,271.29
ITEM0010362,ORD004186,PROD0079,5,61.84
ITEM0010363,ORD004186,PROD0054,3,135.13
ITEM0010364,ORD004187,PROD0081,3,-318.7
ITEM0010365,ORD004187,PROD0112,2,308.35
ITEM0010366,ORD004187,PROD0097,5,53.1
ITEM0010367,ORD004187,PROD0064,2,411.35
ITEM0010368,ORD004188,PROD0075,1,383.73
ITEM0010369,ORD004188,PROD0060,4,497.77
ITEM0010370,ORD004188,PROD0114,5,45.61
ITEM0010371,ORD004189,PROD0057,3,632.78
ITEM0010372,ORD004190,PROD0137,4,447.4
ITEM0010373,ORD004191,PROD0028,3,463.5
ITEM0010374,ORD004191,PROD0140,1,496.11
ITEM0010375,ORD004191,PROD0036,3,33.3
ITEM0010376,ORD004191,PROD0100,4,208.15
ITEM0010377,ORD004192,PROD0016,2,30.39
ITEM0010378,ORD004193,PROD0127,2,9.71
ITEM0010379,ORD004193,PROD0019,4,443.45
ITEM0010380,ORD004193,PROD0041,1,438.01
ITEM0010381,ORD004193,PROD0021,2,487.35
ITEM0010382,ORD004194,PROD0135,5,427.2
ITEM0010383,ORD004194,PROD0062,4,355.88
ITEM0010384,ORD004194,PROD0013,1,196.91
ITEM0010385,ORD004194,PROD0044,1,474.28
ITEM0010386,ORD004195,PROD0074,5,122.74
ITEM0010387,ORD004195,PROD0037,3,540.32
ITEM0010388,ORD004195,PROD0127,3,9.71
ITEM0010389,ORD004196,PROD0139,4,135.03
ITEM0010390,ORD004196,PROD0065,1,153.97
ITEM0010391,ORD004196,PROD0122,5,484.26
ITEM0010392,ORD004196,PROD0041,4,438.01
ITEM0010393,ORD004197,PROD0150,2,88.94
ITEM0010394,ORD004197,PROD0097,4,53.1
ITEM0010395,ORD004198,PROD0070,2,271.29
ITEM0010396,ORD004198,PROD0121,1,287.5
ITEM0010397,ORD004198,PROD0030,1,314.5
ITEM0010398,ORD004199,PROD0113,2,320.56
ITEM0010399,ORD004199,PROD0101,5,182.81
ITEM0010400,ORD004199,PROD0124,5,173.3
ITEM0010401,ORD004199,PROD0082,5,196.55
ITEM0010402,ORD004200,PROD0132,4,316.5
ITEM0010403,ORD004200,PROD0047,1,288.09
ITEM0010404,ORD004200,PROD0071,1,402.73
ITEM0010405,ORD004201,PROD0028,3,463.5
ITEM0010406,ORD004201,PROD0109,1,126.44
ITEM0010407,ORD004201,PROD0055,4,408.1
ITEM0010408,ORD004201,PROD0139,4,135.03
ITEM0010409,ORD004202,PROD0103,2,305.68
ITEM0010410,ORD004203,PROD0029,4,93.87
ITEM0010411,ORD004204,PROD0094,5,393.51
ITEM0010412,ORD004204,PROD0093,5,573.11
ITEM0010413,ORD004204,PROD0007,4,248.82
ITEM0010414,ORD004204,PROD0075,3,383.73
ITEM0010415,ORD004205,PROD0044,2,474.28
ITEM0010416,ORD004205,PROD0032,1,172.77
ITEM0010417,ORD004206,PROD0015,4,442.7
ITEM0010418,ORD004207,PROD0055,4,408.1
ITEM0010419,ORD004207,PROD0043,2,251.98
ITEM0010420,ORD004207,PROD0058,2,356.49
ITEM0010421,ORD004208,PROD0041,3,438.01
ITEM0010422,ORD004208,PROD0109,2,126.44
ITEM0010423,ORD004209,PROD0047,2,288.09
ITEM0010424,ORD004209,PROD0035,1,27.57
ITEM0010425,ORD004210,PROD0019,1,443.45
ITEM0010426,ORD004210,PROD0117,1,130.11
ITEM0010427,ORD004210,PROD0057,1,632.78
ITEM0010428,ORD004211,PROD0029,2,93.87
ITEM0010429,ORD004211,PROD0044,3,474.28
ITEM0010430,ORD004211,PROD0112,5,308.35
ITEM0010431,ORD004212,PROD0007,5,248.82
ITEM0010432,ORD004213,PROD0071,3,402.73
ITEM0010433,ORD004214,PROD0119,4,103.02
ITEM0010434,ORD004214,PROD0057,2,632.78
ITEM0010435,ORD004215,PROD0096,4,321.49
ITEM0010436,ORD004215,PROD0115,5,431.33
ITEM0010437,ORD004215,PROD0057,1,632.78
ITEM0010438,ORD004216,PROD0065,4,153.97
ITEM0010439,ORD004216,PROD0089,1,289.58
ITEM0010440,ORD004216,PROD0098,4,351.41
ITEM0010441,ORD004216,PROD0097,1,53.1
ITEM0010442,ORD004217,PROD0043,1,251.98
ITEM0010443,ORD004217,PROD0096,3,321.49
ITEM0010444,ORD004217,PROD0087,2,193.52
ITEM0010445,ORD004217,PROD0005,2,196.98
ITEM0010446,ORD004218,PROD0034,1,303.7
ITEM0010447,ORD004218,PROD0009,5,138.45
ITEM0010448,ORD004219,PROD0143,1,453.59
ITEM0010449,ORD004219,PROD0106,5,508.9
ITEM0010450,ORD004219,PROD0108,5,332.49
ITEM0010451,ORD004219,PROD0059,2,254.01
ITEM0010452,ORD004220,PROD0148,2,427.66
ITEM0010453,ORD004221,PROD0135,5,427.2
ITEM0010454,ORD004221,PROD0079,2,61.84
ITEM0010455,ORD004222,PROD0100,5,208.15
ITEM0010456,ORD004222,PROD0075,2,383.73
ITEM0010457,ORD004223,PROD0051,2,294.17
ITEM0010458,ORD004223,PROD0052,5,436.28
ITEM0010459,ORD004223,PROD0044,5,474.28
ITEM0010460,ORD004224,PROD0076,5,277.07
ITEM0010461,ORD004224,PROD0065,4,153.97
ITEM0010462,ORD004224,PROD0106,5,508.9
ITEM0010463,ORD004224,PROD0086,5,203.78
ITEM0010464,ORD004225,PROD0042,1,394.4
ITEM0010465,ORD004225,PROD0107,5,462.67
ITEM0010466,ORD004226,PROD0118,1,58.39
ITEM0010467,ORD004226,PROD0063,5,665.26
ITEM0010468,ORD004226,PROD0031,2,15.13
ITEM0010469,ORD004227,PROD0061,1,683.51
ITEM0010470,ORD004227,PROD0108,1,332.49
ITEM0010471,ORD004228,PROD0137,1,447.4
ITEM0010472,ORD004228,PROD0044,1,474.28
ITEM0010473,ORD004229,PROD0132,1,316.5
ITEM0010474,ORD004229,PROD0078,2,57.56
ITEM0010475,ORD004229,PROD0145,4,359.48
ITEM0010476,ORD004229,PROD0124,4,173.3
ITEM0010477,ORD004230,PROD0020,2,124.89
ITEM0010478,ORD004230,PROD0072,3,226.81
ITEM0010479,ORD004231,PROD0089,4,289.58
ITEM0010480,ORD004231,PROD0004,2,129.15
ITEM0010481,ORD004232,PROD0080,2,392.58
ITEM0010482,ORD004232,PROD0067,3,363.03
ITEM0010483,ORD004232,PROD0132,2,-316.5
ITEM0010484,ORD004233,PROD0099,2,386.23
ITEM0010485,ORD004233,PROD0058,3,356.49
ITEM0010486,ORD004233,PROD0008,5,174.9
ITEM0010487,ORD004233,PROD0125,1,377.98
ITEM0010488,ORD004234,PROD0002,2,112.42
ITEM0010489,ORD004235,PROD0060,5,497.77
ITEM0010490,ORD004235,PROD0087,2,193.52
ITEM0010491,ORD004236,PROD0020,3,124.89
ITEM0010492,ORD004236,PROD0005,2,-196.98
ITEM0010493,ORD004236,PROD0032,4,172.77
ITEM0010494,ORD004237,PROD0028,4,463.5
ITEM0010495,ORD004237,PROD0039,1,410.66
ITEM0010496,ORD004237,PROD0092,5,557.9
ITEM0010497,ORD004237,PROD0032,5,172.77
ITEM0010498,ORD004238,PROD0106,5,508.9
ITEM0010499,ORD004238,PROD0067,4,363.03
ITEM0010500,ORD004238,PROD0100,4,208.15
ITEM0010501,ORD004238,PROD0111,1,408.22
ITEM0010502,ORD004239,PROD0038,3,216.74
ITEM0010503,ORD004240,PROD0097,5,53.1
ITEM0010504,ORD004240,PROD0109,5,126.44
ITEM0010505,ORD004240,PROD0078,1,57.56
ITEM0010506,ORD004240,PROD0110,4,39.23
ITEM0010507,ORD004241,PROD0086,3,203.78
ITEM0010508,ORD004241,PROD0075,3,383.73
ITEM0010509,ORD004242,PROD0099,2,386.23
ITEM0010510,ORD004242,PROD0131,5,130.48
ITEM0010511,ORD004242,PROD0064,3,411.35
ITEM0010512,ORD004242,PROD0093,3,573.11
ITEM0010513,ORD004243,PROD0087,4,193.52
ITEM0010514,ORD004244,PROD0038,1,216.74
ITEM0010515,ORD004245,PROD0008,1,174.9
ITEM0010516,ORD004246,PROD0016,3,30.39
ITEM0010517,ORD004246,PROD0146,4,292.2
ITEM0010518,ORD004246,PROD0087,5,193.52
ITEM0010519,ORD004247,PROD0140,4,496.11
ITEM0010520,ORD004247,PROD0014,3,16.7
ITEM0010521,ORD004247,PROD0111,5,408.22
ITEM0010522,ORD004248,PROD0034,4,303.7
ITEM0010523,ORD004249,PROD0043,1,251.98
ITEM0010524,ORD004249,PROD0017,4,234.28
ITEM0010525,ORD004249,PROD0078,5,57.56
ITEM0010526,ORD004250,PROD0089,5,289.58
ITEM0010527,ORD004250,PROD0015,4,442.7
ITEM0010528,ORD004250,PROD0105,5,308.26
ITEM0010529,ORD004251,PROD0055,1,408.1
ITEM0010530,ORD004251,PROD0111,2,408.22
ITEM0010531,ORD004252,PROD0115,2,431.33
ITEM0010532,ORD004253,PROD0112,5,308.35
ITEM0010533,ORD004254,PROD0111,3,408.22
ITEM0010534,ORD004254,PROD0006,1,98.27
ITEM0010535,ORD004254,PROD0012,2,589.04
ITEM0010536,ORD004254,PROD0087,5,193.52
ITEM0010537,ORD004255,PROD0144,2,105.68
ITEM0010538,ORD004255,PROD0039,3,410.66
ITEM0010539,ORD004255,PROD0107,1,462.67
ITEM0010540,ORD004255,PROD0045,3,66.57
ITEM0010541,ORD004256,PROD0099,2,386.23
ITEM0010542,ORD004256,PROD0007,1,248.82
ITEM0010543,ORD004256,PROD0060,1,497.77
ITEM0010544,ORD004256,PROD0107,1,462.67
ITEM0010545,ORD004257,PROD0045,3,66.57
ITEM0010546,ORD004257,PROD0137,4,447.4
ITEM0010547,ORD004257,PROD0008,3,174.9
ITEM0010548,ORD004258,PROD0041,5,438.01
ITEM0010549,ORD004258,PROD0130,5,421.1
ITEM0010550,ORD004258,PROD0105,3,308.26
ITEM0010551,ORD004259,PROD0113,5,320.56
ITEM0010552,ORD004260,PROD0089,1,289.58
ITEM0010553,ORD004260,PROD0113,5,320.56
ITEM0010554,ORD004261,PROD0018,4,119.66
ITEM0010555,ORD004261,PROD0080,3,392.58
ITEM0010556,ORD004261,PROD0122,1,484.26
ITEM0010557,ORD004261,PROD0014,2,16.7
ITEM0010558,ORD004262,PROD0114,5,45.61
ITEM0010559,ORD004262,PROD0002,4,112.42
ITEM0010560,ORD004262,PROD0080,3,392.58
ITEM0010561,ORD004263,PROD0018,5,119.66
ITEM0010562,ORD004263,PROD0109,4,126.44
ITEM0010563,ORD004263,PROD0035,3,27.57
ITEM0010564,ORD004264,PROD0099,3,386.23
ITEM0010565,ORD004264,PROD0125,5,377.98
ITEM0010566,ORD004264,PROD0134,5,192.47
ITEM0010567,ORD004265,PROD0011,2,325.01
ITEM0010568,ORD004266,PROD0032,1,172.77
ITEM0010569,ORD004266,PROD0028,3,463.5
ITEM0010570,ORD004266,PROD0035,5,27.57
ITEM0010571,ORD004267,PROD0097,1,53.1
ITEM0010572,ORD004267,PROD0054,3,135.13
ITEM0010573,ORD004268,PROD0087,1,193.52
ITEM0010574,ORD004268,PROD0033,5,470.6
ITEM0010575,ORD004269,PROD0080,2,392.58
ITEM0010576,ORD004270,PROD0003,5,4.27
ITEM0010577,ORD004270,PROD0066,1,370.45
ITEM0010578,ORD004270,PROD0147,2,570.65
ITEM0010579,ORD004270,PROD0137,3,447.4
ITEM0010580,ORD004271,PROD0089,5,289.58
ITEM0010581,ORD004271,PROD0020,5,124.89
ITEM0010582,ORD004271,PROD0034,5,303.7
ITEM0010583,ORD004272,PROD0107,-2,-462.67
ITEM0010584,ORD004272,PROD0072,2,226.81
ITEM0010585,ORD004272,PROD0046,5,207.44
ITEM0010586,ORD004272,PROD0114,4,45.61
ITEM0010587,ORD004273,PROD0015,4,442.7
ITEM0010588,ORD004273,PROD0021,1,487.35
ITEM0010589,ORD004273,PROD0030,1,314.5
ITEM0010590,ORD004274,PROD0094,2,393.51
ITEM0010591,ORD004274,PROD0009,5,138.45
ITEM0010592,ORD004274,PROD0117,4,130.11
ITEM0010593,ORD004274,PROD0126,1,263.88
ITEM0010594,ORD004275,PROD0112,1,308.35
ITEM0010595,ORD004275,PROD0127,4,9.71
ITEM0010596,ORD004276,PROD0110,1,39.23
ITEM0010597,ORD004277,PROD0130,3,421.1
ITEM0010598,ORD004278,PROD0038,3,216.74
ITEM0010599,ORD004278,PROD0041,5,438.01
ITEM0010600,ORD004278,PROD0149,4,139.28
ITEM0010601,ORD004279,PROD0024,1,594.24
ITEM0010602,ORD004280,PROD0103,1,305.68
ITEM0010603,ORD004280,PROD0083,3,306.64
ITEM0010604,ORD004280,PROD0092,2,557.9
ITEM0010605,ORD004280,PROD0122,5,484.26
ITEM0010606,ORD004281,PROD0123,4,95.95
ITEM0010607,ORD004281,PROD0039,1,410.66
ITEM0010608,ORD004282,PROD0020,5,124.89
ITEM0010609,ORD004282,PROD0012,2,589.04
ITEM0010610,ORD004282,PROD0008,2,174.9
ITEM0010611,ORD004283,PROD0025,1,23.62
ITEM0010612,ORD004284,PROD0015,5,442.7
ITEM0010613,ORD004285,PROD0131,5,130.48
ITEM0010614,ORD004285,PROD0122,4,484.26
ITEM0010615,ORD004286,PROD0140,2,496.11
ITEM0010616,ORD004286,PROD0030,-1,314.5
ITEM0010617,ORD004286,PROD0107,2,462.67
ITEM0010618,ORD004286,PROD0099,3,386.23
ITEM0010619,ORD004287,PROD0117,4,130.11
ITEM0010620,ORD004288,PROD0017,3,234.28
ITEM0010621,ORD004288,PROD0075,3,383.73
ITEM0010622,ORD004288,PROD0078,1,57.56
ITEM0010623,ORD004288,PROD0102,2,266.91
ITEM0010624,ORD004289,PROD0122,4,484.26
ITEM0010625,ORD004289,PROD0082,5,196.55
ITEM0010626,ORD004290,PROD0089,3,289.58
ITEM0010627,ORD004290,PROD0052,1,436.28
ITEM0010628,ORD004290,PROD0127,3,9.71
ITEM0010629,ORD004290,PROD0146,4,292.2
ITEM0010630,ORD004291,PROD0093,3,573.11
ITEM0010631,ORD004291,PROD0066,5,370.45
ITEM0010632,ORD004292,PROD0134,5,192.47
ITEM0010633,ORD004293,PROD0113,3,320.56
ITEM0010634,ORD004293,PROD0027,2,356.31
ITEM0010635,ORD004294,PROD0015,5,442.7
ITEM0010636,ORD004294,PROD0016,4,30.39
ITEM0010637,ORD004295,PROD0076,3,277.07
ITEM0010638,ORD004295,PROD0145,5,359.48
ITEM0010639,ORD004296,PROD0019,4,443.45
ITEM0010640,ORD004297,PROD0119,3,103.02
ITEM0010641,ORD004297,PROD0107,5,-462.67
ITEM0010642,ORD004297,PROD0037,4,540.32
ITEM0010643,ORD004297,PROD0121,4,287.5
ITEM0010644,ORD004298,PROD0015,4,442.7
ITEM0010645,ORD004299,PROD0078,4,57.56
ITEM0010646,ORD004299,PROD0094,3,393.51
ITEM0010647,ORD004300,PROD0094,5,393.51
ITEM0010648,ORD004300,PROD0074,4,122.74
ITEM0010649,ORD004301,PROD0138,3,43.7
ITEM0010650,ORD004301,PROD0029,4,93.87
ITEM0010651,ORD004302,PROD0075,-4,383.73
ITEM0010652,ORD004303,PROD0009,3,138.45
ITEM0010653,ORD004303,PROD0121,1,287.5
ITEM0010654,ORD004303,PROD0035,4,27.57
ITEM0010655,ORD004304,PROD0143,2,453.59
ITEM0010656,ORD004304,PROD0021,1,487.35
ITEM0010657,ORD004304,PROD0082,4,196.55
ITEM0010658,ORD004305,PROD0048,3,277.49
ITEM0010659,ORD004305,PROD0010,4,488.99
ITEM0010660,ORD004306,PROD0149,4,139.28
ITEM0010661,ORD004307,PROD0122,2,484.26
ITEM0010662,ORD004308,PROD0113,2,320.56
ITEM0010663,ORD004308,PROD0135,3,427.2
ITEM0010664,ORD004308,PROD0018,2,119.66
ITEM0010665,ORD004308,PROD0098,5,351.41
ITEM0010666,ORD004309,PROD0036,1,33.3
ITEM0010667,ORD004310,PROD0040,4,508.7
ITEM0010668,ORD004310,PROD0118,5,58.39
ITEM0010669,ORD004310,PROD0057,3,632.78
ITEM0010670,ORD004310,PROD0028,4,463.5
ITEM0010671,ORD004311,PROD0139,2,135.03
ITEM0010672,ORD004311,PROD0090,4,51.56
ITEM0010673,ORD004311,PROD0029,2,93.87
ITEM0010674,ORD004312,PROD0026,4,585.88
ITEM0010675,ORD004312,PROD0094,2,393.51
ITEM0010676,ORD004312,PROD0135,2,427.2
ITEM0010677,ORD004312,PROD0033,5,470.6
ITEM0010678,ORD004313,PROD0041,1,438.01
ITEM0010679,ORD004313,PROD0031,4,-15.13
ITEM0010680,ORD004313,PROD0081,1,318.7
ITEM0010681,ORD004314,PROD0049,2,106.04
ITEM0010682,ORD004314,PROD0146,4,292.2
ITEM0010683,ORD004314,PROD0144,4,105.68
ITEM0010684,ORD004315,PROD0114,3,45.61
ITEM0010685,ORD004315,PROD0055,3,408.1
ITEM0010686,ORD004315,PROD0008,5,174.9
ITEM0010687,ORD004315,PROD0023,1,414.75
ITEM0010688,ORD004316,PROD0067,5,363.03
ITEM0010689,ORD004316,PROD0124,4,173.3
ITEM0010690,ORD004316,PROD0136,2,485.57
ITEM0010691,ORD004316,PROD0079,4,61.84
ITEM0010692,ORD004317,PROD0086,3,-203.78
ITEM0010693,ORD004317,PROD0031,5,15.13
ITEM0010694,ORD004317,PROD0052,5,436.28
ITEM0010695,ORD004318,PROD0001,2,342.2
ITEM0010696,ORD004318,PROD0053,2,292.19
ITEM0010697,ORD004318,PROD0103,1,305.68
ITEM0010698,ORD004319,PROD0003,3,4.27
ITEM0010699,ORD004319,PROD0041,2,438.01
ITEM0010700,ORD004319,PROD0124,5,173.3
ITEM0010701,ORD004319,PROD0144,3,105.68
ITEM0010702,ORD004320,PROD0055,4,408.1
ITEM0010703,ORD004320,PROD0005,3,196.98
ITEM0010704,ORD004321,PROD0135,5,427.2
ITEM0010705,ORD004321,PROD0099,1,386.23
ITEM0010706,ORD004321,PROD0127,3,9.71
ITEM0010707,ORD004322,PROD0107,4,462.67
ITEM0010708,ORD004322,PROD0067,5,363.03
ITEM0010709,ORD004322,PROD0079,1,61.84
ITEM0010710,ORD004322,PROD0148,3,427.66
ITEM0010711,ORD004323,PROD0083,4,306.64
ITEM0010712,ORD004323,PROD0021,2,487.35
ITEM0010713,ORD004323,PROD0020,3,124.89
ITEM0010714,ORD004324,PROD0072,4,226.81
ITEM0010715,ORD004324,PROD0025,1,23.62
ITEM0010716,ORD004325,PROD0143,3,453.59
ITEM0010717,ORD004325,PROD0098,1,351.41
ITEM0010718,ORD004325,PROD0027,2,356.31
ITEM0010719,ORD004326,PROD0044,2,474.28
ITEM0010720,ORD004327,PROD0122,4,484.26
ITEM0010721,ORD004327,PROD0019,2,443.45
ITEM0010722,ORD004327,PROD0138,1,43.7
ITEM0010723,ORD004328,PROD0082,4,196.55
ITEM0010724,ORD004328,PROD0084,1,464.44
ITEM0010725,ORD004329,PROD0086,3,203.78
ITEM0010726,ORD004329,PROD0150,2,88.94
ITEM0010727,ORD004330,PROD0012,5,589.04
ITEM0010728,ORD004330,PROD0109,1,126.44
ITEM0010729,ORD004331,PROD0078,1,57.56
ITEM0010730,ORD004331,PROD0018,3,119.66
ITEM0010731,ORD004331,PROD0020,1,124.89
ITEM0010732,ORD004332,PROD0024,3,594.24
ITEM0010733,ORD004332,PROD0070,5,271.29
ITEM0010734,ORD004332,PROD0017,4,234.28
ITEM0010735,ORD004332,PROD0014,5,16.7
ITEM0010736,ORD004333,PROD0129,3,246.64
ITEM0010737,ORD004334,PROD0144,1,105.68
ITEM0010738,ORD004334,PROD0028,3,463.5
ITEM0010739,ORD004335,PROD0082,3,196.55
ITEM0010740,ORD004335,PROD0095,5,271.32
ITEM0010741,ORD004336,PROD0010,2,488.99
ITEM0010742,ORD004336,PROD0015,2,442.7
ITEM0010743,ORD004336,PROD0089,5,289.58
ITEM0010744,ORD004336,PROD0106,5,508.9
ITEM0010745,ORD004337,PROD0145,4,359.48
ITEM0010746,ORD004337,PROD0084,3,-464.44
ITEM0010747,ORD004338,PROD0032,1,172.77
ITEM0010748,ORD004338,PROD0039,5,410.66
ITEM0010749,ORD004339,PROD0093,3,573.11
ITEM0010750,ORD004340,PROD0128,4,403.21
ITEM0010751,ORD004340,PROD0107,1,462.67
ITEM0010752,ORD004340,PROD0080,4,392.58
ITEM0010753,ORD004341,PROD0081,5,318.7
ITEM0010754,ORD004342,PROD0100,2,208.15
ITEM0010755,ORD004342,PROD0104,1,66.01
ITEM0010756,ORD004343,PROD0062,-2,355.88
ITEM0010757,ORD004344,PROD0142,4,347.19
ITEM0010758,ORD004344,PROD0143,5,453.59
ITEM0010759,ORD004344,PROD0115,-1,431.33
ITEM0010760,ORD004344,PROD0002,5,112.42
ITEM0010761,ORD004345,PROD0030,1,314.5
ITEM0010762,ORD004345,PROD0088,3,51.09
ITEM0010763,ORD004345,PROD0115,1,431.33
ITEM0010764,ORD004346,PROD0137,3,447.4
ITEM0010765,ORD004346,PROD0059,2,254.01
ITEM0010766,ORD004346,PROD0057,3,632.78
ITEM0010767,ORD004347,PROD0130,2,421.1
ITEM0010768,ORD004347,PROD0103,2,305.68
ITEM0010769,ORD004348,PROD0069,1,619.75
ITEM0010770,ORD004348,PROD0026,2,585.88
ITEM0010771,ORD004348,PROD0103,1,305.68
ITEM0010772,ORD004348,PROD0091,4,161.11
ITEM0010773,ORD004349,PROD0117,3,130.11
ITEM0010774,ORD004349,PROD0037,2,540.32
ITEM0010775,ORD004350,PROD0072,1,226.81
ITEM0010776,ORD004350,PROD0019,3,443.45
ITEM0010777,ORD004351,PROD0041,3,438.01
ITEM0010778,ORD004351,PROD0017,5,234.28
ITEM0010779,ORD004351,PROD0027,4,356.31
ITEM0010780,ORD004352,PROD0121,2,287.5
ITEM0010781,ORD004353,PROD0146,4,292.2
ITEM0010782,ORD004353,PROD0138,4,43.7
ITEM0010783,ORD004354,PROD0092,3,557.9
ITEM0010784,ORD004354,PROD0097,4,53.1
ITEM0010785,ORD004354,PROD0116,2,366.52
ITEM0010786,ORD004354,PROD0078,5,57.56
ITEM0010787,ORD004355,PROD0077,3,286.06
ITEM0010788,ORD004356,PROD0036,3,33.3
ITEM0010789,ORD004356,PROD0123,3,95.95
ITEM0010790,ORD004357,PROD0003,3,4.27
ITEM0010791,ORD004357,PROD0121,3,287.5
ITEM0010792,ORD004358,PROD0083,1,306.64
ITEM0010793,ORD004358,PROD0050,1,235.27
ITEM0010794,ORD004358,PROD0134,1,192.47
ITEM0010795,ORD004359,PROD0109,4,126.44
ITEM0010796,ORD004359,PROD0139,1,135.03
ITEM0010797,ORD004360,PROD0073,1,241.62
ITEM0010798,ORD004360,PROD0067,2,363.03
ITEM0010799,ORD004360,PROD0011,2,325.01
ITEM0010800,ORD004360,PROD0016,4,30.39
ITEM0010801,ORD004361,PROD0092,5,557.9
ITEM0010802,ORD004361,PROD0009,4,138.45
ITEM0010803,ORD004361,PROD0057,5,632.78
ITEM0010804,ORD004362,PROD0122,4,484.26
ITEM0010805,ORD004362,PROD0076,3,277.07
ITEM0010806,ORD004362,PROD0047,3,288.09
ITEM0010807,ORD004362,PROD0041,3,438.01
ITEM0010808,ORD004363,PROD0091,5,161.11
ITEM0010809,ORD004363,PROD0090,1,51.56
ITEM0010810,ORD004363,PROD0139,5,135.03
ITEM0010811,ORD004364,PROD0071,5,402.73
ITEM0010812,ORD004364,PROD0148,1,427.66
ITEM0010813,ORD004364,PROD0090,1,51.56
ITEM0010814,ORD004365,PROD0048,1,277.49
ITEM0010815,ORD004366,PROD0092,5,557.9
ITEM0010816,ORD004366,PROD0024,1,594.24
ITEM0010817,ORD004367,PROD0112,2,308.35
ITEM0010818,ORD004367,PROD0084,1,464.44
ITEM0010819,ORD004368,PROD0020,5,124.89
ITEM0010820,ORD004368,PROD0003,2,4.27
ITEM0010821,ORD004368,PROD0092,1,557.9
ITEM0010822,ORD004368,PROD0066,4,370.45
ITEM0010823,ORD004369,PROD0040,4,508.7
ITEM0010824,ORD004369,PROD0038,3,216.74
ITEM0010825,ORD004369,PROD0062,4,355.88
ITEM0010826,ORD004369,PROD0054,5,135.13
ITEM0010827,ORD004370,PROD0014,2,16.7
ITEM0010828,ORD004370,PROD0120,4,261.92
ITEM0010829,ORD004370,PROD0055,1,408.1
ITEM0010830,ORD004371,PROD0054,1,135.13
ITEM0010831,ORD004371,PROD0034,4,303.7
ITEM0010832,ORD004372,PROD0035,1,27.57
ITEM0010833,ORD004373,PROD0034,4,303.7
ITEM0010834,ORD004373,PROD0038,3,216.74
ITEM0010835,ORD004374,PROD0130,1,421.1
ITEM0010836,ORD004374,PROD0124,4,173.3
ITEM0010837,ORD004374,PROD0053,4,292.19
ITEM0010838,ORD004374,PROD0070,2,271.29
ITEM0010839,ORD004375,PROD0143,2,453.59
ITEM0010840,ORD004375,PROD0011,5,325.01
ITEM0010841,ORD004376,PROD0050,4,235.27
ITEM0010842,ORD004376,PROD0087,2,193.52
ITEM0010843,ORD004377,PROD0112,2,308.35
ITEM0010844,ORD004378,PROD0138,4,43.7
ITEM0010845,ORD004378,PROD0122,5,484.26
ITEM0010846,ORD004378,PROD0126,5,263.88
ITEM0010847,ORD004379,PROD0050,2,235.27
ITEM0010848,ORD004380,PROD0122,3,484.26
ITEM0010849,ORD004381,PROD0047,3,288.09
ITEM0010850,ORD004382,PROD0052,2,436.28
ITEM0010851,ORD004382,PROD0122,1,484.26
ITEM0010852,ORD004382,PROD0105,2,308.26
ITEM0010853,ORD004382,PROD0013,3,196.91
ITEM0010854,ORD004383,PROD0033,3,470.6
ITEM0010855,ORD004383,PROD0131,4,130.48
ITEM0010856,ORD004384,PROD0062,2,355.88
ITEM0010857,ORD004384,PROD0101,1,182.81
ITEM0010858,ORD004385,PROD0119,5,103.02
ITEM0010859,ORD004385,PROD0017,4,234.28
ITEM0010860,ORD004385,PROD0137,3,447.4
ITEM0010861,ORD004386,PROD0115,4,431.33
ITEM0010862,ORD004386,PROD0052,4,436.28
ITEM0010863,ORD004386,PROD0004,4,129.15
ITEM0010864,ORD004386,PROD0065,1,153.97
ITEM0010865,ORD004387,PROD0066,3,370.45
ITEM0010866,ORD004387,PROD0032,5,172.77
ITEM0010867,ORD004387,PROD0121,2,287.5
ITEM0010868,ORD004387,PROD0109,4,126.44
ITEM0010869,ORD004388,PROD0134,3,192.47
ITEM0010870,ORD004389,PROD0029,4,93.87
ITEM0010871,ORD004389,PROD0103,2,305.68
ITEM0010872,ORD004390,PROD0031,2,15.13
ITEM0010873,ORD004390,PROD0092,3,557.9
ITEM0010874,ORD004390,PROD0023,1,414.75
ITEM0010875,ORD004391,PROD0142,2,347.19
ITEM0010876,ORD004392,PROD0014,5,16.7
ITEM0010877,ORD004392,PROD0128,4,403.21
ITEM0010878,ORD004393,PROD0026,5,585.88
ITEM0010879,ORD004393,PROD0038,1,216.74
ITEM0010880,ORD004393,PROD0091,2,161.11
ITEM0010881,ORD004393,PROD0126,4,263.88
ITEM0010882,ORD004394,PROD0096,2,321.49
ITEM0010883,ORD004394,PROD0104,1,66.01
ITEM0010884,ORD004395,PROD0131,1,130.48
ITEM0010885,ORD004396,PROD0140,5,496.11
ITEM0010886,ORD004396,PROD0026,3,585.88
ITEM0010887,ORD004396,PROD0044,2,474.28
ITEM0010888,ORD004396,PROD0132,1,316.5
ITEM0010889,ORD004397,PROD0071,2,402.73
ITEM0010890,ORD004398,PROD0039,4,410.66
ITEM0010891,ORD004398,PROD0018,2,119.66
ITEM0010892,ORD004398,PROD0066,1,370.45
ITEM0010893,ORD004398,PROD0031,3,15.13
ITEM0010894,ORD004399,PROD0002,5,112.42
ITEM0010895,ORD004399,PROD0007,2,248.82
ITEM0010896,ORD004400,PROD0086,5,203.78
ITEM0010897,ORD004400,PROD0064,4,411.35
ITEM0010898,ORD004400,PROD0119,2,103.02
ITEM0010899,ORD004400,PROD0001,2,342.2
ITEM0010900,ORD004401,PROD0142,5,347.19
ITEM0010901,ORD004402,PROD0128,1,403.21
ITEM0010902,ORD004403,PROD0031,3,15.13
ITEM0010903,ORD004403,PROD0096,2,321.49
ITEM0010904,ORD004404,PROD0053,1,292.19
ITEM0010905,ORD004405,PROD0027,2,356.31
ITEM0010906,ORD004406,PROD0109,1,126.44
ITEM0010907,ORD004407,PROD0121,2,287.5
ITEM0010908,ORD004407,PROD0113,1,320.56
ITEM0010909,ORD004407,PROD0131,5,130.48
ITEM0010910,ORD004407,PROD0007,3,248.82
ITEM0010911,ORD004408,PROD0113,1,320.56
ITEM0010912,ORD004408,PROD0077,3,286.06
ITEM0010913,ORD004408,PROD0125,4,377.98
ITEM0010914,ORD004409,PROD0028,1,463.5
ITEM0010915,ORD004409,PROD0137,5,447.4
ITEM0010916,ORD004410,PROD0052,5,436.28
ITEM0010917,ORD004410,PROD0065,3,153.97
ITEM0010918,ORD004410,PROD0051,1,294.17
ITEM0010919,ORD004410,PROD0014,1,16.7
ITEM0010920,ORD004411,PROD0062,4,355.88
ITEM0010921,ORD004411,PROD0053,3,292.19
ITEM0010922,ORD004411,PROD0047,5,288.09
ITEM0010923,ORD004411,PROD0073,4,241.62
ITEM0010924,ORD004412,PROD0146,1,292.2
ITEM0010925,ORD004412,PROD0115,5,431.33
ITEM0010926,ORD004412,PROD0046,3,207.44
ITEM0010927,ORD004412,PROD0134,3,192.47
ITEM0010928,ORD004413,PROD0071,5,402.73
ITEM0010929,ORD004413,PROD0101,5,182.81
ITEM0010930,ORD004414,PROD0016,2,30.39
ITEM0010931,ORD004414,PROD0024,4,594.24
ITEM0010932,ORD004414,PROD0085,3,602.46
ITEM0010933,ORD004414,PROD0074,2,122.74
ITEM0010934,ORD004415,PROD0141,5,19.31
ITEM0010935,ORD004415,PROD0135,2,427.2
ITEM0010936,ORD004415,PROD0014,1,16.7
ITEM0010937,ORD004415,PROD0142,4,347.19
ITEM0010938,ORD004416,PROD0018,3,-119.66
ITEM0010939,ORD004417,PROD0114,2,45.61
ITEM0010940,ORD004418,PROD0067,4,363.03
ITEM0010941,ORD004418,PROD0072,5,226.81
ITEM0010942,ORD004419,PROD0111,2,408.22
ITEM0010943,ORD004420,PROD0086,4,203.78
ITEM0010944,ORD004420,PROD0114,1,45.61
ITEM0010945,ORD004420,PROD0087,1,193.52
ITEM0010946,ORD004421,PROD0065,1,153.97
ITEM0010947,ORD004422,PROD0041,3,438.01
ITEM0010948,ORD004422,PROD0116,3,366.52
ITEM0010949,ORD004422,PROD0003,3,4.27
ITEM0010950,ORD004422,PROD0122,3,484.26
ITEM0010951,ORD004423,PROD0025,4,23.62
ITEM0010952,ORD004424,PROD0140,4,496.11
ITEM0010953,ORD004425,PROD0067,3,363.03
ITEM0010954,ORD004425,PROD0049,1,106.04
ITEM0010955,ORD004425,PROD0071,1,402.73
ITEM0010956,ORD004426,PROD0002,2,112.42
ITEM0010957,ORD004426,PROD0065,4,153.97
ITEM0010958,ORD004426,PROD0024,2,594.24
ITEM0010959,ORD004426,PROD0146,3,292.2
ITEM0010960,ORD004427,PROD0094,5,393.51
ITEM0010961,ORD004428,PROD0063,2,665.26
ITEM0010962,ORD004428,PROD0051,2,294.17
ITEM0010963,ORD004429,PROD0146,3,292.2
ITEM0010964,ORD004429,PROD0129,3,246.64
ITEM0010965,ORD004429,PROD0018,3,119.66
ITEM0010966,ORD004430,PROD0014,4,16.7
ITEM0010967,ORD004430,PROD0010,1,488.99
ITEM0010968,ORD004431,PROD0070,5,271.29
ITEM0010969,ORD004432,PROD0109,4,126.44
ITEM0010970,ORD004432,PROD0055,2,408.1
ITEM0010971,ORD004432,PROD0051,4,294.17
ITEM0010972,ORD004432,PROD0117,1,130.11
ITEM0010973,ORD004433,PROD0127,5,9.71
ITEM0010974,ORD004434,PROD0026,5,585.88
ITEM0010975,ORD004434,PROD0006,1,98.27
ITEM0010976,ORD004435,PROD0134,1,192.47
ITEM0010977,ORD004435,PROD0073,1,241.62
ITEM0010978,ORD004435,PROD0019,5,443.45
ITEM0010979,ORD004435,PROD0145,1,359.48
ITEM0010980,ORD004436,PROD0021,4,487.35
ITEM0010981,ORD004436,PROD0149,4,139.28
ITEM0010982,ORD004436,PROD0083,3,306.64
ITEM0010983,ORD004437,PROD0090,2,51.56
ITEM0010984,ORD004438,PROD0146,1,292.2
ITEM0010985,ORD004438,PROD0047,1,288.09
ITEM0010986,ORD004438,PROD0055,2,408.1
ITEM0010987,ORD004439,PROD0121,2,287.5
ITEM0010988,ORD004440,PROD0034,1,303.7
ITEM0010989,ORD004440,PROD0082,1,196.55
ITEM0010990,ORD004440,PROD0147,4,570.65
ITEM0010991,ORD004440,PROD0145,2,359.48
ITEM0010992,ORD004441,PROD0029,1,93.87
ITEM0010993,ORD004441,PROD0120,2,261.92
ITEM0010994,ORD004441,PROD0098,4,351.41
ITEM0010995,ORD004441,PROD0144,3,105.68
ITEM0010996,ORD004442,PROD0094,2,393.51
ITEM0010997,ORD004442,PROD0080,2,392.58
ITEM0010998,ORD004443,PROD0068,1,422.88
ITEM0010999,ORD004443,PROD0076,4,277.07
ITEM0011000,ORD004443,PROD0006,1,98.27
ITEM0011001,ORD004444,PROD0120,3,261.92
ITEM0011002,ORD004445,PROD0002,4,112.42
ITEM0011003,ORD004445,PROD0007,3,248.82
ITEM0011004,ORD004446,PROD0041,4,-438.01
ITEM0011005,ORD004446,PROD0038,2,216.74
ITEM0011006,ORD004446,PROD0072,3,226.81
ITEM0011007,ORD004447,PROD0087,5,193.52
ITEM0011008,ORD004447,PROD0006,1,98.27
ITEM0011009,ORD004447,PROD0144,5,105.68
ITEM0011010,ORD004448,PROD0099,3,386.23
ITEM0011011,ORD004448,PROD0077,1,286.06
ITEM0011012,ORD004449,PROD0134,4,192.47
ITEM0011013,ORD004449,PROD0055,4,408.1
ITEM0011014,ORD004449,PROD0092,2,557.9
ITEM0011015,ORD004450,PROD0065,2,153.97
ITEM0011016,ORD004450,PROD0143,1,453.59
ITEM0011017,ORD004451,PROD0016,4,30.39
ITEM0011018,ORD004451,PROD0025,3,23.62
ITEM0011019,ORD004451,PROD0120,4,261.92
ITEM0011020,ORD004452,PROD0110,-5,39.23
ITEM0011021,ORD004452,PROD0080,1,392.58
ITEM0011022,ORD004452,PROD0004,5,129.15
ITEM0011023,ORD004452,PROD0107,5,462.67
ITEM0011024,ORD004453,PROD0076,5,277.07
ITEM0011025,ORD004453,PROD0074,1,122.74
ITEM0011026,ORD004453,PROD0010,1,488.99
ITEM0011027,ORD004454,PROD0134,3,192.47
ITEM0011028,ORD004455,PROD0041,2,438.01
ITEM0011029,ORD004455,PROD0015,2,442.7
ITEM0011030,ORD004455,PROD0141,4,19.31
ITEM0011031,ORD004455,PROD0128,2,403.21
ITEM0011032,ORD004456,PROD0033,1,470.6
ITEM0011033,ORD004456,PROD0063,3,665.26
ITEM0011034,ORD004456,PROD0130,5,421.1
ITEM0011035,ORD004457,PROD0093,4,573.11
ITEM0011036,ORD004457,PROD0008,3,174.9
ITEM0011037,ORD004458,PROD0065,5,153.97
ITEM0011038,ORD004458,PROD0064,1,411.35
ITEM0011039,ORD004458,PROD0033,2,470.6
ITEM0011040,ORD004459,PROD0059,2,254.01
ITEM0011041,ORD004460,PROD0016,1,30.39
ITEM0011042,ORD004460,PROD0047,4,288.09
ITEM0011043,ORD004460,PROD0112,5,308.35
ITEM0011044,ORD004460,PROD0008,4,174.9
ITEM0011045,ORD004461,PROD0049,5,106.04
ITEM0011046,ORD004461,PROD0036,4,33.3
ITEM0011047,ORD004461,PROD0063,3,665.26
ITEM0011048,ORD004462,PROD0132,3,316.5
ITEM0011049,ORD004462,PROD0005,5,196.98
ITEM0011050,ORD004463,PROD0138,4,43.7
ITEM0011051,ORD004464,PROD0122,3,484.26
ITEM0011052,ORD004465,PROD0003,1,4.27
ITEM0011053,ORD004465,PROD0007,4,248.82
ITEM0011054,ORD004465,PROD0065,3,153.97
ITEM0011055,ORD004465,PROD0029,5,93.87
ITEM0011056,ORD004466,PROD0058,4,356.49
ITEM0011057,ORD004467,PROD0109,5,126.44
ITEM0011058,ORD004468,PROD0022,5,380.56
ITEM0011059,ORD004469,PROD0006,4,98.27
ITEM0011060,ORD004469,PROD0057,4,632.78
ITEM0011061,ORD004469,PROD0143,1,453.59
ITEM0011062,ORD004469,PROD0022,5,380.56
ITEM0011063,ORD004470,PROD0038,4,216.74
ITEM0011064,ORD004470,PROD0051,1,294.17
ITEM0011065,ORD004470,PROD0007,4,248.82
ITEM0011066,ORD004470,PROD0085,5,602.46
ITEM0011067,ORD004471,PROD0134,4,192.47
ITEM0011068,ORD004472,PROD0138,2,43.7
ITEM0011069,ORD004472,PROD0126,3,263.88
ITEM0011070,ORD004472,PROD0073,2,241.62
ITEM0011071,ORD004473,PROD0066,-2,370.45
ITEM0011072,ORD004473,PROD0077,1,286.06
ITEM0011073,ORD004473,PROD0144,3,105.68
ITEM0011074,ORD004474,PROD0117,2,130.11
ITEM0011075,ORD004474,PROD0126,3,263.88
ITEM0011076,ORD004475,PROD0118,4,58.39
ITEM0011077,ORD004475,PROD0032,4,172.77
ITEM0011078,ORD004475,PROD0006,1,98.27
ITEM0011079,ORD004476,PROD0076,1,277.07
ITEM0011080,ORD004476,PROD0040,4,508.7
ITEM0011081,ORD004476,PROD0012,4,589.04
ITEM0011082,ORD004476,PROD0039,2,410.66
ITEM0011083,ORD004477,PROD0060,5,497.77
ITEM0011084,ORD004477,PROD0102,4,266.91
ITEM0011085,ORD004478,PROD0128,1,403.21
ITEM0011086,ORD004478,PROD0105,1,308.26
ITEM0011087,ORD004478,PROD0124,5,173.3
ITEM0011088,ORD004478,PROD0065,5,153.97
ITEM0011089,ORD004479,PROD0046,5,207.44
ITEM0011090,ORD004479,PROD0037,2,540.32
ITEM0011091,ORD004479,PROD0117,3,130.11
ITEM0011092,ORD004480,PROD0014,5,16.7
ITEM0011093,ORD004480,PROD0039,2,410.66
ITEM0011094,ORD004480,PROD0119,1,103.02
ITEM0011095,ORD004481,PROD0135,1,427.2
ITEM0011096,ORD004481,PROD0081,1,318.7
ITEM0011097,ORD004481,PROD0021,4,487.35
ITEM0011098,ORD004481,PROD0077,4,286.06
ITEM0011099,ORD004482,PROD0032,5,172.77
ITEM0011100,ORD004482,PROD0030,4,314.5
ITEM0011101,ORD004482,PROD0086,-3,203.78
ITEM0011102,ORD004482,PROD0088,1,51.09
ITEM0011103,ORD004483,PROD0109,4,126.44
ITEM0011104,ORD004483,PROD0106,5,508.9
ITEM0011105,ORD004483,PROD0124,3,173.3
ITEM0011106,ORD004483,PROD0134,2,192.47
ITEM0011107,ORD004484,PROD0113,2,320.56
ITEM0011108,ORD004484,PROD0103,4,305.68
ITEM0011109,ORD004484,PROD0007,2,248.82
ITEM0011110,ORD004485,PROD0095,5,271.32
ITEM0011111,ORD004485,PROD0123,2,95.95
ITEM0011112,ORD004485,PROD0146,2,292.2
ITEM0011113,ORD004485,PROD0138,1,43.7
ITEM0011114,ORD004486,PROD0128,4,403.21
ITEM0011115,ORD004486,PROD0015,1,442.7
ITEM0011116,ORD004486,PROD0003,2,4.27
ITEM0011117,ORD004486,PROD0074,5,122.74
ITEM0011118,ORD004487,PROD0019,5,443.45
ITEM0011119,ORD004487,PROD0010,2,488.99
ITEM0011120,ORD004487,PROD0024,2,594.24
ITEM0011121,ORD004487,PROD0003,5,4.27
ITEM0011122,ORD004488,PROD0050,5,235.27
ITEM0011123,ORD004488,PROD0143,5,453.59
ITEM0011124,ORD004488,PROD0074,5,122.74
ITEM0011125,ORD004488,PROD0022,4,380.56
ITEM0011126,ORD004489,PROD0139,2,135.03
ITEM0011127,ORD004490,PROD0049,4,106.04
ITEM0011128,ORD004490,PROD0084,5,464.44
ITEM0011129,ORD004491,PROD0119,4,103.02
ITEM0011130,ORD004491,PROD0133,3,317.22
ITEM0011131,ORD004492,PROD0120,4,261.92
ITEM0011132,ORD004492,PROD0093,5,573.11
ITEM0011133,ORD004493,PROD0056,5,249.02
ITEM0011134,ORD004493,PROD0078,3,57.56
ITEM0011135,ORD004493,PROD0135,5,427.2
ITEM0011136,ORD004493,PROD0122,1,484.26
ITEM0011137,ORD004494,PROD0002,2,112.42
ITEM0011138,ORD004495,PROD0122,1,484.26
ITEM0011139,ORD004495,PROD0142,2,347.19
ITEM0011140,ORD004495,PROD0134,4,192.47
ITEM0011141,ORD004496,PROD0112,4,308.35
ITEM0011142,ORD004497,PROD0104,1,66.01
ITEM0011143,ORD004497,PROD0026,1,585.88
ITEM0011144,ORD004498,PROD0047,2,288.09
ITEM0011145,ORD004498,PROD0063,2,665.26
ITEM0011146,ORD004499,PROD0055,2,408.1
ITEM0011147,ORD004499,PROD0031,4,15.13
ITEM0011148,ORD004499,PROD0018,2,119.66
ITEM0011149,ORD004499,PROD0023,1,414.75
ITEM0011150,ORD004500,PROD0058,1,356.49
ITEM0011151,ORD004500,PROD0072,4,226.81
ITEM0011152,ORD004501,PROD0036,5,33.3
ITEM0011153,ORD004501,PROD0066,4,370.45
ITEM0011154,ORD004501,PROD0039,4,410.66
ITEM0011155,ORD004501,PROD0149,4,139.28
ITEM0011156,ORD004502,PROD0048,2,277.49
ITEM0011157,ORD004503,PROD0074,1,122.74
ITEM0011158,ORD004504,PROD0052,1,436.28
ITEM0011159,ORD004504,PROD0141,3,19.31
ITEM0011160,ORD004505,PROD0041,3,438.01
ITEM0011161,ORD004505,PROD0062,3,355.88
ITEM0011162,ORD004505,PROD0136,4,485.57
ITEM0011163,ORD004506,PROD0149,1,139.28
ITEM0011164,ORD004507,PROD0022,3,380.56
ITEM0011165,ORD004508,PROD0035,3,27.57
ITEM0011166,ORD004508,PROD0109,1,126.44
ITEM0011167,ORD004509,PROD0100,3,208.15
ITEM0011168,ORD004509,PROD0077,2,286.06
ITEM0011169,ORD004510,PROD0052,3,436.28
ITEM0011170,ORD004511,PROD0017,3,234.28
ITEM0011171,ORD004511,PROD0038,4,216.74
ITEM0011172,ORD004511,PROD0029,1,93.87
ITEM0011173,ORD004511,PROD0127,4,9.71
ITEM0011174,ORD004512,PROD0100,4,208.15
ITEM0011175,ORD004512,PROD0141,2,19.31
ITEM0011176,ORD004512,PROD0125,1,377.98
ITEM0011177,ORD004512,PROD0015,2,442.7
ITEM0011178,ORD004513,PROD0063,1,665.26
ITEM0011179,ORD004513,PROD0078,1,57.56
ITEM0011180,ORD004513,PROD0035,3,27.57
ITEM0011181,ORD004514,PROD0096,2,321.49
ITEM0011182,ORD004515,PROD0069,4,619.75
ITEM0011183,ORD004516,PROD0001,4,342.2
ITEM0011184,ORD004516,PROD0012,4,589.04
ITEM0011185,ORD004516,PROD0143,4,453.59
ITEM0011186,ORD004517,PROD0068,4,422.88
ITEM0011187,ORD004517,PROD0021,4,487.35
ITEM0011188,ORD004517,PROD0095,4,271.32
ITEM0011189,ORD004518,PROD0126,3,263.88
ITEM0011190,ORD004518,PROD0080,4,392.58
ITEM0011191,ORD004518,PROD0110,2,39.23
ITEM0011192,ORD004519,PROD0137,5,447.4
ITEM0011193,ORD004519,PROD0147,1,570.65
ITEM0011194,ORD004519,PROD0124,2,173.3
ITEM0011195,ORD004520,PROD0136,2,485.57
ITEM0011196,ORD004521,PROD0090,1,51.56
ITEM0011197,ORD004521,PROD0039,5,410.66
ITEM0011198,ORD004522,PROD0139,4,135.03
ITEM0011199,ORD004523,PROD0150,4,88.94
ITEM0011200,ORD004524,PROD0018,1,119.66
ITEM0011201,ORD004524,PROD0064,5,411.35
ITEM0011202,ORD004524,PROD0031,1,15.13
ITEM0011203,ORD004524,PROD0039,4,410.66
ITEM0011204,ORD004525,PROD0136,3,485.57
ITEM0011205,ORD004525,PROD0074,1,122.74
ITEM0011206,ORD004526,PROD0018,3,119.66
ITEM0011207,ORD004526,PROD0022,3,380.56
ITEM0011208,ORD004526,PROD0113,2,320.56
ITEM0011209,ORD004526,PROD0003,3,4.27
ITEM0011210,ORD004527,PROD0039,5,410.66
ITEM0011211,ORD004527,PROD0025,4,23.62
ITEM0011212,ORD004528,PROD0003,1,4.27
ITEM0011213,ORD004529,PROD0019,1,443.45
ITEM0011214,ORD004529,PROD0108,1,332.49
ITEM0011215,ORD004529,PROD0075,5,383.73
ITEM0011216,ORD004530,PROD0129,4,246.64
ITEM0011217,ORD004530,PROD0044,3,474.28
ITEM0011218,ORD004531,PROD0122,5,484.26
ITEM0011219,ORD004531,PROD0042,3,394.4
ITEM0011220,ORD004531,PROD0070,3,271.29
ITEM0011221,ORD004532,PROD0149,3,139.28
ITEM0011222,ORD004532,PROD0051,2,294.17
ITEM0011223,ORD004532,PROD0058,4,356.49
ITEM0011224,ORD004533,PROD0047,4,288.09
ITEM0011225,ORD004533,PROD0080,2,392.58
ITEM0011226,ORD004534,PROD0083,3,306.64
ITEM0011227,ORD004535,PROD0004,5,129.15
ITEM0011228,ORD004535,PROD0111,2,408.22
ITEM0011229,ORD004535,PROD0038,3,216.74
ITEM0011230,ORD004535,PROD0073,5,241.62
ITEM0011231,ORD004536,PROD0136,2,485.57
ITEM0011232,ORD004536,PROD0064,2,411.35
ITEM0011233,ORD004536,PROD0052,4,436.28
ITEM0011234,ORD004537,PROD0127,3,9.71
ITEM0011235,ORD004537,PROD0020,5,124.89
ITEM0011236,ORD004537,PROD0148,5,427.66
ITEM0011237,ORD004537,PROD0067,3,363.03
ITEM0011238,ORD004538,PROD0084,2,464.44
ITEM0011239,ORD004539,PROD0125,4,377.98
ITEM0011240,ORD004539,PROD0049,3,106.04
ITEM0011241,ORD004539,PROD0016,2,30.39
ITEM0011242,ORD004539,PROD0084,4,464.44
ITEM0011243,ORD004540,PROD0089,4,289.58
ITEM0011244,ORD004540,PROD0042,1,394.4
ITEM0011245,ORD004540,PROD0043,3,251.98
ITEM0011246,ORD004541,PROD0061,4,683.51
ITEM0011247,ORD004541,PROD0002,3,112.42
ITEM0011248,ORD004541,PROD0036,2,33.3
ITEM0011249,ORD004541,PROD0145,1,359.48
ITEM0011250,ORD004542,PROD0041,5,438.01
ITEM0011251,ORD004543,PROD0140,3,496.11
ITEM0011252,ORD004543,PROD0117,3,130.11
ITEM0011253,ORD004543,PROD0045,5,66.57
ITEM0011254,ORD004543,PROD0096,4,321.49
ITEM0011255,ORD004544,PROD0035,4,27.57
ITEM0011256,ORD004545,PROD0124,5,173.3
ITEM0011257,ORD004545,PROD0138,2,43.7
ITEM0011258,ORD004546,PROD0129,1,246.64
ITEM0011259,ORD004546,PROD0021,1,487.35
ITEM0011260,ORD004546,PROD0070,5,271.29
ITEM0011261,ORD004547,PROD0068,4,422.88
ITEM0011262,ORD004547,PROD0141,1,19.31
ITEM0011263,ORD004547,PROD0143,2,453.59
ITEM0011264,ORD004548,PROD0037,5,540.32
ITEM0011265,ORD004548,PROD0036,1,33.3
ITEM0011266,ORD004549,PROD0015,3,442.7
ITEM0011267,ORD004549,PROD0055,3,408.1
ITEM0011268,ORD004549,PROD0052,2,436.28
ITEM0011269,ORD004550,PROD0088,1,51.09
ITEM0011270,ORD004550,PROD0071,5,402.73
ITEM0011271,ORD004550,PROD0149,2,139.28
ITEM0011272,ORD004551,PROD0128,3,403.21
ITEM0011273,ORD004551,PROD0102,2,266.91
ITEM0011274,ORD004551,PROD0072,4,226.81
ITEM0011275,ORD004551,PROD0116,2,366.52
ITEM0011276,ORD004552,PROD0128,1,403.21
ITEM0011277,ORD004552,PROD0117,2,130.11
ITEM0011278,ORD004552,PROD0125,1,377.98
ITEM0011279,ORD004552,PROD0061,2,683.51
ITEM0011280,ORD004553,PROD0060,1,497.77
ITEM0011281,ORD004553,PROD0100,3,208.15
ITEM0011282,ORD004553,PROD0063,3,665.26
ITEM0011283,ORD004553,PROD0037,1,540.32
ITEM0011284,ORD004554,PROD0049,5,106.04
ITEM0011285,ORD004554,PROD0027,2,356.31
ITEM0011286,ORD004554,PROD0067,3,363.03
ITEM0011287,ORD004554,PROD0031,3,15.13
ITEM0011288,ORD004555,PROD0024,2,594.24
ITEM0011289,ORD004555,PROD0083,5,306.64
ITEM0011290,ORD004556,PROD0029,5,93.87
ITEM0011291,ORD004557,PROD0058,4,356.49
ITEM0011292,ORD004557,PROD0004,2,129.15
ITEM0011293,ORD004557,PROD0134,3,192.47
ITEM0011294,ORD004557,PROD0014,4,16.7
ITEM0011295,ORD004558,PROD0058,4,356.49
ITEM0011296,ORD004558,PROD0111,3,-408.22
ITEM0011297,ORD004558,PROD0001,5,342.2
ITEM0011298,ORD004559,PROD0145,2,359.48
ITEM0011299,ORD004559,PROD0112,2,308.35
ITEM0011300,ORD004560,PROD0107,2,462.67
ITEM0011301,ORD004560,PROD0020,1,124.89
ITEM0011302,ORD004560,PROD0113,4,320.56
ITEM0011303,ORD004561,PROD0119,5,103.02
ITEM0011304,ORD004561,PROD0110,2,39.23
ITEM0011305,ORD004561,PROD0099,4,386.23
ITEM0011306,ORD004562,PROD0092,4,557.9
ITEM0011307,ORD004562,PROD0040,4,508.7
ITEM0011308,ORD004562,PROD0008,5,174.9
ITEM0011309,ORD004562,PROD0089,3,289.58
ITEM0011310,ORD004563,PROD0098,5,351.41
ITEM0011311,ORD004563,PROD0016,1,30.39
ITEM0011312,ORD004564,PROD0042,4,394.4
ITEM0011313,ORD004564,PROD0019,4,443.45
ITEM0011314,ORD004565,PROD0018,4,119.66
ITEM0011315,ORD004566,PROD0062,5,355.88
ITEM0011316,ORD004566,PROD0055,2,408.1
ITEM0011317,ORD004566,PROD0112,4,308.35
ITEM0011318,ORD004566,PROD0021,2,487.35
ITEM0011319,ORD004567,PROD0030,4,314.5
ITEM0011320,ORD004567,PROD0078,2,57.56
ITEM0011321,ORD004567,PROD0119,4,103.02
ITEM0011322,ORD004568,PROD0124,1,173.3
ITEM0011323,ORD004568,PROD0023,4,414.75
ITEM0011324,ORD004568,PROD0105,5,308.26
ITEM0011325,ORD004568,PROD0072,2,226.81
ITEM0011326,ORD004569,PROD0115,1,431.33
ITEM0011327,ORD004569,PROD0131,2,130.48
ITEM0011328,ORD004570,PROD0100,5,208.15
ITEM0011329,ORD004570,PROD0124,4,173.3
ITEM0011330,ORD004570,PROD0089,2,289.58
ITEM0011331,ORD004570,PROD0018,2,119.66
ITEM0011332,ORD004571,PROD0082,1,196.55
ITEM0011333,ORD004571,PROD0001,2,342.2
ITEM0011334,ORD004571,PROD0088,1,51.09
ITEM0011335,ORD004571,PROD0057,4,632.78
ITEM0011336,ORD004572,PROD0125,2,377.98
ITEM0011337,ORD004572,PROD0014,3,16.7
ITEM0011338,ORD004573,PROD0069,4,619.75
ITEM0011339,ORD004573,PROD0089,2,289.58
ITEM0011340,ORD004573,PROD0095,5,271.32
ITEM0011341,ORD004573,PROD0115,4,431.33
ITEM0011342,ORD004574,PROD0095,2,271.32
ITEM0011343,ORD004574,PROD0078,1,57.56
ITEM0011344,ORD004574,PROD0116,3,366.52
ITEM0011345,ORD004574,PROD0048,5,277.49
ITEM0011346,ORD004575,PROD0052,3,436.28
ITEM0011347,ORD004576,PROD0136,1,485.57
ITEM0011348,ORD004577,PROD0074,5,122.74
ITEM0011349,ORD004577,PROD0040,3,508.7
ITEM0011350,ORD004578,PROD0119,3,103.02
ITEM0011351,ORD004578,PROD0035,3,27.57
ITEM0011352,ORD004579,PROD0009,3,138.45
ITEM0011353,ORD004579,PROD0023,5,414.75
ITEM0011354,ORD004580,PROD0137,4,447.4
ITEM0011355,ORD004580,PROD0106,1,508.9
ITEM0011356,ORD004580,PROD0083,4,306.64
ITEM0011357,ORD004580,PROD0003,1,4.27
ITEM0011358,ORD004581,PROD0107,4,462.67
ITEM0011359,ORD004582,PROD0049,4,106.04
ITEM0011360,ORD004583,PROD0007,4,248.82
ITEM0011361,ORD004584,PROD0109,1,126.44
ITEM0011362,ORD004584,PROD0150,4,88.94
ITEM0011363,ORD004585,PROD0029,4,93.87
ITEM0011364,ORD004586,PROD0084,2,464.44
ITEM0011365,ORD004587,PROD0021,1,487.35
ITEM0011366,ORD004587,PROD0125,3,377.98
ITEM0011367,ORD004587,PROD0016,1,30.39
ITEM0011368,ORD004587,PROD0048,5,277.49
ITEM0011369,ORD004588,PROD0037,3,540.32
ITEM0011370,ORD004588,PROD0058,2,356.49
ITEM0011371,ORD004588,PROD0034,2,303.7
ITEM0011372,ORD004589,PROD0002,3,112.42
ITEM0011373,ORD004589,PROD0037,2,540.32
ITEM0011374,ORD004590,PROD0126,5,263.88
ITEM0011375,ORD004590,PROD0109,4,126.44
ITEM0011376,ORD004591,PROD0031,1,15.13
ITEM0011377,ORD004592,PROD0098,3,351.41
ITEM0011378,ORD004592,PROD0124,3,173.3
ITEM0011379,ORD004592,PROD0136,2,485.57
ITEM0011380,ORD004592,PROD0079,5,61.84
ITEM0011381,ORD004593,PROD0051,2,294.17
ITEM0011382,ORD004594,PROD0007,3,248.82
ITEM0011383,ORD004594,PROD0108,3,332.49
ITEM0011384,ORD004594,PROD0006,1,98.27
ITEM0011385,ORD004595,PROD0061,2,683.51
ITEM0011386,ORD004595,PROD0106,2,508.9
ITEM0011387,ORD004595,PROD0044,1,474.28
ITEM0011388,ORD004595,PROD0090,2,51.56
ITEM0011389,ORD004596,PROD0007,1,248.82
ITEM0011390,ORD004596,PROD0034,3,303.7
ITEM0011391,ORD004596,PROD0048,1,277.49
ITEM0011392,ORD004596,PROD0078,5,57.56
ITEM0011393,ORD004597,PROD0120,4,261.92
ITEM0011394,ORD004597,PROD0143,5,453.59
ITEM0011395,ORD004597,PROD0146,1,292.2
ITEM0011396,ORD004597,PROD0092,2,557.9
ITEM0011397,ORD004598,PROD0077,1,286.06
ITEM0011398,ORD004598,PROD0045,2,66.57
ITEM0011399,ORD004598,PROD0043,2,251.98
ITEM0011400,ORD004599,PROD0043,1,251.98
ITEM0011401,ORD004599,PROD0085,5,-602.46
ITEM0011402,ORD004599,PROD0097,3,53.1
ITEM0011403,ORD004600,PROD0092,2,557.9
ITEM0011404,ORD004600,PROD0040,2,508.7
ITEM0011405,ORD004600,PROD0013,1,196.91
ITEM0011406,ORD004600,PROD0006,1,98.27
ITEM0011407,ORD004601,PROD0002,2,112.42
ITEM0011408,ORD004601,PROD0090,2,51.56
ITEM0011409,ORD004602,PROD0059,4,254.01
ITEM0011410,ORD004602,PROD0048,4,277.49
ITEM0011411,ORD004602,PROD0084,5,464.44
ITEM0011412,ORD004602,PROD0036,5,33.3
ITEM0011413,ORD004603,PROD0080,3,392.58
ITEM0011414,ORD004603,PROD0017,5,234.28
ITEM0011415,ORD004603,PROD0064,3,411.35
ITEM0011416,ORD004603,PROD0018,2,119.66
ITEM0011417,ORD004604,PROD0138,1,43.7
ITEM0011418,ORD004604,PROD0073,5,241.62
ITEM0011419,ORD004605,PROD0047,5,288.09
ITEM0011420,ORD004606,PROD0024,5,594.24
ITEM0011421,ORD004606,PROD0104,1,66.01
ITEM0011422,ORD004606,PROD0069,5,619.75
ITEM0011423,ORD004607,PROD0031,4,15.13
ITEM0011424,ORD004607,PROD0133,1,317.22
ITEM0011425,ORD004608,PROD0093,1,573.11
ITEM0011426,ORD004608,PROD0068,4,422.88
ITEM0011427,ORD004609,PROD0053,3,292.19
ITEM0011428,ORD004609,PROD0099,2,386.23
ITEM0011429,ORD004609,PROD0038,4,216.74
ITEM0011430,ORD004609,PROD0037,4,540.32
ITEM0011431,ORD004610,PROD0123,2,95.95
ITEM0011432,ORD004611,PROD0120,3,261.92
ITEM0011433,ORD004611,PROD0011,3,325.01
ITEM0011434,ORD004612,PROD0075,4,383.73
ITEM0011435,ORD004612,PROD0128,1,403.21
ITEM0011436,ORD004612,PROD0001,2,342.2
ITEM0011437,ORD004613,PROD0017,3,234.28
ITEM0011438,ORD004613,PROD0028,2,463.5
ITEM0011439,ORD004613,PROD0007,3,248.82
ITEM0011440,ORD004613,PROD0110,5,39.23
ITEM0011441,ORD004614,PROD0073,5,241.62
ITEM0011442,ORD004615,PROD0018,2,119.66
ITEM0011443,ORD004616,PROD0064,5,411.35
ITEM0011444,ORD004617,PROD0037,4,540.32
ITEM0011445,ORD004617,PROD0020,2,124.89
ITEM0011446,ORD004617,PROD0143,5,453.59
ITEM0011447,ORD004618,PROD0143,4,453.59
ITEM0011448,ORD004618,PROD0102,5,266.91
ITEM0011449,ORD004618,PROD0058,4,356.49
ITEM0011450,ORD004619,PROD0073,1,241.62
ITEM0011451,ORD004619,PROD0133,4,317.22
ITEM0011452,ORD004620,PROD0106,2,508.9
ITEM0011453,ORD004620,PROD0114,5,45.61
ITEM0011454,ORD004621,PROD0079,2,61.84
ITEM0011455,ORD004621,PROD0013,2,196.91
ITEM0011456,ORD004621,PROD0124,1,173.3
ITEM0011457,ORD004621,PROD0101,5,182.81
ITEM0011458,ORD004622,PROD0037,3,540.32
ITEM0011459,ORD004622,PROD0072,2,226.81
ITEM0011460,ORD004623,PROD0021,5,487.35
ITEM0011461,ORD004623,PROD0090,3,51.56
ITEM0011462,ORD004624,PROD0089,1,289.58
ITEM0011463,ORD004624,PROD0016,5,30.39
ITEM0011464,ORD004625,PROD0020,5,124.89
ITEM0011465,ORD004625,PROD0093,2,573.11
ITEM0011466,ORD004625,PROD0078,3,57.56
ITEM0011467,ORD004626,PROD0003,3,4.27
ITEM0011468,ORD004626,PROD0115,3,431.33
ITEM0011469,ORD004626,PROD0124,5,173.3
ITEM0011470,ORD004626,PROD0020,1,124.89
ITEM0011471,ORD004627,PROD0118,4,58.39
ITEM0011472,ORD004628,PROD0118,1,58.39
ITEM0011473,ORD004629,PROD0025,2,23.62
ITEM0011474,ORD004630,PROD0005,1,196.98
ITEM0011475,ORD004630,PROD0041,2,438.01
ITEM0011476,ORD004630,PROD0114,1,45.61
ITEM0011477,ORD004631,PROD0047,3,288.09
ITEM0011478,ORD004631,PROD0089,5,289.58
ITEM0011479,ORD004631,PROD0103,4,305.68
ITEM0011480,ORD004631,PROD0024,1,594.24
ITEM0011481,ORD004632,PROD0133,2,317.22
ITEM0011482,ORD004632,PROD0090,4,51.56
ITEM0011483,ORD004633,PROD0019,2,443.45
ITEM0011484,ORD004634,PROD0063,1,665.26
ITEM0011485,ORD004634,PROD0031,4,15.13
ITEM0011486,ORD004635,PROD0147,1,570.65
ITEM0011487,ORD004635,PROD0146,5,292.2
ITEM0011488,ORD004636,PROD0030,3,314.5
ITEM0011489,ORD004636,PROD0104,4,66.01
ITEM0011490,ORD004636,PROD0019,4,443.45
ITEM0011491,ORD004636,PROD0132,5,316.5
ITEM0011492,ORD004637,PROD0075,1,383.73
ITEM0011493,ORD004638,PROD0143,2,453.59
ITEM0011494,ORD004638,PROD0107,1,462.67
ITEM0011495,ORD004639,PROD0075,5,383.73
ITEM0011496,ORD004639,PROD0020,3,124.89
ITEM0011497,ORD004639,PROD0063,2,665.26
ITEM0011498,ORD004640,PROD0138,4,43.7
ITEM0011499,ORD004640,PROD0016,5,30.39
ITEM0011500,ORD004641,PROD0014,1,16.7
ITEM0011501,ORD004642,PROD0008,1,174.9
ITEM0011502,ORD004642,PROD0119,5,103.02
ITEM0011503,ORD004642,PROD0104,4,66.01
ITEM0011504,ORD004643,PROD0015,5,442.7
ITEM0011505,ORD004644,PROD0030,5,314.5
ITEM0011506,ORD004644,PROD0098,5,351.41
ITEM0011507,ORD004645,PROD0066,1,370.45
ITEM0011508,ORD004645,PROD0101,2,182.81
ITEM0011509,ORD004645,PROD0003,2,4.27
ITEM0011510,ORD004645,PROD0108,2,332.49
ITEM0011511,ORD004646,PROD0084,4,464.44
ITEM0011512,ORD004646,PROD0128,2,403.21
ITEM0011513,ORD004646,PROD0035,1,27.57
ITEM0011514,ORD004647,PROD0093,4,573.11
ITEM0011515,ORD004647,PROD0113,4,320.56
ITEM0011516,ORD004647,PROD0128,4,403.21
ITEM0011517,ORD004647,PROD0104,5,66.01
ITEM0011518,ORD004648,PROD0011,4,325.01
ITEM0011519,ORD004649,PROD0091,5,161.11
ITEM0011520,ORD004649,PROD0113,4,320.56
ITEM0011521,ORD004649,PROD0080,1,392.58
ITEM0011522,ORD004649,PROD0129,4,-246.64
ITEM0011523,ORD004650,PROD0066,2,370.45
ITEM0011524,ORD004651,PROD0003,3,4.27
ITEM0011525,ORD004652,PROD0048,1,277.49
ITEM0011526,ORD004652,PROD0085,1,602.46
ITEM0011527,ORD004652,PROD0102,5,266.91
ITEM0011528,ORD004653,PROD0048,4,277.49
ITEM0011529,ORD004653,PROD0092,1,557.9
ITEM0011530,ORD004654,PROD0039,5,410.66
ITEM0011531,ORD004654,PROD0067,1,363.03
ITEM0011532,ORD004654,PROD0105,3,308.26
ITEM0011533,ORD004655,PROD0018,5,119.66
ITEM0011534,ORD004656,PROD0131,3,130.48
ITEM0011535,ORD004657,PROD0060,3,497.77
ITEM0011536,ORD004657,PROD0080,2,392.58
ITEM0011537,ORD004657,PROD0047,5,288.09
ITEM0011538,ORD004658,PROD0027,4,356.31
ITEM0011539,ORD004658,PROD0013,3,196.91
ITEM0011540,ORD004659,PROD0020,2,124.89
ITEM0011541,ORD004660,PROD0074,5,122.74
ITEM0011542,ORD004660,PROD0022,2,380.56
ITEM0011543,ORD004660,PROD0067,3,363.03
ITEM0011544,ORD004661,PROD0126,2,263.88
ITEM0011545,ORD004661,PROD0069,5,619.75
ITEM0011546,ORD004662,PROD0069,2,619.75
ITEM0011547,ORD004663,PROD0105,2,308.26
ITEM0011548,ORD004663,PROD0032,2,172.77
ITEM0011549,ORD004663,PROD0120,5,261.92
ITEM0011550,ORD004664,PROD0025,3,23.62
ITEM0011551,ORD004665,PROD0032,5,172.77
ITEM0011552,ORD004666,PROD0139,3,135.03
ITEM0011553,ORD004667,PROD0133,2,317.22
ITEM0011554,ORD004667,PROD0117,1,130.11
ITEM0011555,ORD004667,PROD0131,2,130.48
ITEM0011556,ORD004668,PROD0011,2,325.01
ITEM0011557,ORD004668,PROD0094,1,393.51
ITEM0011558,ORD004668,PROD0060,3,497.77
ITEM0011559,ORD004669,PROD0107,1,462.67
ITEM0011560,ORD004670,PROD0091,1,161.11
ITEM0011561,ORD004670,PROD0130,1,421.1
ITEM0011562,ORD004670,PROD0082,3,196.55
ITEM0011563,ORD004670,PROD0019,5,443.45
ITEM0011564,ORD004671,PROD0018,1,119.66
ITEM0011565,ORD004671,PROD0091,4,161.11
ITEM0011566,ORD004671,PROD0044,4,474.28
ITEM0011567,ORD004671,PROD0082,3,196.55
ITEM0011568,ORD004672,PROD0012,4,589.04
ITEM0011569,ORD004672,PROD0020,3,124.89
ITEM0011570,ORD004672,PROD0116,1,366.52
ITEM0011571,ORD004673,PROD0079,3,61.84
ITEM0011572,ORD004674,PROD0127,2,9.71
ITEM0011573,ORD004674,PROD0098,5,351.41
ITEM0011574,ORD004674,PROD0083,1,306.64
ITEM0011575,ORD004675,PROD0132,5,316.5
ITEM0011576,ORD004676,PROD0069,4,619.75
ITEM0011577,ORD004676,PROD0089,2,289.58
ITEM0011578,ORD004676,PROD0019,1,443.45
ITEM0011579,ORD004677,PROD0012,3,589.04
ITEM0011580,ORD004677,PROD0036,5,33.3
ITEM0011581,ORD004677,PROD0117,5,130.11
ITEM0011582,ORD004678,PROD0106,2,508.9
ITEM0011583,ORD004679,PROD0016,1,30.39
ITEM0011584,ORD004679,PROD0115,2,431.33
ITEM0011585,ORD004679,PROD0041,2,438.01
ITEM0011586,ORD004679,PROD0091,1,161.11
ITEM0011587,ORD004680,PROD0131,3,130.48
ITEM0011588,ORD004680,PROD0073,2,241.62
ITEM0011589,ORD004681,PROD0058,4,356.49
ITEM0011590,ORD004681,PROD0038,2,216.74
ITEM0011591,ORD004682,PROD0012,3,589.04
ITEM0011592,ORD004682,PROD0033,5,470.6
ITEM0011593,ORD004682,PROD0096,4,321.49
ITEM0011594,ORD004683,PROD0126,2,263.88
ITEM0011595,ORD004683,PROD0005,1,196.98
ITEM0011596,ORD004683,PROD0122,4,484.26
ITEM0011597,ORD004683,PROD0006,1,98.27
ITEM0011598,ORD004684,PROD0030,3,314.5
ITEM0011599,ORD004684,PROD0146,1,292.2
ITEM0011600,ORD004684,PROD0004,4,129.15
ITEM0011601,ORD004685,PROD0110,5,39.23
ITEM0011602,ORD004685,PROD0104,1,66.01
ITEM0011603,ORD004685,PROD0019,5,443.45
ITEM0011604,ORD004685,PROD0028,1,463.5
ITEM0011605,ORD004686,PROD0095,4,271.32
ITEM0011606,ORD004686,PROD0111,1,408.22
ITEM0011607,ORD004686,PROD0119,3,103.02
ITEM0011608,ORD004687,PROD0008,3,174.9
ITEM0011609,ORD004687,PROD0116,5,366.52
ITEM0011610,ORD004687,PROD0112,3,308.35
ITEM0011611,ORD004688,PROD0079,2,61.84
ITEM0011612,ORD004689,PROD0030,1,314.5
ITEM0011613,ORD004689,PROD0042,4,394.4
ITEM0011614,ORD004690,PROD0062,2,355.88
ITEM0011615,ORD004690,PROD0046,3,207.44
ITEM0011616,ORD004691,PROD0147,2,570.65
ITEM0011617,ORD004691,PROD0084,4,464.44
ITEM0011618,ORD004692,PROD0085,3,602.46
ITEM0011619,ORD004692,PROD0029,2,93.87
ITEM0011620,ORD004693,PROD0092,4,557.9
ITEM0011621,ORD004694,PROD0126,5,263.88
ITEM0011622,ORD004694,PROD0106,2,508.9
ITEM0011623,ORD004694,PROD0045,1,66.57
ITEM0011624,ORD004694,PROD0061,5,683.51
ITEM0011625,ORD004695,PROD0041,-3,438.01
ITEM0011626,ORD004695,PROD0102,4,266.91
ITEM0011627,ORD004695,PROD0055,4,408.1
ITEM0011628,ORD004696,PROD0042,5,-394.4
ITEM0011629,ORD004697,PROD0008,2,174.9
ITEM0011630,ORD004697,PROD0021,1,487.35
ITEM0011631,ORD004697,PROD0148,4,427.66
ITEM0011632,ORD004697,PROD0135,5,427.2
ITEM0011633,ORD004698,PROD0073,3,241.62
ITEM0011634,ORD004698,PROD0067,3,363.03
ITEM0011635,ORD004698,PROD0080,4,392.58
ITEM0011636,ORD004698,PROD0028,5,463.5
ITEM0011637,ORD004699,PROD0130,1,421.1
ITEM0011638,ORD004700,PROD0082,3,196.55
ITEM0011639,ORD004700,PROD0115,4,431.33
ITEM0011640,ORD004700,PROD0049,3,106.04
ITEM0011641,ORD004701,PROD0096,1,321.49
ITEM0011642,ORD004701,PROD0037,4,540.32
ITEM0011643,ORD004701,PROD0128,2,403.21
ITEM0011644,ORD004701,PROD0080,1,392.58
ITEM0011645,ORD004702,PROD0116,5,366.52
ITEM0011646,ORD004702,PROD0048,2,277.49
ITEM0011647,ORD004702,PROD0147,1,570.65
ITEM0011648,ORD004703,PROD0048,2,277.49
ITEM0011649,ORD004704,PROD0089,1,289.58
ITEM0011650,ORD004704,PROD0022,4,380.56
ITEM0011651,ORD004705,PROD0023,2,414.75
ITEM0011652,ORD004705,PROD0056,1,249.02
ITEM0011653,ORD004706,PROD0069,5,619.75
ITEM0011654,ORD004707,PROD0134,4,192.47
ITEM0011655,ORD004707,PROD0028,5,463.5
ITEM0011656,ORD004707,PROD0144,5,105.68
ITEM0011657,ORD004708,PROD0032,1,172.77
ITEM0011658,ORD004708,PROD0040,3,508.7
ITEM0011659,ORD004708,PROD0104,4,66.01
ITEM0011660,ORD004709,PROD0058,5,356.49
ITEM0011661,ORD004710,PROD0026,4,585.88
ITEM0011662,ORD004711,PROD0059,1,254.01
ITEM0011663,ORD004711,PROD0122,4,484.26
ITEM0011664,ORD004711,PROD0077,4,286.06
ITEM0011665,ORD004711,PROD0131,4,130.48
ITEM0011666,ORD004712,PROD0034,1,303.7
ITEM0011667,ORD004712,PROD0149,4,139.28
ITEM0011668,ORD004712,PROD0081,4,318.7
ITEM0011669,ORD004712,PROD0132,3,316.5
ITEM0011670,ORD004713,PROD0080,3,392.58
ITEM0011671,ORD004713,PROD0069,5,619.75
ITEM0011672,ORD004713,PROD0035,3,27.57
ITEM0011673,ORD004714,PROD0045,4,66.57
ITEM0011674,ORD004715,PROD0095,3,271.32
ITEM0011675,ORD004715,PROD0045,5,66.57
ITEM0011676,ORD004715,PROD0081,1,318.7
ITEM0011677,ORD004716,PROD0007,3,248.82
ITEM0011678,ORD004716,PROD0101,3,182.81
ITEM0011679,ORD004716,PROD0055,4,408.1
ITEM0011680,ORD004717,PROD0112,3,308.35
ITEM0011681,ORD004717,PROD0061,2,683.51
ITEM0011682,ORD004718,PROD0035,2,27.57
ITEM0011683,ORD004718,PROD0090,2,51.56
ITEM0011684,ORD004718,PROD0022,4,380.56
ITEM0011685,ORD004719,PROD0129,2,246.64
ITEM0011686,ORD004719,PROD0120,3,261.92
ITEM0011687,ORD004719,PROD0067,1,363.03
ITEM0011688,ORD004720,PROD0062,1,355.88
ITEM0011689,ORD004720,PROD0048,5,277.49
ITEM0011690,ORD004721,PROD0073,2,241.62
ITEM0011691,ORD004721,PROD0139,2,135.03
ITEM0011692,ORD004721,PROD0003,3,4.27
ITEM0011693,ORD004721,PROD0044,2,474.28
ITEM0011694,ORD004722,PROD0150,5,88.94
ITEM0011695,ORD004722,PROD0019,3,443.45
ITEM0011696,ORD004722,PROD0101,5,182.81
ITEM0011697,ORD004723,PROD0002,3,112.42
ITEM0011698,ORD004724,PROD0052,3,436.28
ITEM0011699,ORD004724,PROD0063,4,665.26
ITEM0011700,ORD004725,PROD0006,4,98.27
ITEM0011701,ORD004725,PROD0134,5,192.47
ITEM0011702,ORD004725,PROD0070,1,271.29
ITEM0011703,ORD004726,PROD0073,4,241.62
ITEM0011704,ORD004727,PROD0111,5,408.22
ITEM0011705,ORD004727,PROD0029,4,93.87
ITEM0011706,ORD004728,PROD0009,1,138.45
ITEM0011707,ORD004728,PROD0024,2,594.24
ITEM0011708,ORD004729,PROD0035,2,27.57
ITEM0011709,ORD004729,PROD0022,3,380.56
ITEM0011710,ORD004729,PROD0021,4,487.35
ITEM0011711,ORD004730,PROD0038,5,216.74
ITEM0011712,ORD004730,PROD0113,4,320.56
ITEM0011713,ORD004730,PROD0108,1,332.49
ITEM0011714,ORD004731,PROD0061,4,683.51
ITEM0011715,ORD004732,PROD0017,4,234.28
ITEM0011716,ORD004732,PROD0067,4,363.03
ITEM0011717,ORD004732,PROD0056,3,249.02
ITEM0011718,ORD004733,PROD0122,5,484.26
ITEM0011719,ORD004733,PROD0032,1,172.77
ITEM0011720,ORD004733,PROD0048,1,277.49
ITEM0011721,ORD004733,PROD0082,1,196.55
ITEM0011722,ORD004734,PROD0149,4,139.28
ITEM0011723,ORD004734,PROD0118,3,58.39
ITEM0011724,ORD004734,PROD0066,5,370.45
ITEM0011725,ORD004734,PROD0016,3,30.39
ITEM0011726,ORD004735,PROD0079,-1,61.84
ITEM0011727,ORD004735,PROD0105,1,308.26
ITEM0011728,ORD004735,PROD0140,3,496.11
ITEM0011729,ORD004736,PROD0145,4,359.48
ITEM0011730,ORD004736,PROD0108,2,332.49
ITEM0011731,ORD004736,PROD0035,2,27.57
ITEM0011732,ORD004737,PROD0088,5,51.09
ITEM0011733,ORD004737,PROD0048,5,277.49
ITEM0011734,ORD004737,PROD0101,1,182.81
ITEM0011735,ORD004737,PROD0107,5,462.67
ITEM0011736,ORD004738,PROD0097,2,53.1
ITEM0011737,ORD004739,PROD0087,2,193.52
ITEM0011738,ORD004739,PROD0031,5,15.13
ITEM0011739,ORD004740,PROD0097,2,53.1
ITEM0011740,ORD004741,PROD0045,1,66.57
ITEM0011741,ORD004741,PROD0009,2,138.45
ITEM0011742,ORD004741,PROD0101,4,182.81
ITEM0011743,ORD004742,PROD0087,4,193.52
ITEM0011744,ORD004742,PROD0002,2,112.42
ITEM0011745,ORD004743,PROD0062,3,355.88
ITEM0011746,ORD004744,PROD0004,2,129.15
ITEM0011747,ORD004745,PROD0144,3,105.68
ITEM0011748,ORD004745,PROD0022,3,380.56
ITEM0011749,ORD004746,PROD0065,1,153.97
ITEM0011750,ORD004746,PROD0003,5,4.27
ITEM0011751,ORD004746,PROD0002,1,112.42
ITEM0011752,ORD004746,PROD0074,2,122.74
ITEM0011753,ORD004747,PROD0021,1,487.35
ITEM0011754,ORD004747,PROD0052,5,436.28
ITEM0011755,ORD004747,PROD0010,5,488.99
ITEM0011756,ORD004748,PROD0108,2,332.49
ITEM0011757,ORD004749,PROD0079,3,61.84
ITEM0011758,ORD004749,PROD0143,2,453.59
ITEM0011759,ORD004749,PROD0024,2,594.24
ITEM0011760,ORD004750,PROD0078,3,57.56
ITEM0011761,ORD004750,PROD0127,5,9.71
ITEM0011762,ORD004751,PROD0091,4,161.11
ITEM0011763,ORD004751,PROD0019,5,443.45
ITEM0011764,ORD004751,PROD0059,4,254.01
ITEM0011765,ORD004752,PROD0026,4,585.88
ITEM0011766,ORD004752,PROD0118,2,58.39
ITEM0011767,ORD004752,PROD0132,4,316.5
ITEM0011768,ORD004753,PROD0014,3,16.7
ITEM0011769,ORD004753,PROD0053,5,292.19
ITEM0011770,ORD004754,PROD0137,2,447.4
ITEM0011771,ORD004754,PROD0059,2,254.01
ITEM0011772,ORD004755,PROD0035,4,27.57
ITEM0011773,ORD004755,PROD0072,3,226.81
ITEM0011774,ORD004755,PROD0051,5,294.17
ITEM0011775,ORD004756,PROD0019,4,443.45
ITEM0011776,ORD004757,PROD0103,5,305.68
ITEM0011777,ORD004757,PROD0034,5,303.7
ITEM0011778,ORD004757,PROD0030,5,314.5
ITEM0011779,ORD004757,PROD0029,5,93.87
ITEM0011780,ORD004758,PROD0038,5,216.74
ITEM0011781,ORD004758,PROD0065,4,153.97
ITEM0011782,ORD004758,PROD0074,1,122.74
ITEM0011783,ORD004758,PROD0017,5,234.28
ITEM0011784,ORD004759,PROD0065,1,153.97
ITEM0011785,ORD004759,PROD0057,5,632.78
ITEM0011786,ORD004760,PROD0041,3,438.01
ITEM0011787,ORD004760,PROD0054,2,135.13
ITEM0011788,ORD004761,PROD0114,5,45.61
ITEM0011789,ORD004761,PROD0027,2,356.31
ITEM0011790,ORD004761,PROD0060,4,497.77
ITEM0011791,ORD004762,PROD0003,3,4.27
ITEM0011792,ORD004762,PROD0060,1,497.77
ITEM0011793,ORD004762,PROD0102,3,266.91
ITEM0011794,ORD004763,PROD0117,4,130.11
ITEM0011795,ORD004763,PROD0109,3,126.44
ITEM0011796,ORD004763,PROD0094,1,393.51
ITEM0011797,ORD004763,PROD0017,4,234.28
ITEM0011798,ORD004764,PROD0002,1,112.42
ITEM0011799,ORD004764,PROD0008,1,174.9
ITEM0011800,ORD004765,PROD0036,2,33.3
ITEM0011801,ORD004765,PROD0130,3,421.1
ITEM0011802,ORD004766,PROD0097,4,53.1
ITEM0011803,ORD004767,PROD0105,1,308.26
ITEM0011804,ORD004767,PROD0078,5,57.56
ITEM0011805,ORD004767,PROD0080,1,392.58
ITEM0011806,ORD004767,PROD0095,5,271.32
ITEM0011807,ORD004768,PROD0085,4,602.46
ITEM0011808,ORD004768,PROD0084,2,464.44
ITEM0011809,ORD004768,PROD0011,2,325.01
ITEM0011810,ORD004769,PROD0014,1,16.7
ITEM0011811,ORD004770,PROD0013,5,196.91
ITEM0011812,ORD004770,PROD0058,2,356.49
ITEM0011813,ORD004770,PROD0111,4,408.22
ITEM0011814,ORD004770,PROD0066,5,370.45
ITEM0011815,ORD004771,PROD0149,3,139.28
ITEM0011816,ORD004771,PROD0060,2,497.77
ITEM0011817,ORD004771,PROD0076,2,277.07
ITEM0011818,ORD004771,PROD0129,1,246.64
ITEM0011819,ORD004772,PROD0141,4,19.31
ITEM0011820,ORD004772,PROD0018,1,119.66
ITEM0011821,ORD004772,PROD0081,3,318.7
ITEM0011822,ORD004773,PROD0146,1,292.2
ITEM0011823,ORD004773,PROD0139,1,135.03
ITEM0011824,ORD004773,PROD0069,5,619.75
ITEM0011825,ORD004773,PROD0131,1,130.48
ITEM0011826,ORD004774,PROD0135,3,427.2
ITEM0011827,ORD004774,PROD0061,1,683.51
ITEM0011828,ORD004774,PROD0039,3,410.66
ITEM0011829,ORD004774,PROD0035,2,27.57
ITEM0011830,ORD004775,PROD0074,5,122.74
ITEM0011831,ORD004775,PROD0037,5,540.32
ITEM0011832,ORD004775,PROD0101,1,182.81
ITEM0011833,ORD004776,PROD0142,4,347.19
ITEM0011834,ORD004776,PROD0049,3,106.04
ITEM0011835,ORD004776,PROD0010,2,488.99
ITEM0011836,ORD004777,PROD0075,3,383.73
ITEM0011837,ORD004777,PROD0143,3,453.59
ITEM0011838,ORD004778,PROD0011,2,325.01
ITEM0011839,ORD004778,PROD0029,2,93.87
ITEM0011840,ORD004778,PROD0134,3,192.47
ITEM0011841,ORD004778,PROD0055,3,408.1
ITEM0011842,ORD004779,PROD0096,1,321.49
ITEM0011843,ORD004779,PROD0022,3,380.56
ITEM0011844,ORD004779,PROD0016,5,30.39
ITEM0011845,ORD004779,PROD0037,4,540.32
ITEM0011846,ORD004780,PROD0141,3,-19.31
ITEM0011847,ORD004781,PROD0057,3,632.78
ITEM0011848,ORD004781,PROD0095,2,271.32
ITEM0011849,ORD004781,PROD0083,3,306.64
ITEM0011850,ORD004782,PROD0037,5,540.32
ITEM0011851,ORD004782,PROD0093,4,573.11
ITEM0011852,ORD004783,PROD0026,1,585.88
ITEM0011853,ORD004784,PROD0064,3,411.35
ITEM0011854,ORD004784,PROD0091,3,161.11
ITEM0011855,ORD004785,PROD0080,4,392.58
ITEM0011856,ORD004785,PROD0026,3,585.88
ITEM0011857,ORD004785,PROD0045,2,66.57
ITEM0011858,ORD004785,PROD0021,5,487.35
ITEM0011859,ORD004786,PROD0013,5,196.91
ITEM0011860,ORD004786,PROD0098,1,351.41
ITEM0011861,ORD004786,PROD0014,1,16.7
ITEM0011862,ORD004786,PROD0118,1,58.39
ITEM0011863,ORD004787,PROD0148,1,427.66
ITEM0011864,ORD004787,PROD0137,2,447.4
ITEM0011865,ORD004787,PROD0093,5,573.11
ITEM0011866,ORD004788,PROD0085,3,602.46
ITEM0011867,ORD004788,PROD0003,5,4.27
ITEM0011868,ORD004788,PROD0021,4,487.35
ITEM0011869,ORD004789,PROD0149,4,139.28
ITEM0011870,ORD004789,PROD0055,3,408.1
ITEM0011871,ORD004789,PROD0048,5,277.49
ITEM0011872,ORD004789,PROD0069,5,619.75
ITEM0011873,ORD004790,PROD0097,1,53.1
ITEM0011874,ORD004790,PROD0146,3,292.2
ITEM0011875,ORD004790,PROD0050,3,235.27
ITEM0011876,ORD004790,PROD0014,5,16.7
ITEM0011877,ORD004791,PROD0022,4,380.56
ITEM0011878,ORD004791,PROD0041,5,438.01
ITEM0011879,ORD004791,PROD0097,2,53.1
ITEM0011880,ORD004792,PROD0006,1,98.27
ITEM0011881,ORD004792,PROD0143,4,453.59
ITEM0011882,ORD004792,PROD0101,1,182.81
ITEM0011883,ORD004792,PROD0110,1,39.23
ITEM0011884,ORD004793,PROD0125,1,377.98
ITEM0011885,ORD004794,PROD0077,1,286.06
ITEM0011886,ORD004794,PROD0006,1,98.27
ITEM0011887,ORD004794,PROD0068,4,422.88
ITEM0011888,ORD004794,PROD0120,4,261.92
ITEM0011889,ORD004795,PROD0004,2,129.15
ITEM0011890,ORD004795,PROD0020,1,124.89
ITEM0011891,ORD004796,PROD0004,2,129.15
ITEM0011892,ORD004796,PROD0089,4,289.58
ITEM0011893,ORD004796,PROD0011,5,325.01
ITEM0011894,ORD004796,PROD0141,2,19.31
ITEM0011895,ORD004797,PROD0076,2,277.07
ITEM0011896,ORD004797,PROD0147,2,570.65
ITEM0011897,ORD004797,PROD0051,2,294.17
ITEM0011898,ORD004797,PROD0136,5,485.57
ITEM0011899,ORD004798,PROD0035,4,27.57
ITEM0011900,ORD004798,PROD0039,2,410.66
ITEM0011901,ORD004799,PROD0129,3,246.64
ITEM0011902,ORD004799,PROD0010,5,488.99
ITEM0011903,ORD004799,PROD0100,1,208.15
ITEM0011904,ORD004800,PROD0133,1,317.22
ITEM0011905,ORD004801,PROD0076,4,277.07
ITEM0011906,ORD004802,PROD0061,3,683.51
ITEM0011907,ORD004802,PROD0120,3,261.92
ITEM0011908,ORD004802,PROD0118,3,58.39
ITEM0011909,ORD004803,PROD0064,1,411.35
ITEM0011910,ORD004803,PROD0051,3,294.17
ITEM0011911,ORD004803,PROD0084,5,464.44
ITEM0011912,ORD004804,PROD0122,1,484.26
ITEM0011913,ORD004804,PROD0140,3,496.11
ITEM0011914,ORD004805,PROD0132,3,316.5
ITEM0011915,ORD004805,PROD0044,4,474.28
ITEM0011916,ORD004805,PROD0102,1,266.91
ITEM0011917,ORD004805,PROD0129,4,246.64
ITEM0011918,ORD004806,PROD0087,4,193.52
ITEM0011919,ORD004806,PROD0079,3,61.84
ITEM0011920,ORD004806,PROD0092,2,557.9
ITEM0011921,ORD004807,PROD0079,1,61.84
ITEM0011922,ORD004808,PROD0009,1,138.45
ITEM0011923,ORD004808,PROD0022,3,380.56
ITEM0011924,ORD004808,PROD0003,3,4.27
ITEM0011925,ORD004809,PROD0136,1,485.57
ITEM0011926,ORD004810,PROD0037,3,540.32
ITEM0011927,ORD004810,PROD0103,5,305.68
ITEM0011928,ORD004810,PROD0049,5,106.04
ITEM0011929,ORD004810,PROD0075,3,383.73
ITEM0011930,ORD004811,PROD0095,1,271.32
ITEM0011931,ORD004812,PROD0150,4,88.94
ITEM0011932,ORD004812,PROD0112,1,308.35
ITEM0011933,ORD004812,PROD0122,5,484.26
ITEM0011934,ORD004813,PROD0114,1,45.61
ITEM0011935,ORD004813,PROD0077,4,286.06
ITEM0011936,ORD004813,PROD0060,1,497.77
ITEM0011937,ORD004814,PROD0144,2,105.68
ITEM0011938,ORD004814,PROD0102,1,266.91
ITEM0011939,ORD004815,PROD0088,4,51.09
ITEM0011940,ORD004815,PROD0064,1,411.35
ITEM0011941,ORD004815,PROD0117,5,130.11
ITEM0011942,ORD004815,PROD0034,1,303.7
ITEM0011943,ORD004816,PROD0142,4,347.19
ITEM0011944,ORD004816,PROD0087,2,193.52
ITEM0011945,ORD004816,PROD0077,1,286.06
ITEM0011946,ORD004816,PROD0014,4,16.7
ITEM0011947,ORD004817,PROD0147,1,570.65
ITEM0011948,ORD004817,PROD0103,3,-305.68
ITEM0011949,ORD004817,PROD0117,3,130.11
ITEM0011950,ORD004817,PROD0040,4,508.7
ITEM0011951,ORD004818,PROD0072,4,226.81
ITEM0011952,ORD004819,PROD0143,2,453.59
ITEM0011953,ORD004819,PROD0121,5,287.5
ITEM0011954,ORD004820,PROD0081,3,318.7
ITEM0011955,ORD004821,PROD0135,3,427.2
ITEM0011956,ORD004821,PROD0109,1,126.44
ITEM0011957,ORD004821,PROD0125,1,377.98
ITEM0011958,ORD004821,PROD0073,1,241.62
ITEM0011959,ORD004822,PROD0028,4,463.5
ITEM0011960,ORD004822,PROD0001,4,342.2
ITEM0011961,ORD004822,PROD0013,3,196.91
ITEM0011962,ORD004823,PROD0072,3,226.81
ITEM0011963,ORD004823,PROD0023,2,414.75
ITEM0011964,ORD004824,PROD0062,1,355.88
ITEM0011965,ORD004824,PROD0135,5,427.2
ITEM0011966,ORD004824,PROD0015,3,442.7
ITEM0011967,ORD004825,PROD0007,2,248.82
ITEM0011968,ORD004826,PROD0019,2,443.45
ITEM0011969,ORD004826,PROD0134,3,192.47
ITEM0011970,ORD004826,PROD0146,2,292.2
ITEM0011971,ORD004826,PROD0066,2,370.45
ITEM0011972,ORD004827,PROD0039,3,410.66
ITEM0011973,ORD004827,PROD0040,5,-508.7
ITEM0011974,ORD004827,PROD0006,3,98.27
ITEM0011975,ORD004828,PROD0105,2,308.26
ITEM0011976,ORD004828,PROD0118,3,58.39
ITEM0011977,ORD004828,PROD0039,3,410.66
ITEM0011978,ORD004829,PROD0018,2,119.66
ITEM0011979,ORD004829,PROD0067,4,363.03
ITEM0011980,ORD004829,PROD0112,5,308.35
ITEM0011981,ORD004830,PROD0046,2,207.44
ITEM0011982,ORD004830,PROD0001,5,342.2
ITEM0011983,ORD004830,PROD0109,2,126.44
ITEM0011984,ORD004830,PROD0146,2,292.2
ITEM0011985,ORD004831,PROD0052,3,436.28
ITEM0011986,ORD004831,PROD0036,2,33.3
ITEM0011987,ORD004831,PROD0108,3,332.49
ITEM0011988,ORD004832,PROD0150,1,-88.94
ITEM0011989,ORD004832,PROD0146,1,292.2
ITEM0011990,ORD004833,PROD0150,1,88.94
ITEM0011991,ORD004834,PROD0055,5,408.1
ITEM0011992,ORD004835,PROD0046,3,207.44
ITEM0011993,ORD004835,PROD0125,5,377.98
ITEM0011994,ORD004835,PROD0013,5,196.91
ITEM0011995,ORD004835,PROD0049,2,106.04
ITEM0011996,ORD004836,PROD0075,4,383.73
ITEM0011997,ORD004836,PROD0047,5,288.09
ITEM0011998,ORD004836,PROD0039,2,410.66
ITEM0011999,ORD004836,PROD0084,5,464.44
ITEM0012000,ORD004837,PROD0018,5,119.66
ITEM0012001,ORD004838,PROD0045,1,66.57
ITEM0012002,ORD004838,PROD0064,2,411.35
ITEM0012003,ORD004838,PROD0088,3,51.09
ITEM0012004,ORD004838,PROD0108,5,332.49
ITEM0012005,ORD004839,PROD0075,5,383.73
ITEM0012006,ORD004839,PROD0079,2,61.84
ITEM0012007,ORD004839,PROD0100,3,208.15
ITEM0012008,ORD004840,PROD0121,4,287.5
ITEM0012009,ORD004841,PROD0102,3,266.91
ITEM0012010,ORD004842,PROD0077,1,286.06
ITEM0012011,ORD004843,PROD0082,3,196.55
ITEM0012012,ORD004844,PROD0067,5,363.03
ITEM0012013,ORD004844,PROD0126,5,263.88
ITEM0012014,ORD004845,PROD0130,5,421.1
ITEM0012015,ORD004845,PROD0083,2,306.64
ITEM0012016,ORD004845,PROD0022,4,380.56
ITEM0012017,ORD004846,PROD0067,5,363.03
ITEM0012018,ORD004846,PROD0126,4,263.88
ITEM0012019,ORD004847,PROD0137,4,447.4
ITEM0012020,ORD004848,PROD0137,3,447.4
ITEM0012021,ORD004848,PROD0104,4,66.01
ITEM0012022,ORD004848,PROD0018,4,119.66
ITEM0012023,ORD004848,PROD0025,4,23.62
ITEM0012024,ORD004849,PROD0035,1,27.57
ITEM0012025,ORD004849,PROD0089,4,289.58
ITEM0012026,ORD004850,PROD0082,2,196.55
ITEM0012027,ORD004850,PROD0147,3,570.65
ITEM0012028,ORD004851,PROD0084,1,464.44
ITEM0012029,ORD004851,PROD0031,1,15.13
ITEM0012030,ORD004851,PROD0027,5,356.31
ITEM0012031,ORD004851,PROD0118,4,58.39
ITEM0012032,ORD004852,PROD0099,5,386.23
ITEM0012033,ORD004852,PROD0001,4,342.2
ITEM0012034,ORD004852,PROD0047,5,288.09
ITEM0012035,ORD004852,PROD0113,3,320.56
ITEM0012036,ORD004853,PROD0015,1,442.7
ITEM0012037,ORD004854,PROD0080,4,392.58
ITEM0012038,ORD004854,PROD0034,1,303.7
ITEM0012039,ORD004854,PROD0037,4,540.32
ITEM0012040,ORD004854,PROD0024,1,594.24
ITEM0012041,ORD004855,PROD0064,5,411.35
ITEM0012042,ORD004855,PROD0114,5,45.61
ITEM0012043,ORD004855,PROD0038,2,216.74
ITEM0012044,ORD004856,PROD0024,3,594.24
ITEM0012045,ORD004857,PROD0072,1,226.81
ITEM0012046,ORD004857,PROD0048,2,277.49
ITEM0012047,ORD004858,PROD0025,3,23.62
ITEM0012048,ORD004858,PROD0067,1,363.03
ITEM0012049,ORD004859,PROD0040,3,508.7
ITEM0012050,ORD004860,PROD0056,1,249.02
ITEM0012051,ORD004860,PROD0047,1,288.09
ITEM0012052,ORD004860,PROD0045,1,66.57
ITEM0012053,ORD004861,PROD0104,4,66.01
ITEM0012054,ORD004862,PROD0012,4,589.04
ITEM0012055,ORD004863,PROD0093,4,573.11
ITEM0012056,ORD004863,PROD0109,1,126.44
ITEM0012057,ORD004864,PROD0114,3,45.61
ITEM0012058,ORD004865,PROD0025,-1,23.62
ITEM0012059,ORD004865,PROD0084,1,464.44
ITEM0012060,ORD004865,PROD0023,1,414.75
ITEM0012061,ORD004865,PROD0059,5,254.01
ITEM0012062,ORD004866,PROD0094,4,393.51
ITEM0012063,ORD004867,PROD0010,1,488.99
ITEM0012064,ORD004867,PROD0116,4,366.52
ITEM0012065,ORD004867,PROD0145,1,359.48
ITEM0012066,ORD004868,PROD0043,1,251.98
ITEM0012067,ORD004868,PROD0146,1,292.2
ITEM0012068,ORD004869,PROD0036,2,33.3
ITEM0012069,ORD004869,PROD0022,3,380.56
ITEM0012070,ORD004870,PROD0013,3,196.91
ITEM0012071,ORD004870,PROD0100,2,208.15
ITEM0012072,ORD004870,PROD0105,3,308.26
ITEM0012073,ORD004871,PROD0003,1,4.27
ITEM0012074,ORD004871,PROD0104,4,66.01
ITEM0012075,ORD004871,PROD0138,3,43.7
ITEM0012076,ORD004871,PROD0040,2,508.7
ITEM0012077,ORD004872,PROD0103,4,305.68
ITEM0012078,ORD004872,PROD0059,5,254.01
ITEM0012079,ORD004872,PROD0146,3,292.2
ITEM0012080,ORD004872,PROD0031,1,15.13
ITEM0012081,ORD004873,PROD0077,4,286.06
ITEM0012082,ORD004873,PROD0029,2,93.87
ITEM0012083,ORD004873,PROD0111,4,408.22
ITEM0012084,ORD004874,PROD0143,4,453.59
ITEM0012085,ORD004875,PROD0003,1,4.27
ITEM0012086,ORD004875,PROD0138,4,43.7
ITEM0012087,ORD004875,PROD0091,1,161.11
ITEM0012088,ORD004876,PROD0106,5,508.9
ITEM0012089,ORD004876,PROD0002,2,112.42
ITEM0012090,ORD004876,PROD0086,5,203.78
ITEM0012091,ORD004876,PROD0148,3,427.66
ITEM0012092,ORD004877,PROD0041,5,438.01
ITEM0012093,ORD004878,PROD0130,1,421.1
ITEM0012094,ORD004878,PROD0145,5,359.48
ITEM0012095,ORD004879,PROD0086,1,203.78
ITEM0012096,ORD004879,PROD0005,4,196.98
ITEM0012097,ORD004879,PROD0011,2,325.01
ITEM0012098,ORD004879,PROD0064,2,411.35
ITEM0012099,ORD004880,PROD0075,2,383.73
ITEM0012100,ORD004880,PROD0134,2,192.47
ITEM0012101,ORD004880,PROD0100,1,208.15
ITEM0012102,ORD004880,PROD0013,4,196.91
ITEM0012103,ORD004881,PROD0096,5,321.49
ITEM0012104,ORD004881,PROD0127,3,-9.71
ITEM0012105,ORD004881,PROD0119,3,103.02
ITEM0012106,ORD004882,PROD0113,4,320.56
ITEM0012107,ORD004882,PROD0038,4,216.74
ITEM0012108,ORD004883,PROD0121,3,287.5
ITEM0012109,ORD004883,PROD0038,5,216.74
ITEM0012110,ORD004883,PROD0134,4,192.47
ITEM0012111,ORD004883,PROD0046,2,207.44
ITEM0012112,ORD004884,PROD0040,3,508.7
ITEM0012113,ORD004884,PROD0076,4,277.07
ITEM0012114,ORD004884,PROD0032,4,172.77
ITEM0012115,ORD004884,PROD0092,2,557.9
ITEM0012116,ORD004885,PROD0086,3,203.78
ITEM0012117,ORD004885,PROD0087,5,193.52
ITEM0012118,ORD004885,PROD0017,2,234.28
ITEM0012119,ORD004886,PROD0028,2,463.5
ITEM0012120,ORD004886,PROD0093,4,573.11
ITEM0012121,ORD004887,PROD0109,4,126.44
ITEM0012122,ORD004888,PROD0120,4,261.92
ITEM0012123,ORD004888,PROD0085,4,602.46
ITEM0012124,ORD004888,PROD0106,2,508.9
ITEM0012125,ORD004888,PROD0097,1,53.1
ITEM0012126,ORD004889,PROD0071,3,402.73
ITEM0012127,ORD004889,PROD0121,1,287.5
ITEM0012128,ORD004890,PROD0110,1,39.23
ITEM0012129,ORD004891,PROD0135,3,427.2
ITEM0012130,ORD004891,PROD0103,5,305.68
ITEM0012131,ORD004891,PROD0022,2,380.56
ITEM0012132,ORD004892,PROD0139,1,135.03
ITEM0012133,ORD004892,PROD0068,1,422.88
ITEM0012134,ORD004893,PROD0023,3,414.75
ITEM0012135,ORD004894,PROD0100,5,208.15
ITEM0012136,ORD004895,PROD0103,3,305.68
ITEM0012137,ORD004895,PROD0128,-2,403.21
ITEM0012138,ORD004895,PROD0006,1,98.27
ITEM0012139,ORD004896,PROD0002,1,112.42
ITEM0012140,ORD004896,PROD0103,4,305.68
ITEM0012141,ORD004896,PROD0048,1,277.49
ITEM0012142,ORD004896,PROD0016,5,30.39
ITEM0012143,ORD004897,PROD0058,3,356.49
ITEM0012144,ORD004897,PROD0072,3,226.81
ITEM0012145,ORD004897,PROD0090,5,51.56
ITEM0012146,ORD004897,PROD0103,3,305.68
ITEM0012147,ORD004898,PROD0034,4,303.7
ITEM0012148,ORD004898,PROD0007,2,248.82
ITEM0012149,ORD004898,PROD0121,3,287.5
ITEM0012150,ORD004899,PROD0011,4,325.01
ITEM0012151,ORD004899,PROD0032,4,172.77
ITEM0012152,ORD004899,PROD0088,1,51.09
ITEM0012153,ORD004899,PROD0117,5,130.11
ITEM0012154,ORD004900,PROD0021,4,487.35
ITEM0012155,ORD004900,PROD0110,3,39.23
ITEM0012156,ORD004900,PROD0147,4,570.65
ITEM0012157,ORD004900,PROD0058,3,356.49
ITEM0012158,ORD004901,PROD0086,1,203.78
ITEM0012159,ORD004901,PROD0117,1,130.11
ITEM0012160,ORD004901,PROD0004,2,129.15
ITEM0012161,ORD004902,PROD0020,5,124.89
ITEM0012162,ORD004902,PROD0059,4,254.01
ITEM0012163,ORD004902,PROD0031,1,15.13
ITEM0012164,ORD004902,PROD0134,5,192.47
ITEM0012165,ORD004903,PROD0084,3,464.44
ITEM0012166,ORD004903,PROD0036,3,33.3
ITEM0012167,ORD004904,PROD0072,5,226.81
ITEM0012168,ORD004904,PROD0071,5,402.73
ITEM0012169,ORD004904,PROD0001,5,342.2
ITEM0012170,ORD004905,PROD0049,5,106.04
ITEM0012171,ORD004905,PROD0003,4,4.27
ITEM0012172,ORD004905,PROD0130,1,421.1
ITEM0012173,ORD004905,PROD0061,2,683.51
ITEM0012174,ORD004906,PROD0046,4,207.44
ITEM0012175,ORD004907,PROD0067,4,363.03
ITEM0012176,ORD004907,PROD0125,3,377.98
ITEM0012177,ORD004907,PROD0004,2,129.15
ITEM0012178,ORD004908,PROD0129,5,246.64
ITEM0012179,ORD004909,PROD0128,2,403.21
ITEM0012180,ORD004909,PROD0136,5,485.57
ITEM0012181,ORD004909,PROD0039,1,410.66
ITEM0012182,ORD004909,PROD0144,1,105.68
ITEM0012183,ORD004910,PROD0149,2,139.28
ITEM0012184,ORD004910,PROD0057,2,632.78
ITEM0012185,ORD004911,PROD0039,3,410.66
ITEM0012186,ORD004911,PROD0135,5,427.2
ITEM0012187,ORD004911,PROD0085,3,602.46
ITEM0012188,ORD004911,PROD0129,5,246.64
ITEM0012189,ORD004912,PROD0094,1,393.51
ITEM0012190,ORD004913,PROD0020,1,124.89
ITEM0012191,ORD004913,PROD0135,-2,427.2
ITEM0012192,ORD004913,PROD0113,3,320.56
ITEM0012193,ORD004913,PROD0022,4,380.56
ITEM0012194,ORD004914,PROD0079,5,61.84
ITEM0012195,ORD004914,PROD0141,4,19.31
ITEM0012196,ORD004914,PROD0127,1,9.71
ITEM0012197,ORD004915,PROD0140,1,496.11
ITEM0012198,ORD004915,PROD0048,1,277.49
ITEM0012199,ORD004915,PROD0130,2,421.1
ITEM0012200,ORD004916,PROD0033,5,-470.6
ITEM0012201,ORD004916,PROD0030,5,314.5
ITEM0012202,ORD004916,PROD0125,5,377.98
ITEM0012203,ORD004916,PROD0034,3,303.7
ITEM0012204,ORD004917,PROD0034,4,303.7
ITEM0012205,ORD004917,PROD0008,5,174.9
ITEM0012206,ORD004918,PROD0099,2,386.23
ITEM0012207,ORD004918,PROD0147,3,570.65
ITEM0012208,ORD004918,PROD0055,3,408.1
ITEM0012209,ORD004919,PROD0091,1,161.11
ITEM0012210,ORD004920,PROD0060,4,497.77
ITEM0012211,ORD004920,PROD0096,3,321.49
ITEM0012212,ORD004920,PROD0004,2,129.15
ITEM0012213,ORD004920,PROD0046,1,207.44
ITEM0012214,ORD004921,PROD0130,1,421.1
ITEM0012215,ORD004921,PROD0116,2,366.52
ITEM0012216,ORD004922,PROD0054,2,135.13
ITEM0012217,ORD004922,PROD0040,4,508.7
ITEM0012218,ORD004923,PROD0108,4,332.49
ITEM0012219,ORD004923,PROD0001,4,342.2
ITEM0012220,ORD004923,PROD0116,2,366.52
ITEM0012221,ORD004923,PROD0137,1,447.4
ITEM0012222,ORD004924,PROD0064,2,411.35
ITEM0012223,ORD004924,PROD0023,3,414.75
ITEM0012224,ORD004925,PROD0033,1,470.6
ITEM0012225,ORD004925,PROD0052,2,436.28
ITEM0012226,ORD004925,PROD0020,5,124.89
ITEM0012227,ORD004926,PROD0099,1,386.23
ITEM0012228,ORD004926,PROD0084,1,464.44
ITEM0012229,ORD004926,PROD0088,2,51.09
ITEM0012230,ORD004927,PROD0021,3,487.35
ITEM0012231,ORD004928,PROD0076,4,277.07
ITEM0012232,ORD004929,PROD0039,5,410.66
ITEM0012233,ORD004929,PROD0129,2,246.64
ITEM0012234,ORD004930,PROD0144,4,105.68
ITEM0012235,ORD004930,PROD0007,5,248.82
ITEM0012236,ORD004930,PROD0083,2,306.64
ITEM0012237,ORD004931,PROD0024,4,594.24
ITEM0012238,ORD004931,PROD0022,2,380.56
ITEM0012239,ORD004931,PROD0014,4,16.7
ITEM0012240,ORD004931,PROD0115,3,431.33
ITEM0012241,ORD004932,PROD0119,2,103.02
ITEM0012242,ORD004932,PROD0028,5,463.5
ITEM0012243,ORD004932,PROD0114,5,45.61
ITEM0012244,ORD004933,PROD0065,4,153.97
ITEM0012245,ORD004933,PROD0104,5,66.01
ITEM0012246,ORD004934,PROD0033,1,470.6
ITEM0012247,ORD004934,PROD0127,1,9.71
ITEM0012248,ORD004934,PROD0072,4,226.81
ITEM0012249,ORD004934,PROD0111,1,408.22
ITEM0012250,ORD004935,PROD0050,2,235.27
ITEM0012251,ORD004935,PROD0058,3,356.49
ITEM0012252,ORD004935,PROD0133,4,317.22
ITEM0012253,ORD004935,PROD0026,1,585.88
ITEM0012254,ORD004936,PROD0027,3,356.31
ITEM0012255,ORD004936,PROD0117,1,130.11
ITEM0012256,ORD004936,PROD0052,-3,436.28
ITEM0012257,ORD004936,PROD0003,1,4.27
ITEM0012258,ORD004937,PROD0126,4,263.88
ITEM0012259,ORD004937,PROD0032,4,172.77
ITEM0012260,ORD004937,PROD0123,1,95.95
ITEM0012261,ORD004938,PROD0069,2,619.75
ITEM0012262,ORD004938,PROD0117,1,130.11
ITEM0012263,ORD004938,PROD0122,2,484.26
ITEM0012264,ORD004939,PROD0128,1,403.21
ITEM0012265,ORD004939,PROD0081,1,318.7
ITEM0012266,ORD004940,PROD0071,4,402.73
ITEM0012267,ORD004940,PROD0104,1,66.01
ITEM0012268,ORD004940,PROD0091,4,161.11
ITEM0012269,ORD004940,PROD0122,4,484.26
ITEM0012270,ORD004941,PROD0143,2,453.59
ITEM0012271,ORD004941,PROD0015,4,442.7
ITEM0012272,ORD004941,PROD0031,5,15.13
ITEM0012273,ORD004941,PROD0082,5,196.55
ITEM0012274,ORD004942,PROD0104,4,66.01
ITEM0012275,ORD004943,PROD0058,2,356.49
ITEM0012276,ORD004944,PROD0066,2,370.45
ITEM0012277,ORD004945,PROD0083,2,306.64
ITEM0012278,ORD004945,PROD0077,4,286.06
ITEM0012279,ORD004945,PROD0085,1,602.46
ITEM0012280,ORD004945,PROD0139,2,135.03
ITEM0012281,ORD004946,PROD0135,4,427.2
ITEM0012282,ORD004946,PROD0016,5,30.39
ITEM0012283,ORD004946,PROD0003,2,4.27
ITEM0012284,ORD004947,PROD0008,5,174.9
ITEM0012285,ORD004948,PROD0082,1,196.55
ITEM0012286,ORD004948,PROD0127,4,9.71
ITEM0012287,ORD004949,PROD0093,4,573.11
ITEM0012288,ORD004950,PROD0138,4,43.7
ITEM0012289,ORD004950,PROD0098,3,351.41
ITEM0012290,ORD004950,PROD0011,5,325.01
ITEM0012291,ORD004950,PROD0057,5,632.78
ITEM0012292,ORD004951,PROD0028,1,463.5
ITEM0012293,ORD004951,PROD0122,3,484.26
ITEM0012294,ORD004951,PROD0141,3,19.31
ITEM0012295,ORD004951,PROD0054,5,135.13
ITEM0012296,ORD004952,PROD0082,1,196.55
ITEM0012297,ORD004952,PROD0138,2,43.7
ITEM0012298,ORD004952,PROD0054,2,135.13
ITEM0012299,ORD004952,PROD0050,4,235.27
ITEM0012300,ORD004953,PROD0026,5,585.88
ITEM0012301,ORD004953,PROD0097,2,53.1
ITEM0012302,ORD004953,PROD0048,1,277.49
ITEM0012303,ORD004953,PROD0037,1,540.32
ITEM0012304,ORD004954,PROD0110,5,39.23
ITEM0012305,ORD004954,PROD0045,3,66.57
ITEM0012306,ORD004955,PROD0121,3,287.5
ITEM0012307,ORD004955,PROD0028,2,-463.5
ITEM0012308,ORD004955,PROD0146,4,292.2
ITEM0012309,ORD004955,PROD0107,5,462.67
ITEM0012310,ORD004956,PROD0112,1,308.35
ITEM0012311,ORD004956,PROD0099,3,386.23
ITEM0012312,ORD004956,PROD0046,2,207.44
ITEM0012313,ORD004956,PROD0148,1,427.66
ITEM0012314,ORD004957,PROD0034,3,303.7
ITEM0012315,ORD004957,PROD0003,2,4.27
ITEM0012316,ORD004958,PROD0072,3,226.81
ITEM0012317,ORD004958,PROD0131,2,130.48
ITEM0012318,ORD004958,PROD0136,4,485.57
ITEM0012319,ORD004958,PROD0046,1,207.44
ITEM0012320,ORD004959,PROD0036,2,33.3
ITEM0012321,ORD004959,PROD0120,3,261.92
ITEM0012322,ORD004959,PROD0045,1,66.57
ITEM0012323,ORD004960,PROD0034,5,303.7
ITEM0012324,ORD004960,PROD0033,4,470.6
ITEM0012325,ORD004960,PROD0005,5,196.98
ITEM0012326,ORD004960,PROD0105,3,308.26
ITEM0012327,ORD004961,PROD0147,1,570.65
ITEM0012328,ORD004961,PROD0011,4,325.01
ITEM0012329,ORD004962,PROD0063,2,665.26
ITEM0012330,ORD004962,PROD0073,4,241.62
ITEM0012331,ORD004963,PROD0056,2,249.02
ITEM0012332,ORD004964,PROD0083,2,306.64
ITEM0012333,ORD004965,PROD0010,3,488.99
ITEM0012334,ORD004965,PROD0117,4,130.11
ITEM0012335,ORD004966,PROD0060,5,497.77
ITEM0012336,ORD004966,PROD0034,3,303.7
ITEM0012337,ORD004966,PROD0045,2,66.57
ITEM0012338,ORD004966,PROD0032,2,172.77
ITEM0012339,ORD004967,PROD0112,1,308.35
ITEM0012340,ORD004968,PROD0102,1,266.91
ITEM0012341,ORD004969,PROD0017,5,234.28
ITEM0012342,ORD004969,PROD0106,1,508.9
ITEM0012343,ORD004969,PROD0099,3,386.23
ITEM0012344,ORD004969,PROD0150,2,88.94
ITEM0012345,ORD004970,PROD0132,1,316.5
ITEM0012346,ORD004970,PROD0076,1,277.07
ITEM0012347,ORD004970,PROD0046,4,207.44
ITEM0012348,ORD004970,PROD0119,4,103.02
ITEM0012349,ORD004971,PROD0097,4,53.1
ITEM0012350,ORD004971,PROD0022,1,380.56
ITEM0012351,ORD004972,PROD0095,5,271.32
ITEM0012352,ORD004972,PROD0028,1,463.5
ITEM0012353,ORD004973,PROD0075,1,383.73
ITEM0012354,ORD004973,PROD0018,2,119.66
ITEM0012355,ORD004973,PROD0030,1,314.5
ITEM0012356,ORD004974,PROD0001,2,342.2
ITEM0012357,ORD004974,PROD0125,2,377.98
ITEM0012358,ORD004974,PROD0045,1,66.57
ITEM0012359,ORD004974,PROD0108,5,332.49
ITEM0012360,ORD004975,PROD0034,1,303.7
ITEM0012361,ORD004975,PROD0070,5,271.29
ITEM0012362,ORD004976,PROD0065,4,153.97
ITEM0012363,ORD004976,PROD0117,2,130.11
ITEM0012364,ORD004977,PROD0069,3,619.75
ITEM0012365,ORD004978,PROD0034,5,303.7
ITEM0012366,ORD004978,PROD0118,3,58.39
ITEM0012367,ORD004978,PROD0142,4,347.19
ITEM0012368,ORD004978,PROD0043,3,251.98
ITEM0012369,ORD004979,PROD0107,2,462.67
ITEM0012370,ORD004979,PROD0075,3,383.73
ITEM0012371,ORD004979,PROD0051,2,294.17
ITEM0012372,ORD004980,PROD0100,3,208.15
ITEM0012373,ORD004981,PROD0070,2,271.29
ITEM0012374,ORD004981,PROD0031,1,15.13
ITEM0012375,ORD004981,PROD0056,2,249.02
ITEM0012376,ORD004982,PROD0050,5,235.27
ITEM0012377,ORD004982,PROD0068,1,422.88
ITEM0012378,ORD004983,PROD0106,2,508.9
ITEM0012379,ORD004983,PROD0126,5,263.88
ITEM0012380,ORD004984,PROD0099,1,386.23
ITEM0012381,ORD004984,PROD0059,2,-254.01
ITEM0012382,ORD004984,PROD0087,2,193.52
ITEM0012383,ORD004984,PROD0075,4,383.73
ITEM0012384,ORD004985,PROD0001,2,342.2
ITEM0012385,ORD004985,PROD0081,2,318.7
ITEM0012386,ORD004985,PROD0126,1,263.88
ITEM0012387,ORD004985,PROD0008,2,174.9
ITEM0012388,ORD004986,PROD0144,1,105.68
ITEM0012389,ORD004986,PROD0044,2,474.28
ITEM0012390,ORD004987,PROD0075,1,383.73
ITEM0012391,ORD004988,PROD0101,2,182.81
ITEM0012392,ORD004989,PROD0131,1,130.48
ITEM0012393,ORD004989,PROD0124,1,173.3
ITEM0012394,ORD004990,PROD0093,5,573.11
ITEM0012395,ORD004991,PROD0136,3,485.57
ITEM0012396,ORD004991,PROD0124,2,173.3
ITEM0012397,ORD004991,PROD0085,3,602.46
ITEM0012398,ORD004992,PROD0131,2,130.48
ITEM0012399,ORD004992,PROD0069,1,619.75
ITEM0012400,ORD004992,PROD0040,2,508.7
ITEM0012401,ORD004993,PROD0007,3,248.82
ITEM0012402,ORD004993,PROD0111,3,408.22
ITEM0012403,ORD004993,PROD0118,5,58.39
ITEM0012404,ORD004993,PROD0012,5,589.04
ITEM0012405,ORD004994,PROD0128,3,403.21
ITEM0012406,ORD004994,PROD0073,1,241.62
ITEM0012407,ORD004994,PROD0020,3,124.89
ITEM0012408,ORD004995,PROD0114,-5,45.61
ITEM0012409,ORD004995,PROD0062,5,355.88
ITEM0012410,ORD004995,PROD0146,5,292.2
ITEM0012411,ORD004996,PROD0100,5,208.15
ITEM0012412,ORD004996,PROD0141,5,19.31
ITEM0012413,ORD004996,PROD0078,2,57.56
ITEM0012414,ORD004996,PROD0026,2,585.88
ITEM0012415,ORD004997,PROD0147,5,570.65
ITEM0012416,ORD004997,PROD0082,3,196.55
ITEM0012417,ORD004998,PROD0061,2,-683.51
ITEM0012418,ORD004998,PROD0036,4,33.3
ITEM0012419,ORD004998,PROD0023,2,414.75
ITEM0012420,ORD004998,PROD0142,1,347.19
ITEM0012421,ORD004999,PROD0127,5,9.71
ITEM0012422,ORD004999,PROD0131,5,130.48
ITEM0012423,ORD004999,PROD0150,2,88.94
ITEM0012424,ORD004999,PROD0135,5,427.2
ITEM0012425,ORD005000,PROD0079,5,61.84
ITEM0012426,ORD005001,PROD0064,1,411.35
ITEM0012427,ORD005002,PROD0019,3,443.45
ITEM0012428,ORD005002,PROD0055,5,408.1
ITEM0012429,ORD005003,PROD0048,4,277.49
ITEM0012430,ORD005004,PROD0094,4,393.51
ITEM0012431,ORD005004,PROD0116,3,366.52
ITEM0012432,ORD005004,PROD0047,-4,288.09
ITEM0012433,ORD005005,PROD0001,4,342.2
ITEM0012434,ORD005005,PROD0138,2,43.7
ITEM0012435,ORD005005,PROD0030,5,314.5
ITEM0012436,ORD005005,PROD0005,3,196.98
ITEM0012437,ORD005006,PROD0050,1,235.27
ITEM0012438,ORD005007,PROD0138,4,43.7
ITEM0012439,ORD005007,PROD0120,1,261.92
ITEM0012440,ORD005007,PROD0016,2,30.39
ITEM0012441,ORD005007,PROD0064,4,411.35
ITEM0012442,ORD005008,PROD0054,5,135.13
ITEM0012443,ORD005008,PROD0039,3,410.66
ITEM0012444,ORD005008,PROD0143,3,453.59
ITEM0012445,ORD005008,PROD0121,1,287.5
ITEM0012446,ORD005009,PROD0085,2,602.46
ITEM0012447,ORD005010,PROD0027,4,356.31
ITEM0012448,ORD005011,PROD0072,4,226.81
ITEM0012449,ORD005011,PROD0057,1,-632.78
ITEM0012450,ORD005011,PROD0017,3,234.28
ITEM0012451,ORD005012,PROD0052,1,436.28
ITEM0012452,ORD005012,PROD0081,5,318.7
ITEM0012453,ORD005013,PROD0104,4,66.01
ITEM0012454,ORD005013,PROD0051,3,294.17
ITEM0012455,ORD005013,PROD0131,2,130.48
ITEM0012456,ORD005014,PROD0029,5,93.87
ITEM0012457,ORD005014,PROD0128,4,403.21
ITEM0012458,ORD005015,PROD0041,5,438.01
ITEM0012459,ORD005016,PROD0130,5,421.1
ITEM0012460,ORD005016,PROD0064,2,411.35
ITEM0012461,ORD005017,PROD0072,-4,226.81
ITEM0012462,ORD005017,PROD0039,4,410.66
ITEM0012463,ORD005017,PROD0051,2,294.17
ITEM0012464,ORD005018,PROD0014,3,-16.7
ITEM0012465,ORD005018,PROD0083,2,306.64
ITEM0012466,ORD005019,PROD0072,5,226.81
ITEM0012467,ORD005020,PROD0006,5,98.27
ITEM0012468,ORD005020,PROD0007,4,248.82
ITEM0012469,ORD005021,PROD0143,2,453.59
ITEM0012470,ORD005021,PROD0034,3,303.7
ITEM0012471,ORD005022,PROD0035,2,27.57
ITEM0012472,ORD005022,PROD0003,1,4.27
ITEM0012473,ORD005022,PROD0089,4,289.58
ITEM0012474,ORD005022,PROD0021,1,487.35
ITEM0012475,ORD005023,PROD0045,5,66.57
ITEM0012476,ORD005023,PROD0062,2,355.88
ITEM0012477,ORD005023,PROD0035,4,27.57
ITEM0012478,ORD005023,PROD0104,3,66.01
ITEM0012479,ORD005024,PROD0004,2,129.15
ITEM0012480,ORD005025,PROD0013,4,196.91
ITEM0012481,ORD005025,PROD0122,4,484.26
ITEM0012482,ORD005026,PROD0104,3,66.01
ITEM0012483,ORD005026,PROD0145,1,359.48
ITEM0012484,ORD005027,PROD0006,1,98.27
ITEM0012485,ORD005027,PROD0052,4,436.28
ITEM0012486,ORD005028,PROD0056,5,249.02
ITEM0012487,ORD005028,PROD0074,5,122.74
ITEM0012488,ORD005029,PROD0127,1,9.71
ITEM0012489,ORD005029,PROD0067,5,363.03
ITEM0012490,ORD005029,PROD0034,5,303.7
ITEM0012491,ORD005030,PROD0145,2,359.48
ITEM0012492,ORD005030,PROD0110,3,39.23
ITEM0012493,ORD005031,PROD0110,2,39.23
ITEM0012494,ORD005031,PROD0094,2,393.51
ITEM0012495,ORD005031,PROD0015,5,442.7
ITEM0012496,ORD005031,PROD0091,4,161.11
ITEM0012497,ORD005032,PROD0114,3,45.61
ITEM0012498,ORD005033,PROD0007,-5,248.82
ITEM0012499,ORD005034,PROD0132,3,316.5
ITEM0012500,ORD005034,PROD0062,4,355.88
ITEM0012501,ORD005034,PROD0150,4,88.94
ITEM0012502,ORD005034,PROD0135,2,427.2
ITEM0012503,ORD005035,PROD0123,2,95.95
ITEM0012504,ORD005036,PROD0017,3,234.28
ITEM0012505,ORD005036,PROD0126,1,263.88
ITEM0012506,ORD005036,PROD0053,4,292.19
ITEM0012507,ORD005037,PROD0102,5,266.91
ITEM0012508,ORD005037,PROD0129,4,246.64
ITEM0012509,ORD005037,PROD0110,5,39.23
ITEM0012510,ORD005038,PROD0148,4,427.66
ITEM0012511,ORD005038,PROD0114,1,45.61
ITEM0012512,ORD005038,PROD0139,1,135.03
ITEM0012513,ORD005039,PROD0028,4,463.5
ITEM0012514,ORD005039,PROD0067,5,363.03
ITEM0012515,ORD005039,PROD0122,3,484.26
ITEM0012516,ORD005039,PROD0149,2,139.28
ITEM0012517,ORD005040,PROD0090,3,51.56
ITEM0012518,ORD005041,PROD0022,4,380.56
ITEM0012519,ORD005041,PROD0108,5,332.49
ITEM0012520,ORD005042,PROD0012,5,589.04
ITEM0012521,ORD005042,PROD0036,4,33.3
ITEM0012522,ORD005042,PROD0149,2,139.28
ITEM0012523,ORD005043,PROD0131,2,130.48
ITEM0012524,ORD005043,PROD0069,3,619.75
ITEM0012525,ORD005043,PROD0122,1,484.26
ITEM0012526,ORD005044,PROD0138,1,43.7
ITEM0012527,ORD005045,PROD0071,1,402.73
ITEM0012528,ORD005045,PROD0033,4,470.6
ITEM0012529,ORD005046,PROD0147,1,570.65
ITEM0012530,ORD005046,PROD0072,5,226.81
ITEM0012531,ORD005046,PROD0015,4,442.7
ITEM0012532,ORD005047,PROD0065,3,153.97
ITEM0012533,ORD005047,PROD0015,1,442.7
ITEM0012534,ORD005047,PROD0130,2,421.1
ITEM0012535,ORD005047,PROD0107,4,462.67
ITEM0012536,ORD005048,PROD0031,1,15.13
ITEM0012537,ORD005048,PROD0122,5,484.26
ITEM0012538,ORD005048,PROD0100,5,208.15
ITEM0012539,ORD005049,PROD0048,3,277.49
ITEM0012540,ORD005049,PROD0012,3,589.04
ITEM0012541,ORD005049,PROD0136,1,485.57
ITEM0012542,ORD005050,PROD0078,1,57.56
ITEM0012543,ORD005050,PROD0077,5,286.06
ITEM0012544,ORD005051,PROD0014,3,16.7
ITEM0012545,ORD005051,PROD0114,3,45.61
ITEM0012546,ORD005052,PROD0021,1,487.35
ITEM0012547,ORD005052,PROD0036,1,33.3
ITEM0012548,ORD005052,PROD0108,1,332.49
ITEM0012549,ORD005052,PROD0141,5,19.31
ITEM0012550,ORD005053,PROD0061,5,683.51
ITEM0012551,ORD005053,PROD0051,5,294.17
ITEM0012552,ORD005053,PROD0136,4,485.57
ITEM0012553,ORD005053,PROD0033,3,470.6
ITEM0012554,ORD005054,PROD0044,1,474.28
ITEM0012555,ORD005054,PROD0130,5,421.1
ITEM0012556,ORD005054,PROD0128,1,403.21
ITEM0012557,ORD005054,PROD0026,3,585.88
ITEM0012558,ORD005055,PROD0046,5,207.44
ITEM0012559,ORD005055,PROD0130,1,421.1
ITEM0012560,ORD005056,PROD0030,1,314.5
ITEM0012561,ORD005057,PROD0140,5,496.11
ITEM0012562,ORD005058,PROD0077,4,286.06
ITEM0012563,ORD005059,PROD0008,3,174.9
ITEM0012564,ORD005059,PROD0052,5,436.28
ITEM0012565,ORD005059,PROD0051,4,294.17
ITEM0012566,ORD005060,PROD0115,5,431.33
ITEM0012567,ORD005060,PROD0022,2,380.56
ITEM0012568,ORD005060,PROD0142,4,347.19
ITEM0012569,ORD005060,PROD0108,3,332.49
ITEM0012570,ORD005061,PROD0096,2,321.49
ITEM0012571,ORD005061,PROD0103,1,305.68
ITEM0012572,ORD005061,PROD0107,5,462.67
ITEM0012573,ORD005061,PROD0141,1,19.31
ITEM0012574,ORD005062,PROD0061,2,683.51
ITEM0012575,ORD005063,PROD0047,5,288.09
ITEM0012576,ORD005064,PROD0002,4,112.42
ITEM0012577,ORD005065,PROD0115,1,431.33
ITEM0012578,ORD005065,PROD0039,1,410.66
ITEM0012579,ORD005065,PROD0064,5,411.35
ITEM0012580,ORD005065,PROD0021,2,487.35
ITEM0012581,ORD005066,PROD0052,1,436.28
ITEM0012582,ORD005066,PROD0074,2,122.74
ITEM0012583,ORD005066,PROD0129,3,246.64
ITEM0012584,ORD005066,PROD0030,4,314.5
ITEM0012585,ORD005067,PROD0063,2,665.26
ITEM0012586,ORD005067,PROD0100,3,208.15
ITEM0012587,ORD005067,PROD0029,2,93.87
ITEM0012588,ORD005068,PROD0115,2,431.33
ITEM0012589,ORD005068,PROD0098,1,351.41
ITEM0012590,ORD005068,PROD0044,2,474.28
ITEM0012591,ORD005069,PROD0082,4,196.55
ITEM0012592,ORD005069,PROD0046,1,207.44
ITEM0012593,ORD005069,PROD0087,2,193.52
ITEM0012594,ORD005070,PROD0012,3,589.04
ITEM0012595,ORD005070,PROD0089,2,289.58
ITEM0012596,ORD005071,PROD0060,5,497.77
ITEM0012597,ORD005071,PROD0029,5,93.87
ITEM0012598,ORD005071,PROD0103,4,305.68
ITEM0012599,ORD005072,PROD0014,2,16.7
ITEM0012600,ORD005072,PROD0017,2,234.28
ITEM0012601,ORD005073,PROD0080,5,392.58
ITEM0012602,ORD005073,PROD0132,4,316.5
ITEM0012603,ORD005073,PROD0074,2,122.74
ITEM0012604,ORD005073,PROD0130,5,421.1
ITEM0012605,ORD005074,PROD0056,4,249.02
ITEM0012606,ORD005075,PROD0006,1,98.27
ITEM0012607,ORD005075,PROD0146,1,292.2
ITEM0012608,ORD005075,PROD0096,5,321.49
ITEM0012609,ORD005075,PROD0034,1,303.7
ITEM0012610,ORD005076,PROD0074,5,122.74
ITEM0012611,ORD005077,PROD0129,4,246.64
ITEM0012612,ORD005077,PROD0026,3,585.88
ITEM0012613,ORD005077,PROD0079,5,61.84
ITEM0012614,ORD005077,PROD0095,3,271.32
ITEM0012615,ORD005078,PROD0133,4,317.22
ITEM0012616,ORD005079,PROD0050,4,235.27
ITEM0012617,ORD005079,PROD0075,2,383.73
ITEM0012618,ORD005080,PROD0082,4,196.55
ITEM0012619,ORD005080,PROD0117,3,130.11
ITEM0012620,ORD005080,PROD0048,1,277.49
ITEM0012621,ORD005081,PROD0097,5,53.1
ITEM0012622,ORD005081,PROD0117,4,130.11
ITEM0012623,ORD005082,PROD0108,2,332.49
ITEM0012624,ORD005083,PROD0060,1,497.77
ITEM0012625,ORD005083,PROD0005,1,196.98
ITEM0012626,ORD005084,PROD0132,4,316.5
ITEM0012627,ORD005084,PROD0077,3,286.06
ITEM0012628,ORD005084,PROD0105,3,308.26
ITEM0012629,ORD005084,PROD0110,1,39.23
ITEM0012630,ORD005085,PROD0009,1,138.45
ITEM0012631,ORD005085,PROD0082,3,196.55
ITEM0012632,ORD005085,PROD0108,4,332.49
ITEM0012633,ORD005085,PROD0147,2,570.65
ITEM0012634,ORD005086,PROD0093,2,573.11
ITEM0012635,ORD005087,PROD0025,1,23.62
ITEM0012636,ORD005087,PROD0143,3,453.59
ITEM0012637,ORD005087,PROD0119,4,103.02
ITEM0012638,ORD005088,PROD0017,3,234.28
ITEM0012639,ORD005089,PROD0127,5,9.71
ITEM0012640,ORD005089,PROD0057,3,632.78
ITEM0012641,ORD005089,PROD0084,5,464.44
ITEM0012642,ORD005090,PROD0106,5,508.9
ITEM0012643,ORD005091,PROD0004,3,129.15
ITEM0012644,ORD005092,PROD0115,5,431.33
ITEM0012645,ORD005093,PROD0009,5,138.45
ITEM0012646,ORD005093,PROD0062,5,355.88
ITEM0012647,ORD005094,PROD0006,4,98.27
ITEM0012648,ORD005094,PROD0150,3,88.94
ITEM0012649,ORD005094,PROD0073,5,241.62
ITEM0012650,ORD005094,PROD0083,4,306.64
ITEM0012651,ORD005095,PROD0015,4,442.7
ITEM0012652,ORD005096,PROD0048,3,277.49
ITEM0012653,ORD005097,PROD0041,5,438.01
ITEM0012654,ORD005097,PROD0102,4,266.91
ITEM0012655,ORD005098,PROD0017,4,234.28
ITEM0012656,ORD005098,PROD0105,5,308.26
ITEM0012657,ORD005098,PROD0142,2,347.19
ITEM0012658,ORD005099,PROD0083,3,306.64
ITEM0012659,ORD005100,PROD0023,3,414.75
ITEM0012660,ORD005101,PROD0150,4,88.94
ITEM0012661,ORD005101,PROD0111,5,408.22
ITEM0012662,ORD005101,PROD0146,4,292.2
ITEM0012663,ORD005101,PROD0115,1,431.33
ITEM0012664,ORD005102,PROD0070,4,271.29
ITEM0012665,ORD005102,PROD0011,3,325.01
ITEM0012666,ORD005102,PROD0075,1,383.73
ITEM0012667,ORD005102,PROD0145,4,359.48
ITEM0012668,ORD005103,PROD0006,3,98.27
ITEM0012669,ORD005103,PROD0130,5,421.1
ITEM0012670,ORD005103,PROD0047,2,288.09
ITEM0012671,ORD005104,PROD0089,1,289.58
ITEM0012672,ORD005104,PROD0070,2,271.29
ITEM0012673,ORD005105,PROD0142,5,347.19
ITEM0012674,ORD005105,PROD0019,3,443.45
ITEM0012675,ORD005105,PROD0034,4,303.7
ITEM0012676,ORD005105,PROD0029,1,93.87
ITEM0012677,ORD005106,PROD0016,3,30.39
ITEM0012678,ORD005106,PROD0115,2,431.33
ITEM0012679,ORD005106,PROD0112,5,308.35
ITEM0012680,ORD005106,PROD0105,3,308.26
ITEM0012681,ORD005107,PROD0007,3,248.82
ITEM0012682,ORD005108,PROD0104,4,66.01
ITEM0012683,ORD005108,PROD0014,1,16.7
ITEM0012684,ORD005109,PROD0087,5,193.52
ITEM0012685,ORD005110,PROD0137,5,447.4
ITEM0012686,ORD005110,PROD0086,5,203.78
ITEM0012687,ORD005111,PROD0099,3,386.23
ITEM0012688,ORD005112,PROD0040,5,508.7
ITEM0012689,ORD005112,PROD0051,5,294.17
ITEM0012690,ORD005112,PROD0098,1,351.41
ITEM0012691,ORD005112,PROD0087,3,193.52
ITEM0012692,ORD005113,PROD0050,5,235.27
ITEM0012693,ORD005114,PROD0132,5,316.5
ITEM0012694,ORD005114,PROD0120,5,261.92
ITEM0012695,ORD005114,PROD0020,1,124.89
ITEM0012696,ORD005115,PROD0133,1,317.22
ITEM0012697,ORD005115,PROD0003,1,4.27
ITEM0012698,ORD005115,PROD0110,4,39.23
ITEM0012699,ORD005116,PROD0101,3,182.81
ITEM0012700,ORD005116,PROD0027,3,356.31
ITEM0012701,ORD005116,PROD0062,4,355.88
ITEM0012702,ORD005116,PROD0104,1,66.01
ITEM0012703,ORD005117,PROD0027,1,356.31
ITEM0012704,ORD005117,PROD0067,5,363.03
ITEM0012705,ORD005117,PROD0063,4,665.26
ITEM0012706,ORD005118,PROD0012,3,589.04
ITEM0012707,ORD005119,PROD0010,2,488.99
ITEM0012708,ORD005120,PROD0112,2,308.35
ITEM0012709,ORD005120,PROD0023,5,414.75
ITEM0012710,ORD005120,PROD0120,5,261.92
ITEM0012711,ORD005120,PROD0028,5,463.5
ITEM0012712,ORD005121,PROD0126,3,263.88
ITEM0012713,ORD005121,PROD0044,4,474.28
ITEM0012714,ORD005122,PROD0089,1,289.58
ITEM0012715,ORD005122,PROD0116,-2,366.52
ITEM0012716,ORD005122,PROD0102,2,266.91
ITEM0012717,ORD005123,PROD0009,1,138.45
ITEM0012718,ORD005124,PROD0116,2,366.52
ITEM0012719,ORD005125,PROD0030,5,314.5
ITEM0012720,ORD005125,PROD0024,2,594.24
ITEM0012721,ORD005126,PROD0006,3,98.27
ITEM0012722,ORD005126,PROD0099,2,386.23
ITEM0012723,ORD005126,PROD0007,5,248.82
ITEM0012724,ORD005127,PROD0046,4,207.44
ITEM0012725,ORD005127,PROD0128,4,403.21
ITEM0012726,ORD005127,PROD0084,2,464.44
ITEM0012727,ORD005127,PROD0001,1,342.2
ITEM0012728,ORD005128,PROD0081,3,318.7
ITEM0012729,ORD005128,PROD0144,1,105.68
ITEM0012730,ORD005129,PROD0012,2,589.04
ITEM0012731,ORD005129,PROD0069,4,619.75
ITEM0012732,ORD005130,PROD0042,1,394.4
ITEM0012733,ORD005130,PROD0023,2,414.75
ITEM0012734,ORD005131,PROD0118,2,58.39
ITEM0012735,ORD005131,PROD0045,4,66.57
ITEM0012736,ORD005131,PROD0012,3,589.04
ITEM0012737,ORD005132,PROD0019,4,443.45
ITEM0012738,ORD005132,PROD0013,4,196.91
ITEM0012739,ORD005132,PROD0117,5,130.11
ITEM0012740,ORD005132,PROD0036,3,33.3
ITEM0012741,ORD005133,PROD0024,5,594.24
ITEM0012742,ORD005133,PROD0025,3,23.62
ITEM0012743,ORD005134,PROD0085,4,602.46
ITEM0012744,ORD005134,PROD0017,3,234.28
ITEM0012745,ORD005135,PROD0097,3,53.1
ITEM0012746,ORD005135,PROD0117,2,130.11
ITEM0012747,ORD005136,PROD0115,1,-431.33
ITEM0012748,ORD005136,PROD0044,4,474.28
ITEM0012749,ORD005137,PROD0007,1,248.82
ITEM0012750,ORD005138,PROD0128,5,403.21
ITEM0012751,ORD005138,PROD0035,2,27.57
ITEM0012752,ORD005139,PROD0068,5,422.88
ITEM0012753,ORD005140,PROD0142,3,347.19
ITEM0012754,ORD005140,PROD0039,3,410.66
ITEM0012755,ORD005141,PROD0094,4,393.51
ITEM0012756,ORD005141,PROD0095,5,271.32
ITEM0012757,ORD005141,PROD0142,2,-347.19
ITEM0012758,ORD005141,PROD0127,4,9.71
ITEM0012759,ORD005142,PROD0145,2,359.48
ITEM0012760,ORD005142,PROD0055,3,408.1
ITEM0012761,ORD005142,PROD0028,3,463.5
ITEM0012762,ORD005142,PROD0130,4,421.1
ITEM0012763,ORD005143,PROD0008,4,174.9
ITEM0012764,ORD005143,PROD0127,3,9.71
ITEM0012765,ORD005144,PROD0118,3,58.39
ITEM0012766,ORD005144,PROD0058,4,356.49
ITEM0012767,ORD005145,PROD0077,3,286.06
ITEM0012768,ORD005145,PROD0043,3,251.98
ITEM0012769,ORD005145,PROD0112,3,308.35
ITEM0012770,ORD005146,PROD0079,1,61.84
ITEM0012771,ORD005146,PROD0070,5,271.29
ITEM0012772,ORD005146,PROD0032,3,172.77
ITEM0012773,ORD005146,PROD0088,4,51.09
ITEM0012774,ORD005147,PROD0134,5,192.47
ITEM0012775,ORD005148,PROD0096,4,321.49
ITEM0012776,ORD005149,PROD0148,2,427.66
ITEM0012777,ORD005149,PROD0012,5,589.04
ITEM0012778,ORD005149,PROD0135,1,427.2
ITEM0012779,ORD005149,PROD0004,2,129.15
ITEM0012780,ORD005150,PROD0118,2,58.39
ITEM0012781,ORD005150,PROD0083,3,306.64
ITEM0012782,ORD005150,PROD0044,3,474.28
ITEM0012783,ORD005151,PROD0009,2,138.45
ITEM0012784,ORD005151,PROD0070,3,271.29
ITEM0012785,ORD005152,PROD0047,4,288.09
ITEM0012786,ORD005152,PROD0147,5,570.65
ITEM0012787,ORD005152,PROD0130,4,421.1
ITEM0012788,ORD005152,PROD0079,3,61.84
ITEM0012789,ORD005153,PROD0146,5,292.2
ITEM0012790,ORD005153,PROD0022,1,380.56
ITEM0012791,ORD005154,PROD0045,5,66.57
ITEM0012792,ORD005154,PROD0149,5,139.28
ITEM0012793,ORD005154,PROD0021,2,487.35
ITEM0012794,ORD005155,PROD0035,2,27.57
ITEM0012795,ORD005155,PROD0103,1,305.68
ITEM0012796,ORD005155,PROD0007,5,248.82
ITEM0012797,ORD005156,PROD0144,1,105.68
ITEM0012798,ORD005156,PROD0079,3,61.84
ITEM0012799,ORD005156,PROD0139,3,135.03
ITEM0012800,ORD005156,PROD0094,3,393.51
ITEM0012801,ORD005157,PROD0014,4,16.7
ITEM0012802,ORD005158,PROD0014,3,16.7
ITEM0012803,ORD005159,PROD0101,2,182.81
ITEM0012804,ORD005159,PROD0001,1,342.2
ITEM0012805,ORD005159,PROD0035,5,27.57
ITEM0012806,ORD005160,PROD0126,2,263.88
ITEM0012807,ORD005160,PROD0011,2,325.01
ITEM0012808,ORD005161,PROD0012,1,589.04
ITEM0012809,ORD005161,PROD0047,2,288.09
ITEM0012810,ORD005161,PROD0116,1,366.52
ITEM0012811,ORD005162,PROD0010,3,488.99
ITEM0012812,ORD005162,PROD0003,1,4.27
ITEM0012813,ORD005162,PROD0055,5,408.1
ITEM0012814,ORD005163,PROD0073,5,241.62
ITEM0012815,ORD005163,PROD0145,5,359.48
ITEM0012816,ORD005163,PROD0077,5,286.06
ITEM0012817,ORD005163,PROD0114,1,45.61
ITEM0012818,ORD005164,PROD0048,4,277.49
ITEM0012819,ORD005164,PROD0112,1,308.35
ITEM0012820,ORD005165,PROD0075,5,383.73
ITEM0012821,ORD005165,PROD0095,3,271.32
ITEM0012822,ORD005166,PROD0076,2,277.07
ITEM0012823,ORD005166,PROD0131,3,130.48
ITEM0012824,ORD005166,PROD0085,5,602.46
ITEM0012825,ORD005167,PROD0120,5,261.92
ITEM0012826,ORD005167,PROD0046,4,207.44
ITEM0012827,ORD005167,PROD0061,3,683.51
ITEM0012828,ORD005168,PROD0040,3,508.7
ITEM0012829,ORD005168,PROD0002,1,112.42
ITEM0012830,ORD005169,PROD0112,4,308.35
ITEM0012831,ORD005169,PROD0025,5,23.62
ITEM0012832,ORD005169,PROD0063,3,665.26
ITEM0012833,ORD005169,PROD0098,3,-351.41
ITEM0012834,ORD005170,PROD0124,5,173.3
ITEM0012835,ORD005170,PROD0102,4,266.91
ITEM0012836,ORD005171,PROD0003,2,4.27
ITEM0012837,ORD005172,PROD0014,3,16.7
ITEM0012838,ORD005172,PROD0097,4,53.1
ITEM0012839,ORD005173,PROD0120,5,261.92
ITEM0012840,ORD005174,PROD0090,2,51.56
ITEM0012841,ORD005174,PROD0004,5,129.15
ITEM0012842,ORD005175,PROD0051,5,294.17
ITEM0012843,ORD005175,PROD0131,2,130.48
ITEM0012844,ORD005175,PROD0038,3,216.74
ITEM0012845,ORD005176,PROD0045,1,66.57
ITEM0012846,ORD005176,PROD0050,1,235.27
ITEM0012847,ORD005176,PROD0060,1,497.77
ITEM0012848,ORD005177,PROD0078,5,57.56
ITEM0012849,ORD005177,PROD0020,3,124.89
ITEM0012850,ORD005177,PROD0118,2,58.39
ITEM0012851,ORD005178,PROD0069,4,619.75
ITEM0012852,ORD005178,PROD0008,1,174.9
ITEM0012853,ORD005178,PROD0045,4,66.57
ITEM0012854,ORD005178,PROD0054,2,135.13
ITEM0012855,ORD005179,PROD0122,5,484.26
ITEM0012856,ORD005179,PROD0123,3,95.95
ITEM0012857,ORD005180,PROD0119,4,103.02
ITEM0012858,ORD005180,PROD0125,4,377.98
ITEM0012859,ORD005180,PROD0045,4,66.57
ITEM0012860,ORD005180,PROD0026,4,585.88
ITEM0012861,ORD005181,PROD0073,4,241.62
ITEM0012862,ORD005181,PROD0132,5,316.5
ITEM0012863,ORD005181,PROD0060,2,497.77
ITEM0012864,ORD005182,PROD0087,2,193.52
ITEM0012865,ORD005182,PROD0146,5,292.2
ITEM0012866,ORD005182,PROD0090,1,51.56
ITEM0012867,ORD005183,PROD0011,4,325.01
ITEM0012868,ORD005183,PROD0124,1,173.3
ITEM0012869,ORD005183,PROD0146,1,292.2
ITEM0012870,ORD005184,PROD0013,5,196.91
ITEM0012871,ORD005184,PROD0011,1,325.01
ITEM0012872,ORD005184,PROD0057,2,632.78
ITEM0012873,ORD005185,PROD0127,5,9.71
ITEM0012874,ORD005185,PROD0071,2,402.73
ITEM0012875,ORD005186,PROD0064,5,-411.35
ITEM0012876,ORD005186,PROD0074,5,122.74
ITEM0012877,ORD005186,PROD0075,1,383.73
ITEM0012878,ORD005186,PROD0110,5,39.23
ITEM0012879,ORD005187,PROD0001,1,342.2
ITEM0012880,ORD005187,PROD0002,5,112.42
ITEM0012881,ORD005187,PROD0127,2,9.71
ITEM0012882,ORD005187,PROD0148,2,427.66
ITEM0012883,ORD005188,PROD0136,1,485.57
ITEM0012884,ORD005188,PROD0009,3,138.45
ITEM0012885,ORD005188,PROD0085,1,602.46
ITEM0012886,ORD005188,PROD0083,1,306.64
ITEM0012887,ORD005189,PROD0063,3,665.26
ITEM0012888,ORD005189,PROD0083,2,306.64
ITEM0012889,ORD005189,PROD0051,2,294.17
ITEM0012890,ORD005190,PROD0141,4,19.31
ITEM0012891,ORD005190,PROD0046,3,207.44
ITEM0012892,ORD005191,PROD0104,3,66.01
ITEM0012893,ORD005191,PROD0083,2,306.64
ITEM0012894,ORD005191,PROD0137,5,447.4
ITEM0012895,ORD005192,PROD0077,4,286.06
ITEM0012896,ORD005192,PROD0047,1,288.09
ITEM0012897,ORD005193,PROD0053,1,292.19
ITEM0012898,ORD005193,PROD0038,3,216.74
ITEM0012899,ORD005194,PROD0015,1,442.7
ITEM0012900,ORD005194,PROD0085,1,602.46
ITEM0012901,ORD005194,PROD0091,4,161.11
ITEM0012902,ORD005194,PROD0115,5,431.33
ITEM0012903,ORD005195,PROD0137,2,447.4
ITEM0012904,ORD005195,PROD0058,1,356.49
ITEM0012905,ORD005196,PROD0105,2,308.26
ITEM0012906,ORD005196,PROD0122,2,484.26
ITEM0012907,ORD005196,PROD0101,3,182.81
ITEM0012908,ORD005196,PROD0076,2,277.07
ITEM0012909,ORD005197,PROD0112,2,308.35
ITEM0012910,ORD005198,PROD0057,1,632.78
ITEM0012911,ORD005198,PROD0072,3,226.81
ITEM0012912,ORD005198,PROD0148,5,427.66
ITEM0012913,ORD005198,PROD0107,5,462.67
ITEM0012914,ORD005199,PROD0069,4,619.75
ITEM0012915,ORD005200,PROD0050,4,235.27
ITEM0012916,ORD005201,PROD0118,2,58.39
ITEM0012917,ORD005201,PROD0065,4,153.97
ITEM0012918,ORD005201,PROD0058,4,356.49
ITEM0012919,ORD005201,PROD0027,4,356.31
ITEM0012920,ORD005202,PROD0109,3,126.44
ITEM0012921,ORD005203,PROD0095,4,271.32
ITEM0012922,ORD005203,PROD0071,3,402.73
ITEM0012923,ORD005203,PROD0027,2,356.31
ITEM0012924,ORD005203,PROD0096,5,321.49
ITEM0012925,ORD005204,PROD0084,3,464.44
ITEM0012926,ORD005204,PROD0059,2,254.01
ITEM0012927,ORD005205,PROD0056,5,249.02
ITEM0012928,ORD005205,PROD0043,1,251.98
ITEM0012929,ORD005205,PROD0084,2,464.44
ITEM0012930,ORD005205,PROD0146,4,292.2
ITEM0012931,ORD005206,PROD0039,1,410.66
ITEM0012932,ORD005206,PROD0132,5,316.5
ITEM0012933,ORD005207,PROD0028,4,463.5
ITEM0012934,ORD005208,PROD0014,4,16.7
ITEM0012935,ORD005208,PROD0096,1,321.49
ITEM0012936,ORD005208,PROD0064,2,411.35
ITEM0012937,ORD005209,PROD0146,4,292.2
ITEM0012938,ORD005209,PROD0112,1,308.35
ITEM0012939,ORD005209,PROD0065,2,153.97
ITEM0012940,ORD005210,PROD0073,5,241.62
ITEM0012941,ORD005210,PROD0055,1,408.1
ITEM0012942,ORD005210,PROD0131,1,130.48
ITEM0012943,ORD005210,PROD0145,1,359.48
ITEM0012944,ORD005211,PROD0027,1,356.31
ITEM0012945,ORD005211,PROD0035,3,27.57
ITEM0012946,ORD005211,PROD0077,1,286.06
ITEM0012947,ORD005211,PROD0125,1,377.98
ITEM0012948,ORD005212,PROD0082,5,196.55
ITEM0012949,ORD005212,PROD0076,1,277.07
ITEM0012950,ORD005213,PROD0023,3,414.75
ITEM0012951,ORD005214,PROD0150,1,88.94
ITEM0012952,ORD005214,PROD0117,5,130.11
ITEM0012953,ORD005215,PROD0104,5,66.01
ITEM0012954,ORD005215,PROD0018,4,119.66
ITEM0012955,ORD005216,PROD0104,2,66.01
ITEM0012956,ORD005216,PROD0069,4,619.75
ITEM0012957,ORD005217,PROD0034,1,303.7
ITEM0012958,ORD005217,PROD0026,1,585.88
ITEM0012959,ORD005217,PROD0118,5,58.39
ITEM0012960,ORD005218,PROD0080,3,392.58
ITEM0012961,ORD005218,PROD0150,5,88.94
ITEM0012962,ORD005219,PROD0145,5,359.48
ITEM0012963,ORD005219,PROD0015,1,442.7
ITEM0012964,ORD005219,PROD0071,1,402.73
ITEM0012965,ORD005220,PROD0147,4,570.65
ITEM0012966,ORD005220,PROD0005,5,196.98
ITEM0012967,ORD005220,PROD0090,4,51.56
ITEM0012968,ORD005220,PROD0079,5,61.84
ITEM0012969,ORD005221,PROD0149,4,139.28
ITEM0012970,ORD005221,PROD0069,2,619.75
ITEM0012971,ORD005222,PROD0025,4,23.62
ITEM0012972,ORD005222,PROD0076,1,277.07
ITEM0012973,ORD005222,PROD0145,4,359.48
ITEM0012974,ORD005223,PROD0150,5,88.94
ITEM0012975,ORD005224,PROD0093,1,573.11
ITEM0012976,ORD005224,PROD0099,2,386.23
ITEM0012977,ORD005224,PROD0108,5,332.49
ITEM0012978,ORD005225,PROD0010,4,488.99
ITEM0012979,ORD005225,PROD0097,5,53.1
ITEM0012980,ORD005225,PROD0080,3,392.58
ITEM0012981,ORD005226,PROD0123,5,95.95
ITEM0012982,ORD005226,PROD0093,2,573.11
ITEM0012983,ORD005227,PROD0056,5,-249.02
ITEM0012984,ORD005227,PROD0100,4,208.15
ITEM0012985,ORD005227,PROD0087,3,193.52
ITEM0012986,ORD005228,PROD0065,2,153.97
ITEM0012987,ORD005228,PROD0050,2,235.27
ITEM0012988,ORD005228,PROD0077,3,286.06
ITEM0012989,ORD005228,PROD0114,3,45.61
ITEM0012990,ORD005229,PROD0069,5,619.75
ITEM0012991,ORD005229,PROD0140,5,496.11
ITEM0012992,ORD005229,PROD0029,1,93.87
ITEM0012993,ORD005230,PROD0036,2,33.3
ITEM0012994,ORD005230,PROD0077,3,286.06
ITEM0012995,ORD005230,PROD0109,1,126.44
ITEM0012996,ORD005230,PROD0053,3,292.19
ITEM0012997,ORD005231,PROD0108,3,332.49
ITEM0012998,ORD005231,PROD0076,5,277.07
ITEM0012999,ORD005231,PROD0127,1,9.71
ITEM0013000,ORD005231,PROD0010,1,488.99
ITEM0013001,ORD005232,PROD0136,2,485.57
ITEM0013002,ORD005232,PROD0082,1,196.55
ITEM0013003,ORD005232,PROD0041,2,438.01
ITEM0013004,ORD005232,PROD0127,1,9.71
ITEM0013005,ORD005233,PROD0064,1,411.35
ITEM0013006,ORD005234,PROD0006,1,98.27
ITEM0013007,ORD005235,PROD0065,2,153.97
ITEM0013008,ORD005235,PROD0091,3,161.11
ITEM0013009,ORD005235,PROD0008,4,174.9
ITEM0013010,ORD005235,PROD0056,3,249.02
ITEM0013011,ORD005236,PROD0002,5,112.42
ITEM0013012,ORD005236,PROD0070,4,271.29
ITEM0013013,ORD005237,PROD0145,5,359.48
ITEM0013014,ORD005237,PROD0129,4,246.64
ITEM0013015,ORD005238,PROD0143,3,453.59
ITEM0013016,ORD005239,PROD0043,4,251.98
ITEM0013017,ORD005239,PROD0005,1,196.98
ITEM0013018,ORD005239,PROD0067,3,363.03
ITEM0013019,ORD005239,PROD0129,5,246.64
ITEM0013020,ORD005240,PROD0046,3,207.44
ITEM0013021,ORD005240,PROD0017,3,234.28
ITEM0013022,ORD005241,PROD0105,1,308.26
ITEM0013023,ORD005241,PROD0143,1,453.59
ITEM0013024,ORD005241,PROD0125,4,377.98
ITEM0013025,ORD005242,PROD0138,1,43.7
ITEM0013026,ORD005243,PROD0116,5,366.52
ITEM0013027,ORD005244,PROD0006,5,98.27
ITEM0013028,ORD005244,PROD0148,2,427.66
ITEM0013029,ORD005245,PROD0069,3,619.75
ITEM0013030,ORD005245,PROD0135,1,427.2
ITEM0013031,ORD005246,PROD0024,4,594.24
ITEM0013032,ORD005246,PROD0132,4,316.5
ITEM0013033,ORD005246,PROD0091,1,161.11
ITEM0013034,ORD005246,PROD0011,4,325.01
ITEM0013035,ORD005247,PROD0053,4,292.19
ITEM0013036,ORD005248,PROD0120,3,261.92
ITEM0013037,ORD005248,PROD0112,1,308.35
ITEM0013038,ORD005248,PROD0055,5,408.1
ITEM0013039,ORD005248,PROD0031,2,15.13
ITEM0013040,ORD005249,PROD0013,3,196.91
ITEM0013041,ORD005250,PROD0054,4,135.13
ITEM0013042,ORD005250,PROD0099,1,386.23
ITEM0013043,ORD005250,PROD0137,5,447.4
ITEM0013044,ORD005250,PROD0084,2,464.44
ITEM0013045,ORD005251,PROD0055,2,408.1
ITEM0013046,ORD005251,PROD0033,3,470.6
ITEM0013047,ORD005251,PROD0105,2,308.26
ITEM0013048,ORD005251,PROD0102,1,266.91
ITEM0013049,ORD005252,PROD0087,1,193.52
ITEM0013050,ORD005252,PROD0139,1,135.03
ITEM0013051,ORD005252,PROD0055,1,408.1
ITEM0013052,ORD005253,PROD0036,3,33.3
ITEM0013053,ORD005253,PROD0038,2,216.74
ITEM0013054,ORD005253,PROD0130,2,421.1
ITEM0013055,ORD005253,PROD0117,2,130.11
ITEM0013056,ORD005254,PROD0036,3,33.3
ITEM0013057,ORD005255,PROD0040,5,508.7
ITEM0013058,ORD005255,PROD0089,1,289.58
ITEM0013059,ORD005255,PROD0027,5,356.31
ITEM0013060,ORD005255,PROD0008,1,174.9
ITEM0013061,ORD005256,PROD0089,3,289.58
ITEM0013062,ORD005256,PROD0052,5,436.28
ITEM0013063,ORD005256,PROD0071,3,402.73
ITEM0013064,ORD005257,PROD0146,2,292.2
ITEM0013065,ORD005257,PROD0072,2,226.81
ITEM0013066,ORD005257,PROD0048,2,277.49
ITEM0013067,ORD005257,PROD0044,5,474.28
ITEM0013068,ORD005258,PROD0092,2,557.9
ITEM0013069,ORD005258,PROD0105,5,308.26
ITEM0013070,ORD005258,PROD0002,5,112.42
ITEM0013071,ORD005259,PROD0120,4,261.92
ITEM0013072,ORD005259,PROD0002,5,-112.42
ITEM0013073,ORD005259,PROD0124,2,173.3
ITEM0013074,ORD005260,PROD0021,5,487.35
ITEM0013075,ORD005260,PROD0106,5,508.9
ITEM0013076,ORD005261,PROD0056,4,249.02
ITEM0013077,ORD005261,PROD0142,1,347.19
ITEM0013078,ORD005261,PROD0035,4,27.57
ITEM0013079,ORD005261,PROD0053,2,292.19
ITEM0013080,ORD005262,PROD0049,4,106.04
ITEM0013081,ORD005262,PROD0108,3,332.49
ITEM0013082,ORD005262,PROD0063,4,665.26
ITEM0013083,ORD005262,PROD0128,5,403.21
ITEM0013084,ORD005263,PROD0070,5,271.29
ITEM0013085,ORD005263,PROD0117,5,130.11
ITEM0013086,ORD005263,PROD0105,1,308.26
ITEM0013087,ORD005264,PROD0068,1,422.88
ITEM0013088,ORD005264,PROD0029,3,93.87
ITEM0013089,ORD005264,PROD0096,5,321.49
ITEM0013090,ORD005264,PROD0037,4,540.32
ITEM0013091,ORD005265,PROD0102,5,266.91
ITEM0013092,ORD005265,PROD0109,2,126.44
ITEM0013093,ORD005266,PROD0091,2,161.11
ITEM0013094,ORD005266,PROD0094,3,393.51
ITEM0013095,ORD005267,PROD0046,5,207.44
ITEM0013096,ORD005267,PROD0049,3,106.04
ITEM0013097,ORD005267,PROD0052,5,436.28
ITEM0013098,ORD005268,PROD0036,3,33.3
ITEM0013099,ORD005268,PROD0135,1,427.2
ITEM0013100,ORD005269,PROD0120,2,261.92
ITEM0013101,ORD005269,PROD0023,5,414.75
ITEM0013102,ORD005269,PROD0092,4,557.9
ITEM0013103,ORD005269,PROD0082,1,196.55
ITEM0013104,ORD005270,PROD0025,1,23.62
ITEM0013105,ORD005271,PROD0016,2,30.39
ITEM0013106,ORD005271,PROD0095,3,271.32
ITEM0013107,ORD005271,PROD0129,5,246.64
ITEM0013108,ORD005272,PROD0015,3,442.7
ITEM0013109,ORD005272,PROD0141,3,19.31
ITEM0013110,ORD005273,PROD0061,3,683.51
ITEM0013111,ORD005273,PROD0012,3,589.04
ITEM0013112,ORD005273,PROD0124,3,173.3
ITEM0013113,ORD005273,PROD0054,2,135.13
ITEM0013114,ORD005274,PROD0134,2,192.47
ITEM0013115,ORD005274,PROD0037,1,540.32
ITEM0013116,ORD005274,PROD0141,1,19.31
ITEM0013117,ORD005275,PROD0057,1,632.78
ITEM0013118,ORD005275,PROD0149,4,139.28
ITEM0013119,ORD005275,PROD0026,3,585.88
ITEM0013120,ORD005275,PROD0134,2,192.47
ITEM0013121,ORD005276,PROD0042,5,394.4
ITEM0013122,ORD005276,PROD0049,1,106.04
ITEM0013123,ORD005276,PROD0039,5,410.66
ITEM0013124,ORD005277,PROD0036,4,33.3
ITEM0013125,ORD005277,PROD0020,1,124.89
ITEM0013126,ORD005277,PROD0055,5,408.1
ITEM0013127,ORD005277,PROD0111,4,408.22
ITEM0013128,ORD005278,PROD0117,3,130.11
ITEM0013129,ORD005279,PROD0095,1,271.32
ITEM0013130,ORD005280,PROD0028,3,463.5
ITEM0013131,ORD005281,PROD0148,3,427.66
ITEM0013132,ORD005281,PROD0070,3,271.29
ITEM0013133,ORD005281,PROD0018,4,119.66
ITEM0013134,ORD005282,PROD0081,1,318.7
ITEM0013135,ORD005282,PROD0108,5,332.49
ITEM0013136,ORD005282,PROD0031,-5,15.13
ITEM0013137,ORD005282,PROD0145,1,359.48
ITEM0013138,ORD005283,PROD0091,5,161.11
ITEM0013139,ORD005283,PROD0008,2,174.9
ITEM0013140,ORD005283,PROD0039,3,410.66
ITEM0013141,ORD005283,PROD0131,3,130.48
ITEM0013142,ORD005284,PROD0142,5,347.19
ITEM0013143,ORD005284,PROD0051,2,294.17
ITEM0013144,ORD005284,PROD0044,4,474.28
ITEM0013145,ORD005284,PROD0019,5,443.45
ITEM0013146,ORD005285,PROD0095,1,271.32
ITEM0013147,ORD005285,PROD0092,2,557.9
ITEM0013148,ORD005285,PROD0017,3,234.28
ITEM0013149,ORD005285,PROD0084,2,464.44
ITEM0013150,ORD005286,PROD0114,2,45.61
ITEM0013151,ORD005286,PROD0036,2,33.3
ITEM0013152,ORD005287,PROD0045,2,66.57
ITEM0013153,ORD005288,PROD0001,4,342.2
ITEM0013154,ORD005289,PROD0066,3,370.45
ITEM0013155,ORD005289,PROD0072,4,226.81
ITEM0013156,ORD005289,PROD0016,5,30.39
ITEM0013157,ORD005290,PROD0120,2,261.92
ITEM0013158,ORD005290,PROD0047,3,288.09
ITEM0013159,ORD005290,PROD0085,5,602.46
ITEM0013160,ORD005291,PROD0023,2,414.75
ITEM0013161,ORD005291,PROD0090,2,51.56
ITEM0013162,ORD005292,PROD0028,3,463.5
ITEM0013163,ORD005292,PROD0097,5,53.1
ITEM0013164,ORD005292,PROD0044,4,474.28
ITEM0013165,ORD005292,PROD0102,1,266.91
ITEM0013166,ORD005293,PROD0079,1,61.84
ITEM0013167,ORD005294,PROD0059,5,254.01
ITEM0013168,ORD005295,PROD0021,4,487.35
ITEM0013169,ORD005295,PROD0089,1,289.58
ITEM0013170,ORD005296,PROD0001,4,342.2
ITEM0013171,ORD005296,PROD0053,2,292.19
ITEM0013172,ORD005296,PROD0055,5,408.1
ITEM0013173,ORD005296,PROD0049,4,106.04
ITEM0013174,ORD005297,PROD0012,1,589.04
ITEM0013175,ORD005297,PROD0135,1,427.2
ITEM0013176,ORD005297,PROD0026,2,585.88
ITEM0013177,ORD005298,PROD0147,5,570.65
ITEM0013178,ORD005299,PROD0022,2,380.56
ITEM0013179,ORD005299,PROD0133,4,317.22
ITEM0013180,ORD005299,PROD0028,1,463.5
ITEM0013181,ORD005300,PROD0133,5,317.22
ITEM0013182,ORD005300,PROD0025,4,23.62
ITEM0013183,ORD005301,PROD0150,2,88.94
ITEM0013184,ORD005302,PROD0094,2,393.51
ITEM0013185,ORD005302,PROD0124,4,173.3
ITEM0013186,ORD005303,PROD0018,1,119.66
ITEM0013187,ORD005303,PROD0092,1,557.9
ITEM0013188,ORD005303,PROD0140,4,496.11
ITEM0013189,ORD005303,PROD0039,5,410.66
ITEM0013190,ORD005304,PROD0053,5,292.19
ITEM0013191,ORD005304,PROD0019,4,443.45
ITEM0013192,ORD005304,PROD0089,5,289.58
ITEM0013193,ORD005304,PROD0134,4,192.47
ITEM0013194,ORD005305,PROD0138,2,43.7
ITEM0013195,ORD005305,PROD0120,1,261.92
ITEM0013196,ORD005306,PROD0021,5,487.35
ITEM0013197,ORD005307,PROD0061,4,683.51
ITEM0013198,ORD005308,PROD0097,4,53.1
ITEM0013199,ORD005309,PROD0132,2,316.5
ITEM0013200,ORD005310,PROD0020,1,124.89
ITEM0013201,ORD005311,PROD0145,2,359.48
ITEM0013202,ORD005312,PROD0044,5,474.28
ITEM0013203,ORD005313,PROD0126,1,263.88
ITEM0013204,ORD005313,PROD0079,5,61.84
ITEM0013205,ORD005314,PROD0106,5,508.9
ITEM0013206,ORD005315,PROD0053,1,292.19
ITEM0013207,ORD005315,PROD0147,2,570.65
ITEM0013208,ORD005315,PROD0057,5,632.78
ITEM0013209,ORD005315,PROD0094,1,393.51
ITEM0013210,ORD005316,PROD0025,3,23.62
ITEM0013211,ORD005316,PROD0142,4,347.19
ITEM0013212,ORD005316,PROD0042,3,394.4
ITEM0013213,ORD005317,PROD0055,2,408.1
ITEM0013214,ORD005318,PROD0079,5,61.84
ITEM0013215,ORD005318,PROD0063,2,665.26
ITEM0013216,ORD005318,PROD0077,2,286.06
ITEM0013217,ORD005318,PROD0120,4,261.92
ITEM0013218,ORD005319,PROD0040,1,508.7
ITEM0013219,ORD005320,PROD0090,2,51.56
ITEM0013220,ORD005320,PROD0007,2,248.82
ITEM0013221,ORD005320,PROD0143,4,453.59
ITEM0013222,ORD005320,PROD0073,4,241.62
ITEM0013223,ORD005321,PROD0074,3,122.74
ITEM0013224,ORD005321,PROD0038,3,216.74
ITEM0013225,ORD005321,PROD0014,4,16.7
ITEM0013226,ORD005321,PROD0125,2,377.98
ITEM0013227,ORD005322,PROD0144,5,105.68
ITEM0013228,ORD005322,PROD0114,4,45.61
ITEM0013229,ORD005322,PROD0020,4,124.89
ITEM0013230,ORD005322,PROD0018,1,119.66
ITEM0013231,ORD005323,PROD0146,3,292.2
ITEM0013232,ORD005323,PROD0095,2,271.32
ITEM0013233,ORD005323,PROD0090,4,51.56
ITEM0013234,ORD005323,PROD0022,2,380.56
ITEM0013235,ORD005324,PROD0105,3,308.26
ITEM0013236,ORD005324,PROD0026,1,585.88
ITEM0013237,ORD005324,PROD0074,4,122.74
ITEM0013238,ORD005325,PROD0024,4,594.24
ITEM0013239,ORD005325,PROD0090,4,51.56
ITEM0013240,ORD005326,PROD0130,3,421.1
ITEM0013241,ORD005327,PROD0072,4,226.81
ITEM0013242,ORD005327,PROD0150,4,88.94
ITEM0013243,ORD005327,PROD0058,5,356.49
ITEM0013244,ORD005328,PROD0149,5,139.28
ITEM0013245,ORD005328,PROD0026,4,585.88
ITEM0013246,ORD005328,PROD0110,2,39.23
ITEM0013247,ORD005329,PROD0056,1,249.02
ITEM0013248,ORD005329,PROD0087,4,193.52
ITEM0013249,ORD005330,PROD0148,2,427.66
ITEM0013250,ORD005331,PROD0045,2,66.57
ITEM0013251,ORD005331,PROD0016,5,30.39
ITEM0013252,ORD005331,PROD0007,1,248.82
ITEM0013253,ORD005331,PROD0043,3,251.98
ITEM0013254,ORD005332,PROD0001,2,342.2
ITEM0013255,ORD005332,PROD0007,3,248.82
ITEM0013256,ORD005332,PROD0009,3,138.45
ITEM0013257,ORD005333,PROD0144,2,105.68
ITEM0013258,ORD005334,PROD0129,4,246.64
ITEM0013259,ORD005334,PROD0074,3,122.74
ITEM0013260,ORD005335,PROD0115,3,431.33
ITEM0013261,ORD005336,PROD0130,1,421.1
ITEM0013262,ORD005337,PROD0091,1,161.11
ITEM0013263,ORD005338,PROD0130,1,421.1
ITEM0013264,ORD005338,PROD0018,2,119.66
ITEM0013265,ORD005338,PROD0048,5,277.49
ITEM0013266,ORD005339,PROD0010,4,488.99
ITEM0013267,ORD005339,PROD0104,2,66.01
ITEM0013268,ORD005339,PROD0090,3,51.56
ITEM0013269,ORD005340,PROD0122,2,484.26
ITEM0013270,ORD005340,PROD0120,4,261.92
ITEM0013271,ORD005340,PROD0030,4,314.5
ITEM0013272,ORD005340,PROD0012,5,589.04
ITEM0013273,ORD005341,PROD0126,3,263.88
ITEM0013274,ORD005341,PROD0041,1,438.01
ITEM0013275,ORD005341,PROD0014,1,16.7
ITEM0013276,ORD005342,PROD0049,2,106.04
ITEM0013277,ORD005342,PROD0032,5,172.77
ITEM0013278,ORD005342,PROD0028,1,463.5
ITEM0013279,ORD005343,PROD0005,5,196.98
ITEM0013280,ORD005343,PROD0073,3,241.62
ITEM0013281,ORD005343,PROD0030,4,314.5
ITEM0013282,ORD005343,PROD0027,1,356.31
ITEM0013283,ORD005344,PROD0140,4,496.11
ITEM0013284,ORD005345,PROD0061,3,683.51
ITEM0013285,ORD005345,PROD0139,5,135.03
ITEM0013286,ORD005345,PROD0022,5,380.56
ITEM0013287,ORD005345,PROD0043,3,251.98
ITEM0013288,ORD005346,PROD0074,1,122.74
ITEM0013289,ORD005347,PROD0057,3,632.78
ITEM0013290,ORD005347,PROD0010,2,488.99
ITEM0013291,ORD005347,PROD0001,5,342.2
ITEM0013292,ORD005347,PROD0122,1,484.26
ITEM0013293,ORD005348,PROD0084,3,464.44
ITEM0013294,ORD005348,PROD0105,3,308.26
ITEM0013295,ORD005348,PROD0039,4,410.66
ITEM0013296,ORD005349,PROD0130,3,421.1
ITEM0013297,ORD005350,PROD0076,4,277.07
ITEM0013298,ORD005350,PROD0049,5,106.04
ITEM0013299,ORD005350,PROD0037,5,540.32
ITEM0013300,ORD005350,PROD0058,1,356.49
ITEM0013301,ORD005351,PROD0014,4,16.7
ITEM0013302,ORD005351,PROD0004,1,129.15
ITEM0013303,ORD005351,PROD0002,2,112.42
ITEM0013304,ORD005352,PROD0134,1,192.47
ITEM0013305,ORD005352,PROD0048,4,277.49
ITEM0013306,ORD005353,PROD0149,1,139.28
ITEM0013307,ORD005353,PROD0117,4,130.11
ITEM0013308,ORD005354,PROD0004,3,129.15
ITEM0013309,ORD005355,PROD0090,4,51.56
ITEM0013310,ORD005355,PROD0043,5,251.98
ITEM0013311,ORD005355,PROD0093,5,573.11
ITEM0013312,ORD005355,PROD0065,4,153.97
ITEM0013313,ORD005356,PROD0093,5,573.11
ITEM0013314,ORD005356,PROD0083,5,-306.64
ITEM0013315,ORD005356,PROD0002,5,112.42
ITEM0013316,ORD005356,PROD0150,2,88.94
ITEM0013317,ORD005357,PROD0040,3,508.7
ITEM0013318,ORD005358,PROD0118,5,58.39
ITEM0013319,ORD005358,PROD0002,1,112.42
ITEM0013320,ORD005359,PROD0083,5,306.64
ITEM0013321,ORD005359,PROD0109,3,126.44
ITEM0013322,ORD005360,PROD0109,5,126.44
ITEM0013323,ORD005361,PROD0142,5,347.19
ITEM0013324,ORD005361,PROD0034,1,303.7
ITEM0013325,ORD005361,PROD0091,3,161.11
ITEM0013326,ORD005361,PROD0002,1,112.42
ITEM0013327,ORD005362,PROD0037,1,540.32
ITEM0013328,ORD005362,PROD0105,2,308.26
ITEM0013329,ORD005363,PROD0130,3,421.1
ITEM0013330,ORD005363,PROD0043,3,251.98
ITEM0013331,ORD005363,PROD0124,5,173.3
ITEM0013332,ORD005363,PROD0058,5,356.49
ITEM0013333,ORD005364,PROD0008,2,174.9
ITEM0013334,ORD005364,PROD0097,1,53.1
ITEM0013335,ORD005364,PROD0124,2,173.3
ITEM0013336,ORD005365,PROD0123,2,95.95
ITEM0013337,ORD005365,PROD0008,5,174.9
ITEM0013338,ORD005366,PROD0049,1,106.04
ITEM0013339,ORD005367,PROD0036,2,33.3
ITEM0013340,ORD005368,PROD0115,3,431.33
ITEM0013341,ORD005369,PROD0027,2,356.31
ITEM0013342,ORD005369,PROD0073,5,241.62
ITEM0013343,ORD005369,PROD0117,4,130.11
ITEM0013344,ORD005369,PROD0078,2,-57.56
ITEM0013345,ORD005370,PROD0050,2,235.27
ITEM0013346,ORD005370,PROD0017,2,234.28
ITEM0013347,ORD005371,PROD0137,1,447.4
ITEM0013348,ORD005371,PROD0099,2,386.23
ITEM0013349,ORD005371,PROD0127,2,9.71
ITEM0013350,ORD005372,PROD0099,1,386.23
ITEM0013351,ORD005372,PROD0043,3,251.98
ITEM0013352,ORD005372,PROD0150,3,88.94
ITEM0013353,ORD005373,PROD0086,4,203.78
ITEM0013354,ORD005374,PROD0139,3,135.03
ITEM0013355,ORD005374,PROD0070,4,271.29
ITEM0013356,ORD005375,PROD0088,3,51.09
ITEM0013357,ORD005375,PROD0015,1,442.7
ITEM0013358,ORD005376,PROD0028,4,463.5
ITEM0013359,ORD005376,PROD0022,4,380.56
ITEM0013360,ORD005376,PROD0140,4,496.11
ITEM0013361,ORD005376,PROD0082,2,196.55
ITEM0013362,ORD005377,PROD0098,1,351.41
ITEM0013363,ORD005377,PROD0133,2,317.22
ITEM0013364,ORD005377,PROD0061,1,683.51
ITEM0013365,ORD005377,PROD0083,2,306.64
ITEM0013366,ORD005378,PROD0134,5,192.47
ITEM0013367,ORD005378,PROD0037,1,540.32
ITEM0013368,ORD005378,PROD0039,2,410.66
ITEM0013369,ORD005379,PROD0023,3,414.75
ITEM0013370,ORD005379,PROD0112,5,308.35
ITEM0013371,ORD005379,PROD0142,2,347.19
ITEM0013372,ORD005379,PROD0021,2,487.35
ITEM0013373,ORD005380,PROD0052,4,436.28
ITEM0013374,ORD005380,PROD0098,4,351.41
ITEM0013375,ORD005380,PROD0087,1,193.52
ITEM0013376,ORD005380,PROD0106,5,508.9
ITEM0013377,ORD005381,PROD0074,4,122.74
ITEM0013378,ORD005381,PROD0108,4,332.49
ITEM0013379,ORD005381,PROD0083,5,306.64
ITEM0013380,ORD005382,PROD0104,3,66.01
ITEM0013381,ORD005383,PROD0098,5,351.41
ITEM0013382,ORD005384,PROD0145,1,359.48
ITEM0013383,ORD005384,PROD0131,5,130.48
ITEM0013384,ORD005384,PROD0087,5,193.52
ITEM0013385,ORD005385,PROD0041,5,438.01
ITEM0013386,ORD005385,PROD0042,2,394.4
ITEM0013387,ORD005385,PROD0021,1,487.35
ITEM0013388,ORD005386,PROD0049,1,106.04
ITEM0013389,ORD005386,PROD0069,4,619.75
ITEM0013390,ORD005386,PROD0002,1,112.42
ITEM0013391,ORD005387,PROD0042,4,394.4
ITEM0013392,ORD005387,PROD0139,3,135.03
ITEM0013393,ORD005387,PROD0016,3,30.39
ITEM0013394,ORD005387,PROD0078,5,57.56
ITEM0013395,ORD005388,PROD0132,5,316.5
ITEM0013396,ORD005389,PROD0133,5,317.22
ITEM0013397,ORD005389,PROD0117,4,130.11
ITEM0013398,ORD005389,PROD0145,5,359.48
ITEM0013399,ORD005390,PROD0116,1,-366.52
ITEM0013400,ORD005390,PROD0053,5,292.19
ITEM0013401,ORD005390,PROD0007,4,248.82
ITEM0013402,ORD005390,PROD0065,5,153.97
ITEM0013403,ORD005391,PROD0070,2,271.29
ITEM0013404,ORD005391,PROD0029,4,93.87
ITEM0013405,ORD005391,PROD0080,5,392.58
ITEM0013406,ORD005392,PROD0137,5,447.4
ITEM0013407,ORD005392,PROD0125,3,377.98
ITEM0013408,ORD005392,PROD0051,3,294.17
ITEM0013409,ORD005392,PROD0096,2,321.49
ITEM0013410,ORD005393,PROD0040,3,508.7
ITEM0013411,ORD005393,PROD0126,3,263.88
ITEM0013412,ORD005393,PROD0058,5,356.49
ITEM0013413,ORD005394,PROD0101,3,182.81
ITEM0013414,ORD005394,PROD0110,1,39.23
ITEM0013415,ORD005394,PROD0128,3,403.21
ITEM0013416,ORD005394,PROD0032,4,172.77
ITEM0013417,ORD005395,PROD0005,2,196.98
ITEM0013418,ORD005396,PROD0085,3,602.46
ITEM0013419,ORD005396,PROD0019,5,443.45
ITEM0013420,ORD005396,PROD0035,2,27.57
ITEM0013421,ORD005396,PROD0083,1,306.64
ITEM0013422,ORD005397,PROD0054,4,135.13
ITEM0013423,ORD005397,PROD0110,4,39.23
ITEM0013424,ORD005397,PROD0113,5,320.56
ITEM0013425,ORD005398,PROD0144,2,105.68
ITEM0013426,ORD005399,PROD0026,4,585.88
ITEM0013427,ORD005400,PROD0148,5,427.66
ITEM0013428,ORD005400,PROD0071,5,402.73
ITEM0013429,ORD005400,PROD0115,4,431.33
ITEM0013430,ORD005400,PROD0064,4,411.35
ITEM0013431,ORD005401,PROD0051,1,294.17
ITEM0013432,ORD005402,PROD0107,4,462.67
ITEM0013433,ORD005403,PROD0025,1,23.62
ITEM0013434,ORD005404,PROD0095,4,271.32
ITEM0013435,ORD005404,PROD0031,3,15.13
ITEM0013436,ORD005404,PROD0037,5,540.32
ITEM0013437,ORD005405,PROD0028,4,463.5
ITEM0013438,ORD005405,PROD0089,5,289.58
ITEM0013439,ORD005405,PROD0100,3,208.15
ITEM0013440,ORD005406,PROD0051,4,294.17
ITEM0013441,ORD005406,PROD0079,4,61.84
ITEM0013442,ORD005407,PROD0016,4,30.39
ITEM0013443,ORD005407,PROD0053,1,292.19
ITEM0013444,ORD005408,PROD0135,4,427.2
ITEM0013445,ORD005408,PROD0136,5,485.57
ITEM0013446,ORD005409,PROD0024,3,594.24
ITEM0013447,ORD005409,PROD0106,1,508.9
ITEM0013448,ORD005409,PROD0137,4,447.4
ITEM0013449,ORD005409,PROD0090,2,51.56
ITEM0013450,ORD005410,PROD0104,2,66.01
ITEM0013451,ORD005410,PROD0025,3,23.62
ITEM0013452,ORD005411,PROD0042,5,394.4
ITEM0013453,ORD005412,PROD0128,5,403.21
ITEM0013454,ORD005413,PROD0037,3,540.32
ITEM0013455,ORD005413,PROD0068,4,422.88
ITEM0013456,ORD005413,PROD0136,4,485.57
ITEM0013457,ORD005413,PROD0054,2,135.13
ITEM0013458,ORD005414,PROD0100,5,208.15
ITEM0013459,ORD005414,PROD0136,2,485.57
ITEM0013460,ORD005414,PROD0137,4,447.4
ITEM0013461,ORD005414,PROD0124,2,173.3
ITEM0013462,ORD005415,PROD0107,1,462.67
ITEM0013463,ORD005415,PROD0062,5,355.88
ITEM0013464,ORD005415,PROD0120,4,261.92
ITEM0013465,ORD005416,PROD0137,3,447.4
ITEM0013466,ORD005417,PROD0117,4,130.11
ITEM0013467,ORD005418,PROD0075,4,383.73
ITEM0013468,ORD005418,PROD0081,3,318.7
ITEM0013469,ORD005419,PROD0032,2,172.77
ITEM0013470,ORD005419,PROD0034,5,303.7
ITEM0013471,ORD005420,PROD0019,2,443.45
ITEM0013472,ORD005421,PROD0131,2,130.48
ITEM0013473,ORD005421,PROD0062,5,355.88
ITEM0013474,ORD005422,PROD0125,5,377.98
ITEM0013475,ORD005422,PROD0110,2,39.23
ITEM0013476,ORD005423,PROD0057,2,632.78
ITEM0013477,ORD005423,PROD0115,4,431.33
ITEM0013478,ORD005423,PROD0131,2,130.48
ITEM0013479,ORD005423,PROD0139,5,135.03
ITEM0013480,ORD005424,PROD0068,2,422.88
ITEM0013481,ORD005424,PROD0092,3,557.9
ITEM0013482,ORD005424,PROD0080,1,392.58
ITEM0013483,ORD005424,PROD0140,5,496.11
ITEM0013484,ORD005425,PROD0111,2,408.22
ITEM0013485,ORD005425,PROD0130,3,421.1
ITEM0013486,ORD005426,PROD0097,3,53.1
ITEM0013487,ORD005426,PROD0061,5,683.51
ITEM0013488,ORD005426,PROD0037,5,540.32
ITEM0013489,ORD005427,PROD0129,3,246.64
ITEM0013490,ORD005427,PROD0030,3,314.5
ITEM0013491,ORD005428,PROD0028,3,463.5
ITEM0013492,ORD005428,PROD0040,-5,508.7
ITEM0013493,ORD005429,PROD0148,3,-427.66
ITEM0013494,ORD005429,PROD0075,4,383.73
ITEM0013495,ORD005429,PROD0096,3,321.49
ITEM0013496,ORD005430,PROD0128,3,403.21
ITEM0013497,ORD005430,PROD0055,5,408.1
ITEM0013498,ORD005430,PROD0111,1,408.22
ITEM0013499,ORD005431,PROD0013,2,196.91
ITEM0013500,ORD005432,PROD0097,-5,53.1
ITEM0013501,ORD005432,PROD0101,3,182.81
ITEM0013502,ORD005433,PROD0027,3,356.31
ITEM0013503,ORD005433,PROD0046,2,207.44
ITEM0013504,ORD005434,PROD0086,5,203.78
ITEM0013505,ORD005434,PROD0035,5,27.57
ITEM0013506,ORD005435,PROD0123,2,95.95
ITEM0013507,ORD005435,PROD0100,3,208.15
ITEM0013508,ORD005435,PROD0052,-4,436.28
ITEM0013509,ORD005435,PROD0014,1,16.7
ITEM0013510,ORD005436,PROD0025,4,23.62
ITEM0013511,ORD005436,PROD0087,2,193.52
ITEM0013512,ORD005436,PROD0015,1,442.7
ITEM0013513,ORD005437,PROD0104,3,66.01
ITEM0013514,ORD005438,PROD0124,1,173.3
ITEM0013515,ORD005438,PROD0071,5,402.73
ITEM0013516,ORD005439,PROD0077,4,286.06
ITEM0013517,ORD005439,PROD0126,2,263.88
ITEM0013518,ORD005439,PROD0106,2,508.9
ITEM0013519,ORD005440,PROD0128,4,403.21
ITEM0013520,ORD005441,PROD0058,1,356.49
ITEM0013521,ORD005441,PROD0099,1,386.23
ITEM0013522,ORD005441,PROD0102,4,266.91
ITEM0013523,ORD005442,PROD0040,2,508.7
ITEM0013524,ORD005443,PROD0068,1,422.88
ITEM0013525,ORD005443,PROD0117,1,130.11
ITEM0013526,ORD005443,PROD0077,2,286.06
ITEM0013527,ORD005443,PROD0069,5,619.75
ITEM0013528,ORD005444,PROD0122,2,484.26
ITEM0013529,ORD005444,PROD0003,3,4.27
ITEM0013530,ORD005445,PROD0055,1,408.1
ITEM0013531,ORD005445,PROD0044,3,474.28
ITEM0013532,ORD005446,PROD0058,1,356.49
ITEM0013533,ORD005446,PROD0022,2,380.56
ITEM0013534,ORD005446,PROD0005,3,196.98
ITEM0013535,ORD005446,PROD0028,2,463.5
ITEM0013536,ORD005447,PROD0009,1,138.45
ITEM0013537,ORD005447,PROD0040,4,508.7
ITEM0013538,ORD005448,PROD0132,5,316.5
ITEM0013539,ORD005448,PROD0063,4,665.26
ITEM0013540,ORD005448,PROD0040,4,508.7
ITEM0013541,ORD005449,PROD0135,2,427.2
ITEM0013542,ORD005449,PROD0039,4,410.66
ITEM0013543,ORD005450,PROD0054,3,135.13
ITEM0013544,ORD005450,PROD0082,3,196.55
ITEM0013545,ORD005451,PROD0098,4,351.41
ITEM0013546,ORD005452,PROD0007,4,248.82
ITEM0013547,ORD005452,PROD0124,5,173.3
ITEM0013548,ORD005452,PROD0095,2,271.32
ITEM0013549,ORD005453,PROD0138,5,43.7
ITEM0013550,ORD005453,PROD0002,4,112.42
ITEM0013551,ORD005453,PROD0071,2,402.73
ITEM0013552,ORD005454,PROD0142,4,347.19
ITEM0013553,ORD005454,PROD0023,3,414.75
ITEM0013554,ORD005454,PROD0124,4,173.3
ITEM0013555,ORD005454,PROD0074,1,122.74
ITEM0013556,ORD005455,PROD0065,2,153.97
ITEM0013557,ORD005456,PROD0110,4,39.23
ITEM0013558,ORD005457,PROD0145,1,359.48
ITEM0013559,ORD005457,PROD0099,2,386.23
ITEM0013560,ORD005458,PROD0140,1,496.11
ITEM0013561,ORD005459,PROD0064,4,411.35
ITEM0013562,ORD005459,PROD0065,5,153.97
ITEM0013563,ORD005459,PROD0072,5,226.81
ITEM0013564,ORD005459,PROD0006,2,98.27
ITEM0013565,ORD005460,PROD0115,5,431.33
ITEM0013566,ORD005461,PROD0132,3,316.5
ITEM0013567,ORD005462,PROD0122,1,484.26
ITEM0013568,ORD005462,PROD0009,4,138.45
ITEM0013569,ORD005462,PROD0092,5,557.9
ITEM0013570,ORD005462,PROD0096,4,321.49
ITEM0013571,ORD005463,PROD0092,3,557.9
ITEM0013572,ORD005463,PROD0113,3,320.56
ITEM0013573,ORD005463,PROD0065,3,153.97
ITEM0013574,ORD005463,PROD0075,4,383.73
ITEM0013575,ORD005464,PROD0027,5,356.31
ITEM0013576,ORD005465,PROD0128,1,403.21
ITEM0013577,ORD005466,PROD0035,5,27.57
ITEM0013578,ORD005467,PROD0111,3,408.22
ITEM0013579,ORD005467,PROD0023,2,414.75
ITEM0013580,ORD005468,PROD0143,5,453.59
ITEM0013581,ORD005469,PROD0090,2,51.56
ITEM0013582,ORD005469,PROD0093,2,573.11
ITEM0013583,ORD005469,PROD0024,2,594.24
ITEM0013584,ORD005469,PROD0120,3,261.92
ITEM0013585,ORD005470,PROD0129,3,246.64
ITEM0013586,ORD005470,PROD0040,2,508.7
ITEM0013587,ORD005470,PROD0136,5,485.57
ITEM0013588,ORD005470,PROD0121,2,287.5
ITEM0013589,ORD005471,PROD0129,3,246.64
ITEM0013590,ORD005472,PROD0124,5,173.3
ITEM0013591,ORD005472,PROD0058,5,356.49
ITEM0013592,ORD005473,PROD0058,3,356.49
ITEM0013593,ORD005473,PROD0127,2,9.71
ITEM0013594,ORD005474,PROD0056,5,249.02
ITEM0013595,ORD005474,PROD0121,2,287.5
ITEM0013596,ORD005474,PROD0109,1,126.44
ITEM0013597,ORD005475,PROD0117,3,130.11
ITEM0013598,ORD005475,PROD0006,5,98.27
ITEM0013599,ORD005475,PROD0063,1,665.26
ITEM0013600,ORD005476,PROD0023,3,414.75
ITEM0013601,ORD005476,PROD0117,3,130.11
ITEM0013602,ORD005477,PROD0028,2,463.5
ITEM0013603,ORD005478,PROD0016,1,30.39
ITEM0013604,ORD005479,PROD0149,3,139.28
ITEM0013605,ORD005480,PROD0104,2,66.01
ITEM0013606,ORD005480,PROD0019,1,443.45
ITEM0013607,ORD005480,PROD0035,5,27.57
ITEM0013608,ORD005481,PROD0021,1,487.35
ITEM0013609,ORD005481,PROD0079,5,61.84
ITEM0013610,ORD005481,PROD0104,1,66.01
ITEM0013611,ORD005481,PROD0029,5,93.87
ITEM0013612,ORD005482,PROD0049,4,106.04
ITEM0013613,ORD005482,PROD0146,3,292.2
ITEM0013614,ORD005482,PROD0087,3,-193.52
ITEM0013615,ORD005482,PROD0040,3,508.7
ITEM0013616,ORD005483,PROD0114,-5,45.61
ITEM0013617,ORD005483,PROD0062,1,355.88
ITEM0013618,ORD005484,PROD0015,4,442.7
ITEM0013619,ORD005485,PROD0072,1,226.81
ITEM0013620,ORD005485,PROD0120,2,261.92
ITEM0013621,ORD005485,PROD0029,3,93.87
ITEM0013622,ORD005486,PROD0096,2,321.49
ITEM0013623,ORD005486,PROD0117,2,130.11
ITEM0013624,ORD005486,PROD0002,1,112.42
ITEM0013625,ORD005487,PROD0072,5,226.81
ITEM0013626,ORD005487,PROD0045,1,66.57
ITEM0013627,ORD005488,PROD0147,3,570.65
ITEM0013628,ORD005488,PROD0046,4,207.44
ITEM0013629,ORD005488,PROD0107,5,462.67
ITEM0013630,ORD005489,PROD0099,1,386.23
ITEM0013631,ORD005489,PROD0117,1,130.11
ITEM0013632,ORD005489,PROD0039,1,410.66
ITEM0013633,ORD005489,PROD0113,3,320.56
ITEM0013634,ORD005490,PROD0020,5,124.89
ITEM0013635,ORD005490,PROD0112,5,308.35
ITEM0013636,ORD005490,PROD0053,1,292.19
ITEM0013637,ORD005490,PROD0061,2,683.51
ITEM0013638,ORD005491,PROD0136,3,485.57
ITEM0013639,ORD005491,PROD0101,4,182.81
ITEM0013640,ORD005492,PROD0087,2,193.52
ITEM0013641,ORD005492,PROD0026,1,585.88
ITEM0013642,ORD005492,PROD0142,4,347.19
ITEM0013643,ORD005492,PROD0067,2,363.03
ITEM0013644,ORD005493,PROD0127,3,9.71
ITEM0013645,ORD005493,PROD0150,3,88.94
ITEM0013646,ORD005493,PROD0149,5,139.28
ITEM0013647,ORD005493,PROD0068,2,422.88
ITEM0013648,ORD005494,PROD0041,3,438.01
ITEM0013649,ORD005494,PROD0037,5,540.32
ITEM0013650,ORD005494,PROD0003,4,4.27
ITEM0013651,ORD005495,PROD0125,2,377.98
ITEM0013652,ORD005495,PROD0059,2,254.01
ITEM0013653,ORD005496,PROD0130,3,421.1
ITEM0013654,ORD005496,PROD0009,2,138.45
ITEM0013655,ORD005496,PROD0139,1,135.03
ITEM0013656,ORD005496,PROD0031,4,15.13
ITEM0013657,ORD005497,PROD0062,4,355.88
ITEM0013658,ORD005498,PROD0043,2,251.98
ITEM0013659,ORD005498,PROD0114,4,45.61
ITEM0013660,ORD005499,PROD0098,5,351.41
ITEM0013661,ORD005500,PROD0051,2,294.17
ITEM0013662,ORD005501,PROD0011,4,325.01
ITEM0013663,ORD005501,PROD0045,4,66.57
ITEM0013664,ORD005501,PROD0009,1,138.45
ITEM0013665,ORD005502,PROD0029,4,93.87
ITEM0013666,ORD005502,PROD0044,4,474.28
ITEM0013667,ORD005503,PROD0126,4,263.88
ITEM0013668,ORD005503,PROD0111,1,408.22
ITEM0013669,ORD005504,PROD0024,4,594.24
ITEM0013670,ORD005504,PROD0023,5,414.75
ITEM0013671,ORD005504,PROD0021,1,487.35
ITEM0013672,ORD005505,PROD0131,2,130.48
ITEM0013673,ORD005506,PROD0046,1,207.44
ITEM0013674,ORD005506,PROD0110,3,39.23
ITEM0013675,ORD005506,PROD0142,1,347.19
ITEM0013676,ORD005506,PROD0034,1,303.7
ITEM0013677,ORD005507,PROD0091,3,161.11
ITEM0013678,ORD005508,PROD0126,5,263.88
ITEM0013679,ORD005509,PROD0126,4,263.88
ITEM0013680,ORD005509,PROD0036,5,33.3
ITEM0013681,ORD005510,PROD0055,5,408.1
ITEM0013682,ORD005510,PROD0126,5,263.88
ITEM0013683,ORD005510,PROD0068,4,422.88
ITEM0013684,ORD005511,PROD0145,5,359.48
ITEM0013685,ORD005511,PROD0002,2,112.42
ITEM0013686,ORD005512,PROD0059,1,254.01
ITEM0013687,ORD005512,PROD0128,2,403.21
ITEM0013688,ORD005512,PROD0137,1,447.4
ITEM0013689,ORD005512,PROD0044,3,474.28
ITEM0013690,ORD005513,PROD0081,3,318.7
ITEM0013691,ORD005513,PROD0063,4,665.26
ITEM0013692,ORD005514,PROD0002,5,112.42
ITEM0013693,ORD005514,PROD0076,1,277.07
ITEM0013694,ORD005514,PROD0066,2,370.45
ITEM0013695,ORD005515,PROD0017,3,234.28
ITEM0013696,ORD005515,PROD0133,3,317.22
ITEM0013697,ORD005515,PROD0105,3,308.26
ITEM0013698,ORD005516,PROD0084,5,464.44
ITEM0013699,ORD005516,PROD0062,2,355.88
ITEM0013700,ORD005517,PROD0051,1,294.17
ITEM0013701,ORD005517,PROD0107,3,462.67
ITEM0013702,ORD005517,PROD0008,1,174.9
ITEM0013703,ORD005517,PROD0075,1,383.73
ITEM0013704,ORD005518,PROD0020,2,124.89
ITEM0013705,ORD005518,PROD0085,4,602.46
ITEM0013706,ORD005519,PROD0113,2,320.56
ITEM0013707,ORD005519,PROD0083,3,306.64
ITEM0013708,ORD005520,PROD0056,2,249.02
ITEM0013709,ORD005520,PROD0104,3,66.01
ITEM0013710,ORD005520,PROD0054,3,135.13
ITEM0013711,ORD005521,PROD0033,3,470.6
ITEM0013712,ORD005521,PROD0102,3,266.91
ITEM0013713,ORD005522,PROD0132,3,316.5
ITEM0013714,ORD005522,PROD0079,3,61.84
ITEM0013715,ORD005522,PROD0039,1,410.66
ITEM0013716,ORD005522,PROD0098,1,351.41
ITEM0013717,ORD005523,PROD0143,2,453.59
ITEM0013718,ORD005524,PROD0078,2,57.56
ITEM0013719,ORD005524,PROD0103,1,305.68
ITEM0013720,ORD005525,PROD0057,5,632.78
ITEM0013721,ORD005525,PROD0112,4,308.35
ITEM0013722,ORD005525,PROD0149,4,139.28
ITEM0013723,ORD005525,PROD0110,5,39.23
ITEM0013724,ORD005526,PROD0001,2,342.2
ITEM0013725,ORD005526,PROD0040,3,508.7
ITEM0013726,ORD005526,PROD0131,5,130.48
ITEM0013727,ORD005527,PROD0090,1,51.56
ITEM0013728,ORD005528,PROD0079,3,61.84
ITEM0013729,ORD005529,PROD0102,3,266.91
ITEM0013730,ORD005529,PROD0087,2,193.52
ITEM0013731,ORD005530,PROD0076,4,277.07
ITEM0013732,ORD005530,PROD0068,1,422.88
ITEM0013733,ORD005530,PROD0134,3,192.47
ITEM0013734,ORD005531,PROD0150,5,88.94
ITEM0013735,ORD005532,PROD0139,-5,135.03
ITEM0013736,ORD005533,PROD0021,2,487.35
ITEM0013737,ORD005533,PROD0135,3,427.2
ITEM0013738,ORD005533,PROD0068,5,422.88
ITEM0013739,ORD005534,PROD0131,3,130.48
ITEM0013740,ORD005534,PROD0051,5,294.17
ITEM0013741,ORD005534,PROD0022,2,380.56
ITEM0013742,ORD005534,PROD0141,3,19.31
ITEM0013743,ORD005535,PROD0093,5,573.11
ITEM0013744,ORD005535,PROD0098,4,351.41
ITEM0013745,ORD005535,PROD0018,3,119.66
ITEM0013746,ORD005536,PROD0126,2,263.88
ITEM0013747,ORD005536,PROD0107,5,462.67
ITEM0013748,ORD005536,PROD0040,5,508.7
ITEM0013749,ORD005537,PROD0044,1,474.28
ITEM0013750,ORD005537,PROD0072,5,226.81
ITEM0013751,ORD005537,PROD0040,5,508.7
ITEM0013752,ORD005537,PROD0010,4,488.99
ITEM0013753,ORD005538,PROD0136,2,485.57
ITEM0013754,ORD005538,PROD0081,2,318.7
ITEM0013755,ORD005538,PROD0140,3,496.11
ITEM0013756,ORD005539,PROD0119,5,103.02
ITEM0013757,ORD005539,PROD0015,1,442.7
ITEM0013758,ORD005539,PROD0126,2,263.88
ITEM0013759,ORD005539,PROD0059,1,254.01
ITEM0013760,ORD005540,PROD0093,2,573.11
ITEM0013761,ORD005541,PROD0069,5,619.75
ITEM0013762,ORD005541,PROD0009,1,138.45
ITEM0013763,ORD005541,PROD0065,2,153.97
ITEM0013764,ORD005542,PROD0122,3,484.26
ITEM0013765,ORD005542,PROD0112,4,308.35
ITEM0013766,ORD005543,PROD0131,1,130.48
ITEM0013767,ORD005543,PROD0116,3,366.52
ITEM0013768,ORD005544,PROD0097,5,53.1
ITEM0013769,ORD005544,PROD0027,5,356.31
ITEM0013770,ORD005545,PROD0089,5,289.58
ITEM0013771,ORD005545,PROD0068,4,422.88
ITEM0013772,ORD005545,PROD0031,3,15.13
ITEM0013773,ORD005545,PROD0022,4,380.56
ITEM0013774,ORD005546,PROD0111,1,408.22
ITEM0013775,ORD005546,PROD0063,3,665.26
ITEM0013776,ORD005546,PROD0004,3,129.15
ITEM0013777,ORD005546,PROD0013,1,196.91
ITEM0013778,ORD005547,PROD0075,4,383.73
ITEM0013779,ORD005547,PROD0105,2,308.26
ITEM0013780,ORD005547,PROD0126,4,263.88
ITEM0013781,ORD005547,PROD0097,3,53.1
ITEM0013782,ORD005548,PROD0079,3,61.84
ITEM0013783,ORD005549,PROD0024,4,594.24
ITEM0013784,ORD005550,PROD0084,5,464.44
ITEM0013785,ORD005550,PROD0051,3,294.17
ITEM0013786,ORD005551,PROD0052,3,436.28
ITEM0013787,ORD005552,PROD0011,4,325.01
ITEM0013788,ORD005552,PROD0048,2,277.49
ITEM0013789,ORD005552,PROD0018,2,119.66
ITEM0013790,ORD005552,PROD0124,5,173.3
ITEM0013791,ORD005553,PROD0034,5,303.7
ITEM0013792,ORD005553,PROD0003,5,4.27
ITEM0013793,ORD005554,PROD0069,3,619.75
ITEM0013794,ORD005555,PROD0003,1,4.27
ITEM0013795,ORD005555,PROD0086,2,203.78
ITEM0013796,ORD005555,PROD0139,4,135.03
ITEM0013797,ORD005555,PROD0026,3,585.88
ITEM0013798,ORD005556,PROD0137,3,447.4
ITEM0013799,ORD005556,PROD0089,1,289.58
ITEM0013800,ORD005556,PROD0141,5,19.31
ITEM0013801,ORD005556,PROD0109,2,126.44
ITEM0013802,ORD005557,PROD0094,1,393.51
ITEM0013803,ORD005557,PROD0071,4,402.73
ITEM0013804,ORD005558,PROD0094,2,393.51
ITEM0013805,ORD005558,PROD0065,4,153.97
ITEM0013806,ORD005558,PROD0143,3,453.59
ITEM0013807,ORD005559,PROD0100,5,208.15
ITEM0013808,ORD005559,PROD0104,1,66.01
ITEM0013809,ORD005559,PROD0127,2,9.71
ITEM0013810,ORD005559,PROD0064,1,-411.35
ITEM0013811,ORD005560,PROD0093,2,573.11
ITEM0013812,ORD005560,PROD0142,4,347.19
ITEM0013813,ORD005561,PROD0133,3,317.22
ITEM0013814,ORD005561,PROD0060,1,497.77
ITEM0013815,ORD005562,PROD0146,3,292.2
ITEM0013816,ORD005562,PROD0134,2,192.47
ITEM0013817,ORD005562,PROD0116,3,366.52
ITEM0013818,ORD005562,PROD0106,1,508.9
ITEM0013819,ORD005563,PROD0079,1,61.84
ITEM0013820,ORD005564,PROD0138,2,43.7
ITEM0013821,ORD005564,PROD0083,2,306.64
ITEM0013822,ORD005564,PROD0049,2,106.04
ITEM0013823,ORD005564,PROD0113,2,320.56
ITEM0013824,ORD005565,PROD0107,4,462.67
ITEM0013825,ORD005565,PROD0100,5,208.15
ITEM0013826,ORD005565,PROD0126,5,263.88
ITEM0013827,ORD005566,PROD0051,5,294.17
ITEM0013828,ORD005566,PROD0130,4,421.1
ITEM0013829,ORD005566,PROD0017,1,234.28
ITEM0013830,ORD005566,PROD0040,5,508.7
ITEM0013831,ORD005567,PROD0098,4,351.41
ITEM0013832,ORD005567,PROD0137,1,447.4
ITEM0013833,ORD005567,PROD0023,1,414.75
ITEM0013834,ORD005568,PROD0144,5,105.68
ITEM0013835,ORD005568,PROD0124,2,173.3
ITEM0013836,ORD005569,PROD0016,5,30.39
ITEM0013837,ORD005569,PROD0050,1,235.27
ITEM0013838,ORD005569,PROD0024,1,594.24
ITEM0013839,ORD005569,PROD0034,3,303.7
ITEM0013840,ORD005570,PROD0138,2,43.7
ITEM0013841,ORD005570,PROD0110,2,39.23
ITEM0013842,ORD005571,PROD0086,3,203.78
ITEM0013843,ORD005571,PROD0118,5,58.39
ITEM0013844,ORD005571,PROD0142,4,347.19
ITEM0013845,ORD005571,PROD0003,5,4.27
ITEM0013846,ORD005572,PROD0107,4,462.67
ITEM0013847,ORD005572,PROD0119,1,103.02
ITEM0013848,ORD005572,PROD0016,4,30.39
ITEM0013849,ORD005572,PROD0029,2,93.87
ITEM0013850,ORD005573,PROD0034,3,303.7
ITEM0013851,ORD005573,PROD0105,4,308.26
ITEM0013852,ORD005573,PROD0102,5,266.91
ITEM0013853,ORD005574,PROD0109,3,126.44
ITEM0013854,ORD005574,PROD0133,4,317.22
ITEM0013855,ORD005574,PROD0036,1,33.3
ITEM0013856,ORD005575,PROD0125,5,377.98
ITEM0013857,ORD005575,PROD0011,4,325.01
ITEM0013858,ORD005575,PROD0005,5,196.98
ITEM0013859,ORD005575,PROD0017,4,234.28
ITEM0013860,ORD005576,PROD0138,3,43.7
ITEM0013861,ORD005576,PROD0127,3,9.71
ITEM0013862,ORD005576,PROD0055,4,408.1
ITEM0013863,ORD005577,PROD0059,2,254.01
ITEM0013864,ORD005577,PROD0014,1,16.7
ITEM0013865,ORD005577,PROD0009,1,138.45
ITEM0013866,ORD005578,PROD0055,2,408.1
ITEM0013867,ORD005578,PROD0144,1,105.68
ITEM0013868,ORD005578,PROD0140,2,-496.11
ITEM0013869,ORD005578,PROD0126,3,263.88
ITEM0013870,ORD005579,PROD0139,1,135.03
ITEM0013871,ORD005580,PROD0072,4,226.81
ITEM0013872,ORD005580,PROD0018,4,119.66
ITEM0013873,ORD005581,PROD0028,1,463.5
ITEM0013874,ORD005582,PROD0011,1,325.01
ITEM0013875,ORD005582,PROD0116,4,366.52
ITEM0013876,ORD005582,PROD0130,3,421.1
ITEM0013877,ORD005583,PROD0084,5,464.44
ITEM0013878,ORD005583,PROD0088,4,51.09
ITEM0013879,ORD005584,PROD0110,4,39.23
ITEM0013880,ORD005584,PROD0077,2,286.06
ITEM0013881,ORD005584,PROD0045,1,66.57
ITEM0013882,ORD005584,PROD0147,3,570.65
ITEM0013883,ORD005585,PROD0106,1,508.9
ITEM0013884,ORD005585,PROD0036,4,33.3
ITEM0013885,ORD005586,PROD0039,3,410.66
ITEM0013886,ORD005587,PROD0124,3,173.3
ITEM0013887,ORD005587,PROD0010,3,488.99
ITEM0013888,ORD005587,PROD0048,1,277.49
ITEM0013889,ORD005587,PROD0018,2,119.66
ITEM0013890,ORD005588,PROD0137,3,447.4
ITEM0013891,ORD005589,PROD0015,2,442.7
ITEM0013892,ORD005589,PROD0110,4,39.23
ITEM0013893,ORD005589,PROD0127,5,9.71
ITEM0013894,ORD005589,PROD0143,4,453.59
ITEM0013895,ORD005590,PROD0137,2,447.4
ITEM0013896,ORD005591,PROD0069,4,619.75
ITEM0013897,ORD005591,PROD0057,1,632.78
ITEM0013898,ORD005591,PROD0017,5,234.28
ITEM0013899,ORD005592,PROD0108,1,332.49
ITEM0013900,ORD005592,PROD0006,2,98.27
ITEM0013901,ORD005592,PROD0104,4,66.01
ITEM0013902,ORD005592,PROD0065,1,153.97
ITEM0013903,ORD005593,PROD0119,4,103.02
ITEM0013904,ORD005594,PROD0037,5,540.32
ITEM0013905,ORD005595,PROD0141,4,19.31
ITEM0013906,ORD005595,PROD0130,1,421.1
ITEM0013907,ORD005596,PROD0069,2,619.75
ITEM0013908,ORD005596,PROD0021,3,487.35
ITEM0013909,ORD005596,PROD0103,5,305.68
ITEM0013910,ORD005597,PROD0123,4,95.95
ITEM0013911,ORD005597,PROD0039,3,410.66
ITEM0013912,ORD005597,PROD0141,2,19.31
ITEM0013913,ORD005597,PROD0137,5,447.4
ITEM0013914,ORD005598,PROD0007,5,248.82
ITEM0013915,ORD005599,PROD0063,4,665.26
ITEM0013916,ORD005599,PROD0051,2,294.17
ITEM0013917,ORD005599,PROD0020,3,124.89
ITEM0013918,ORD005599,PROD0104,2,66.01
ITEM0013919,ORD005600,PROD0052,3,436.28
ITEM0013920,ORD005600,PROD0002,5,112.42
ITEM0013921,ORD005600,PROD0032,5,172.77
ITEM0013922,ORD005600,PROD0047,3,288.09
ITEM0013923,ORD005601,PROD0041,3,438.01
ITEM0013924,ORD005601,PROD0132,3,316.5
ITEM0013925,ORD005601,PROD0093,1,573.11
ITEM0013926,ORD005602,PROD0057,5,632.78
ITEM0013927,ORD005603,PROD0145,5,359.48
ITEM0013928,ORD005603,PROD0079,4,61.84
ITEM0013929,ORD005604,PROD0005,4,196.98
ITEM0013930,ORD005604,PROD0134,5,192.47
ITEM0013931,ORD005604,PROD0045,3,66.57
ITEM0013932,ORD005605,PROD0103,2,305.68
ITEM0013933,ORD005606,PROD0067,1,363.03
ITEM0013934,ORD005607,PROD0120,2,261.92
ITEM0013935,ORD005607,PROD0101,1,182.81
ITEM0013936,ORD005607,PROD0128,1,403.21
ITEM0013937,ORD005608,PROD0010,5,488.99
ITEM0013938,ORD005608,PROD0133,4,317.22
ITEM0013939,ORD005609,PROD0110,1,39.23
ITEM0013940,ORD005609,PROD0033,4,470.6
ITEM0013941,ORD005610,PROD0031,2,15.13
ITEM0013942,ORD005610,PROD0034,4,303.7
ITEM0013943,ORD005610,PROD0112,4,308.35
ITEM0013944,ORD005611,PROD0054,2,135.13
ITEM0013945,ORD005611,PROD0086,5,203.78
ITEM0013946,ORD005611,PROD0033,4,470.6
ITEM0013947,ORD005612,PROD0091,3,161.11
ITEM0013948,ORD005612,PROD0147,1,570.65
ITEM0013949,ORD005612,PROD0043,2,251.98
ITEM0013950,ORD005613,PROD0137,4,447.4
ITEM0013951,ORD005613,PROD0140,3,496.11
ITEM0013952,ORD005613,PROD0122,2,484.26
ITEM0013953,ORD005614,PROD0029,2,93.87
ITEM0013954,ORD005614,PROD0055,5,408.1
ITEM0013955,ORD005614,PROD0023,1,414.75
ITEM0013956,ORD005614,PROD0119,4,103.02
ITEM0013957,ORD005615,PROD0105,3,308.26
ITEM0013958,ORD005615,PROD0133,1,317.22
ITEM0013959,ORD005616,PROD0131,4,130.48
ITEM0013960,ORD005617,PROD0070,4,271.29
ITEM0013961,ORD005617,PROD0054,4,135.13
ITEM0013962,ORD005617,PROD0014,2,16.7
ITEM0013963,ORD005617,PROD0127,4,9.71
ITEM0013964,ORD005618,PROD0058,3,356.49
ITEM0013965,ORD005618,PROD0123,5,95.95
ITEM0013966,ORD005618,PROD0118,3,58.39
ITEM0013967,ORD005619,PROD0132,1,316.5
ITEM0013968,ORD005619,PROD0110,3,39.23
ITEM0013969,ORD005619,PROD0011,5,325.01
ITEM0013970,ORD005620,PROD0126,4,263.88
ITEM0013971,ORD005621,PROD0026,5,585.88
ITEM0013972,ORD005622,PROD0044,4,474.28
ITEM0013973,ORD005623,PROD0115,4,431.33
ITEM0013974,ORD005623,PROD0057,5,632.78
ITEM0013975,ORD005623,PROD0002,5,112.42
ITEM0013976,ORD005624,PROD0052,1,436.28
ITEM0013977,ORD005625,PROD0147,2,570.65
ITEM0013978,ORD005625,PROD0046,3,207.44
ITEM0013979,ORD005626,PROD0040,3,508.7
ITEM0013980,ORD005626,PROD0134,3,192.47
ITEM0013981,ORD005627,PROD0028,3,463.5
ITEM0013982,ORD005627,PROD0119,5,103.02
ITEM0013983,ORD005627,PROD0052,5,436.28
ITEM0013984,ORD005628,PROD0041,1,438.01
ITEM0013985,ORD005629,PROD0011,4,325.01
ITEM0013986,ORD005629,PROD0135,-5,427.2
ITEM0013987,ORD005629,PROD0114,3,45.61
ITEM0013988,ORD005629,PROD0080,4,392.58
ITEM0013989,ORD005630,PROD0019,1,443.45
ITEM0013990,ORD005630,PROD0029,2,93.87
ITEM0013991,ORD005631,PROD0026,3,585.88
ITEM0013992,ORD005632,PROD0023,4,414.75
ITEM0013993,ORD005632,PROD0073,3,241.62
ITEM0013994,ORD005632,PROD0089,3,289.58
ITEM0013995,ORD005633,PROD0128,5,403.21
ITEM0013996,ORD005633,PROD0118,1,58.39
ITEM0013997,ORD005633,PROD0145,4,359.48
ITEM0013998,ORD005634,PROD0052,4,436.28
ITEM0013999,ORD005634,PROD0120,4,261.92
ITEM0014000,ORD005634,PROD0014,3,16.7
ITEM0014001,ORD005635,PROD0022,2,380.56
ITEM0014002,ORD005635,PROD0146,4,292.2
ITEM0014003,ORD005635,PROD0033,2,470.6
ITEM0014004,ORD005635,PROD0135,1,427.2
ITEM0014005,ORD005636,PROD0032,3,172.77
ITEM0014006,ORD005636,PROD0068,1,422.88
ITEM0014007,ORD005636,PROD0127,3,9.71
ITEM0014008,ORD005637,PROD0114,3,45.61
ITEM0014009,ORD005638,PROD0066,4,370.45
ITEM0014010,ORD005638,PROD0051,1,294.17
ITEM0014011,ORD005638,PROD0119,4,103.02
ITEM0014012,ORD005639,PROD0129,3,246.64
ITEM0014013,ORD005640,PROD0028,4,463.5
ITEM0014014,ORD005640,PROD0004,4,129.15
ITEM0014015,ORD005640,PROD0072,4,226.81
ITEM0014016,ORD005641,PROD0073,1,241.62
ITEM0014017,ORD005641,PROD0011,4,325.01
ITEM0014018,ORD005642,PROD0031,1,15.13
ITEM0014019,ORD005642,PROD0134,4,192.47
ITEM0014020,ORD005642,PROD0088,4,51.09
ITEM0014021,ORD005643,PROD0148,2,427.66
ITEM0014022,ORD005643,PROD0054,3,135.13
ITEM0014023,ORD005643,PROD0144,3,105.68
ITEM0014024,ORD005643,PROD0091,1,161.11
ITEM0014025,ORD005644,PROD0117,2,130.11
ITEM0014026,ORD005644,PROD0137,-4,447.4
ITEM0014027,ORD005644,PROD0114,5,45.61
ITEM0014028,ORD005645,PROD0149,2,139.28
ITEM0014029,ORD005645,PROD0109,2,126.44
ITEM0014030,ORD005646,PROD0004,2,129.15
ITEM0014031,ORD005646,PROD0036,3,33.3
ITEM0014032,ORD005646,PROD0035,3,27.57
ITEM0014033,ORD005646,PROD0018,1,119.66
ITEM0014034,ORD005647,PROD0008,3,174.9
ITEM0014035,ORD005647,PROD0123,1,95.95
ITEM0014036,ORD005648,PROD0068,4,422.88
ITEM0014037,ORD005648,PROD0054,1,135.13
ITEM0014038,ORD005648,PROD0066,4,370.45
ITEM0014039,ORD005648,PROD0124,5,173.3
ITEM0014040,ORD005649,PROD0112,4,308.35
ITEM0014041,ORD005650,PROD0104,5,66.01
ITEM0014042,ORD005650,PROD0122,5,484.26
ITEM0014043,ORD005650,PROD0051,-1,294.17
ITEM0014044,ORD005651,PROD0110,2,39.23
ITEM0014045,ORD005651,PROD0038,2,216.74
ITEM0014046,ORD005652,PROD0128,5,403.21
ITEM0014047,ORD005652,PROD0050,1,235.27
ITEM0014048,ORD005652,PROD0113,2,320.56
ITEM0014049,ORD005652,PROD0148,3,427.66
ITEM0014050,ORD005653,PROD0043,2,251.98
ITEM0014051,ORD005653,PROD0017,2,234.28
ITEM0014052,ORD005654,PROD0108,3,332.49
ITEM0014053,ORD005654,PROD0028,1,463.5
ITEM0014054,ORD005655,PROD0115,5,431.33
ITEM0014055,ORD005655,PROD0124,3,173.3
ITEM0014056,ORD005656,PROD0063,2,665.26
ITEM0014057,ORD005656,PROD0132,5,316.5
ITEM0014058,ORD005656,PROD0045,2,66.57
ITEM0014059,ORD005656,PROD0136,4,485.57
ITEM0014060,ORD005657,PROD0010,3,488.99
ITEM0014061,ORD005657,PROD0050,5,235.27
ITEM0014062,ORD005658,PROD0013,5,196.91
ITEM0014063,ORD005658,PROD0066,2,370.45
ITEM0014064,ORD005658,PROD0122,5,484.26
ITEM0014065,ORD005659,PROD0144,2,-105.68
ITEM0014066,ORD005659,PROD0143,4,453.59
ITEM0014067,ORD005659,PROD0020,4,124.89
ITEM0014068,ORD005659,PROD0145,1,359.48
ITEM0014069,ORD005660,PROD0041,2,438.01
ITEM0014070,ORD005661,PROD0021,2,487.35
ITEM0014071,ORD005662,PROD0002,3,112.42
ITEM0014072,ORD005662,PROD0025,5,23.62
ITEM0014073,ORD005662,PROD0134,4,192.47
ITEM0014074,ORD005662,PROD0059,4,254.01
ITEM0014075,ORD005663,PROD0073,4,241.62
ITEM0014076,ORD005664,PROD0112,3,308.35
ITEM0014077,ORD005664,PROD0102,4,266.91
ITEM0014078,ORD005664,PROD0066,5,370.45
ITEM0014079,ORD005664,PROD0018,4,119.66
ITEM0014080,ORD005665,PROD0054,1,135.13
ITEM0014081,ORD005665,PROD0134,3,192.47
ITEM0014082,ORD005665,PROD0142,5,347.19
ITEM0014083,ORD005666,PROD0039,1,410.66
ITEM0014084,ORD005666,PROD0041,5,438.01
ITEM0014085,ORD005667,PROD0126,3,263.88
ITEM0014086,ORD005668,PROD0052,2,436.28
ITEM0014087,ORD005668,PROD0149,4,139.28
ITEM0014088,ORD005668,PROD0102,5,266.91
ITEM0014089,ORD005669,PROD0096,1,321.49
ITEM0014090,ORD005669,PROD0017,4,234.28
ITEM0014091,ORD005669,PROD0073,5,241.62
ITEM0014092,ORD005669,PROD0038,3,216.74
ITEM0014093,ORD005670,PROD0148,4,427.66
ITEM0014094,ORD005670,PROD0069,1,619.75
ITEM0014095,ORD005670,PROD0035,5,27.57
ITEM0014096,ORD005670,PROD0019,3,443.45
ITEM0014097,ORD005671,PROD0105,2,308.26
ITEM0014098,ORD005672,PROD0142,-3,347.19
ITEM0014099,ORD005672,PROD0110,5,39.23
ITEM0014100,ORD005672,PROD0013,4,196.91
ITEM0014101,ORD005672,PROD0066,1,370.45
ITEM0014102,ORD005673,PROD0045,4,66.57
ITEM0014103,ORD005673,PROD0013,3,196.91
ITEM0014104,ORD005673,PROD0079,1,61.84
ITEM0014105,ORD005673,PROD0055,4,408.1
ITEM0014106,ORD005674,PROD0010,2,488.99
ITEM0014107,ORD005674,PROD0114,5,45.61
ITEM0014108,ORD005674,PROD0141,3,19.31
ITEM0014109,ORD005674,PROD0044,1,474.28
ITEM0014110,ORD005675,PROD0117,5,130.11
ITEM0014111,ORD005675,PROD0088,3,51.09
ITEM0014112,ORD005675,PROD0053,1,292.19
ITEM0014113,ORD005676,PROD0142,3,347.19
ITEM0014114,ORD005676,PROD0036,2,33.3
ITEM0014115,ORD005677,PROD0097,1,53.1
ITEM0014116,ORD005677,PROD0103,2,305.68
ITEM0014117,ORD005677,PROD0071,3,402.73
ITEM0014118,ORD005677,PROD0019,1,443.45
ITEM0014119,ORD005678,PROD0006,2,98.27
ITEM0014120,ORD005678,PROD0137,5,447.4
ITEM0014121,ORD005678,PROD0002,1,112.42
ITEM0014122,ORD005678,PROD0087,3,193.52
ITEM0014123,ORD005679,PROD0120,5,261.92
ITEM0014124,ORD005679,PROD0112,1,308.35
ITEM0014125,ORD005679,PROD0139,5,135.03
ITEM0014126,ORD005679,PROD0121,3,287.5
ITEM0014127,ORD005680,PROD0054,5,135.13
ITEM0014128,ORD005680,PROD0091,1,161.11
ITEM0014129,ORD005680,PROD0069,5,619.75
ITEM0014130,ORD005680,PROD0022,3,380.56
ITEM0014131,ORD005681,PROD0052,1,436.28
ITEM0014132,ORD005681,PROD0115,4,431.33
ITEM0014133,ORD005681,PROD0116,5,366.52
ITEM0014134,ORD005682,PROD0035,5,27.57
ITEM0014135,ORD005682,PROD0032,2,172.77
ITEM0014136,ORD005682,PROD0120,3,261.92
ITEM0014137,ORD005682,PROD0130,5,421.1
ITEM0014138,ORD005683,PROD0047,3,288.09
ITEM0014139,ORD005683,PROD0097,5,53.1
ITEM0014140,ORD005683,PROD0013,2,196.91
ITEM0014141,ORD005683,PROD0073,1,241.62
ITEM0014142,ORD005684,PROD0037,5,540.32
ITEM0014143,ORD005684,PROD0064,1,411.35
ITEM0014144,ORD005684,PROD0079,4,61.84
ITEM0014145,ORD005685,PROD0094,2,393.51
ITEM0014146,ORD005685,PROD0004,1,129.15
ITEM0014147,ORD005685,PROD0092,3,557.9
ITEM0014148,ORD005686,PROD0144,2,105.68
ITEM0014149,ORD005686,PROD0011,5,325.01
ITEM0014150,ORD005686,PROD0091,4,161.11
ITEM0014151,ORD005687,PROD0088,5,51.09
ITEM0014152,ORD005687,PROD0137,3,447.4
ITEM0014153,ORD005687,PROD0049,5,106.04
ITEM0014154,ORD005688,PROD0045,3,66.57
ITEM0014155,ORD005689,PROD0082,3,-196.55
ITEM0014156,ORD005690,PROD0143,3,453.59
ITEM0014157,ORD005690,PROD0134,1,192.47
ITEM0014158,ORD005690,PROD0113,2,320.56
ITEM0014159,ORD005690,PROD0144,1,105.68
ITEM0014160,ORD005691,PROD0118,2,58.39
ITEM0014161,ORD005691,PROD0094,5,393.51
ITEM0014162,ORD005691,PROD0086,2,203.78
ITEM0014163,ORD005691,PROD0074,1,122.74
ITEM0014164,ORD005692,PROD0096,5,321.49
ITEM0014165,ORD005692,PROD0130,2,421.1
ITEM0014166,ORD005693,PROD0027,2,356.31
ITEM0014167,ORD005694,PROD0052,4,436.28
ITEM0014168,ORD005694,PROD0114,2,45.61
ITEM0014169,ORD005694,PROD0067,3,363.03
ITEM0014170,ORD005694,PROD0127,2,9.71
ITEM0014171,ORD005695,PROD0053,1,292.19
ITEM0014172,ORD005695,PROD0120,5,261.92
ITEM0014173,ORD005695,PROD0072,2,226.81
ITEM0014174,ORD005696,PROD0143,2,453.59
ITEM0014175,ORD005696,PROD0087,3,193.52
ITEM0014176,ORD005696,PROD0092,1,557.9
ITEM0014177,ORD005697,PROD0010,5,488.99
ITEM0014178,ORD005698,PROD0100,5,208.15
ITEM0014179,ORD005698,PROD0138,2,43.7
ITEM0014180,ORD005698,PROD0019,3,443.45
ITEM0014181,ORD005699,PROD0054,4,135.13
ITEM0014182,ORD005699,PROD0065,1,153.97
ITEM0014183,ORD005700,PROD0136,1,485.57
ITEM0014184,ORD005701,PROD0028,1,463.5
ITEM0014185,ORD005701,PROD0147,5,570.65
ITEM0014186,ORD005702,PROD0009,3,138.45
ITEM0014187,ORD005702,PROD0098,5,351.41
ITEM0014188,ORD005702,PROD0121,2,287.5
ITEM0014189,ORD005702,PROD0030,1,314.5
ITEM0014190,ORD005703,PROD0007,4,248.82
ITEM0014191,ORD005704,PROD0106,5,508.9
ITEM0014192,ORD005705,PROD0139,5,135.03
ITEM0014193,ORD005706,PROD0016,5,30.39
ITEM0014194,ORD005707,PROD0143,3,453.59
ITEM0014195,ORD005708,PROD0014,5,16.7
ITEM0014196,ORD005709,PROD0025,5,23.62
ITEM0014197,ORD005709,PROD0063,3,665.26
ITEM0014198,ORD005709,PROD0122,5,484.26
ITEM0014199,ORD005710,PROD0090,4,51.56
ITEM0014200,ORD005710,PROD0146,4,292.2
ITEM0014201,ORD005710,PROD0040,4,508.7
ITEM0014202,ORD005711,PROD0130,5,421.1
ITEM0014203,ORD005711,PROD0122,-5,484.26
ITEM0014204,ORD005711,PROD0142,3,347.19
ITEM0014205,ORD005712,PROD0104,3,66.01
ITEM0014206,ORD005713,PROD0137,5,447.4
ITEM0014207,ORD005714,PROD0049,1,106.04
ITEM0014208,ORD005714,PROD0089,1,289.58
ITEM0014209,ORD005715,PROD0086,3,203.78
ITEM0014210,ORD005716,PROD0048,1,277.49
ITEM0014211,ORD005716,PROD0095,5,271.32
ITEM0014212,ORD005717,PROD0034,5,303.7
ITEM0014213,ORD005718,PROD0012,5,589.04
ITEM0014214,ORD005719,PROD0082,3,196.55
ITEM0014215,ORD005719,PROD0144,3,105.68
ITEM0014216,ORD005720,PROD0099,5,386.23
ITEM0014217,ORD005720,PROD0009,2,138.45
ITEM0014218,ORD005721,PROD0104,3,66.01
ITEM0014219,ORD005721,PROD0108,2,332.49
ITEM0014220,ORD005721,PROD0095,4,271.32
ITEM0014221,ORD005722,PROD0004,1,129.15
ITEM0014222,ORD005723,PROD0017,1,234.28
ITEM0014223,ORD005723,PROD0107,2,462.67
ITEM0014224,ORD005723,PROD0089,1,289.58
ITEM0014225,ORD005724,PROD0131,4,130.48
ITEM0014226,ORD005724,PROD0062,2,355.88
ITEM0014227,ORD005724,PROD0124,1,173.3
ITEM0014228,ORD005724,PROD0127,5,9.71
ITEM0014229,ORD005725,PROD0127,3,9.71
ITEM0014230,ORD005725,PROD0079,4,61.84
ITEM0014231,ORD005725,PROD0030,3,314.5
ITEM0014232,ORD005726,PROD0004,1,129.15
ITEM0014233,ORD005726,PROD0040,2,508.7
ITEM0014234,ORD005727,PROD0047,5,288.09
ITEM0014235,ORD005728,PROD0028,4,463.5
ITEM0014236,ORD005729,PROD0088,5,51.09
ITEM0014237,ORD005729,PROD0141,2,19.31
ITEM0014238,ORD005729,PROD0099,4,386.23
ITEM0014239,ORD005729,PROD0046,4,207.44
ITEM0014240,ORD005730,PROD0073,5,241.62
ITEM0014241,ORD005730,PROD0049,5,106.04
ITEM0014242,ORD005730,PROD0061,4,683.51
ITEM0014243,ORD005730,PROD0148,2,427.66
ITEM0014244,ORD005731,PROD0002,5,112.42
ITEM0014245,ORD005731,PROD0069,2,619.75
ITEM0014246,ORD005731,PROD0104,5,66.01
ITEM0014247,ORD005731,PROD0033,1,470.6
ITEM0014248,ORD005732,PROD0099,4,386.23
ITEM0014249,ORD005733,PROD0062,4,355.88
ITEM0014250,ORD005733,PROD0019,1,443.45
ITEM0014251,ORD005733,PROD0030,1,314.5
ITEM0014252,ORD005733,PROD0146,5,292.2
ITEM0014253,ORD005734,PROD0142,3,347.19
ITEM0014254,ORD005734,PROD0110,4,39.23
ITEM0014255,ORD005734,PROD0055,4,408.1
ITEM0014256,ORD005734,PROD0133,1,317.22
ITEM0014257,ORD005735,PROD0056,3,249.02
ITEM0014258,ORD005735,PROD0050,4,235.27
ITEM0014259,ORD005735,PROD0042,5,394.4
ITEM0014260,ORD005736,PROD0011,3,325.01
ITEM0014261,ORD005736,PROD0042,5,394.4
ITEM0014262,ORD005737,PROD0069,2,619.75
ITEM0014263,ORD005737,PROD0008,1,174.9
ITEM0014264,ORD005738,PROD0135,5,427.2
ITEM0014265,ORD005738,PROD0100,1,208.15
ITEM0014266,ORD005739,PROD0023,3,414.75
ITEM0014267,ORD005740,PROD0137,3,447.4
ITEM0014268,ORD005741,PROD0125,5,377.98
ITEM0014269,ORD005742,PROD0149,1,139.28
ITEM0014270,ORD005742,PROD0092,1,557.9
ITEM0014271,ORD005742,PROD0038,5,216.74
ITEM0014272,ORD005743,PROD0080,2,392.58
ITEM0014273,ORD005743,PROD0010,2,488.99
ITEM0014274,ORD005743,PROD0014,5,16.7
ITEM0014275,ORD005743,PROD0114,4,45.61
ITEM0014276,ORD005744,PROD0027,4,356.31
ITEM0014277,ORD005744,PROD0037,3,540.32
ITEM0014278,ORD005744,PROD0030,3,314.5
ITEM0014279,ORD005744,PROD0087,3,193.52
ITEM0014280,ORD005745,PROD0019,4,443.45
ITEM0014281,ORD005745,PROD0117,5,130.11
ITEM0014282,ORD005746,PROD0098,1,351.41
ITEM0014283,ORD005747,PROD0124,1,173.3
ITEM0014284,ORD005748,PROD0028,3,463.5
ITEM0014285,ORD005749,PROD0142,2,347.19
ITEM0014286,ORD005749,PROD0123,3,95.95
ITEM0014287,ORD005749,PROD0074,2,122.74
ITEM0014288,ORD005750,PROD0005,3,196.98
ITEM0014289,ORD005750,PROD0030,1,314.5
ITEM0014290,ORD005750,PROD0007,5,248.82
ITEM0014291,ORD005751,PROD0045,1,66.57
ITEM0014292,ORD005751,PROD0142,3,347.19
ITEM0014293,ORD005751,PROD0041,1,438.01
ITEM0014294,ORD005751,PROD0082,5,196.55
ITEM0014295,ORD005752,PROD0066,2,-370.45
ITEM0014296,ORD005753,PROD0134,4,192.47
ITEM0014297,ORD005753,PROD0140,5,496.11
ITEM0014298,ORD005754,PROD0097,1,53.1
ITEM0014299,ORD005754,PROD0029,3,93.87
ITEM0014300,ORD005754,PROD0065,4,153.97
ITEM0014301,ORD005755,PROD0076,1,-277.07
ITEM0014302,ORD005755,PROD0138,5,43.7
ITEM0014303,ORD005755,PROD0103,2,305.68
ITEM0014304,ORD005755,PROD0127,5,9.71
ITEM0014305,ORD005756,PROD0014,3,16.7
ITEM0014306,ORD005756,PROD0134,4,192.47
ITEM0014307,ORD005756,PROD0063,2,665.26
ITEM0014308,ORD005756,PROD0075,2,383.73
ITEM0014309,ORD005757,PROD0051,1,294.17
ITEM0014310,ORD005757,PROD0077,2,286.06
ITEM0014311,ORD005758,PROD0114,4,45.61
ITEM0014312,ORD005758,PROD0140,4,496.11
ITEM0014313,ORD005758,PROD0070,2,271.29
ITEM0014314,ORD005759,PROD0089,2,289.58
ITEM0014315,ORD005759,PROD0063,5,665.26
ITEM0014316,ORD005759,PROD0115,4,431.33
ITEM0014317,ORD005759,PROD0061,2,683.51
ITEM0014318,ORD005760,PROD0132,4,316.5
ITEM0014319,ORD005761,PROD0078,3,57.56
ITEM0014320,ORD005761,PROD0056,3,249.02
ITEM0014321,ORD005761,PROD0111,2,408.22
ITEM0014322,ORD005762,PROD0055,1,408.1
ITEM0014323,ORD005762,PROD0124,3,173.3
ITEM0014324,ORD005763,PROD0098,3,351.41
ITEM0014325,ORD005763,PROD0019,5,443.45
ITEM0014326,ORD005763,PROD0020,4,124.89
ITEM0014327,ORD005763,PROD0050,2,235.27
ITEM0014328,ORD005764,PROD0016,1,30.39
ITEM0014329,ORD005765,PROD0144,5,105.68
ITEM0014330,ORD005765,PROD0059,5,254.01
ITEM0014331,ORD005765,PROD0012,4,589.04
ITEM0014332,ORD005766,PROD0087,3,193.52
ITEM0014333,ORD005766,PROD0105,2,308.26
ITEM0014334,ORD005766,PROD0063,5,665.26
ITEM0014335,ORD005767,PROD0143,1,453.59
ITEM0014336,ORD005767,PROD0097,2,53.1
ITEM0014337,ORD005768,PROD0120,1,261.92
ITEM0014338,ORD005768,PROD0114,1,45.61
ITEM0014339,ORD005769,PROD0024,2,594.24
ITEM0014340,ORD005769,PROD0039,1,410.66
ITEM0014341,ORD005769,PROD0021,2,487.35
ITEM0014342,ORD005770,PROD0003,4,4.27
ITEM0014343,ORD005770,PROD0009,5,138.45
ITEM0014344,ORD005770,PROD0027,4,356.31
ITEM0014345,ORD005771,PROD0115,4,431.33
ITEM0014346,ORD005772,PROD0105,2,308.26
ITEM0014347,ORD005772,PROD0005,-3,196.98
ITEM0014348,ORD005772,PROD0088,4,51.09
ITEM0014349,ORD005773,PROD0127,4,9.71
ITEM0014350,ORD005773,PROD0143,4,453.59
ITEM0014351,ORD005773,PROD0138,1,43.7
ITEM0014352,ORD005774,PROD0098,4,351.41
ITEM0014353,ORD005774,PROD0086,4,203.78
ITEM0014354,ORD005774,PROD0050,5,235.27
ITEM0014355,ORD005774,PROD0102,3,266.91
ITEM0014356,ORD005775,PROD0051,1,294.17
ITEM0014357,ORD005776,PROD0125,4,377.98
ITEM0014358,ORD005776,PROD0073,2,241.62
ITEM0014359,ORD005777,PROD0104,5,66.01
ITEM0014360,ORD005777,PROD0051,5,294.17
ITEM0014361,ORD005778,PROD0074,3,122.74
ITEM0014362,ORD005778,PROD0024,3,594.24
ITEM0014363,ORD005779,PROD0116,4,366.52
ITEM0014364,ORD005779,PROD0028,3,463.5
ITEM0014365,ORD005779,PROD0103,4,305.68
ITEM0014366,ORD005780,PROD0141,1,19.31
ITEM0014367,ORD005781,PROD0056,4,249.02
ITEM0014368,ORD005781,PROD0091,3,161.11
ITEM0014369,ORD005782,PROD0077,5,286.06
ITEM0014370,ORD005783,PROD0108,2,332.49
ITEM0014371,ORD005783,PROD0012,4,589.04
ITEM0014372,ORD005783,PROD0084,1,464.44
ITEM0014373,ORD005784,PROD0068,5,422.88
ITEM0014374,ORD005784,PROD0126,1,263.88
ITEM0014375,ORD005785,PROD0081,4,318.7
ITEM0014376,ORD005786,PROD0090,2,51.56
ITEM0014377,ORD005787,PROD0012,2,589.04
ITEM0014378,ORD005787,PROD0093,3,573.11
ITEM0014379,ORD005787,PROD0055,5,408.1
ITEM0014380,ORD005787,PROD0097,1,53.1
ITEM0014381,ORD005788,PROD0028,4,463.5
ITEM0014382,ORD005789,PROD0068,3,422.88
ITEM0014383,ORD005789,PROD0119,1,103.02
ITEM0014384,ORD005790,PROD0028,5,463.5
ITEM0014385,ORD005790,PROD0063,2,665.26
ITEM0014386,ORD005790,PROD0035,1,27.57
ITEM0014387,ORD005790,PROD0045,3,66.57
ITEM0014388,ORD005791,PROD0011,1,325.01
ITEM0014389,ORD005791,PROD0084,5,464.44
ITEM0014390,ORD005792,PROD0124,5,173.3
ITEM0014391,ORD005792,PROD0140,1,496.11
ITEM0014392,ORD005792,PROD0119,2,103.02
ITEM0014393,ORD005793,PROD0108,2,332.49
ITEM0014394,ORD005793,PROD0138,4,43.7
ITEM0014395,ORD005793,PROD0038,2,216.74
ITEM0014396,ORD005793,PROD0146,4,292.2
ITEM0014397,ORD005794,PROD0015,5,442.7
ITEM0014398,ORD005795,PROD0126,5,263.88
ITEM0014399,ORD005795,PROD0015,1,442.7
ITEM0014400,ORD005796,PROD0139,4,135.03
ITEM0014401,ORD005796,PROD0075,1,383.73
ITEM0014402,ORD005796,PROD0103,4,305.68
ITEM0014403,ORD005797,PROD0055,2,408.1
ITEM0014404,ORD005798,PROD0087,2,193.52
ITEM0014405,ORD005798,PROD0043,2,251.98
ITEM0014406,ORD005798,PROD0047,2,288.09
ITEM0014407,ORD005798,PROD0105,1,308.26
ITEM0014408,ORD005799,PROD0025,1,23.62
ITEM0014409,ORD005799,PROD0077,3,286.06
ITEM0014410,ORD005799,PROD0090,3,51.56
ITEM0014411,ORD005800,PROD0087,4,193.52
ITEM0014412,ORD005801,PROD0056,1,249.02
ITEM0014413,ORD005801,PROD0132,4,316.5
ITEM0014414,ORD005801,PROD0041,2,438.01
ITEM0014415,ORD005802,PROD0015,4,442.7
ITEM0014416,ORD005802,PROD0118,4,58.39
ITEM0014417,ORD005803,PROD0108,2,332.49
ITEM0014418,ORD005803,PROD0094,4,393.51
ITEM0014419,ORD005803,PROD0116,5,366.52
ITEM0014420,ORD005804,PROD0058,5,356.49
ITEM0014421,ORD005804,PROD0129,4,246.64
ITEM0014422,ORD005805,PROD0003,2,4.27
ITEM0014423,ORD005805,PROD0140,5,496.11
ITEM0014424,ORD005805,PROD0125,5,377.98
ITEM0014425,ORD005805,PROD0062,4,355.88
ITEM0014426,ORD005806,PROD0053,3,292.19
ITEM0014427,ORD005807,PROD0088,5,51.09
ITEM0014428,ORD005807,PROD0058,1,356.49
ITEM0014429,ORD005807,PROD0064,3,411.35
ITEM0014430,ORD005807,PROD0104,5,66.01
ITEM0014431,ORD005808,PROD0023,5,414.75
ITEM0014432,ORD005808,PROD0073,2,241.62
ITEM0014433,ORD005808,PROD0112,4,308.35
ITEM0014434,ORD005808,PROD0133,1,317.22
ITEM0014435,ORD005809,PROD0141,2,19.31
ITEM0014436,ORD005809,PROD0071,5,402.73
ITEM0014437,ORD005809,PROD0001,3,342.2
ITEM0014438,ORD005810,PROD0148,2,427.66
ITEM0014439,ORD005811,PROD0026,5,585.88
ITEM0014440,ORD005812,PROD0095,5,271.32
ITEM0014441,ORD005812,PROD0113,3,320.56
ITEM0014442,ORD005813,PROD0055,1,408.1
ITEM0014443,ORD005813,PROD0016,5,30.39
ITEM0014444,ORD005813,PROD0136,4,485.57
ITEM0014445,ORD005813,PROD0002,4,112.42
ITEM0014446,ORD005814,PROD0115,2,431.33
ITEM0014447,ORD005815,PROD0066,4,370.45
ITEM0014448,ORD005815,PROD0098,3,351.41
ITEM0014449,ORD005815,PROD0042,5,394.4
ITEM0014450,ORD005815,PROD0046,5,207.44
ITEM0014451,ORD005816,PROD0121,1,287.5
ITEM0014452,ORD005816,PROD0004,3,129.15
ITEM0014453,ORD005816,PROD0107,2,462.67
ITEM0014454,ORD005817,PROD0110,5,39.23
ITEM0014455,ORD005817,PROD0037,3,540.32
ITEM0014456,ORD005817,PROD0021,2,487.35
ITEM0014457,ORD005817,PROD0086,2,203.78
ITEM0014458,ORD005818,PROD0048,4,277.49
ITEM0014459,ORD005819,PROD0014,1,16.7
ITEM0014460,ORD005820,PROD0026,4,585.88
ITEM0014461,ORD005821,PROD0042,5,394.4
ITEM0014462,ORD005821,PROD0102,5,266.91
ITEM0014463,ORD005821,PROD0141,4,19.31
ITEM0014464,ORD005822,PROD0150,5,88.94
ITEM0014465,ORD005822,PROD0021,5,487.35
ITEM0014466,ORD005823,PROD0001,5,342.2
ITEM0014467,ORD005823,PROD0005,4,196.98
ITEM0014468,ORD005823,PROD0030,3,314.5
ITEM0014469,ORD005823,PROD0096,3,321.49
ITEM0014470,ORD005824,PROD0056,3,-249.02
ITEM0014471,ORD005824,PROD0143,4,453.59
ITEM0014472,ORD005824,PROD0145,2,359.48
ITEM0014473,ORD005824,PROD0030,4,314.5
ITEM0014474,ORD005825,PROD0037,5,540.32
ITEM0014475,ORD005825,PROD0088,2,51.09
ITEM0014476,ORD005825,PROD0043,5,251.98
ITEM0014477,ORD005826,PROD0147,2,570.65
ITEM0014478,ORD005826,PROD0024,5,594.24
ITEM0014479,ORD005827,PROD0057,5,632.78
ITEM0014480,ORD005827,PROD0049,3,106.04
ITEM0014481,ORD005827,PROD0047,1,288.09
ITEM0014482,ORD005827,PROD0119,5,103.02
ITEM0014483,ORD005828,PROD0040,5,508.7
ITEM0014484,ORD005828,PROD0096,1,321.49
ITEM0014485,ORD005828,PROD0145,4,359.48
ITEM0014486,ORD005829,PROD0061,1,683.51
ITEM0014487,ORD005829,PROD0116,3,366.52
ITEM0014488,ORD005830,PROD0029,3,93.87
ITEM0014489,ORD005830,PROD0113,4,320.56
ITEM0014490,ORD005830,PROD0125,3,377.98
ITEM0014491,ORD005831,PROD0101,5,182.81
ITEM0014492,ORD005831,PROD0013,4,196.91
ITEM0014493,ORD005832,PROD0135,4,427.2
ITEM0014494,ORD005832,PROD0112,2,308.35
ITEM0014495,ORD005832,PROD0055,1,408.1
ITEM0014496,ORD005832,PROD0010,4,488.99
ITEM0014497,ORD005833,PROD0060,4,497.77
ITEM0014498,ORD005833,PROD0026,5,585.88
ITEM0014499,ORD005834,PROD0056,1,249.02
ITEM0014500,ORD005835,PROD0089,5,289.58
ITEM0014501,ORD005836,PROD0147,2,570.65
ITEM0014502,ORD005836,PROD0124,2,173.3
ITEM0014503,ORD005837,PROD0080,4,392.58
ITEM0014504,ORD005838,PROD0061,2,683.51
ITEM0014505,ORD005838,PROD0038,2,216.74
ITEM0014506,ORD005838,PROD0103,2,305.68
ITEM0014507,ORD005839,PROD0140,1,496.11
ITEM0014508,ORD005839,PROD0077,3,286.06
ITEM0014509,ORD005840,PROD0106,1,508.9
ITEM0014510,ORD005840,PROD0095,1,271.32
ITEM0014511,ORD005840,PROD0069,4,619.75
ITEM0014512,ORD005840,PROD0056,1,249.02
ITEM0014513,ORD005841,PROD0080,2,-392.58
ITEM0014514,ORD005842,PROD0008,5,174.9
ITEM0014515,ORD005842,PROD0069,2,619.75
ITEM0014516,ORD005842,PROD0113,2,320.56
ITEM0014517,ORD005843,PROD0142,3,347.19
ITEM0014518,ORD005843,PROD0133,5,317.22
ITEM0014519,ORD005843,PROD0063,2,665.26
ITEM0014520,ORD005844,PROD0118,2,58.39
ITEM0014521,ORD005844,PROD0126,3,263.88
ITEM0014522,ORD005845,PROD0135,4,427.2
ITEM0014523,ORD005846,PROD0023,4,414.75
ITEM0014524,ORD005846,PROD0076,4,277.07
ITEM0014525,ORD005846,PROD0149,5,139.28
ITEM0014526,ORD005847,PROD0074,1,122.74
ITEM0014527,ORD005847,PROD0051,3,294.17
ITEM0014528,ORD005848,PROD0136,5,485.57
ITEM0014529,ORD005848,PROD0140,2,496.11
ITEM0014530,ORD005849,PROD0025,5,23.62
ITEM0014531,ORD005850,PROD0026,2,585.88
ITEM0014532,ORD005851,PROD0076,2,277.07
ITEM0014533,ORD005851,PROD0001,1,342.2
ITEM0014534,ORD005851,PROD0118,4,58.39
ITEM0014535,ORD005852,PROD0026,3,585.88
ITEM0014536,ORD005852,PROD0032,2,172.77
ITEM0014537,ORD005852,PROD0055,2,408.1
ITEM0014538,ORD005852,PROD0049,4,106.04
ITEM0014539,ORD005853,PROD0099,4,386.23
ITEM0014540,ORD005853,PROD0027,3,356.31
ITEM0014541,ORD005853,PROD0044,-1,474.28
ITEM0014542,ORD005853,PROD0113,4,320.56
ITEM0014543,ORD005854,PROD0106,2,508.9
ITEM0014544,ORD005854,PROD0105,4,308.26
ITEM0014545,ORD005855,PROD0094,5,393.51
ITEM0014546,ORD005855,PROD0030,2,314.5
ITEM0014547,ORD005855,PROD0130,1,421.1
ITEM0014548,ORD005856,PROD0136,3,485.57
ITEM0014549,ORD005857,PROD0084,1,464.44
ITEM0014550,ORD005857,PROD0095,2,271.32
ITEM0014551,ORD005857,PROD0091,2,161.11
ITEM0014552,ORD005858,PROD0032,4,172.77
ITEM0014553,ORD005859,PROD0146,3,292.2
ITEM0014554,ORD005859,PROD0076,5,277.07
ITEM0014555,ORD005859,PROD0010,2,488.99
ITEM0014556,ORD005859,PROD0072,1,226.81
ITEM0014557,ORD005860,PROD0057,4,632.78
ITEM0014558,ORD005860,PROD0101,5,182.81
ITEM0014559,ORD005860,PROD0085,4,602.46
ITEM0014560,ORD005861,PROD0020,4,124.89
ITEM0014561,ORD005862,PROD0043,1,251.98
ITEM0014562,ORD005863,PROD0109,3,126.44
ITEM0014563,ORD005863,PROD0138,2,43.7
ITEM0014564,ORD005863,PROD0034,1,303.7
ITEM0014565,ORD005863,PROD0088,1,51.09
ITEM0014566,ORD005864,PROD0113,4,320.56
ITEM0014567,ORD005864,PROD0141,3,19.31
ITEM0014568,ORD005864,PROD0067,3,363.03
ITEM0014569,ORD005865,PROD0123,4,95.95
ITEM0014570,ORD005865,PROD0134,5,192.47
ITEM0014571,ORD005865,PROD0033,2,470.6
ITEM0014572,ORD005865,PROD0052,3,436.28
ITEM0014573,ORD005866,PROD0060,2,497.77
ITEM0014574,ORD005866,PROD0041,1,438.01
ITEM0014575,ORD005866,PROD0038,1,216.74
ITEM0014576,ORD005866,PROD0142,2,347.19
ITEM0014577,ORD005867,PROD0100,3,208.15
ITEM0014578,ORD005867,PROD0040,3,508.7
ITEM0014579,ORD005867,PROD0149,4,139.28
ITEM0014580,ORD005868,PROD0109,4,126.44
ITEM0014581,ORD005868,PROD0007,5,248.82
ITEM0014582,ORD005869,PROD0033,3,470.6
ITEM0014583,ORD005870,PROD0139,2,135.03
ITEM0014584,ORD005871,PROD0150,3,88.94
ITEM0014585,ORD005871,PROD0144,2,105.68
ITEM0014586,ORD005871,PROD0122,1,484.26
ITEM0014587,ORD005872,PROD0132,4,316.5
ITEM0014588,ORD005872,PROD0148,2,427.66
ITEM0014589,ORD005873,PROD0130,5,421.1
ITEM0014590,ORD005873,PROD0089,3,289.58
ITEM0014591,ORD005873,PROD0005,5,196.98
ITEM0014592,ORD005873,PROD0060,1,497.77
ITEM0014593,ORD005874,PROD0043,5,251.98
ITEM0014594,ORD005874,PROD0027,1,356.31
ITEM0014595,ORD005874,PROD0138,2,43.7
ITEM0014596,ORD005875,PROD0033,2,470.6
ITEM0014597,ORD005875,PROD0029,5,93.87
ITEM0014598,ORD005875,PROD0068,3,422.88
ITEM0014599,ORD005875,PROD0010,4,488.99
ITEM0014600,ORD005876,PROD0047,5,288.09
ITEM0014601,ORD005877,PROD0118,4,58.39
ITEM0014602,ORD005877,PROD0123,5,95.95
ITEM0014603,ORD005878,PROD0069,5,619.75
ITEM0014604,ORD005878,PROD0114,3,45.61
ITEM0014605,ORD005878,PROD0092,5,557.9
ITEM0014606,ORD005879,PROD0133,4,317.22
ITEM0014607,ORD005879,PROD0032,2,172.77
ITEM0014608,ORD005880,PROD0111,4,408.22
ITEM0014609,ORD005881,PROD0023,2,414.75
ITEM0014610,ORD005881,PROD0006,3,98.27
ITEM0014611,ORD005881,PROD0134,1,192.47
ITEM0014612,ORD005881,PROD0105,4,308.26
ITEM0014613,ORD005882,PROD0039,3,410.66
ITEM0014614,ORD005882,PROD0149,5,139.28
ITEM0014615,ORD005882,PROD0115,4,431.33
ITEM0014616,ORD005882,PROD0087,5,193.52
ITEM0014617,ORD005883,PROD0143,3,453.59
ITEM0014618,ORD005883,PROD0132,4,316.5
ITEM0014619,ORD005884,PROD0146,4,292.2
ITEM0014620,ORD005884,PROD0044,2,474.28
ITEM0014621,ORD005884,PROD0127,1,9.71
ITEM0014622,ORD005885,PROD0070,5,271.29
ITEM0014623,ORD005886,PROD0011,4,325.01
ITEM0014624,ORD005886,PROD0032,3,172.77
ITEM0014625,ORD005886,PROD0004,3,129.15
ITEM0014626,ORD005887,PROD0135,4,427.2
ITEM0014627,ORD005888,PROD0015,3,442.7
ITEM0014628,ORD005889,PROD0108,2,332.49
ITEM0014629,ORD005889,PROD0085,2,602.46
ITEM0014630,ORD005889,PROD0008,2,174.9
ITEM0014631,ORD005890,PROD0060,5,497.77
ITEM0014632,ORD005890,PROD0080,4,392.58
ITEM0014633,ORD005891,PROD0013,4,196.91
ITEM0014634,ORD005891,PROD0133,4,317.22
ITEM0014635,ORD005891,PROD0126,1,263.88
ITEM0014636,ORD005891,PROD0049,5,106.04
ITEM0014637,ORD005892,PROD0091,4,161.11
ITEM0014638,ORD005892,PROD0133,1,317.22
ITEM0014639,ORD005893,PROD0132,2,316.5
ITEM0014640,ORD005893,PROD0073,5,241.62
ITEM0014641,ORD005893,PROD0011,5,325.01
ITEM0014642,ORD005894,PROD0092,3,557.9
ITEM0014643,ORD005894,PROD0006,2,98.27
ITEM0014644,ORD005894,PROD0050,1,235.27
ITEM0014645,ORD005895,PROD0107,1,462.67
ITEM0014646,ORD005895,PROD0071,2,402.73
ITEM0014647,ORD005896,PROD0139,4,135.03
ITEM0014648,ORD005896,PROD0016,4,30.39
ITEM0014649,ORD005896,PROD0101,3,182.81
ITEM0014650,ORD005896,PROD0104,5,66.01
ITEM0014651,ORD005897,PROD0115,4,431.33
ITEM0014652,ORD005898,PROD0022,4,380.56
ITEM0014653,ORD005899,PROD0019,5,443.45
ITEM0014654,ORD005899,PROD0149,3,-139.28
ITEM0014655,ORD005900,PROD0040,1,508.7
ITEM0014656,ORD005901,PROD0104,1,66.01
ITEM0014657,ORD005902,PROD0144,5,105.68
ITEM0014658,ORD005903,PROD0015,4,442.7
ITEM0014659,ORD005904,PROD0027,1,356.31
ITEM0014660,ORD005904,PROD0025,3,23.62
ITEM0014661,ORD005904,PROD0016,2,30.39
ITEM0014662,ORD005905,PROD0029,3,93.87
ITEM0014663,ORD005905,PROD0005,5,196.98
ITEM0014664,ORD005906,PROD0092,2,557.9
ITEM0014665,ORD005907,PROD0079,2,-61.84
ITEM0014666,ORD005907,PROD0015,3,442.7
ITEM0014667,ORD005907,PROD0077,1,286.06
ITEM0014668,ORD005908,PROD0078,4,57.56
ITEM0014669,ORD005908,PROD0068,4,422.88
ITEM0014670,ORD005908,PROD0081,1,318.7
ITEM0014671,ORD005908,PROD0037,3,540.32
ITEM0014672,ORD005909,PROD0138,4,43.7
ITEM0014673,ORD005909,PROD0057,1,632.78
ITEM0014674,ORD005909,PROD0096,1,321.49
ITEM0014675,ORD005910,PROD0054,5,135.13
ITEM0014676,ORD005910,PROD0037,5,540.32
ITEM0014677,ORD005911,PROD0100,3,208.15
ITEM0014678,ORD005912,PROD0122,3,484.26
ITEM0014679,ORD005913,PROD0007,5,248.82
ITEM0014680,ORD005913,PROD0139,2,135.03
ITEM0014681,ORD005914,PROD0050,4,235.27
ITEM0014682,ORD005914,PROD0071,2,402.73
ITEM0014683,ORD005914,PROD0024,1,594.24
ITEM0014684,ORD005915,PROD0016,5,30.39
ITEM0014685,ORD005916,PROD0078,5,57.56
ITEM0014686,ORD005916,PROD0136,2,485.57
ITEM0014687,ORD005917,PROD0145,4,359.48
ITEM0014688,ORD005917,PROD0095,2,271.32
ITEM0014689,ORD005918,PROD0134,3,192.47
ITEM0014690,ORD005918,PROD0019,1,443.45
ITEM0014691,ORD005918,PROD0139,2,135.03
ITEM0014692,ORD005919,PROD0004,3,129.15
ITEM0014693,ORD005919,PROD0031,5,15.13
ITEM0014694,ORD005919,PROD0103,2,305.68
ITEM0014695,ORD005919,PROD0094,1,393.51
ITEM0014696,ORD005920,PROD0079,1,61.84
ITEM0014697,ORD005921,PROD0085,4,602.46
ITEM0014698,ORD005922,PROD0128,5,403.21
ITEM0014699,ORD005923,PROD0107,2,462.67
ITEM0014700,ORD005924,PROD0059,5,254.01
ITEM0014701,ORD005925,PROD0068,5,422.88
ITEM0014702,ORD005925,PROD0137,3,447.4
ITEM0014703,ORD005925,PROD0149,3,139.28
ITEM0014704,ORD005926,PROD0028,5,463.5
ITEM0014705,ORD005926,PROD0107,5,462.67
ITEM0014706,ORD005926,PROD0075,1,383.73
ITEM0014707,ORD005927,PROD0021,4,487.35
ITEM0014708,ORD005927,PROD0052,4,436.28
ITEM0014709,ORD005927,PROD0064,4,411.35
ITEM0014710,ORD005928,PROD0023,2,414.75
ITEM0014711,ORD005928,PROD0091,2,161.11
ITEM0014712,ORD005928,PROD0119,2,103.02
ITEM0014713,ORD005928,PROD0074,4,122.74
ITEM0014714,ORD005929,PROD0113,3,320.56
ITEM0014715,ORD005929,PROD0042,1,394.4
ITEM0014716,ORD005929,PROD0080,4,392.58
ITEM0014717,ORD005929,PROD0061,2,683.51
ITEM0014718,ORD005930,PROD0130,4,421.1
ITEM0014719,ORD005930,PROD0006,3,98.27
ITEM0014720,ORD005931,PROD0120,4,261.92
ITEM0014721,ORD005931,PROD0111,3,408.22
ITEM0014722,ORD005931,PROD0128,4,-403.21
ITEM0014723,ORD005932,PROD0037,3,540.32
ITEM0014724,ORD005933,PROD0094,2,393.51
ITEM0014725,ORD005933,PROD0056,5,249.02
ITEM0014726,ORD005934,PROD0060,3,497.77
ITEM0014727,ORD005934,PROD0099,4,386.23
ITEM0014728,ORD005935,PROD0132,5,316.5
ITEM0014729,ORD005935,PROD0096,5,321.49
ITEM0014730,ORD005935,PROD0116,2,366.52
ITEM0014731,ORD005935,PROD0069,5,619.75
ITEM0014732,ORD005936,PROD0146,2,292.2
ITEM0014733,ORD005937,PROD0115,4,431.33
ITEM0014734,ORD005937,PROD0038,2,216.74
ITEM0014735,ORD005937,PROD0132,3,316.5
ITEM0014736,ORD005937,PROD0129,2,246.64
ITEM0014737,ORD005938,PROD0054,5,135.13
ITEM0014738,ORD005938,PROD0125,2,377.98
ITEM0014739,ORD005938,PROD0047,3,288.09
ITEM0014740,ORD005939,PROD0119,4,103.02
ITEM0014741,ORD005939,PROD0021,1,487.35
ITEM0014742,ORD005939,PROD0088,3,51.09
ITEM0014743,ORD005939,PROD0013,2,196.91
ITEM0014744,ORD005940,PROD0014,1,16.7
ITEM0014745,ORD005940,PROD0073,1,241.62
ITEM0014746,ORD005941,PROD0050,3,235.27
ITEM0014747,ORD005941,PROD0059,3,254.01
ITEM0014748,ORD005942,PROD0069,4,619.75
ITEM0014749,ORD005942,PROD0044,2,474.28
ITEM0014750,ORD005942,PROD0058,3,356.49
ITEM0014751,ORD005942,PROD0127,3,9.71
ITEM0014752,ORD005943,PROD0062,5,355.88
ITEM0014753,ORD005944,PROD0101,5,182.81
ITEM0014754,ORD005944,PROD0091,1,161.11
ITEM0014755,ORD005944,PROD0133,2,317.22
ITEM0014756,ORD005944,PROD0019,3,443.45
ITEM0014757,ORD005945,PROD0077,3,-286.06
ITEM0014758,ORD005945,PROD0118,1,58.39
ITEM0014759,ORD005946,PROD0084,4,464.44
ITEM0014760,ORD005946,PROD0038,4,216.74
ITEM0014761,ORD005946,PROD0129,1,246.64
ITEM0014762,ORD005946,PROD0066,1,370.45
ITEM0014763,ORD005947,PROD0134,2,192.47
ITEM0014764,ORD005947,PROD0036,5,33.3
ITEM0014765,ORD005948,PROD0031,2,15.13
ITEM0014766,ORD005948,PROD0092,1,557.9
ITEM0014767,ORD005949,PROD0054,2,135.13
ITEM0014768,ORD005949,PROD0076,3,277.07
ITEM0014769,ORD005950,PROD0102,2,266.91
ITEM0014770,ORD005950,PROD0048,2,277.49
ITEM0014771,ORD005950,PROD0069,3,619.75
ITEM0014772,ORD005951,PROD0072,5,226.81
ITEM0014773,ORD005951,PROD0027,3,356.31
ITEM0014774,ORD005951,PROD0039,3,410.66
ITEM0014775,ORD005952,PROD0106,5,508.9
ITEM0014776,ORD005952,PROD0117,1,130.11
ITEM0014777,ORD005952,PROD0074,3,122.74
ITEM0014778,ORD005953,PROD0070,4,271.29
ITEM0014779,ORD005953,PROD0110,5,39.23
ITEM0014780,ORD005953,PROD0005,4,196.98
ITEM0014781,ORD005953,PROD0107,2,462.67
ITEM0014782,ORD005954,PROD0086,3,203.78
ITEM0014783,ORD005954,PROD0038,2,216.74
ITEM0014784,ORD005954,PROD0018,5,119.66
ITEM0014785,ORD005955,PROD0031,5,15.13
ITEM0014786,ORD005955,PROD0049,5,106.04
ITEM0014787,ORD005955,PROD0142,4,347.19
ITEM0014788,ORD005956,PROD0101,2,182.81
ITEM0014789,ORD005956,PROD0033,2,470.6
ITEM0014790,ORD005956,PROD0013,4,196.91
ITEM0014791,ORD005957,PROD0095,5,271.32
ITEM0014792,ORD005958,PROD0143,4,453.59
ITEM0014793,ORD005958,PROD0083,3,306.64
ITEM0014794,ORD005958,PROD0021,2,487.35
ITEM0014795,ORD005958,PROD0002,2,112.42
ITEM0014796,ORD005959,PROD0107,1,462.67
ITEM0014797,ORD005959,PROD0067,5,363.03
ITEM0014798,ORD005959,PROD0022,2,380.56
ITEM0014799,ORD005960,PROD0023,5,414.75
ITEM0014800,ORD005960,PROD0040,3,508.7
ITEM0014801,ORD005961,PROD0148,3,427.66
ITEM0014802,ORD005961,PROD0139,1,135.03
ITEM0014803,ORD005961,PROD0028,3,463.5
ITEM0014804,ORD005962,PROD0107,2,462.67
ITEM0014805,ORD005963,PROD0050,2,235.27
ITEM0014806,ORD005963,PROD0068,4,422.88
ITEM0014807,ORD005963,PROD0023,4,414.75
ITEM0014808,ORD005963,PROD0094,5,393.51
ITEM0014809,ORD005964,PROD0101,3,182.81
ITEM0014810,ORD005964,PROD0134,2,192.47
ITEM0014811,ORD005964,PROD0072,3,226.81
ITEM0014812,ORD005965,PROD0011,3,325.01
ITEM0014813,ORD005965,PROD0065,5,153.97
ITEM0014814,ORD005966,PROD0117,1,130.11
ITEM0014815,ORD005966,PROD0057,1,632.78
ITEM0014816,ORD005966,PROD0119,3,103.02
ITEM0014817,ORD005966,PROD0099,2,386.23
ITEM0014818,ORD005967,PROD0027,4,356.31
ITEM0014819,ORD005967,PROD0120,4,261.92
ITEM0014820,ORD005967,PROD0113,2,320.56
ITEM0014821,ORD005968,PROD0066,1,370.45
ITEM0014822,ORD005968,PROD0040,5,508.7
ITEM0014823,ORD005968,PROD0071,3,402.73
ITEM0014824,ORD005969,PROD0104,3,66.01
ITEM0014825,ORD005970,PROD0039,5,410.66
ITEM0014826,ORD005970,PROD0015,5,442.7
ITEM0014827,ORD005970,PROD0150,5,88.94
ITEM0014828,ORD005971,PROD0024,3,594.24
ITEM0014829,ORD005971,PROD0111,5,408.22
ITEM0014830,ORD005971,PROD0129,1,246.64
ITEM0014831,ORD005972,PROD0047,4,288.09
ITEM0014832,ORD005972,PROD0092,3,557.9
ITEM0014833,ORD005973,PROD0102,2,266.91
ITEM0014834,ORD005973,PROD0132,1,316.5
ITEM0014835,ORD005973,PROD0011,4,325.01
ITEM0014836,ORD005974,PROD0061,5,683.51
ITEM0014837,ORD005975,PROD0118,5,58.39
ITEM0014838,ORD005976,PROD0073,1,241.62
ITEM0014839,ORD005976,PROD0025,5,23.62
ITEM0014840,ORD005976,PROD0019,5,443.45
ITEM0014841,ORD005977,PROD0078,3,57.56
ITEM0014842,ORD005977,PROD0148,1,427.66
ITEM0014843,ORD005977,PROD0098,1,351.41
ITEM0014844,ORD005977,PROD0083,1,306.64
ITEM0014845,ORD005978,PROD0079,5,61.84
ITEM0014846,ORD005979,PROD0030,5,314.5
ITEM0014847,ORD005979,PROD0116,5,366.52
ITEM0014848,ORD005979,PROD0009,2,138.45
ITEM0014849,ORD005979,PROD0033,4,470.6
ITEM0014850,ORD005980,PROD0131,4,130.48
ITEM0014851,ORD005980,PROD0142,3,347.19
ITEM0014852,ORD005980,PROD0049,4,106.04
ITEM0014853,ORD005981,PROD0001,4,342.2
ITEM0014854,ORD005982,PROD0082,4,196.55
ITEM0014855,ORD005982,PROD0054,3,135.13
ITEM0014856,ORD005982,PROD0093,5,573.11
ITEM0014857,ORD005982,PROD0147,5,570.65
ITEM0014858,ORD005983,PROD0010,5,488.99
ITEM0014859,ORD005983,PROD0084,1,464.44
ITEM0014860,ORD005983,PROD0115,3,431.33
ITEM0014861,ORD005984,PROD0101,1,182.81
ITEM0014862,ORD005984,PROD0017,-5,234.28
ITEM0014863,ORD005984,PROD0075,5,383.73
ITEM0014864,ORD005985,PROD0094,4,393.51
ITEM0014865,ORD005985,PROD0150,5,88.94
ITEM0014866,ORD005985,PROD0101,5,182.81
ITEM0014867,ORD005986,PROD0056,2,249.02
ITEM0014868,ORD005986,PROD0045,3,66.57
ITEM0014869,ORD005986,PROD0028,2,463.5
ITEM0014870,ORD005986,PROD0100,3,208.15
ITEM0014871,ORD005987,PROD0022,5,380.56
ITEM0014872,ORD005987,PROD0076,1,277.07
ITEM0014873,ORD005988,PROD0105,3,308.26
ITEM0014874,ORD005988,PROD0073,4,241.62
ITEM0014875,ORD005988,PROD0079,5,61.84
ITEM0014876,ORD005988,PROD0026,4,585.88
ITEM0014877,ORD005989,PROD0110,5,39.23
ITEM0014878,ORD005990,PROD0147,4,570.65
ITEM0014879,ORD005990,PROD0107,1,462.67
ITEM0014880,ORD005990,PROD0061,3,683.51
ITEM0014881,ORD005990,PROD0085,2,602.46
ITEM0014882,ORD005991,PROD0061,1,683.51
ITEM0014883,ORD005992,PROD0041,4,438.01
ITEM0014884,ORD005992,PROD0089,1,289.58
ITEM0014885,ORD005992,PROD0008,3,174.9
ITEM0014886,ORD005992,PROD0090,1,51.56
ITEM0014887,ORD005993,PROD0113,1,320.56
ITEM0014888,ORD005993,PROD0102,1,266.91
ITEM0014889,ORD005994,PROD0089,5,289.58
ITEM0014890,ORD005994,PROD0138,2,43.7
ITEM0014891,ORD005995,PROD0123,1,95.95
ITEM0014892,ORD005995,PROD0066,5,370.45
ITEM0014893,ORD005995,PROD0008,1,174.9
ITEM0014894,ORD005996,PROD0068,5,422.88
ITEM0014895,ORD005997,PROD0031,4,15.13
ITEM0014896,ORD005997,PROD0032,4,172.77
ITEM0014897,ORD005997,PROD0109,2,126.44
ITEM0014898,ORD005997,PROD0118,1,58.39
ITEM0014899,ORD005998,PROD0086,5,203.78
ITEM0014900,ORD005998,PROD0090,5,51.56
ITEM0014901,ORD005999,PROD0015,5,442.7
ITEM0014902,ORD005999,PROD0048,2,277.49
ITEM0014903,ORD005999,PROD0069,1,619.75
ITEM0014904,ORD006000,PROD0117,3,130.11
ITEM0014905,ORD006000,PROD0120,2,261.92
ITEM0014906,ORD006001,PROD0032,4,172.77
ITEM0014907,ORD006001,PROD0145,3,-359.48
ITEM0014908,ORD006001,PROD0037,4,540.32
ITEM0014909,ORD006002,PROD0084,1,464.44
ITEM0014910,ORD006002,PROD0137,1,447.4
ITEM0014911,ORD006003,PROD0046,3,207.44
ITEM0014912,ORD006004,PROD0076,2,277.07
ITEM0014913,ORD006004,PROD0035,3,27.57
ITEM0014914,ORD006004,PROD0109,1,126.44
ITEM0014915,ORD006005,PROD0052,2,436.28
ITEM0014916,ORD006005,PROD0077,4,286.06
ITEM0014917,ORD006005,PROD0060,2,497.77
ITEM0014918,ORD006006,PROD0010,1,488.99
ITEM0014919,ORD006006,PROD0096,5,321.49
ITEM0014920,ORD006007,PROD0086,2,203.78
ITEM0014921,ORD006008,PROD0109,4,126.44
ITEM0014922,ORD006008,PROD0130,4,421.1
ITEM0014923,ORD006008,PROD0030,4,314.5
ITEM0014924,ORD006008,PROD0137,3,447.4
ITEM0014925,ORD006009,PROD0032,2,172.77
ITEM0014926,ORD006009,PROD0040,1,508.7
ITEM0014927,ORD006010,PROD0054,1,135.13
ITEM0014928,ORD006010,PROD0060,2,497.77
ITEM0014929,ORD006010,PROD0048,1,277.49
ITEM0014930,ORD006010,PROD0095,4,271.32
ITEM0014931,ORD006011,PROD0127,5,9.71
ITEM0014932,ORD006011,PROD0031,2,15.13
ITEM0014933,ORD006012,PROD0086,5,203.78
ITEM0014934,ORD006012,PROD0057,5,632.78
ITEM0014935,ORD006012,PROD0020,3,124.89
ITEM0014936,ORD006012,PROD0040,4,508.7
ITEM0014937,ORD006013,PROD0066,5,370.45
ITEM0014938,ORD006013,PROD0048,1,277.49
ITEM0014939,ORD006013,PROD0020,3,124.89
ITEM0014940,ORD006013,PROD0123,3,95.95
ITEM0014941,ORD006014,PROD0143,4,453.59
ITEM0014942,ORD006014,PROD0102,-1,266.91
ITEM0014943,ORD006015,PROD0025,2,23.62
ITEM0014944,ORD006015,PROD0144,2,105.68
ITEM0014945,ORD006016,PROD0008,5,174.9
ITEM0014946,ORD006017,PROD0045,3,66.57
ITEM0014947,ORD006017,PROD0021,3,487.35
ITEM0014948,ORD006018,PROD0125,5,377.98
ITEM0014949,ORD006018,PROD0112,4,308.35
ITEM0014950,ORD006018,PROD0135,5,427.2
ITEM0014951,ORD006018,PROD0124,2,173.3
ITEM0014952,ORD006019,PROD0010,2,488.99
ITEM0014953,ORD006019,PROD0126,5,263.88
ITEM0014954,ORD006019,PROD0115,4,431.33
ITEM0014955,ORD006019,PROD0034,2,303.7
ITEM0014956,ORD006020,PROD0080,2,392.58
ITEM0014957,ORD006021,PROD0007,1,248.82
ITEM0014958,ORD006021,PROD0064,2,411.35
ITEM0014959,ORD006021,PROD0086,1,203.78
ITEM0014960,ORD006022,PROD0043,5,251.98
ITEM0014961,ORD006022,PROD0037,5,540.32
ITEM0014962,ORD006023,PROD0043,5,251.98
ITEM0014963,ORD006023,PROD0071,2,402.73
ITEM0014964,ORD006023,PROD0082,2,196.55
ITEM0014965,ORD006024,PROD0103,4,305.68
ITEM0014966,ORD006025,PROD0066,3,370.45
ITEM0014967,ORD006025,PROD0082,3,196.55
ITEM0014968,ORD006025,PROD0043,1,251.98
ITEM0014969,ORD006026,PROD0087,5,193.52
ITEM0014970,ORD006026,PROD0059,1,254.01
ITEM0014971,ORD006026,PROD0077,1,286.06
ITEM0014972,ORD006026,PROD0094,4,393.51
ITEM0014973,ORD006027,PROD0103,3,-305.68
ITEM0014974,ORD006027,PROD0097,3,53.1
ITEM0014975,ORD006028,PROD0061,2,683.51
ITEM0014976,ORD006028,PROD0148,3,427.66
ITEM0014977,ORD006028,PROD0026,1,585.88
ITEM0014978,ORD006029,PROD0143,2,453.59
ITEM0014979,ORD006029,PROD0061,2,683.51
ITEM0014980,ORD006029,PROD0110,2,39.23
ITEM0014981,ORD006029,PROD0071,5,402.73
ITEM0014982,ORD006030,PROD0130,4,421.1
ITEM0014983,ORD006031,PROD0050,3,235.27
ITEM0014984,ORD006031,PROD0025,1,23.62
ITEM0014985,ORD006031,PROD0038,1,216.74
ITEM0014986,ORD006032,PROD0027,3,356.31
ITEM0014987,ORD006032,PROD0006,2,98.27
ITEM0014988,ORD006032,PROD0021,1,487.35
ITEM0014989,ORD006032,PROD0024,3,594.24
ITEM0014990,ORD006033,PROD0006,2,98.27
ITEM0014991,ORD006033,PROD0016,4,30.39
ITEM0014992,ORD006034,PROD0003,1,4.27
ITEM0014993,ORD006035,PROD0104,3,66.01
ITEM0014994,ORD006036,PROD0021,1,487.35
ITEM0014995,ORD006037,PROD0110,5,39.23
ITEM0014996,ORD006037,PROD0026,3,585.88
ITEM0014997,ORD006038,PROD0009,1,138.45
ITEM0014998,ORD006038,PROD0013,-3,196.91
ITEM0014999,ORD006038,PROD0132,1,316.5
ITEM0015000,ORD006038,PROD0026,4,585.88
ITEM0015001,ORD006039,PROD0063,3,665.26
ITEM0015002,ORD006039,PROD0029,3,93.87
ITEM0015003,ORD006040,PROD0054,5,135.13
ITEM0015004,ORD006040,PROD0008,1,174.9
ITEM0015005,ORD006040,PROD0019,2,443.45
ITEM0015006,ORD006040,PROD0135,2,427.2
ITEM0015007,ORD006041,PROD0062,3,355.88
ITEM0015008,ORD006042,PROD0148,1,427.66
ITEM0015009,ORD006042,PROD0005,4,196.98
ITEM0015010,ORD006043,PROD0047,1,288.09
ITEM0015011,ORD006043,PROD0053,4,292.19
ITEM0015012,ORD006043,PROD0062,2,355.88
ITEM0015013,ORD006044,PROD0094,1,393.51
ITEM0015014,ORD006044,PROD0043,5,251.98
ITEM0015015,ORD006044,PROD0036,3,33.3
ITEM0015016,ORD006045,PROD0001,5,342.2
ITEM0015017,ORD006045,PROD0089,1,289.58
ITEM0015018,ORD006046,PROD0092,5,557.9
ITEM0015019,ORD006047,PROD0146,1,292.2
ITEM0015020,ORD006047,PROD0141,2,19.31
ITEM0015021,ORD006047,PROD0119,4,103.02
ITEM0015022,ORD006047,PROD0104,2,66.01
ITEM0015023,ORD006048,PROD0056,1,249.02
ITEM0015024,ORD006048,PROD0038,3,216.74
ITEM0015025,ORD006048,PROD0019,4,443.45
ITEM0015026,ORD006049,PROD0130,1,421.1
ITEM0015027,ORD006049,PROD0140,5,496.11
ITEM0015028,ORD006049,PROD0134,5,192.47
ITEM0015029,ORD006049,PROD0095,1,271.32
ITEM0015030,ORD006050,PROD0032,3,172.77
ITEM0015031,ORD006050,PROD0085,2,602.46
ITEM0015032,ORD006050,PROD0064,5,411.35
ITEM0015033,ORD006051,PROD0013,3,196.91
ITEM0015034,ORD006051,PROD0062,3,355.88
ITEM0015035,ORD006052,PROD0012,3,589.04
ITEM0015036,ORD006052,PROD0122,5,484.26
ITEM0015037,ORD006052,PROD0017,4,234.28
ITEM0015038,ORD006053,PROD0053,5,292.19
ITEM0015039,ORD006053,PROD0085,1,602.46
ITEM0015040,ORD006053,PROD0120,1,261.92
ITEM0015041,ORD006054,PROD0134,1,192.47
ITEM0015042,ORD006054,PROD0077,3,286.06
ITEM0015043,ORD006054,PROD0008,2,174.9
ITEM0015044,ORD006054,PROD0059,1,254.01
ITEM0015045,ORD006055,PROD0037,5,540.32
ITEM0015046,ORD006055,PROD0111,5,408.22
ITEM0015047,ORD006055,PROD0107,4,462.67
ITEM0015048,ORD006055,PROD0100,3,208.15
ITEM0015049,ORD006056,PROD0016,2,30.39
ITEM0015050,ORD006056,PROD0054,2,135.13
ITEM0015051,ORD006056,PROD0085,5,602.46
ITEM0015052,ORD006057,PROD0059,1,254.01
ITEM0015053,ORD006057,PROD0024,1,594.24
ITEM0015054,ORD006057,PROD0039,2,410.66
ITEM0015055,ORD006058,PROD0079,3,61.84
ITEM0015056,ORD006059,PROD0027,5,356.31
ITEM0015057,ORD006059,PROD0143,4,453.59
ITEM0015058,ORD006059,PROD0063,1,665.26
ITEM0015059,ORD006059,PROD0073,4,241.62
ITEM0015060,ORD006060,PROD0137,3,447.4
ITEM0015061,ORD006060,PROD0062,2,355.88
ITEM0015062,ORD006060,PROD0023,1,414.75
ITEM0015063,ORD006061,PROD0131,4,130.48
ITEM0015064,ORD006061,PROD0003,3,4.27
ITEM0015065,ORD006061,PROD0004,3,129.15
ITEM0015066,ORD006062,PROD0025,2,23.62
ITEM0015067,ORD006063,PROD0044,4,474.28
ITEM0015068,ORD006063,PROD0073,1,241.62
ITEM0015069,ORD006064,PROD0136,5,485.57
ITEM0015070,ORD006064,PROD0068,5,422.88
ITEM0015071,ORD006064,PROD0022,2,380.56
ITEM0015072,ORD006065,PROD0113,4,320.56
ITEM0015073,ORD006065,PROD0056,5,249.02
ITEM0015074,ORD006065,PROD0090,5,51.56
ITEM0015075,ORD006065,PROD0053,1,292.19
ITEM0015076,ORD006066,PROD0023,1,414.75
ITEM0015077,ORD006067,PROD0107,4,462.67
ITEM0015078,ORD006068,PROD0095,5,271.32
ITEM0015079,ORD006068,PROD0136,4,485.57
ITEM0015080,ORD006068,PROD0111,5,408.22
ITEM0015081,ORD006068,PROD0082,3,196.55
ITEM0015082,ORD006069,PROD0093,4,573.11
ITEM0015083,ORD006069,PROD0143,1,453.59
ITEM0015084,ORD006069,PROD0014,1,16.7
ITEM0015085,ORD006070,PROD0098,1,351.41
ITEM0015086,ORD006070,PROD0130,5,421.1
ITEM0015087,ORD006070,PROD0007,5,248.82
ITEM0015088,ORD006070,PROD0093,4,573.11
ITEM0015089,ORD006071,PROD0058,1,356.49
ITEM0015090,ORD006071,PROD0019,1,443.45
ITEM0015091,ORD006071,PROD0073,4,241.62
ITEM0015092,ORD006072,PROD0073,2,241.62
ITEM0015093,ORD006072,PROD0071,5,402.73
ITEM0015094,ORD006072,PROD0087,3,193.52
ITEM0015095,ORD006072,PROD0046,1,207.44
ITEM0015096,ORD006073,PROD0048,2,277.49
ITEM0015097,ORD006073,PROD0064,3,411.35
ITEM0015098,ORD006073,PROD0018,4,119.66
ITEM0015099,ORD006073,PROD0134,5,192.47
ITEM0015100,ORD006074,PROD0135,4,427.2
ITEM0015101,ORD006074,PROD0107,1,462.67
ITEM0015102,ORD006074,PROD0006,5,98.27
ITEM0015103,ORD006075,PROD0130,5,421.1
ITEM0015104,ORD006076,PROD0079,3,61.84
ITEM0015105,ORD006076,PROD0145,4,359.48
ITEM0015106,ORD006077,PROD0078,1,57.56
ITEM0015107,ORD006078,PROD0068,4,422.88
ITEM0015108,ORD006078,PROD0118,1,58.39
ITEM0015109,ORD006078,PROD0043,4,251.98
ITEM0015110,ORD006078,PROD0056,4,249.02
ITEM0015111,ORD006079,PROD0019,2,443.45
ITEM0015112,ORD006079,PROD0026,5,585.88
ITEM0015113,ORD006079,PROD0027,3,356.31
ITEM0015114,ORD006079,PROD0115,3,431.33
ITEM0015115,ORD006080,PROD0013,5,196.91
ITEM0015116,ORD006080,PROD0040,3,508.7
ITEM0015117,ORD006081,PROD0059,2,254.01
ITEM0015118,ORD006081,PROD0019,2,443.45
ITEM0015119,ORD006081,PROD0037,3,540.32
ITEM0015120,ORD006081,PROD0147,4,570.65
ITEM0015121,ORD006082,PROD0103,2,305.68
ITEM0015122,ORD006083,PROD0065,3,153.97
ITEM0015123,ORD006083,PROD0142,1,-347.19
ITEM0015124,ORD006083,PROD0116,5,366.52
ITEM0015125,ORD006083,PROD0025,-5,23.62
ITEM0015126,ORD006084,PROD0075,2,383.73
ITEM0015127,ORD006084,PROD0004,1,129.15
ITEM0015128,ORD006085,PROD0032,3,172.77
ITEM0015129,ORD006086,PROD0096,4,321.49
ITEM0015130,ORD006086,PROD0026,5,585.88
ITEM0015131,ORD006086,PROD0146,3,292.2
ITEM0015132,ORD006087,PROD0058,5,356.49
ITEM0015133,ORD006087,PROD0027,5,356.31
ITEM0015134,ORD006087,PROD0148,2,427.66
ITEM0015135,ORD006087,PROD0095,2,271.32
ITEM0015136,ORD006088,PROD0033,1,470.6
ITEM0015137,ORD006088,PROD0126,3,263.88
ITEM0015138,ORD006088,PROD0107,1,462.67
ITEM0015139,ORD006088,PROD0083,2,306.64
ITEM0015140,ORD006089,PROD0118,1,58.39
ITEM0015141,ORD006089,PROD0110,3,39.23
ITEM0015142,ORD006089,PROD0062,1,355.88
ITEM0015143,ORD006089,PROD0148,2,427.66
ITEM0015144,ORD006090,PROD0123,4,95.95
ITEM0015145,ORD006091,PROD0079,5,61.84
ITEM0015146,ORD006091,PROD0066,4,370.45
ITEM0015147,ORD006092,PROD0091,1,161.11
ITEM0015148,ORD006092,PROD0028,2,463.5
ITEM0015149,ORD006092,PROD0090,5,51.56
ITEM0015150,ORD006093,PROD0029,2,93.87
ITEM0015151,ORD006093,PROD0068,1,422.88
ITEM0015152,ORD006093,PROD0098,2,351.41
ITEM0015153,ORD006094,PROD0038,4,216.74
ITEM0015154,ORD006094,PROD0120,4,261.92
ITEM0015155,ORD006095,PROD0012,2,589.04
ITEM0015156,ORD006095,PROD0025,3,23.62
ITEM0015157,ORD006095,PROD0071,1,402.73
ITEM0015158,ORD006096,PROD0012,5,589.04
ITEM0015159,ORD006096,PROD0033,5,470.6
ITEM0015160,ORD006096,PROD0148,3,427.66
ITEM0015161,ORD006097,PROD0135,4,427.2
ITEM0015162,ORD006097,PROD0136,4,485.57
ITEM0015163,ORD006097,PROD0012,5,589.04
ITEM0015164,ORD006098,PROD0078,5,57.56
ITEM0015165,ORD006098,PROD0059,3,254.01
ITEM0015166,ORD006099,PROD0029,3,93.87
ITEM0015167,ORD006099,PROD0022,2,380.56
ITEM0015168,ORD006100,PROD0044,1,474.28
ITEM0015169,ORD006100,PROD0104,1,66.01
ITEM0015170,ORD006100,PROD0005,3,196.98
ITEM0015171,ORD006100,PROD0126,3,263.88
ITEM0015172,ORD006101,PROD0030,5,314.5
ITEM0015173,ORD006101,PROD0062,3,355.88
ITEM0015174,ORD006101,PROD0113,3,320.56
ITEM0015175,ORD006101,PROD0055,5,408.1
ITEM0015176,ORD006102,PROD0055,3,408.1
ITEM0015177,ORD006103,PROD0020,3,124.89
ITEM0015178,ORD006103,PROD0102,4,266.91
ITEM0015179,ORD006103,PROD0123,3,95.95
ITEM0015180,ORD006103,PROD0098,3,351.41
ITEM0015181,ORD006104,PROD0069,3,619.75
ITEM0015182,ORD006104,PROD0009,5,138.45
ITEM0015183,ORD006105,PROD0134,4,192.47
ITEM0015184,ORD006105,PROD0054,5,135.13
ITEM0015185,ORD006105,PROD0047,3,288.09
ITEM0015186,ORD006105,PROD0039,2,410.66
ITEM0015187,ORD006106,PROD0107,5,462.67
ITEM0015188,ORD006106,PROD0067,4,363.03
ITEM0015189,ORD006106,PROD0114,4,45.61
ITEM0015190,ORD006106,PROD0147,2,570.65
ITEM0015191,ORD006107,PROD0106,3,508.9
ITEM0015192,ORD006108,PROD0132,2,316.5
ITEM0015193,ORD006108,PROD0084,1,464.44
ITEM0015194,ORD006108,PROD0022,5,380.56
ITEM0015195,ORD006108,PROD0111,5,408.22
ITEM0015196,ORD006109,PROD0140,1,496.11
ITEM0015197,ORD006109,PROD0034,5,303.7
ITEM0015198,ORD006110,PROD0137,2,447.4
ITEM0015199,ORD006110,PROD0018,4,119.66
ITEM0015200,ORD006110,PROD0009,4,138.45
ITEM0015201,ORD006110,PROD0138,3,43.7
ITEM0015202,ORD006111,PROD0071,4,402.73
ITEM0015203,ORD006111,PROD0057,3,632.78
ITEM0015204,ORD006111,PROD0059,5,254.01
ITEM0015205,ORD006111,PROD0034,2,303.7
ITEM0015206,ORD006112,PROD0110,2,39.23
ITEM0015207,ORD006112,PROD0012,5,589.04
ITEM0015208,ORD006113,PROD0010,1,488.99
ITEM0015209,ORD006113,PROD0081,4,318.7
ITEM0015210,ORD006114,PROD0056,5,249.02
ITEM0015211,ORD006114,PROD0031,1,15.13
ITEM0015212,ORD006115,PROD0090,2,51.56
ITEM0015213,ORD006115,PROD0107,1,462.67
ITEM0015214,ORD006115,PROD0135,4,427.2
ITEM0015215,ORD006115,PROD0057,4,632.78
ITEM0015216,ORD006116,PROD0034,1,303.7
ITEM0015217,ORD006116,PROD0054,5,135.13
ITEM0015218,ORD006116,PROD0014,5,16.7
ITEM0015219,ORD006116,PROD0050,4,235.27
ITEM0015220,ORD006117,PROD0045,2,66.57
ITEM0015221,ORD006117,PROD0063,5,665.26
ITEM0015222,ORD006117,PROD0023,5,414.75
ITEM0015223,ORD006117,PROD0035,1,27.57
ITEM0015224,ORD006118,PROD0050,3,235.27
ITEM0015225,ORD006118,PROD0129,2,246.64
ITEM0015226,ORD006118,PROD0058,3,356.49
ITEM0015227,ORD006118,PROD0075,2,383.73
ITEM0015228,ORD006119,PROD0106,4,508.9
ITEM0015229,ORD006119,PROD0125,1,377.98
ITEM0015230,ORD006119,PROD0098,2,351.41
ITEM0015231,ORD006119,PROD0095,1,271.32
ITEM0015232,ORD006120,PROD0071,1,402.73
ITEM0015233,ORD006120,PROD0141,2,19.31
ITEM0015234,ORD006120,PROD0069,4,619.75
ITEM0015235,ORD006121,PROD0127,4,9.71
ITEM0015236,ORD006121,PROD0093,3,573.11
ITEM0015237,ORD006121,PROD0110,5,39.23
ITEM0015238,ORD006121,PROD0085,3,602.46
ITEM0015239,ORD006122,PROD0092,2,557.9
ITEM0015240,ORD006123,PROD0148,4,427.66
ITEM0015241,ORD006123,PROD0093,3,573.11
ITEM0015242,ORD006123,PROD0039,2,410.66
ITEM0015243,ORD006124,PROD0019,4,443.45
ITEM0015244,ORD006124,PROD0149,2,139.28
ITEM0015245,ORD006124,PROD0120,2,-261.92
ITEM0015246,ORD006125,PROD0122,5,484.26
ITEM0015247,ORD006126,PROD0052,2,436.28
ITEM0015248,ORD006126,PROD0036,5,33.3
ITEM0015249,ORD006127,PROD0023,5,414.75
ITEM0015250,ORD006128,PROD0076,3,277.07
ITEM0015251,ORD006129,PROD0016,1,30.39
ITEM0015252,ORD006129,PROD0017,2,234.28
ITEM0015253,ORD006130,PROD0072,1,226.81
ITEM0015254,ORD006130,PROD0131,4,130.48
ITEM0015255,ORD006131,PROD0051,3,294.17
ITEM0015256,ORD006132,PROD0014,1,16.7
ITEM0015257,ORD006132,PROD0104,2,66.01
ITEM0015258,ORD006132,PROD0085,2,602.46
ITEM0015259,ORD006132,PROD0008,4,174.9
ITEM0015260,ORD006133,PROD0059,3,254.01
ITEM0015261,ORD006133,PROD0098,3,351.41
ITEM0015262,ORD006134,PROD0078,4,57.56
ITEM0015263,ORD006134,PROD0092,5,557.9
ITEM0015264,ORD006134,PROD0059,2,254.01
ITEM0015265,ORD006134,PROD0121,3,287.5
ITEM0015266,ORD006135,PROD0044,3,474.28
ITEM0015267,ORD006135,PROD0115,3,431.33
ITEM0015268,ORD006136,PROD0007,4,248.82
ITEM0015269,ORD006136,PROD0105,3,308.26
ITEM0015270,ORD006137,PROD0145,5,359.48
ITEM0015271,ORD006138,PROD0131,5,130.48
ITEM0015272,ORD006138,PROD0050,3,235.27
ITEM0015273,ORD006138,PROD0135,5,427.2
ITEM0015274,ORD006139,PROD0140,5,496.11
ITEM0015275,ORD006139,PROD0039,5,410.66
ITEM0015276,ORD006140,PROD0090,3,51.56
ITEM0015277,ORD006140,PROD0123,3,95.95
ITEM0015278,ORD006141,PROD0058,4,356.49
ITEM0015279,ORD006141,PROD0001,5,342.2
ITEM0015280,ORD006141,PROD0068,4,422.88
ITEM0015281,ORD006141,PROD0007,5,248.82
ITEM0015282,ORD006142,PROD0064,3,411.35
ITEM0015283,ORD006143,PROD0097,4,53.1
ITEM0015284,ORD006143,PROD0143,2,453.59
ITEM0015285,ORD006143,PROD0003,2,4.27
ITEM0015286,ORD006143,PROD0107,5,462.67
ITEM0015287,ORD006144,PROD0020,2,-124.89
ITEM0015288,ORD006144,PROD0099,5,386.23
ITEM0015289,ORD006144,PROD0116,1,366.52
ITEM0015290,ORD006145,PROD0004,1,129.15
ITEM0015291,ORD006146,PROD0042,5,394.4
ITEM0015292,ORD006146,PROD0097,1,53.1
ITEM0015293,ORD006146,PROD0105,4,308.26
ITEM0015294,ORD006146,PROD0044,2,474.28
ITEM0015295,ORD006147,PROD0061,5,683.51
ITEM0015296,ORD006147,PROD0077,2,286.06
ITEM0015297,ORD006147,PROD0102,3,266.91
ITEM0015298,ORD006147,PROD0137,3,447.4
ITEM0015299,ORD006148,PROD0055,2,408.1
ITEM0015300,ORD006148,PROD0142,3,347.19
ITEM0015301,ORD006148,PROD0053,2,292.19
ITEM0015302,ORD006148,PROD0010,5,488.99
ITEM0015303,ORD006149,PROD0132,1,316.5
ITEM0015304,ORD006149,PROD0089,5,289.58
ITEM0015305,ORD006149,PROD0097,5,53.1
ITEM0015306,ORD006150,PROD0137,1,447.4
ITEM0015307,ORD006151,PROD0142,1,-347.19
ITEM0015308,ORD006151,PROD0137,4,447.4
ITEM0015309,ORD006151,PROD0053,3,292.19
ITEM0015310,ORD006152,PROD0147,4,570.65
ITEM0015311,ORD006152,PROD0129,5,246.64
ITEM0015312,ORD006153,PROD0045,2,66.57
ITEM0015313,ORD006153,PROD0008,3,174.9
ITEM0015314,ORD006154,PROD0121,1,287.5
ITEM0015315,ORD006154,PROD0112,2,308.35
ITEM0015316,ORD006154,PROD0064,1,411.35
ITEM0015317,ORD006154,PROD0026,1,585.88
ITEM0015318,ORD006155,PROD0059,2,254.01
ITEM0015319,ORD006155,PROD0073,3,241.62
ITEM0015320,ORD006155,PROD0102,2,266.91
ITEM0015321,ORD006156,PROD0076,4,277.07
ITEM0015322,ORD006156,PROD0014,4,16.7
ITEM0015323,ORD006156,PROD0070,1,271.29
ITEM0015324,ORD006157,PROD0106,5,508.9
ITEM0015325,ORD006157,PROD0149,1,139.28
ITEM0015326,ORD006157,PROD0083,5,306.64
ITEM0015327,ORD006158,PROD0021,4,487.35
ITEM0015328,ORD006159,PROD0085,4,602.46
ITEM0015329,ORD006160,PROD0038,3,216.74
ITEM0015330,ORD006160,PROD0043,5,251.98
ITEM0015331,ORD006160,PROD0099,2,386.23
ITEM0015332,ORD006161,PROD0008,3,174.9
ITEM0015333,ORD006161,PROD0096,4,321.49
ITEM0015334,ORD006162,PROD0083,5,306.64
ITEM0015335,ORD006163,PROD0104,3,66.01
ITEM0015336,ORD006163,PROD0033,5,470.6
ITEM0015337,ORD006163,PROD0121,4,287.5
ITEM0015338,ORD006164,PROD0092,4,-557.9
ITEM0015339,ORD006165,PROD0052,3,436.28
ITEM0015340,ORD006165,PROD0028,5,463.5
ITEM0015341,ORD006165,PROD0018,1,119.66
ITEM0015342,ORD006165,PROD0062,2,355.88
ITEM0015343,ORD006166,PROD0139,5,135.03
ITEM0015344,ORD006166,PROD0077,4,286.06
ITEM0015345,ORD006166,PROD0001,2,342.2
ITEM0015346,ORD006166,PROD0104,4,66.01
ITEM0015347,ORD006167,PROD0010,4,488.99
ITEM0015348,ORD006167,PROD0108,3,332.49
ITEM0015349,ORD006167,PROD0067,3,363.03
ITEM0015350,ORD006167,PROD0119,5,103.02
ITEM0015351,ORD006168,PROD0143,4,453.59
ITEM0015352,ORD006169,PROD0050,4,235.27
ITEM0015353,ORD006169,PROD0048,2,277.49
ITEM0015354,ORD006169,PROD0039,2,410.66
ITEM0015355,ORD006169,PROD0054,3,135.13
ITEM0015356,ORD006170,PROD0134,4,192.47
ITEM0015357,ORD006171,PROD0141,1,19.31
ITEM0015358,ORD006171,PROD0136,3,485.57
ITEM0015359,ORD006171,PROD0045,1,66.57
ITEM0015360,ORD006171,PROD0122,1,484.26
ITEM0015361,ORD006172,PROD0070,3,271.29
ITEM0015362,ORD006172,PROD0036,5,33.3
ITEM0015363,ORD006172,PROD0125,5,377.98
ITEM0015364,ORD006172,PROD0067,3,363.03
ITEM0015365,ORD006173,PROD0075,1,383.73
ITEM0015366,ORD006174,PROD0006,5,98.27
ITEM0015367,ORD006175,PROD0001,4,342.2
ITEM0015368,ORD006176,PROD0050,2,235.27
ITEM0015369,ORD006176,PROD0082,1,196.55
ITEM0015370,ORD006177,PROD0082,4,196.55
ITEM0015371,ORD006178,PROD0014,1,16.7
ITEM0015372,ORD006178,PROD0044,2,474.28
ITEM0015373,ORD006178,PROD0105,2,308.26
ITEM0015374,ORD006178,PROD0082,3,196.55
ITEM0015375,ORD006179,PROD0103,4,305.68
ITEM0015376,ORD006179,PROD0066,4,370.45
ITEM0015377,ORD006179,PROD0081,1,318.7
ITEM0015378,ORD006179,PROD0041,5,438.01
ITEM0015379,ORD006180,PROD0070,3,271.29
ITEM0015380,ORD006180,PROD0106,3,508.9
ITEM0015381,ORD006180,PROD0022,5,380.56
ITEM0015382,ORD006181,PROD0129,2,246.64
ITEM0015383,ORD006181,PROD0016,1,30.39
ITEM0015384,ORD006181,PROD0071,1,402.73
ITEM0015385,ORD006182,PROD0135,4,427.2
ITEM0015386,ORD006182,PROD0109,4,126.44
ITEM0015387,ORD006182,PROD0053,3,292.19
ITEM0015388,ORD006183,PROD0047,4,288.09
ITEM0015389,ORD006183,PROD0106,1,508.9
ITEM0015390,ORD006183,PROD0097,2,53.1
ITEM0015391,ORD006184,PROD0066,1,370.45
ITEM0015392,ORD006185,PROD0093,4,573.11
ITEM0015393,ORD006186,PROD0101,2,182.81
ITEM0015394,ORD006186,PROD0037,5,540.32
ITEM0015395,ORD006187,PROD0105,4,308.26
ITEM0015396,ORD006187,PROD0076,1,277.07
ITEM0015397,ORD006187,PROD0063,4,665.26
ITEM0015398,ORD006187,PROD0084,2,464.44
ITEM0015399,ORD006188,PROD0117,3,130.11
ITEM0015400,ORD006188,PROD0018,2,119.66
ITEM0015401,ORD006189,PROD0113,1,320.56
ITEM0015402,ORD006189,PROD0037,4,540.32
ITEM0015403,ORD006189,PROD0118,4,58.39
ITEM0015404,ORD006189,PROD0023,4,414.75
ITEM0015405,ORD006190,PROD0065,1,153.97
ITEM0015406,ORD006191,PROD0112,1,308.35
ITEM0015407,ORD006191,PROD0038,2,216.74
ITEM0015408,ORD006192,PROD0144,4,105.68
ITEM0015409,ORD006192,PROD0055,2,408.1
ITEM0015410,ORD006192,PROD0016,2,30.39
ITEM0015411,ORD006193,PROD0067,5,363.03
ITEM0015412,ORD006193,PROD0020,2,124.89
ITEM0015413,ORD006194,PROD0083,4,306.64
ITEM0015414,ORD006194,PROD0016,3,30.39
ITEM0015415,ORD006194,PROD0025,5,23.62
ITEM0015416,ORD006194,PROD0145,4,359.48
ITEM0015417,ORD006195,PROD0090,2,51.56
ITEM0015418,ORD006195,PROD0036,1,33.3
ITEM0015419,ORD006195,PROD0149,2,139.28
ITEM0015420,ORD006195,PROD0086,4,203.78
ITEM0015421,ORD006196,PROD0002,4,112.42
ITEM0015422,ORD006196,PROD0028,5,463.5
ITEM0015423,ORD006196,PROD0082,2,196.55
ITEM0015424,ORD006196,PROD0099,2,386.23
ITEM0015425,ORD006197,PROD0096,5,321.49
ITEM0015426,ORD006197,PROD0076,3,277.07
ITEM0015427,ORD006197,PROD0052,3,436.28
ITEM0015428,ORD006198,PROD0104,2,66.01
ITEM0015429,ORD006198,PROD0009,2,138.45
ITEM0015430,ORD006199,PROD0019,2,443.45
ITEM0015431,ORD006200,PROD0008,4,174.9
ITEM0015432,ORD006200,PROD0121,1,287.5
ITEM0015433,ORD006200,PROD0074,3,122.74
ITEM0015434,ORD006200,PROD0136,5,485.57
ITEM0015435,ORD006201,PROD0129,1,246.64
ITEM0015436,ORD006201,PROD0002,4,112.42
ITEM0015437,ORD006201,PROD0030,5,314.5
ITEM0015438,ORD006202,PROD0140,4,496.11
ITEM0015439,ORD006202,PROD0098,4,351.41
ITEM0015440,ORD006202,PROD0063,4,665.26
ITEM0015441,ORD006202,PROD0005,1,196.98
ITEM0015442,ORD006203,PROD0052,1,436.28
ITEM0015443,ORD006203,PROD0053,2,292.19
ITEM0015444,ORD006203,PROD0089,4,289.58
ITEM0015445,ORD006203,PROD0021,3,487.35
ITEM0015446,ORD006204,PROD0042,4,394.4
ITEM0015447,ORD006204,PROD0112,2,308.35
ITEM0015448,ORD006205,PROD0073,5,241.62
ITEM0015449,ORD006205,PROD0049,4,106.04
ITEM0015450,ORD006205,PROD0048,1,277.49
ITEM0015451,ORD006206,PROD0043,2,251.98
ITEM0015452,ORD006207,PROD0106,3,508.9
ITEM0015453,ORD006207,PROD0016,3,30.39
ITEM0015454,ORD006207,PROD0004,1,129.15
ITEM0015455,ORD006208,PROD0113,4,320.56
ITEM0015456,ORD006208,PROD0017,4,234.28
ITEM0015457,ORD006208,PROD0068,-2,422.88
ITEM0015458,ORD006209,PROD0124,2,173.3
ITEM0015459,ORD006209,PROD0032,2,172.77
ITEM0015460,ORD006210,PROD0075,1,383.73
ITEM0015461,ORD006211,PROD0117,4,130.11
ITEM0015462,ORD006212,PROD0033,4,470.6
ITEM0015463,ORD006213,PROD0111,5,408.22
ITEM0015464,ORD006213,PROD0024,1,594.24
ITEM0015465,ORD006214,PROD0107,4,462.67
ITEM0015466,ORD006214,PROD0029,1,93.87
ITEM0015467,ORD006214,PROD0036,1,33.3
ITEM0015468,ORD006214,PROD0003,1,4.27
ITEM0015469,ORD006215,PROD0073,2,241.62
ITEM0015470,ORD006215,PROD0006,2,98.27
ITEM0015471,ORD006215,PROD0063,1,665.26
ITEM0015472,ORD006215,PROD0114,2,45.61
ITEM0015473,ORD006216,PROD0108,4,332.49
ITEM0015474,ORD006216,PROD0090,1,51.56
ITEM0015475,ORD006217,PROD0110,3,39.23
ITEM0015476,ORD006217,PROD0016,3,30.39
ITEM0015477,ORD006218,PROD0026,2,585.88
ITEM0015478,ORD006218,PROD0038,1,216.74
ITEM0015479,ORD006218,PROD0113,4,320.56
ITEM0015480,ORD006218,PROD0025,1,23.62
ITEM0015481,ORD006219,PROD0146,4,292.2
ITEM0015482,ORD006220,PROD0100,-3,208.15
ITEM0015483,ORD006220,PROD0039,1,410.66
ITEM0015484,ORD006220,PROD0146,4,292.2
ITEM0015485,ORD006220,PROD0040,4,508.7
ITEM0015486,ORD006221,PROD0067,3,363.03
ITEM0015487,ORD006221,PROD0019,1,443.45
ITEM0015488,ORD006221,PROD0031,4,15.13
ITEM0015489,ORD006221,PROD0093,2,573.11
ITEM0015490,ORD006222,PROD0041,5,438.01
ITEM0015491,ORD006223,PROD0021,3,487.35
ITEM0015492,ORD006223,PROD0002,5,112.42
ITEM0015493,ORD006223,PROD0028,5,463.5
ITEM0015494,ORD006223,PROD0111,3,408.22
ITEM0015495,ORD006224,PROD0099,4,386.23
ITEM0015496,ORD006224,PROD0038,2,216.74
ITEM0015497,ORD006225,PROD0001,3,342.2
ITEM0015498,ORD006225,PROD0115,3,431.33
ITEM0015499,ORD006226,PROD0072,3,226.81
ITEM0015500,ORD006226,PROD0022,1,380.56
ITEM0015501,ORD006227,PROD0008,4,174.9
ITEM0015502,ORD006228,PROD0085,1,602.46
ITEM0015503,ORD006229,PROD0022,3,380.56
ITEM0015504,ORD006229,PROD0073,3,241.62
ITEM0015505,ORD006230,PROD0115,5,431.33
ITEM0015506,ORD006230,PROD0003,1,4.27
ITEM0015507,ORD006230,PROD0043,4,251.98
ITEM0015508,ORD006230,PROD0145,2,359.48
ITEM0015509,ORD006231,PROD0063,4,665.26
ITEM0015510,ORD006232,PROD0118,2,58.39
ITEM0015511,ORD006233,PROD0035,3,27.57
ITEM0015512,ORD006233,PROD0027,1,356.31
ITEM0015513,ORD006234,PROD0125,4,377.98
ITEM0015514,ORD006234,PROD0117,3,130.11
ITEM0015515,ORD006234,PROD0084,5,464.44
ITEM0015516,ORD006235,PROD0081,1,318.7
ITEM0015517,ORD006235,PROD0087,1,193.52
ITEM0015518,ORD006235,PROD0133,5,317.22
ITEM0015519,ORD006235,PROD0064,2,411.35
ITEM0015520,ORD006236,PROD0134,4,192.47
ITEM0015521,ORD006236,PROD0023,1,414.75
ITEM0015522,ORD006236,PROD0120,4,261.92
ITEM0015523,ORD006237,PROD0089,2,289.58
ITEM0015524,ORD006237,PROD0099,2,386.23
ITEM0015525,ORD006238,PROD0096,5,321.49
ITEM0015526,ORD006239,PROD0061,2,683.51
ITEM0015527,ORD006240,PROD0057,2,632.78
ITEM0015528,ORD006240,PROD0052,2,436.28
ITEM0015529,ORD006240,PROD0123,2,95.95
ITEM0015530,ORD006241,PROD0130,4,421.1
ITEM0015531,ORD006241,PROD0087,4,193.52
ITEM0015532,ORD006242,PROD0044,4,474.28
ITEM0015533,ORD006243,PROD0052,4,436.28
ITEM0015534,ORD006243,PROD0012,1,589.04
ITEM0015535,ORD006243,PROD0015,2,442.7
ITEM0015536,ORD006243,PROD0026,1,585.88
ITEM0015537,ORD006244,PROD0022,1,380.56
ITEM0015538,ORD006245,PROD0112,5,308.35
ITEM0015539,ORD006245,PROD0074,1,122.74
ITEM0015540,ORD006245,PROD0109,4,126.44
ITEM0015541,ORD006246,PROD0071,4,402.73
ITEM0015542,ORD006246,PROD0147,1,570.65
ITEM0015543,ORD006247,PROD0102,5,266.91
ITEM0015544,ORD006248,PROD0022,1,380.56
ITEM0015545,ORD006249,PROD0036,1,33.3
ITEM0015546,ORD006249,PROD0100,3,208.15
ITEM0015547,ORD006250,PROD0131,1,130.48
ITEM0015548,ORD006250,PROD0047,3,288.09
ITEM0015549,ORD006250,PROD0058,2,356.49
ITEM0015550,ORD006251,PROD0128,3,403.21
ITEM0015551,ORD006251,PROD0070,2,271.29
ITEM0015552,ORD006251,PROD0120,3,261.92
ITEM0015553,ORD006252,PROD0086,4,203.78
ITEM0015554,ORD006252,PROD0066,4,370.45
ITEM0015555,ORD006253,PROD0099,4,386.23
ITEM0015556,ORD006253,PROD0127,2,9.71
ITEM0015557,ORD006254,PROD0051,4,294.17
ITEM0015558,ORD006254,PROD0025,3,23.62
ITEM0015559,ORD006255,PROD0147,5,570.65
ITEM0015560,ORD006256,PROD0103,3,305.68
ITEM0015561,ORD006257,PROD0071,4,402.73
ITEM0015562,ORD006257,PROD0144,1,105.68
ITEM0015563,ORD006257,PROD0032,1,172.77
ITEM0015564,ORD006258,PROD0052,1,436.28
ITEM0015565,ORD006258,PROD0015,3,442.7
ITEM0015566,ORD006258,PROD0076,1,277.07
ITEM0015567,ORD006259,PROD0070,4,271.29
ITEM0015568,ORD006259,PROD0027,3,356.31
ITEM0015569,ORD006259,PROD0026,4,585.88
ITEM0015570,ORD006259,PROD0121,4,287.5
ITEM0015571,ORD006260,PROD0017,2,234.28
ITEM0015572,ORD006261,PROD0090,2,51.56
ITEM0015573,ORD006261,PROD0105,5,308.26
ITEM0015574,ORD006262,PROD0130,3,421.1
ITEM0015575,ORD006262,PROD0149,1,139.28
ITEM0015576,ORD006263,PROD0039,1,410.66
ITEM0015577,ORD006264,PROD0059,2,254.01
ITEM0015578,ORD006265,PROD0036,5,33.3
ITEM0015579,ORD006266,PROD0121,1,287.5
ITEM0015580,ORD006267,PROD0070,3,271.29
ITEM0015581,ORD006268,PROD0104,3,66.01
ITEM0015582,ORD006268,PROD0032,4,172.77
ITEM0015583,ORD006269,PROD0024,5,594.24
ITEM0015584,ORD006269,PROD0050,4,235.27
ITEM0015585,ORD006269,PROD0116,3,366.52
ITEM0015586,ORD006269,PROD0148,5,427.66
ITEM0015587,ORD006270,PROD0104,5,66.01
ITEM0015588,ORD006270,PROD0091,5,161.11
ITEM0015589,ORD006271,PROD0139,5,135.03
ITEM0015590,ORD006271,PROD0129,2,246.64
ITEM0015591,ORD006272,PROD0133,4,317.22
ITEM0015592,ORD006273,PROD0061,2,683.51
ITEM0015593,ORD006273,PROD0122,2,484.26
ITEM0015594,ORD006273,PROD0116,4,366.52
ITEM0015595,ORD006273,PROD0077,4,286.06
ITEM0015596,ORD006274,PROD0087,4,193.52
ITEM0015597,ORD006275,PROD0050,2,235.27
ITEM0015598,ORD006275,PROD0054,3,135.13
ITEM0015599,ORD006275,PROD0073,2,241.62
ITEM0015600,ORD006275,PROD0097,2,53.1
ITEM0015601,ORD006276,PROD0067,4,363.03
ITEM0015602,ORD006276,PROD0136,1,485.57
ITEM0015603,ORD006277,PROD0041,2,438.01
ITEM0015604,ORD006277,PROD0113,2,320.56
ITEM0015605,ORD006277,PROD0010,1,488.99
ITEM0015606,ORD006278,PROD0048,1,-277.49
ITEM0015607,ORD006278,PROD0076,5,277.07
ITEM0015608,ORD006278,PROD0140,2,496.11
ITEM0015609,ORD006279,PROD0005,5,196.98
ITEM0015610,ORD006280,PROD0101,1,182.81
ITEM0015611,ORD006280,PROD0086,2,203.78
ITEM0015612,ORD006280,PROD0120,1,261.92
ITEM0015613,ORD006280,PROD0076,4,277.07
ITEM0015614,ORD006281,PROD0132,3,316.5
ITEM0015615,ORD006281,PROD0086,4,203.78
ITEM0015616,ORD006282,PROD0051,1,294.17
ITEM0015617,ORD006282,PROD0072,3,226.81
ITEM0015618,ORD006282,PROD0065,4,153.97
ITEM0015619,ORD006282,PROD0120,3,261.92
ITEM0015620,ORD006283,PROD0018,2,119.66
ITEM0015621,ORD006283,PROD0036,5,33.3
ITEM0015622,ORD006283,PROD0037,4,540.32
ITEM0015623,ORD006284,PROD0098,2,351.41
ITEM0015624,ORD006284,PROD0025,5,23.62
ITEM0015625,ORD006284,PROD0037,1,540.32
ITEM0015626,ORD006285,PROD0011,4,325.01
ITEM0015627,ORD006285,PROD0043,2,251.98
ITEM0015628,ORD006285,PROD0047,3,288.09
ITEM0015629,ORD006286,PROD0094,5,393.51
ITEM0015630,ORD006286,PROD0067,1,363.03
ITEM0015631,ORD006286,PROD0035,5,27.57
ITEM0015632,ORD006286,PROD0058,2,356.49
ITEM0015633,ORD006287,PROD0117,5,130.11
ITEM0015634,ORD006288,PROD0133,5,317.22
ITEM0015635,ORD006288,PROD0042,1,394.4
ITEM0015636,ORD006289,PROD0058,1,356.49
ITEM0015637,ORD006289,PROD0136,5,485.57
ITEM0015638,ORD006289,PROD0085,5,602.46
ITEM0015639,ORD006290,PROD0082,5,196.55
ITEM0015640,ORD006291,PROD0019,2,443.45
ITEM0015641,ORD006291,PROD0032,3,172.77
ITEM0015642,ORD006291,PROD0130,3,421.1
ITEM0015643,ORD006292,PROD0129,2,246.64
ITEM0015644,ORD006292,PROD0062,3,355.88
ITEM0015645,ORD006292,PROD0016,4,30.39
ITEM0015646,ORD006293,PROD0035,5,27.57
ITEM0015647,ORD006293,PROD0031,5,15.13
ITEM0015648,ORD006293,PROD0062,1,355.88
ITEM0015649,ORD006293,PROD0032,1,172.77
ITEM0015650,ORD006294,PROD0127,2,9.71
ITEM0015651,ORD006295,PROD0031,3,15.13
ITEM0015652,ORD006295,PROD0113,5,320.56
ITEM0015653,ORD006295,PROD0082,4,196.55
ITEM0015654,ORD006295,PROD0108,4,332.49
ITEM0015655,ORD006296,PROD0043,5,251.98
ITEM0015656,ORD006296,PROD0007,1,248.82
ITEM0015657,ORD006296,PROD0092,1,557.9
ITEM0015658,ORD006297,PROD0014,3,16.7
ITEM0015659,ORD006297,PROD0005,2,196.98
ITEM0015660,ORD006298,PROD0150,4,88.94
ITEM0015661,ORD006298,PROD0088,5,51.09
ITEM0015662,ORD006299,PROD0055,3,408.1
ITEM0015663,ORD006300,PROD0103,3,305.68
ITEM0015664,ORD006300,PROD0127,4,9.71
ITEM0015665,ORD006300,PROD0122,1,484.26
ITEM0015666,ORD006301,PROD0044,5,474.28
ITEM0015667,ORD006301,PROD0018,4,-119.66
ITEM0015668,ORD006301,PROD0107,1,462.67
ITEM0015669,ORD006302,PROD0102,4,266.91
ITEM0015670,ORD006302,PROD0105,5,308.26
ITEM0015671,ORD006302,PROD0099,5,386.23
ITEM0015672,ORD006302,PROD0035,2,27.57
ITEM0015673,ORD006303,PROD0144,2,105.68
ITEM0015674,ORD006303,PROD0070,5,271.29
ITEM0015675,ORD006303,PROD0092,1,557.9
ITEM0015676,ORD006304,PROD0036,1,33.3
ITEM0015677,ORD006305,PROD0065,2,153.97
ITEM0015678,ORD006306,PROD0133,5,317.22
ITEM0015679,ORD006306,PROD0146,5,292.2
ITEM0015680,ORD006306,PROD0016,3,30.39
ITEM0015681,ORD006306,PROD0014,2,16.7
ITEM0015682,ORD006307,PROD0124,1,173.3
ITEM0015683,ORD006308,PROD0060,-2,497.77
ITEM0015684,ORD006308,PROD0142,3,347.19
ITEM0015685,ORD006308,PROD0085,3,602.46
ITEM0015686,ORD006308,PROD0005,2,196.98
ITEM0015687,ORD006309,PROD0098,-1,351.41
ITEM0015688,ORD006309,PROD0020,5,-124.89
ITEM0015689,ORD006309,PROD0081,3,318.7
ITEM0015690,ORD006309,PROD0076,2,277.07
ITEM0015691,ORD006310,PROD0040,2,508.7
ITEM0015692,ORD006310,PROD0041,3,438.01
ITEM0015693,ORD006310,PROD0077,2,286.06
ITEM0015694,ORD006310,PROD0052,1,436.28
ITEM0015695,ORD006311,PROD0122,4,484.26
ITEM0015696,ORD006311,PROD0005,2,196.98
ITEM0015697,ORD006312,PROD0025,4,23.62
ITEM0015698,ORD006312,PROD0102,2,266.91
ITEM0015699,ORD006313,PROD0124,1,173.3
ITEM0015700,ORD006313,PROD0144,3,105.68
ITEM0015701,ORD006313,PROD0080,-5,392.58
ITEM0015702,ORD006314,PROD0136,1,485.57
ITEM0015703,ORD006314,PROD0121,2,287.5
ITEM0015704,ORD006315,PROD0038,5,216.74
ITEM0015705,ORD006316,PROD0090,1,51.56
ITEM0015706,ORD006316,PROD0089,4,289.58
ITEM0015707,ORD006317,PROD0106,1,508.9
ITEM0015708,ORD006317,PROD0054,1,135.13
ITEM0015709,ORD006317,PROD0060,3,497.77
ITEM0015710,ORD006317,PROD0003,5,4.27
ITEM0015711,ORD006318,PROD0008,1,174.9
ITEM0015712,ORD006319,PROD0031,5,15.13
ITEM0015713,ORD006319,PROD0103,3,305.68
ITEM0015714,ORD006319,PROD0125,1,377.98
ITEM0015715,ORD006320,PROD0096,1,321.49
ITEM0015716,ORD006321,PROD0044,1,474.28
ITEM0015717,ORD006321,PROD0147,5,570.65
ITEM0015718,ORD006321,PROD0122,2,484.26
ITEM0015719,ORD006321,PROD0077,2,286.06
ITEM0015720,ORD006322,PROD0024,2,594.24
ITEM0015721,ORD006323,PROD0033,3,470.6
ITEM0015722,ORD006323,PROD0050,4,235.27
ITEM0015723,ORD006323,PROD0116,2,366.52
ITEM0015724,ORD006324,PROD0037,4,540.32
ITEM0015725,ORD006324,PROD0071,2,402.73
ITEM0015726,ORD006324,PROD0049,3,106.04
ITEM0015727,ORD006324,PROD0147,5,570.65
ITEM0015728,ORD006325,PROD0032,3,172.77
ITEM0015729,ORD006325,PROD0073,3,241.62
ITEM0015730,ORD006325,PROD0060,2,497.77
ITEM0015731,ORD006325,PROD0102,1,266.91
ITEM0015732,ORD006326,PROD0139,4,135.03
ITEM0015733,ORD006326,PROD0062,1,355.88
ITEM0015734,ORD006326,PROD0100,3,208.15
ITEM0015735,ORD006327,PROD0147,2,570.65
ITEM0015736,ORD006327,PROD0017,4,234.28
ITEM0015737,ORD006327,PROD0143,4,453.59
ITEM0015738,ORD006327,PROD0139,-1,135.03
ITEM0015739,ORD006328,PROD0133,4,317.22
ITEM0015740,ORD006328,PROD0045,5,66.57
ITEM0015741,ORD006328,PROD0143,4,453.59
ITEM0015742,ORD006328,PROD0006,4,98.27
ITEM0015743,ORD006329,PROD0111,3,408.22
ITEM0015744,ORD006329,PROD0051,1,294.17
ITEM0015745,ORD006329,PROD0029,4,93.87
ITEM0015746,ORD006329,PROD0132,1,316.5
ITEM0015747,ORD006330,PROD0122,3,484.26
ITEM0015748,ORD006330,PROD0149,5,139.28
ITEM0015749,ORD006330,PROD0072,4,226.81
ITEM0015750,ORD006331,PROD0061,2,683.51
ITEM0015751,ORD006331,PROD0067,5,363.03
ITEM0015752,ORD006331,PROD0116,5,366.52
ITEM0015753,ORD006331,PROD0071,3,402.73
ITEM0015754,ORD006332,PROD0008,4,174.9
ITEM0015755,ORD006332,PROD0072,5,226.81
ITEM0015756,ORD006332,PROD0130,3,421.1
ITEM0015757,ORD006332,PROD0014,2,16.7
ITEM0015758,ORD006333,PROD0077,4,286.06
ITEM0015759,ORD006334,PROD0001,3,342.2
ITEM0015760,ORD006334,PROD0067,4,363.03
ITEM0015761,ORD006334,PROD0051,5,294.17
ITEM0015762,ORD006335,PROD0133,3,317.22
ITEM0015763,ORD006335,PROD0050,4,235.27
ITEM0015764,ORD006335,PROD0019,4,443.45
ITEM0015765,ORD006336,PROD0083,2,306.64
ITEM0015766,ORD006336,PROD0052,4,436.28
ITEM0015767,ORD006337,PROD0045,3,66.57
ITEM0015768,ORD006337,PROD0088,3,51.09
ITEM0015769,ORD006338,PROD0041,2,438.01
ITEM0015770,ORD006338,PROD0052,3,436.28
ITEM0015771,ORD006338,PROD0146,1,292.2
ITEM0015772,ORD006338,PROD0020,4,124.89
ITEM0015773,ORD006339,PROD0124,3,173.3
ITEM0015774,ORD006339,PROD0054,5,135.13
ITEM0015775,ORD006340,PROD0077,5,286.06
ITEM0015776,ORD006340,PROD0099,1,386.23
ITEM0015777,ORD006340,PROD0074,4,122.74
ITEM0015778,ORD006340,PROD0089,4,289.58
ITEM0015779,ORD006341,PROD0017,2,234.28
ITEM0015780,ORD006341,PROD0029,3,93.87
ITEM0015781,ORD006341,PROD0081,3,318.7
ITEM0015782,ORD006342,PROD0056,1,249.02
ITEM0015783,ORD006343,PROD0135,5,427.2
ITEM0015784,ORD006343,PROD0114,2,45.61
ITEM0015785,ORD006343,PROD0076,5,277.07
ITEM0015786,ORD006343,PROD0111,2,408.22
ITEM0015787,ORD006344,PROD0147,5,-570.65
ITEM0015788,ORD006344,PROD0141,3,19.31
ITEM0015789,ORD006345,PROD0002,2,112.42
ITEM0015790,ORD006345,PROD0130,4,421.1
ITEM0015791,ORD006345,PROD0111,2,408.22
ITEM0015792,ORD006345,PROD0060,3,497.77
ITEM0015793,ORD006346,PROD0045,2,66.57
ITEM0015794,ORD006346,PROD0038,4,216.74
ITEM0015795,ORD006346,PROD0039,2,410.66
ITEM0015796,ORD006346,PROD0141,2,19.31
ITEM0015797,ORD006347,PROD0149,2,139.28
ITEM0015798,ORD006347,PROD0103,1,305.68
ITEM0015799,ORD006347,PROD0046,1,207.44
ITEM0015800,ORD006348,PROD0071,5,402.73
ITEM0015801,ORD006348,PROD0039,3,410.66
ITEM0015802,ORD006349,PROD0042,1,394.4
ITEM0015803,ORD006349,PROD0119,2,103.02
ITEM0015804,ORD006350,PROD0141,1,19.31
ITEM0015805,ORD006351,PROD0127,3,9.71
ITEM0015806,ORD006351,PROD0018,5,119.66
ITEM0015807,ORD006352,PROD0076,1,277.07
ITEM0015808,ORD006353,PROD0072,4,226.81
ITEM0015809,ORD006353,PROD0100,5,208.15
ITEM0015810,ORD006353,PROD0015,2,442.7
ITEM0015811,ORD006354,PROD0062,4,355.88
ITEM0015812,ORD006354,PROD0001,1,342.2
ITEM0015813,ORD006354,PROD0147,4,570.65
ITEM0015814,ORD006354,PROD0081,3,318.7
ITEM0015815,ORD006355,PROD0002,4,112.42
ITEM0015816,ORD006356,PROD0085,1,602.46
ITEM0015817,ORD006357,PROD0127,1,9.71
ITEM0015818,ORD006357,PROD0099,5,386.23
ITEM0015819,ORD006357,PROD0102,3,266.91
ITEM0015820,ORD006357,PROD0050,2,235.27
ITEM0015821,ORD006358,PROD0003,4,4.27
ITEM0015822,ORD006359,PROD0115,1,431.33
ITEM0015823,ORD006359,PROD0058,1,356.49
ITEM0015824,ORD006359,PROD0070,5,271.29
ITEM0015825,ORD006360,PROD0103,4,305.68
ITEM0015826,ORD006360,PROD0012,4,589.04
ITEM0015827,ORD006360,PROD0089,1,289.58
ITEM0015828,ORD006361,PROD0032,2,-172.77
ITEM0015829,ORD006361,PROD0047,1,288.09
ITEM0015830,ORD006361,PROD0096,1,321.49
ITEM0015831,ORD006362,PROD0048,1,277.49
ITEM0015832,ORD006362,PROD0030,1,314.5
ITEM0015833,ORD006362,PROD0074,5,122.74
ITEM0015834,ORD006363,PROD0082,3,196.55
ITEM0015835,ORD006363,PROD0114,4,45.61
ITEM0015836,ORD006363,PROD0127,5,9.71
ITEM0015837,ORD006364,PROD0045,1,66.57
ITEM0015838,ORD006364,PROD0025,4,23.62
ITEM0015839,ORD006364,PROD0021,2,487.35
ITEM0015840,ORD006365,PROD0011,3,325.01
ITEM0015841,ORD006366,PROD0142,4,347.19
ITEM0015842,ORD006367,PROD0001,3,342.2
ITEM0015843,ORD006368,PROD0108,3,332.49
ITEM0015844,ORD006368,PROD0082,2,196.55
ITEM0015845,ORD006368,PROD0106,-5,508.9
ITEM0015846,ORD006369,PROD0115,3,431.33
ITEM0015847,ORD006369,PROD0108,3,332.49
ITEM0015848,ORD006369,PROD0129,4,246.64
ITEM0015849,ORD006369,PROD0119,2,103.02
ITEM0015850,ORD006370,PROD0019,4,443.45
ITEM0015851,ORD006371,PROD0076,2,-277.07
ITEM0015852,ORD006371,PROD0138,2,43.7
ITEM0015853,ORD006371,PROD0147,5,570.65
ITEM0015854,ORD006371,PROD0123,4,95.95
ITEM0015855,ORD006372,PROD0006,4,98.27
ITEM0015856,ORD006372,PROD0105,5,308.26
ITEM0015857,ORD006372,PROD0072,5,226.81
ITEM0015858,ORD006372,PROD0147,5,570.65
ITEM0015859,ORD006373,PROD0056,2,249.02
ITEM0015860,ORD006374,PROD0018,3,119.66
ITEM0015861,ORD006374,PROD0098,1,351.41
ITEM0015862,ORD006374,PROD0142,2,347.19
ITEM0015863,ORD006375,PROD0037,1,540.32
ITEM0015864,ORD006375,PROD0139,1,135.03
ITEM0015865,ORD006375,PROD0049,1,106.04
ITEM0015866,ORD006375,PROD0099,3,386.23
ITEM0015867,ORD006376,PROD0110,2,39.23
ITEM0015868,ORD006376,PROD0032,3,172.77
ITEM0015869,ORD006377,PROD0064,3,411.35
ITEM0015870,ORD006377,PROD0025,4,23.62
ITEM0015871,ORD006378,PROD0020,2,124.89
ITEM0015872,ORD006378,PROD0026,5,585.88
ITEM0015873,ORD006379,PROD0150,1,88.94
ITEM0015874,ORD006379,PROD0118,2,58.39
ITEM0015875,ORD006380,PROD0010,5,488.99
ITEM0015876,ORD006380,PROD0137,4,447.4
ITEM0015877,ORD006380,PROD0050,3,235.27
ITEM0015878,ORD006381,PROD0002,3,112.42
ITEM0015879,ORD006381,PROD0011,2,325.01
ITEM0015880,ORD006381,PROD0119,3,103.02
ITEM0015881,ORD006382,PROD0031,2,15.13
ITEM0015882,ORD006382,PROD0115,3,431.33
ITEM0015883,ORD006382,PROD0054,5,135.13
ITEM0015884,ORD006383,PROD0087,2,193.52
ITEM0015885,ORD006384,PROD0020,4,124.89
ITEM0015886,ORD006384,PROD0003,1,4.27
ITEM0015887,ORD006384,PROD0106,5,508.9
ITEM0015888,ORD006384,PROD0088,4,51.09
ITEM0015889,ORD006385,PROD0032,1,172.77
ITEM0015890,ORD006385,PROD0134,1,192.47
ITEM0015891,ORD006385,PROD0023,3,414.75
ITEM0015892,ORD006385,PROD0060,1,497.77
ITEM0015893,ORD006386,PROD0131,5,130.48
ITEM0015894,ORD006386,PROD0125,3,377.98
ITEM0015895,ORD006386,PROD0078,1,57.56
ITEM0015896,ORD006387,PROD0002,1,112.42
ITEM0015897,ORD006387,PROD0124,5,173.3
ITEM0015898,ORD006387,PROD0080,4,392.58
ITEM0015899,ORD006388,PROD0138,2,43.7
ITEM0015900,ORD006388,PROD0018,5,119.66
ITEM0015901,ORD006388,PROD0020,5,124.89
ITEM0015902,ORD006388,PROD0027,4,356.31
ITEM0015903,ORD006389,PROD0098,2,351.41
ITEM0015904,ORD006389,PROD0008,4,174.9
ITEM0015905,ORD006390,PROD0129,5,246.64
ITEM0015906,ORD006390,PROD0015,2,442.7
ITEM0015907,ORD006390,PROD0111,1,408.22
ITEM0015908,ORD006391,PROD0055,4,408.1
ITEM0015909,ORD006392,PROD0128,3,403.21
ITEM0015910,ORD006392,PROD0083,3,306.64
ITEM0015911,ORD006392,PROD0029,2,93.87
ITEM0015912,ORD006393,PROD0055,4,408.1
ITEM0015913,ORD006393,PROD0002,4,112.42
ITEM0015914,ORD006394,PROD0102,3,266.91
ITEM0015915,ORD006395,PROD0089,1,289.58
ITEM0015916,ORD006395,PROD0119,4,103.02
ITEM0015917,ORD006396,PROD0026,5,585.88
ITEM0015918,ORD006396,PROD0144,3,105.68
ITEM0015919,ORD006396,PROD0113,1,320.56
ITEM0015920,ORD006397,PROD0114,3,45.61
ITEM0015921,ORD006397,PROD0094,2,393.51
ITEM0015922,ORD006397,PROD0125,1,377.98
ITEM0015923,ORD006398,PROD0136,2,485.57
ITEM0015924,ORD006398,PROD0090,2,51.56
ITEM0015925,ORD006399,PROD0085,2,602.46
ITEM0015926,ORD006399,PROD0025,3,23.62
ITEM0015927,ORD006399,PROD0035,4,27.57
ITEM0015928,ORD006400,PROD0130,-5,421.1
ITEM0015929,ORD006400,PROD0073,4,241.62
ITEM0015930,ORD006400,PROD0112,4,308.35
ITEM0015931,ORD006401,PROD0114,4,45.61
ITEM0015932,ORD006401,PROD0031,1,15.13
ITEM0015933,ORD006401,PROD0017,5,234.28
ITEM0015934,ORD006401,PROD0048,2,277.49
ITEM0015935,ORD006402,PROD0109,4,126.44
ITEM0015936,ORD006402,PROD0099,1,386.23
ITEM0015937,ORD006402,PROD0085,2,602.46
ITEM0015938,ORD006403,PROD0030,3,-314.5
ITEM0015939,ORD006403,PROD0039,1,410.66
ITEM0015940,ORD006403,PROD0082,3,196.55
ITEM0015941,ORD006404,PROD0150,5,88.94
ITEM0015942,ORD006405,PROD0022,1,380.56
ITEM0015943,ORD006405,PROD0146,1,292.2
ITEM0015944,ORD006405,PROD0067,4,363.03
ITEM0015945,ORD006405,PROD0128,1,403.21
ITEM0015946,ORD006406,PROD0108,3,332.49
ITEM0015947,ORD006406,PROD0045,4,66.57
ITEM0015948,ORD006406,PROD0143,5,453.59
ITEM0015949,ORD006407,PROD0048,1,277.49
ITEM0015950,ORD006407,PROD0138,5,43.7
ITEM0015951,ORD006407,PROD0092,5,557.9
ITEM0015952,ORD006407,PROD0066,2,370.45
ITEM0015953,ORD006408,PROD0080,1,-392.58
ITEM0015954,ORD006409,PROD0024,4,594.24
ITEM0015955,ORD006409,PROD0037,1,540.32
ITEM0015956,ORD006409,PROD0048,3,277.49
ITEM0015957,ORD006409,PROD0002,4,112.42
ITEM0015958,ORD006410,PROD0119,4,103.02
ITEM0015959,ORD006410,PROD0035,3,-27.57
ITEM0015960,ORD006410,PROD0056,2,249.02
ITEM0015961,ORD006411,PROD0041,1,438.01
ITEM0015962,ORD006411,PROD0052,5,436.28
ITEM0015963,ORD006411,PROD0083,2,306.64
ITEM0015964,ORD006411,PROD0028,3,463.5
ITEM0015965,ORD006412,PROD0020,2,124.89
ITEM0015966,ORD006413,PROD0061,3,683.51
ITEM0015967,ORD006413,PROD0092,2,557.9
ITEM0015968,ORD006414,PROD0012,1,589.04
ITEM0015969,ORD006414,PROD0058,4,356.49
ITEM0015970,ORD006414,PROD0129,4,246.64
ITEM0015971,ORD006415,PROD0046,5,207.44
ITEM0015972,ORD006415,PROD0132,4,316.5
ITEM0015973,ORD006415,PROD0056,4,249.02
ITEM0015974,ORD006416,PROD0146,3,292.2
ITEM0015975,ORD006416,PROD0088,3,51.09
ITEM0015976,ORD006416,PROD0098,5,351.41
ITEM0015977,ORD006417,PROD0149,2,139.28
ITEM0015978,ORD006417,PROD0126,4,263.88
ITEM0015979,ORD006418,PROD0024,5,594.24
ITEM0015980,ORD006418,PROD0120,2,261.92
ITEM0015981,ORD006418,PROD0082,2,196.55
ITEM0015982,ORD006418,PROD0124,2,173.3
ITEM0015983,ORD006419,PROD0088,2,51.09
ITEM0015984,ORD006419,PROD0072,4,226.81
ITEM0015985,ORD006419,PROD0089,3,289.58
ITEM0015986,ORD006419,PROD0068,5,422.88
ITEM0015987,ORD006420,PROD0039,3,410.66
ITEM0015988,ORD006420,PROD0054,5,135.13
ITEM0015989,ORD006420,PROD0006,3,98.27
ITEM0015990,ORD006420,PROD0118,2,58.39
ITEM0015991,ORD006421,PROD0089,5,289.58
ITEM0015992,ORD006422,PROD0096,3,321.49
ITEM0015993,ORD006422,PROD0115,3,431.33
ITEM0015994,ORD006423,PROD0099,3,386.23
ITEM0015995,ORD006423,PROD0050,5,235.27
ITEM0015996,ORD006423,PROD0022,2,380.56
ITEM0015997,ORD006423,PROD0111,1,408.22
ITEM0015998,ORD006424,PROD0089,2,289.58
ITEM0015999,ORD006424,PROD0103,3,305.68
ITEM0016000,ORD006424,PROD0008,4,174.9
ITEM0016001,ORD006425,PROD0132,3,316.5
ITEM0016002,ORD006425,PROD0145,3,359.48
ITEM0016003,ORD006425,PROD0017,1,234.28
ITEM0016004,ORD006426,PROD0129,5,246.64
ITEM0016005,ORD006426,PROD0089,4,289.58
ITEM0016006,ORD006426,PROD0122,1,484.26
ITEM0016007,ORD006426,PROD0008,3,174.9
ITEM0016008,ORD006427,PROD0060,1,497.77
ITEM0016009,ORD006427,PROD0075,2,383.73
ITEM0016010,ORD006427,PROD0032,2,172.77
ITEM0016011,ORD006428,PROD0143,4,453.59
ITEM0016012,ORD006429,PROD0089,2,289.58
ITEM0016013,ORD006430,PROD0083,5,306.64
ITEM0016014,ORD006430,PROD0074,1,122.74
ITEM0016015,ORD006430,PROD0132,3,316.5
ITEM0016016,ORD006430,PROD0043,4,251.98
ITEM0016017,ORD006431,PROD0143,4,453.59
ITEM0016018,ORD006431,PROD0105,5,308.26
ITEM0016019,ORD006432,PROD0076,3,277.07
ITEM0016020,ORD006432,PROD0008,3,174.9
ITEM0016021,ORD006432,PROD0018,2,119.66
ITEM0016022,ORD006433,PROD0065,1,153.97
ITEM0016023,ORD006433,PROD0026,1,585.88
ITEM0016024,ORD006433,PROD0128,3,403.21
ITEM0016025,ORD006433,PROD0064,4,411.35
ITEM0016026,ORD006434,PROD0007,3,248.82
ITEM0016027,ORD006435,PROD0068,1,422.88
ITEM0016028,ORD006435,PROD0112,1,308.35
ITEM0016029,ORD006435,PROD0052,3,436.28
ITEM0016030,ORD006435,PROD0091,2,161.11
ITEM0016031,ORD006436,PROD0113,5,320.56
ITEM0016032,ORD006436,PROD0021,3,487.35
ITEM0016033,ORD006436,PROD0120,2,261.92
ITEM0016034,ORD006437,PROD0088,2,51.09
ITEM0016035,ORD006437,PROD0012,4,589.04
ITEM0016036,ORD006438,PROD0064,1,411.35
ITEM0016037,ORD006439,PROD0130,3,421.1
ITEM0016038,ORD006439,PROD0081,2,318.7
ITEM0016039,ORD006439,PROD0111,1,408.22
ITEM0016040,ORD006439,PROD0077,1,286.06
ITEM0016041,ORD006440,PROD0140,5,496.11
ITEM0016042,ORD006440,PROD0073,3,241.62
ITEM0016043,ORD006441,PROD0045,3,66.57
ITEM0016044,ORD006441,PROD0019,3,443.45
ITEM0016045,ORD006442,PROD0021,1,487.35
ITEM0016046,ORD006442,PROD0070,5,271.29
ITEM0016047,ORD006443,PROD0090,2,51.56
ITEM0016048,ORD006443,PROD0047,2,288.09
ITEM0016049,ORD006443,PROD0065,4,153.97
ITEM0016050,ORD006444,PROD0003,3,4.27
ITEM0016051,ORD006444,PROD0010,4,488.99
ITEM0016052,ORD006444,PROD0070,3,271.29
ITEM0016053,ORD006444,PROD0140,5,496.11
ITEM0016054,ORD006445,PROD0051,3,294.17
ITEM0016055,ORD006445,PROD0027,1,356.31
ITEM0016056,ORD006446,PROD0072,2,226.81
ITEM0016057,ORD006446,PROD0139,4,135.03
ITEM0016058,ORD006446,PROD0077,4,286.06
ITEM0016059,ORD006446,PROD0023,2,414.75
ITEM0016060,ORD006447,PROD0018,1,119.66
ITEM0016061,ORD006447,PROD0084,3,464.44
ITEM0016062,ORD006447,PROD0115,3,431.33
ITEM0016063,ORD006447,PROD0010,2,488.99
ITEM0016064,ORD006448,PROD0103,2,305.68
ITEM0016065,ORD006449,PROD0139,3,135.03
ITEM0016066,ORD006450,PROD0093,3,573.11
ITEM0016067,ORD006450,PROD0044,1,474.28
ITEM0016068,ORD006450,PROD0103,2,305.68
ITEM0016069,ORD006450,PROD0024,2,594.24
ITEM0016070,ORD006451,PROD0052,1,436.28
ITEM0016071,ORD006451,PROD0065,4,153.97
ITEM0016072,ORD006451,PROD0045,5,66.57
ITEM0016073,ORD006452,PROD0026,2,585.88
ITEM0016074,ORD006452,PROD0077,2,286.06
ITEM0016075,ORD006452,PROD0021,5,487.35
ITEM0016076,ORD006453,PROD0013,2,196.91
ITEM0016077,ORD006453,PROD0042,4,394.4
ITEM0016078,ORD006454,PROD0045,1,66.57
ITEM0016079,ORD006455,PROD0125,1,377.98
ITEM0016080,ORD006456,PROD0032,3,172.77
ITEM0016081,ORD006456,PROD0102,1,266.91
ITEM0016082,ORD006457,PROD0047,5,288.09
ITEM0016083,ORD006457,PROD0133,2,317.22
ITEM0016084,ORD006457,PROD0108,4,332.49
ITEM0016085,ORD006458,PROD0049,2,106.04
ITEM0016086,ORD006459,PROD0137,5,447.4
ITEM0016087,ORD006459,PROD0143,3,453.59
ITEM0016088,ORD006459,PROD0023,5,414.75
ITEM0016089,ORD006459,PROD0047,1,288.09
ITEM0016090,ORD006460,PROD0124,4,173.3
ITEM0016091,ORD006460,PROD0086,5,203.78
ITEM0016092,ORD006461,PROD0113,5,320.56
ITEM0016093,ORD006461,PROD0072,4,226.81
ITEM0016094,ORD006461,PROD0101,1,182.81
ITEM0016095,ORD006462,PROD0127,1,9.71
ITEM0016096,ORD006462,PROD0138,4,43.7
ITEM0016097,ORD006463,PROD0143,2,453.59
ITEM0016098,ORD006463,PROD0055,2,408.1
ITEM0016099,ORD006463,PROD0081,3,318.7
ITEM0016100,ORD006463,PROD0024,1,594.24
ITEM0016101,ORD006464,PROD0149,5,139.28
ITEM0016102,ORD006464,PROD0100,1,208.15
ITEM0016103,ORD006465,PROD0005,4,196.98
ITEM0016104,ORD006466,PROD0099,3,386.23
ITEM0016105,ORD006466,PROD0021,3,487.35
ITEM0016106,ORD006467,PROD0102,2,266.91
ITEM0016107,ORD006467,PROD0053,2,292.19
ITEM0016108,ORD006468,PROD0008,2,174.9
ITEM0016109,ORD006468,PROD0050,2,235.27
ITEM0016110,ORD006468,PROD0125,1,377.98
ITEM0016111,ORD006468,PROD0063,1,665.26
ITEM0016112,ORD006469,PROD0010,3,488.99
ITEM0016113,ORD006469,PROD0062,3,355.88
ITEM0016114,ORD006469,PROD0037,5,540.32
ITEM0016115,ORD006469,PROD0030,1,314.5
ITEM0016116,ORD006470,PROD0135,3,427.2
ITEM0016117,ORD006470,PROD0020,3,124.89
ITEM0016118,ORD006471,PROD0039,1,410.66
ITEM0016119,ORD006471,PROD0013,5,196.91
ITEM0016120,ORD006471,PROD0001,5,342.2
ITEM0016121,ORD006471,PROD0143,3,453.59
ITEM0016122,ORD006472,PROD0037,2,540.32
ITEM0016123,ORD006472,PROD0077,2,286.06
ITEM0016124,ORD006473,PROD0120,5,261.92
ITEM0016125,ORD006474,PROD0067,4,363.03
ITEM0016126,ORD006474,PROD0023,1,414.75
ITEM0016127,ORD006474,PROD0093,3,573.11
ITEM0016128,ORD006475,PROD0002,4,112.42
ITEM0016129,ORD006475,PROD0040,4,508.7
ITEM0016130,ORD006475,PROD0097,5,53.1
ITEM0016131,ORD006476,PROD0040,3,508.7
ITEM0016132,ORD006476,PROD0097,2,53.1
ITEM0016133,ORD006477,PROD0013,4,196.91
ITEM0016134,ORD006477,PROD0043,5,251.98
ITEM0016135,ORD006477,PROD0014,4,16.7
ITEM0016136,ORD006478,PROD0133,3,317.22
ITEM0016137,ORD006478,PROD0010,5,488.99
ITEM0016138,ORD006479,PROD0121,2,287.5
ITEM0016139,ORD006479,PROD0022,1,380.56
ITEM0016140,ORD006480,PROD0057,3,632.78
ITEM0016141,ORD006480,PROD0088,3,51.09
ITEM0016142,ORD006480,PROD0140,5,496.11
ITEM0016143,ORD006480,PROD0149,1,139.28
ITEM0016144,ORD006481,PROD0009,3,138.45
ITEM0016145,ORD006481,PROD0045,3,66.57
ITEM0016146,ORD006481,PROD0123,1,95.95
ITEM0016147,ORD006482,PROD0099,4,386.23
ITEM0016148,ORD006482,PROD0143,4,453.59
ITEM0016149,ORD006483,PROD0010,1,488.99
ITEM0016150,ORD006483,PROD0054,1,135.13
ITEM0016151,ORD006484,PROD0011,2,325.01
ITEM0016152,ORD006484,PROD0121,5,287.5
ITEM0016153,ORD006484,PROD0145,1,359.48
ITEM0016154,ORD006484,PROD0010,3,488.99
ITEM0016155,ORD006485,PROD0108,1,332.49
ITEM0016156,ORD006485,PROD0087,5,193.52
ITEM0016157,ORD006486,PROD0116,2,366.52
ITEM0016158,ORD006486,PROD0026,5,585.88
ITEM0016159,ORD006486,PROD0031,5,15.13
ITEM0016160,ORD006487,PROD0002,4,112.42
ITEM0016161,ORD006487,PROD0040,2,508.7
ITEM0016162,ORD006488,PROD0044,1,474.28
ITEM0016163,ORD006488,PROD0077,4,286.06
ITEM0016164,ORD006488,PROD0127,4,9.71
ITEM0016165,ORD006488,PROD0031,3,15.13
ITEM0016166,ORD006489,PROD0020,5,124.89
ITEM0016167,ORD006489,PROD0015,1,442.7
ITEM0016168,ORD006490,PROD0018,4,119.66
ITEM0016169,ORD006490,PROD0116,1,366.52
ITEM0016170,ORD006490,PROD0121,4,287.5
ITEM0016171,ORD006491,PROD0141,3,19.31
ITEM0016172,ORD006491,PROD0012,3,589.04
ITEM0016173,ORD006491,PROD0065,5,153.97
ITEM0016174,ORD006491,PROD0122,4,484.26
ITEM0016175,ORD006492,PROD0081,2,318.7
ITEM0016176,ORD006493,PROD0145,3,359.48
ITEM0016177,ORD006493,PROD0017,5,234.28
ITEM0016178,ORD006494,PROD0135,4,427.2
ITEM0016179,ORD006495,PROD0125,1,377.98
ITEM0016180,ORD006495,PROD0065,3,153.97
ITEM0016181,ORD006496,PROD0057,3,632.78
ITEM0016182,ORD006497,PROD0054,1,135.13
ITEM0016183,ORD006497,PROD0083,4,306.64
ITEM0016184,ORD006498,PROD0140,5,496.11
ITEM0016185,ORD006498,PROD0099,1,386.23
ITEM0016186,ORD006498,PROD0116,5,366.52
ITEM0016187,ORD006498,PROD0028,2,463.5
ITEM0016188,ORD006499,PROD0103,2,305.68
ITEM0016189,ORD006499,PROD0128,5,403.21
ITEM0016190,ORD006499,PROD0038,4,216.74
ITEM0016191,ORD006499,PROD0058,5,356.49
ITEM0016192,ORD006500,PROD0115,4,431.33
ITEM0016193,ORD006500,PROD0073,5,241.62
ITEM0016194,ORD006500,PROD0068,2,422.88
ITEM0016195,ORD006500,PROD0114,5,45.61
ITEM0016196,ORD006501,PROD0012,5,589.04
ITEM0016197,ORD006501,PROD0002,1,112.42
ITEM0016198,ORD006501,PROD0079,1,61.84
ITEM0016199,ORD006502,PROD0012,2,589.04
ITEM0016200,ORD006503,PROD0087,4,193.52
ITEM0016201,ORD006503,PROD0016,1,30.39
ITEM0016202,ORD006504,PROD0046,3,207.44
ITEM0016203,ORD006504,PROD0138,5,43.7
ITEM0016204,ORD006504,PROD0146,4,292.2
ITEM0016205,ORD006504,PROD0100,1,208.15
ITEM0016206,ORD006505,PROD0062,3,355.88
ITEM0016207,ORD006505,PROD0138,3,43.7
ITEM0016208,ORD006505,PROD0090,1,51.56
ITEM0016209,ORD006505,PROD0118,5,58.39
ITEM0016210,ORD006506,PROD0147,3,570.65
ITEM0016211,ORD006506,PROD0006,3,98.27
ITEM0016212,ORD006507,PROD0088,5,51.09
ITEM0016213,ORD006507,PROD0015,1,442.7
ITEM0016214,ORD006508,PROD0054,4,135.13
ITEM0016215,ORD006508,PROD0058,2,356.49
ITEM0016216,ORD006509,PROD0009,4,138.45
ITEM0016217,ORD006509,PROD0015,5,442.7
ITEM0016218,ORD006510,PROD0060,5,497.77
ITEM0016219,ORD006510,PROD0032,5,172.77
ITEM0016220,ORD006510,PROD0104,3,66.01
ITEM0016221,ORD006510,PROD0061,2,683.51
ITEM0016222,ORD006511,PROD0104,2,66.01
ITEM0016223,ORD006511,PROD0147,3,570.65
ITEM0016224,ORD006511,PROD0025,3,23.62
ITEM0016225,ORD006511,PROD0073,2,241.62
ITEM0016226,ORD006512,PROD0143,4,453.59
ITEM0016227,ORD006512,PROD0128,3,403.21
ITEM0016228,ORD006513,PROD0144,2,105.68
ITEM0016229,ORD006513,PROD0054,3,135.13
ITEM0016230,ORD006513,PROD0150,5,88.94
ITEM0016231,ORD006514,PROD0120,1,261.92
ITEM0016232,ORD006515,PROD0096,4,321.49
ITEM0016233,ORD006516,PROD0040,3,508.7
ITEM0016234,ORD006516,PROD0085,2,602.46
ITEM0016235,ORD006516,PROD0046,5,207.44
ITEM0016236,ORD006517,PROD0133,2,317.22
ITEM0016237,ORD006518,PROD0054,5,135.13
ITEM0016238,ORD006518,PROD0142,1,347.19
ITEM0016239,ORD006518,PROD0102,3,266.91
ITEM0016240,ORD006519,PROD0132,3,316.5
ITEM0016241,ORD006519,PROD0142,3,347.19
ITEM0016242,ORD006520,PROD0078,4,57.56
ITEM0016243,ORD006520,PROD0044,4,474.28
ITEM0016244,ORD006520,PROD0035,2,27.57
ITEM0016245,ORD006520,PROD0122,3,484.26
ITEM0016246,ORD006521,PROD0111,3,408.22
ITEM0016247,ORD006521,PROD0135,1,427.2
ITEM0016248,ORD006521,PROD0067,2,363.03
ITEM0016249,ORD006521,PROD0133,4,317.22
ITEM0016250,ORD006522,PROD0110,5,39.23
ITEM0016251,ORD006522,PROD0040,3,508.7
ITEM0016252,ORD006522,PROD0083,4,306.64
ITEM0016253,ORD006522,PROD0048,3,-277.49
ITEM0016254,ORD006523,PROD0079,4,61.84
ITEM0016255,ORD006524,PROD0106,5,508.9
ITEM0016256,ORD006524,PROD0099,3,386.23
ITEM0016257,ORD006524,PROD0047,2,288.09
ITEM0016258,ORD006525,PROD0116,5,366.52
ITEM0016259,ORD006525,PROD0122,5,484.26
ITEM0016260,ORD006525,PROD0139,2,135.03
ITEM0016261,ORD006525,PROD0063,1,665.26
ITEM0016262,ORD006526,PROD0104,1,66.01
ITEM0016263,ORD006527,PROD0060,2,497.77
ITEM0016264,ORD006527,PROD0013,2,196.91
ITEM0016265,ORD006527,PROD0058,1,356.49
ITEM0016266,ORD006528,PROD0029,5,93.87
ITEM0016267,ORD006529,PROD0041,3,438.01
ITEM0016268,ORD006529,PROD0085,3,602.46
ITEM0016269,ORD006530,PROD0096,1,321.49
ITEM0016270,ORD006530,PROD0065,4,153.97
ITEM0016271,ORD006531,PROD0031,1,15.13
ITEM0016272,ORD006531,PROD0032,3,172.77
ITEM0016273,ORD006531,PROD0061,5,683.51
ITEM0016274,ORD006531,PROD0001,5,342.2
ITEM0016275,ORD006532,PROD0066,4,370.45
ITEM0016276,ORD006532,PROD0136,5,-485.57
ITEM0016277,ORD006532,PROD0014,2,16.7
ITEM0016278,ORD006533,PROD0028,2,463.5
ITEM0016279,ORD006533,PROD0111,5,408.22
ITEM0016280,ORD006533,PROD0146,4,292.2
ITEM0016281,ORD006533,PROD0078,3,57.56
ITEM0016282,ORD006534,PROD0024,4,594.24
ITEM0016283,ORD006534,PROD0135,1,427.2
ITEM0016284,ORD006535,PROD0076,5,277.07
ITEM0016285,ORD006535,PROD0086,1,203.78
ITEM0016286,ORD006536,PROD0139,1,135.03
ITEM0016287,ORD006537,PROD0044,2,474.28
ITEM0016288,ORD006538,PROD0125,3,377.98
ITEM0016289,ORD006538,PROD0124,4,173.3
ITEM0016290,ORD006538,PROD0066,5,370.45
ITEM0016291,ORD006538,PROD0121,1,287.5
ITEM0016292,ORD006539,PROD0120,5,261.92
ITEM0016293,ORD006539,PROD0030,2,314.5
ITEM0016294,ORD006539,PROD0034,4,303.7
ITEM0016295,ORD006539,PROD0040,1,508.7
ITEM0016296,ORD006540,PROD0087,3,193.52
ITEM0016297,ORD006540,PROD0050,2,235.27
ITEM0016298,ORD006540,PROD0074,2,122.74
ITEM0016299,ORD006541,PROD0052,2,436.28
ITEM0016300,ORD006541,PROD0056,5,249.02
ITEM0016301,ORD006542,PROD0143,4,453.59
ITEM0016302,ORD006542,PROD0122,3,484.26
ITEM0016303,ORD006543,PROD0052,2,-436.28
ITEM0016304,ORD006543,PROD0058,3,356.49
ITEM0016305,ORD006543,PROD0147,3,570.65
ITEM0016306,ORD006543,PROD0096,3,321.49
ITEM0016307,ORD006544,PROD0056,2,249.02
ITEM0016308,ORD006544,PROD0014,1,16.7
ITEM0016309,ORD006544,PROD0008,4,174.9
ITEM0016310,ORD006544,PROD0045,3,66.57
ITEM0016311,ORD006545,PROD0048,4,277.49
ITEM0016312,ORD006545,PROD0045,3,66.57
ITEM0016313,ORD006545,PROD0004,5,129.15
ITEM0016314,ORD006545,PROD0050,5,235.27
ITEM0016315,ORD006546,PROD0034,5,303.7
ITEM0016316,ORD006547,PROD0021,1,487.35
ITEM0016317,ORD006548,PROD0016,1,30.39
ITEM0016318,ORD006548,PROD0139,3,135.03
ITEM0016319,ORD006549,PROD0136,3,485.57
ITEM0016320,ORD006550,PROD0110,5,39.23
ITEM0016321,ORD006550,PROD0148,4,427.66
ITEM0016322,ORD006550,PROD0044,5,474.28
ITEM0016323,ORD006550,PROD0009,1,138.45
ITEM0016324,ORD006551,PROD0106,5,508.9
ITEM0016325,ORD006551,PROD0051,3,294.17
ITEM0016326,ORD006551,PROD0010,3,488.99
ITEM0016327,ORD006552,PROD0086,3,203.78
ITEM0016328,ORD006552,PROD0092,3,557.9
ITEM0016329,ORD006553,PROD0034,3,303.7
ITEM0016330,ORD006553,PROD0063,5,665.26
ITEM0016331,ORD006554,PROD0081,2,318.7
ITEM0016332,ORD006554,PROD0146,4,292.2
ITEM0016333,ORD006554,PROD0084,4,464.44
ITEM0016334,ORD006554,PROD0057,2,632.78
ITEM0016335,ORD006555,PROD0066,3,370.45
ITEM0016336,ORD006555,PROD0015,5,442.7
ITEM0016337,ORD006555,PROD0052,2,436.28
ITEM0016338,ORD006556,PROD0023,2,414.75
ITEM0016339,ORD006556,PROD0021,2,487.35
ITEM0016340,ORD006557,PROD0147,4,570.65
ITEM0016341,ORD006557,PROD0042,1,394.4
ITEM0016342,ORD006557,PROD0036,3,33.3
ITEM0016343,ORD006557,PROD0084,5,464.44
ITEM0016344,ORD006558,PROD0101,5,182.81
ITEM0016345,ORD006559,PROD0061,5,683.51
ITEM0016346,ORD006559,PROD0077,5,286.06
ITEM0016347,ORD006559,PROD0093,2,573.11
ITEM0016348,ORD006560,PROD0122,1,484.26
ITEM0016349,ORD006560,PROD0037,3,540.32
ITEM0016350,ORD006560,PROD0001,3,342.2
ITEM0016351,ORD006560,PROD0140,1,496.11
ITEM0016352,ORD006561,PROD0071,1,402.73
ITEM0016353,ORD006561,PROD0032,4,172.77
ITEM0016354,ORD006561,PROD0057,3,632.78
ITEM0016355,ORD006561,PROD0048,4,277.49
ITEM0016356,ORD006562,PROD0109,1,126.44
ITEM0016357,ORD006563,PROD0093,2,573.11
ITEM0016358,ORD006564,PROD0039,1,410.66
ITEM0016359,ORD006564,PROD0149,4,139.28
ITEM0016360,ORD006565,PROD0143,2,453.59
ITEM0016361,ORD006565,PROD0034,2,303.7
ITEM0016362,ORD006565,PROD0115,1,431.33
ITEM0016363,ORD006566,PROD0041,1,438.01
ITEM0016364,ORD006566,PROD0089,1,289.58
ITEM0016365,ORD006566,PROD0029,1,93.87
ITEM0016366,ORD006567,PROD0031,5,15.13
ITEM0016367,ORD006567,PROD0123,5,95.95
ITEM0016368,ORD006567,PROD0033,2,470.6
ITEM0016369,ORD006567,PROD0046,1,207.44
ITEM0016370,ORD006568,PROD0017,4,234.28
ITEM0016371,ORD006568,PROD0123,5,95.95
ITEM0016372,ORD006568,PROD0083,4,306.64
ITEM0016373,ORD006568,PROD0120,4,261.92
ITEM0016374,ORD006569,PROD0037,5,540.32
ITEM0016375,ORD006569,PROD0072,5,226.81
ITEM0016376,ORD006569,PROD0008,3,174.9
ITEM0016377,ORD006569,PROD0017,5,234.28
ITEM0016378,ORD006570,PROD0081,2,318.7
ITEM0016379,ORD006570,PROD0020,2,124.89
ITEM0016380,ORD006571,PROD0131,3,130.48
ITEM0016381,ORD006571,PROD0066,3,370.45
ITEM0016382,ORD006571,PROD0035,4,27.57
ITEM0016383,ORD006571,PROD0127,3,9.71
ITEM0016384,ORD006572,PROD0022,3,380.56
ITEM0016385,ORD006572,PROD0134,1,192.47
ITEM0016386,ORD006572,PROD0124,3,173.3
ITEM0016387,ORD006572,PROD0002,2,112.42
ITEM0016388,ORD006573,PROD0029,1,93.87
ITEM0016389,ORD006573,PROD0135,2,427.2
ITEM0016390,ORD006573,PROD0039,5,410.66
ITEM0016391,ORD006574,PROD0113,5,320.56
ITEM0016392,ORD006574,PROD0041,5,438.01
ITEM0016393,ORD006574,PROD0138,1,-43.7
ITEM0016394,ORD006574,PROD0002,3,112.42
ITEM0016395,ORD006575,PROD0049,3,106.04
ITEM0016396,ORD006575,PROD0124,-5,173.3
ITEM0016397,ORD006575,PROD0032,2,172.77
ITEM0016398,ORD006575,PROD0104,3,66.01
ITEM0016399,ORD006576,PROD0048,2,277.49
ITEM0016400,ORD006577,PROD0061,4,683.51
ITEM0016401,ORD006577,PROD0055,4,408.1
ITEM0016402,ORD006577,PROD0023,3,414.75
ITEM0016403,ORD006577,PROD0011,5,325.01
ITEM0016404,ORD006578,PROD0147,5,570.65
ITEM0016405,ORD006578,PROD0052,4,436.28
ITEM0016406,ORD006579,PROD0042,5,394.4
ITEM0016407,ORD006580,PROD0057,3,632.78
ITEM0016408,ORD006581,PROD0126,5,263.88
ITEM0016409,ORD006581,PROD0004,5,129.15
ITEM0016410,ORD006581,PROD0083,2,306.64
ITEM0016411,ORD006582,PROD0058,1,356.49
ITEM0016412,ORD006582,PROD0062,4,355.88
ITEM0016413,ORD006582,PROD0052,4,436.28
ITEM0016414,ORD006582,PROD0111,3,408.22
ITEM0016415,ORD006583,PROD0099,3,386.23
ITEM0016416,ORD006584,PROD0071,2,402.73
ITEM0016417,ORD006584,PROD0012,1,589.04
ITEM0016418,ORD006585,PROD0108,5,332.49
ITEM0016419,ORD006585,PROD0101,1,182.81
ITEM0016420,ORD006586,PROD0054,4,135.13
ITEM0016421,ORD006587,PROD0053,5,292.19
ITEM0016422,ORD006587,PROD0086,1,203.78
ITEM0016423,ORD006587,PROD0110,3,39.23
ITEM0016424,ORD006588,PROD0088,1,51.09
ITEM0016425,ORD006588,PROD0144,5,105.68
ITEM0016426,ORD006589,PROD0125,1,377.98
ITEM0016427,ORD006589,PROD0091,2,161.11
ITEM0016428,ORD006589,PROD0143,2,453.59
ITEM0016429,ORD006589,PROD0009,1,138.45
ITEM0016430,ORD006590,PROD0009,4,138.45
ITEM0016431,ORD006590,PROD0031,3,15.13
ITEM0016432,ORD006590,PROD0114,3,45.61
ITEM0016433,ORD006590,PROD0027,5,356.31
ITEM0016434,ORD006591,PROD0124,2,173.3
ITEM0016435,ORD006591,PROD0140,5,496.11
ITEM0016436,ORD006592,PROD0145,2,359.48
ITEM0016437,ORD006592,PROD0044,2,474.28
ITEM0016438,ORD006593,PROD0035,1,27.57
ITEM0016439,ORD006594,PROD0045,1,66.57
ITEM0016440,ORD006595,PROD0051,2,294.17
ITEM0016441,ORD006595,PROD0146,4,292.2
ITEM0016442,ORD006595,PROD0006,4,98.27
ITEM0016443,ORD006595,PROD0075,4,383.73
ITEM0016444,ORD006596,PROD0077,5,286.06
ITEM0016445,ORD006596,PROD0031,2,15.13
ITEM0016446,ORD006597,PROD0075,3,383.73
ITEM0016447,ORD006598,PROD0107,2,462.67
ITEM0016448,ORD006598,PROD0073,3,241.62
ITEM0016449,ORD006598,PROD0051,2,294.17
ITEM0016450,ORD006598,PROD0027,1,356.31
ITEM0016451,ORD006599,PROD0139,5,135.03
ITEM0016452,ORD006599,PROD0121,4,287.5
ITEM0016453,ORD006599,PROD0012,3,589.04
ITEM0016454,ORD006600,PROD0007,5,248.82
ITEM0016455,ORD006600,PROD0040,3,508.7
ITEM0016456,ORD006600,PROD0149,5,139.28
ITEM0016457,ORD006601,PROD0143,2,453.59
ITEM0016458,ORD006601,PROD0054,4,135.13
ITEM0016459,ORD006601,PROD0140,2,496.11
ITEM0016460,ORD006601,PROD0067,2,363.03
ITEM0016461,ORD006602,PROD0065,4,153.97
ITEM0016462,ORD006602,PROD0109,1,126.44
ITEM0016463,ORD006602,PROD0144,3,105.68
ITEM0016464,ORD006603,PROD0093,4,573.11
ITEM0016465,ORD006603,PROD0053,1,292.19
ITEM0016466,ORD006603,PROD0047,5,288.09
ITEM0016467,ORD006603,PROD0017,3,234.28
ITEM0016468,ORD006604,PROD0134,5,192.47
ITEM0016469,ORD006604,PROD0132,4,316.5
ITEM0016470,ORD006604,PROD0078,1,57.56
ITEM0016471,ORD006605,PROD0102,2,266.91
ITEM0016472,ORD006605,PROD0071,1,402.73
ITEM0016473,ORD006606,PROD0106,1,508.9
ITEM0016474,ORD006607,PROD0095,5,271.32
ITEM0016475,ORD006607,PROD0093,2,573.11
ITEM0016476,ORD006607,PROD0146,1,292.2
ITEM0016477,ORD006607,PROD0134,2,192.47
ITEM0016478,ORD006608,PROD0113,1,320.56
ITEM0016479,ORD006608,PROD0068,4,422.88
ITEM0016480,ORD006609,PROD0004,3,129.15
ITEM0016481,ORD006609,PROD0048,5,277.49
ITEM0016482,ORD006609,PROD0013,4,196.91
ITEM0016483,ORD006609,PROD0020,2,124.89
ITEM0016484,ORD006610,PROD0102,2,266.91
ITEM0016485,ORD006610,PROD0063,5,665.26
ITEM0016486,ORD006611,PROD0027,3,356.31
ITEM0016487,ORD006611,PROD0044,2,474.28
ITEM0016488,ORD006611,PROD0141,4,19.31
ITEM0016489,ORD006611,PROD0057,2,632.78
ITEM0016490,ORD006612,PROD0111,4,408.22
ITEM0016491,ORD006612,PROD0056,1,249.02
ITEM0016492,ORD006612,PROD0122,1,484.26
ITEM0016493,ORD006613,PROD0100,4,208.15
ITEM0016494,ORD006613,PROD0042,5,394.4
ITEM0016495,ORD006614,PROD0058,1,356.49
ITEM0016496,ORD006614,PROD0112,3,308.35
ITEM0016497,ORD006614,PROD0121,3,287.5
ITEM0016498,ORD006615,PROD0067,4,363.03
ITEM0016499,ORD006616,PROD0009,1,138.45
ITEM0016500,ORD006617,PROD0075,3,383.73
ITEM0016501,ORD006617,PROD0015,1,442.7
ITEM0016502,ORD006617,PROD0135,3,427.2
ITEM0016503,ORD006618,PROD0103,4,305.68
ITEM0016504,ORD006618,PROD0028,4,463.5
ITEM0016505,ORD006618,PROD0140,1,496.11
ITEM0016506,ORD006618,PROD0082,3,196.55
ITEM0016507,ORD006619,PROD0046,3,207.44
ITEM0016508,ORD006620,PROD0011,5,325.01
ITEM0016509,ORD006621,PROD0121,4,287.5
ITEM0016510,ORD006622,PROD0036,1,33.3
ITEM0016511,ORD006622,PROD0023,4,414.75
ITEM0016512,ORD006622,PROD0087,1,193.52
ITEM0016513,ORD006622,PROD0090,1,51.56
ITEM0016514,ORD006623,PROD0146,1,292.2
ITEM0016515,ORD006623,PROD0040,3,508.7
ITEM0016516,ORD006623,PROD0044,2,474.28
ITEM0016517,ORD006624,PROD0025,5,23.62
ITEM0016518,ORD006624,PROD0050,3,235.27
ITEM0016519,ORD006624,PROD0019,3,443.45
ITEM0016520,ORD006625,PROD0062,3,355.88
ITEM0016521,ORD006625,PROD0005,1,196.98
ITEM0016522,ORD006625,PROD0047,3,288.09
ITEM0016523,ORD006625,PROD0022,4,380.56
ITEM0016524,ORD006626,PROD0081,2,318.7
ITEM0016525,ORD006627,PROD0027,2,356.31
ITEM0016526,ORD006627,PROD0050,3,235.27
ITEM0016527,ORD006627,PROD0141,1,19.31
ITEM0016528,ORD006627,PROD0114,1,45.61
ITEM0016529,ORD006628,PROD0072,4,226.81
ITEM0016530,ORD006629,PROD0056,5,249.02
ITEM0016531,ORD006630,PROD0101,1,182.81
ITEM0016532,ORD006630,PROD0064,1,411.35
ITEM0016533,ORD006630,PROD0043,3,251.98
ITEM0016534,ORD006630,PROD0039,2,410.66
ITEM0016535,ORD006631,PROD0034,3,303.7
ITEM0016536,ORD006631,PROD0021,2,487.35
ITEM0016537,ORD006631,PROD0066,3,370.45
ITEM0016538,ORD006631,PROD0130,3,421.1
ITEM0016539,ORD006632,PROD0055,4,408.1
ITEM0016540,ORD006632,PROD0017,4,234.28
ITEM0016541,ORD006632,PROD0035,4,27.57
ITEM0016542,ORD006632,PROD0088,3,51.09
ITEM0016543,ORD006633,PROD0081,2,318.7
ITEM0016544,ORD006634,PROD0137,5,447.4
ITEM0016545,ORD006635,PROD0080,2,392.58
ITEM0016546,ORD006635,PROD0075,1,383.73
ITEM0016547,ORD006635,PROD0058,2,356.49
ITEM0016548,ORD006635,PROD0068,2,422.88
ITEM0016549,ORD006636,PROD0030,5,314.5
ITEM0016550,ORD006636,PROD0021,5,487.35
ITEM0016551,ORD006636,PROD0106,2,508.9
ITEM0016552,ORD006636,PROD0074,2,122.74
ITEM0016553,ORD006637,PROD0073,4,241.62
ITEM0016554,ORD006637,PROD0002,3,112.42
ITEM0016555,ORD006637,PROD0045,1,66.57
ITEM0016556,ORD006638,PROD0059,3,254.01
ITEM0016557,ORD006639,PROD0095,5,271.32
ITEM0016558,ORD006639,PROD0051,4,294.17
ITEM0016559,ORD006639,PROD0136,1,485.57
ITEM0016560,ORD006640,PROD0020,5,124.89
ITEM0016561,ORD006641,PROD0021,2,487.35
ITEM0016562,ORD006641,PROD0060,5,497.77
ITEM0016563,ORD006641,PROD0065,4,153.97
ITEM0016564,ORD006641,PROD0077,3,286.06
ITEM0016565,ORD006642,PROD0031,2,15.13
ITEM0016566,ORD006642,PROD0050,4,235.27
ITEM0016567,ORD006643,PROD0087,1,193.52
ITEM0016568,ORD006643,PROD0135,1,427.2
ITEM0016569,ORD006643,PROD0064,3,411.35
ITEM0016570,ORD006644,PROD0058,1,356.49
ITEM0016571,ORD006644,PROD0021,1,487.35
ITEM0016572,ORD006645,PROD0004,5,129.15
ITEM0016573,ORD006645,PROD0046,1,207.44
ITEM0016574,ORD006645,PROD0018,1,119.66
ITEM0016575,ORD006646,PROD0066,4,370.45
ITEM0016576,ORD006647,PROD0130,3,421.1
ITEM0016577,ORD006648,PROD0057,3,632.78
ITEM0016578,ORD006649,PROD0073,4,241.62
ITEM0016579,ORD006649,PROD0060,1,497.77
ITEM0016580,ORD006650,PROD0013,3,196.91
ITEM0016581,ORD006651,PROD0143,4,453.59
ITEM0016582,ORD006651,PROD0070,1,271.29
ITEM0016583,ORD006651,PROD0078,5,57.56
ITEM0016584,ORD006651,PROD0057,5,632.78
ITEM0016585,ORD006652,PROD0077,3,286.06
ITEM0016586,ORD006652,PROD0025,5,23.62
ITEM0016587,ORD006653,PROD0100,4,208.15
ITEM0016588,ORD006654,PROD0027,1,356.31
ITEM0016589,ORD006654,PROD0138,5,43.7
ITEM0016590,ORD006655,PROD0066,1,370.45
ITEM0016591,ORD006655,PROD0056,2,249.02
ITEM0016592,ORD006656,PROD0048,3,277.49
ITEM0016593,ORD006657,PROD0051,2,294.17
ITEM0016594,ORD006657,PROD0080,1,392.58
ITEM0016595,ORD006657,PROD0108,2,332.49
ITEM0016596,ORD006657,PROD0037,5,540.32
ITEM0016597,ORD006658,PROD0066,2,370.45
ITEM0016598,ORD006658,PROD0037,2,540.32
ITEM0016599,ORD006659,PROD0099,2,386.23
ITEM0016600,ORD006660,PROD0137,5,447.4
ITEM0016601,ORD006660,PROD0021,2,487.35
ITEM0016602,ORD006660,PROD0012,5,589.04
ITEM0016603,ORD006660,PROD0003,4,4.27
ITEM0016604,ORD006661,PROD0046,2,207.44
ITEM0016605,ORD006661,PROD0058,2,356.49
ITEM0016606,ORD006662,PROD0059,4,254.01
ITEM0016607,ORD006662,PROD0012,5,589.04
ITEM0016608,ORD006662,PROD0023,1,414.75
ITEM0016609,ORD006663,PROD0121,3,287.5
ITEM0016610,ORD006664,PROD0059,5,254.01
ITEM0016611,ORD006664,PROD0007,3,248.82
ITEM0016612,ORD006664,PROD0088,4,51.09
ITEM0016613,ORD006664,PROD0089,5,289.58
ITEM0016614,ORD006665,PROD0010,1,488.99
ITEM0016615,ORD006666,PROD0058,1,356.49
ITEM0016616,ORD006666,PROD0139,4,135.03
ITEM0016617,ORD006667,PROD0037,3,540.32
ITEM0016618,ORD006667,PROD0115,4,431.33
ITEM0016619,ORD006667,PROD0080,4,392.58
ITEM0016620,ORD006667,PROD0138,5,43.7
ITEM0016621,ORD006668,PROD0022,2,380.56
ITEM0016622,ORD006669,PROD0035,4,27.57
ITEM0016623,ORD006670,PROD0090,5,51.56
ITEM0016624,ORD006671,PROD0102,1,266.91
ITEM0016625,ORD006671,PROD0096,2,321.49
ITEM0016626,ORD006672,PROD0133,5,317.22
ITEM0016627,ORD006672,PROD0047,1,288.09
ITEM0016628,ORD006672,PROD0105,4,308.26
ITEM0016629,ORD006672,PROD0022,5,380.56
ITEM0016630,ORD006673,PROD0020,1,124.89
ITEM0016631,ORD006673,PROD0111,3,408.22
ITEM0016632,ORD006673,PROD0131,2,130.48
ITEM0016633,ORD006674,PROD0074,2,-122.74
ITEM0016634,ORD006674,PROD0091,3,161.11
ITEM0016635,ORD006675,PROD0098,3,351.41
ITEM0016636,ORD006676,PROD0048,4,277.49
ITEM0016637,ORD006676,PROD0078,5,57.56
ITEM0016638,ORD006676,PROD0111,3,408.22
ITEM0016639,ORD006677,PROD0084,5,464.44
ITEM0016640,ORD006677,PROD0102,1,266.91
ITEM0016641,ORD006678,PROD0028,2,463.5
ITEM0016642,ORD006678,PROD0131,4,130.48
ITEM0016643,ORD006679,PROD0056,5,249.02
ITEM0016644,ORD006679,PROD0035,2,27.57
ITEM0016645,ORD006679,PROD0021,1,487.35
ITEM0016646,ORD006680,PROD0110,1,39.23
ITEM0016647,ORD006680,PROD0146,5,292.2
ITEM0016648,ORD006680,PROD0018,5,119.66
ITEM0016649,ORD006680,PROD0046,5,207.44
ITEM0016650,ORD006681,PROD0096,2,321.49
ITEM0016651,ORD006681,PROD0135,2,427.2
ITEM0016652,ORD006681,PROD0113,4,320.56
ITEM0016653,ORD006682,PROD0055,2,408.1
ITEM0016654,ORD006683,PROD0105,4,-308.26
ITEM0016655,ORD006683,PROD0053,1,292.19
ITEM0016656,ORD006684,PROD0113,2,320.56
ITEM0016657,ORD006684,PROD0077,3,286.06
ITEM0016658,ORD006684,PROD0104,4,66.01
ITEM0016659,ORD006685,PROD0115,2,431.33
ITEM0016660,ORD006686,PROD0118,3,58.39
ITEM0016661,ORD006686,PROD0069,1,619.75
ITEM0016662,ORD006687,PROD0146,4,292.2
ITEM0016663,ORD006688,PROD0116,1,366.52
ITEM0016664,ORD006688,PROD0069,2,619.75
ITEM0016665,ORD006688,PROD0004,2,129.15
ITEM0016666,ORD006689,PROD0144,1,105.68
ITEM0016667,ORD006689,PROD0136,5,485.57
ITEM0016668,ORD006690,PROD0102,4,266.91
ITEM0016669,ORD006690,PROD0024,5,594.24
ITEM0016670,ORD006690,PROD0129,2,246.64
ITEM0016671,ORD006691,PROD0144,1,105.68
ITEM0016672,ORD006692,PROD0018,2,119.66
ITEM0016673,ORD006692,PROD0061,3,683.51
ITEM0016674,ORD006692,PROD0074,3,122.74
ITEM0016675,ORD006692,PROD0112,3,308.35
ITEM0016676,ORD006693,PROD0009,4,138.45
ITEM0016677,ORD006693,PROD0117,1,130.11
ITEM0016678,ORD006694,PROD0122,5,484.26
ITEM0016679,ORD006695,PROD0035,5,27.57
ITEM0016680,ORD006695,PROD0138,4,43.7
ITEM0016681,ORD006696,PROD0071,2,402.73
ITEM0016682,ORD006696,PROD0135,4,427.2
ITEM0016683,ORD006696,PROD0101,4,182.81
ITEM0016684,ORD006697,PROD0081,4,318.7
ITEM0016685,ORD006697,PROD0110,1,39.23
ITEM0016686,ORD006698,PROD0092,4,557.9
ITEM0016687,ORD006698,PROD0035,1,27.57
ITEM0016688,ORD006699,PROD0126,1,263.88
ITEM0016689,ORD006699,PROD0034,2,303.7
ITEM0016690,ORD006699,PROD0119,2,103.02
ITEM0016691,ORD006699,PROD0115,5,431.33
ITEM0016692,ORD006700,PROD0092,2,557.9
ITEM0016693,ORD006700,PROD0122,2,-484.26
ITEM0016694,ORD006701,PROD0137,5,447.4
ITEM0016695,ORD006701,PROD0017,4,234.28
ITEM0016696,ORD006702,PROD0125,2,377.98
ITEM0016697,ORD006702,PROD0119,2,103.02
ITEM0016698,ORD006702,PROD0115,2,431.33
ITEM0016699,ORD006703,PROD0056,3,249.02
ITEM0016700,ORD006703,PROD0040,5,508.7
ITEM0016701,ORD006703,PROD0089,4,289.58
ITEM0016702,ORD006704,PROD0084,5,464.44
ITEM0016703,ORD006704,PROD0011,4,325.01
ITEM0016704,ORD006704,PROD0093,4,573.11
ITEM0016705,ORD006705,PROD0144,3,105.68
ITEM0016706,ORD006705,PROD0084,5,464.44
ITEM0016707,ORD006706,PROD0039,1,410.66
ITEM0016708,ORD006706,PROD0144,1,105.68
ITEM0016709,ORD006706,PROD0046,3,207.44
ITEM0016710,ORD006706,PROD0055,4,408.1
ITEM0016711,ORD006707,PROD0067,1,363.03
ITEM0016712,ORD006707,PROD0100,5,208.15
ITEM0016713,ORD006707,PROD0102,2,266.91
ITEM0016714,ORD006707,PROD0103,2,305.68
ITEM0016715,ORD006708,PROD0029,5,93.87
ITEM0016716,ORD006708,PROD0096,3,321.49
ITEM0016717,ORD006708,PROD0072,3,226.81
ITEM0016718,ORD006708,PROD0093,3,573.11
ITEM0016719,ORD006709,PROD0117,2,130.11
ITEM0016720,ORD006709,PROD0038,4,216.74
ITEM0016721,ORD006709,PROD0110,5,39.23
ITEM0016722,ORD006710,PROD0131,-1,130.48
ITEM0016723,ORD006711,PROD0091,5,161.11
ITEM0016724,ORD006711,PROD0129,5,246.64
ITEM0016725,ORD006711,PROD0131,4,130.48
ITEM0016726,ORD006712,PROD0144,3,105.68
ITEM0016727,ORD006712,PROD0034,5,303.7
ITEM0016728,ORD006712,PROD0065,3,153.97
ITEM0016729,ORD006713,PROD0103,4,305.68
ITEM0016730,ORD006714,PROD0091,5,161.11
ITEM0016731,ORD006714,PROD0039,1,410.66
ITEM0016732,ORD006714,PROD0068,3,422.88
ITEM0016733,ORD006715,PROD0045,5,66.57
ITEM0016734,ORD006716,PROD0005,5,196.98
ITEM0016735,ORD006717,PROD0145,2,359.48
ITEM0016736,ORD006717,PROD0073,3,241.62
ITEM0016737,ORD006717,PROD0097,3,53.1
ITEM0016738,ORD006717,PROD0096,1,321.49
ITEM0016739,ORD006718,PROD0003,3,4.27
ITEM0016740,ORD006718,PROD0129,4,246.64
ITEM0016741,ORD006718,PROD0126,1,263.88
ITEM0016742,ORD006718,PROD0048,1,277.49
ITEM0016743,ORD006719,PROD0049,2,106.04
ITEM0016744,ORD006720,PROD0056,4,249.02
ITEM0016745,ORD006720,PROD0093,2,573.11
ITEM0016746,ORD006721,PROD0072,1,226.81
ITEM0016747,ORD006721,PROD0010,1,488.99
ITEM0016748,ORD006721,PROD0057,1,632.78
ITEM0016749,ORD006721,PROD0100,4,208.15
ITEM0016750,ORD006722,PROD0053,4,292.19
ITEM0016751,ORD006722,PROD0109,4,126.44
ITEM0016752,ORD006722,PROD0003,2,4.27
ITEM0016753,ORD006722,PROD0096,3,321.49
ITEM0016754,ORD006723,PROD0052,5,436.28
ITEM0016755,ORD006724,PROD0092,4,557.9
ITEM0016756,ORD006724,PROD0142,1,347.19
ITEM0016757,ORD006725,PROD0009,2,138.45
ITEM0016758,ORD006725,PROD0084,2,464.44
ITEM0016759,ORD006725,PROD0111,4,408.22
ITEM0016760,ORD006726,PROD0052,4,436.28
ITEM0016761,ORD006726,PROD0079,1,61.84
ITEM0016762,ORD006726,PROD0038,1,216.74
ITEM0016763,ORD006726,PROD0071,5,402.73
ITEM0016764,ORD006727,PROD0148,2,427.66
ITEM0016765,ORD006727,PROD0037,2,540.32
ITEM0016766,ORD006727,PROD0134,1,192.47
ITEM0016767,ORD006728,PROD0148,3,427.66
ITEM0016768,ORD006729,PROD0028,4,463.5
ITEM0016769,ORD006729,PROD0134,3,192.47
ITEM0016770,ORD006729,PROD0084,-3,464.44
ITEM0016771,ORD006730,PROD0051,4,294.17
ITEM0016772,ORD006730,PROD0148,2,427.66
ITEM0016773,ORD006731,PROD0141,5,19.31
ITEM0016774,ORD006732,PROD0013,3,196.91
ITEM0016775,ORD006733,PROD0096,2,321.49
ITEM0016776,ORD006733,PROD0108,4,332.49
ITEM0016777,ORD006734,PROD0013,4,196.91
ITEM0016778,ORD006734,PROD0138,4,43.7
ITEM0016779,ORD006734,PROD0127,2,9.71
ITEM0016780,ORD006734,PROD0050,5,235.27
ITEM0016781,ORD006735,PROD0149,4,139.28
ITEM0016782,ORD006736,PROD0080,1,392.58
ITEM0016783,ORD006736,PROD0137,2,447.4
ITEM0016784,ORD006736,PROD0006,4,98.27
ITEM0016785,ORD006737,PROD0100,1,208.15
ITEM0016786,ORD006738,PROD0037,1,540.32
ITEM0016787,ORD006738,PROD0011,3,325.01
ITEM0016788,ORD006738,PROD0132,1,316.5
ITEM0016789,ORD006739,PROD0047,4,288.09
ITEM0016790,ORD006740,PROD0135,1,427.2
ITEM0016791,ORD006740,PROD0049,5,106.04
ITEM0016792,ORD006741,PROD0080,1,392.58
ITEM0016793,ORD006741,PROD0030,4,314.5
ITEM0016794,ORD006741,PROD0047,2,288.09
ITEM0016795,ORD006741,PROD0055,5,408.1
ITEM0016796,ORD006742,PROD0057,1,632.78
ITEM0016797,ORD006743,PROD0053,3,292.19
ITEM0016798,ORD006743,PROD0011,5,325.01
ITEM0016799,ORD006743,PROD0063,3,665.26
ITEM0016800,ORD006743,PROD0103,5,305.68
ITEM0016801,ORD006744,PROD0031,2,15.13
ITEM0016802,ORD006744,PROD0145,5,359.48
ITEM0016803,ORD006745,PROD0002,2,112.42
ITEM0016804,ORD006745,PROD0028,4,463.5
ITEM0016805,ORD006745,PROD0040,5,508.7
ITEM0016806,ORD006746,PROD0024,2,594.24
ITEM0016807,ORD006746,PROD0087,3,193.52
ITEM0016808,ORD006746,PROD0108,3,332.49
ITEM0016809,ORD006746,PROD0086,1,203.78
ITEM0016810,ORD006747,PROD0010,4,488.99
ITEM0016811,ORD006747,PROD0116,2,366.52
ITEM0016812,ORD006748,PROD0070,5,271.29
ITEM0016813,ORD006748,PROD0076,2,277.07
ITEM0016814,ORD006749,PROD0084,3,464.44
ITEM0016815,ORD006750,PROD0059,1,254.01
ITEM0016816,ORD006751,PROD0007,1,248.82
ITEM0016817,ORD006751,PROD0129,2,246.64
ITEM0016818,ORD006752,PROD0148,1,427.66
ITEM0016819,ORD006752,PROD0031,5,15.13
ITEM0016820,ORD006752,PROD0058,-2,356.49
ITEM0016821,ORD006752,PROD0099,5,386.23
ITEM0016822,ORD006753,PROD0148,5,427.66
ITEM0016823,ORD006754,PROD0062,2,355.88
ITEM0016824,ORD006754,PROD0148,5,427.66
ITEM0016825,ORD006755,PROD0048,5,277.49
ITEM0016826,ORD006755,PROD0098,3,351.41
ITEM0016827,ORD006755,PROD0072,2,226.81
ITEM0016828,ORD006756,PROD0063,2,665.26
ITEM0016829,ORD006756,PROD0129,4,246.64
ITEM0016830,ORD006756,PROD0125,1,377.98
ITEM0016831,ORD006756,PROD0048,1,277.49
ITEM0016832,ORD006757,PROD0074,5,122.74
ITEM0016833,ORD006757,PROD0032,5,172.77
ITEM0016834,ORD006757,PROD0108,3,332.49
ITEM0016835,ORD006758,PROD0045,2,66.57
ITEM0016836,ORD006758,PROD0008,2,174.9
ITEM0016837,ORD006759,PROD0023,2,414.75
ITEM0016838,ORD006759,PROD0020,1,124.89
ITEM0016839,ORD006759,PROD0056,2,249.02
ITEM0016840,ORD006759,PROD0080,2,392.58
ITEM0016841,ORD006760,PROD0040,4,508.7
ITEM0016842,ORD006760,PROD0140,5,496.11
ITEM0016843,ORD006760,PROD0117,1,130.11
ITEM0016844,ORD006761,PROD0138,1,43.7
ITEM0016845,ORD006761,PROD0070,1,271.29
ITEM0016846,ORD006761,PROD0060,3,497.77
ITEM0016847,ORD006761,PROD0028,5,463.5
ITEM0016848,ORD006762,PROD0107,1,462.67
ITEM0016849,ORD006762,PROD0028,3,463.5
ITEM0016850,ORD006763,PROD0136,3,485.57
ITEM0016851,ORD006763,PROD0044,4,474.28
ITEM0016852,ORD006764,PROD0050,1,235.27
ITEM0016853,ORD006764,PROD0101,2,182.81
ITEM0016854,ORD006765,PROD0039,2,410.66
ITEM0016855,ORD006766,PROD0005,-2,196.98
ITEM0016856,ORD006766,PROD0016,5,30.39
ITEM0016857,ORD006766,PROD0109,4,126.44
ITEM0016858,ORD006766,PROD0011,5,325.01
ITEM0016859,ORD006767,PROD0129,3,246.64
ITEM0016860,ORD006768,PROD0067,4,363.03
ITEM0016861,ORD006768,PROD0046,3,207.44
ITEM0016862,ORD006768,PROD0007,1,-248.82
ITEM0016863,ORD006769,PROD0118,4,58.39
ITEM0016864,ORD006769,PROD0046,3,207.44
ITEM0016865,ORD006769,PROD0109,1,126.44
ITEM0016866,ORD006770,PROD0150,1,88.94
ITEM0016867,ORD006771,PROD0093,4,573.11
ITEM0016868,ORD006771,PROD0028,3,463.5
ITEM0016869,ORD006772,PROD0102,1,266.91
ITEM0016870,ORD006773,PROD0096,1,321.49
ITEM0016871,ORD006773,PROD0032,3,172.77
ITEM0016872,ORD006774,PROD0034,3,303.7
ITEM0016873,ORD006774,PROD0009,3,138.45
ITEM0016874,ORD006774,PROD0132,1,316.5
ITEM0016875,ORD006775,PROD0138,1,43.7
ITEM0016876,ORD006775,PROD0120,2,261.92
ITEM0016877,ORD006776,PROD0058,4,356.49
ITEM0016878,ORD006777,PROD0122,2,484.26
ITEM0016879,ORD006777,PROD0032,2,172.77
ITEM0016880,ORD006778,PROD0077,5,286.06
ITEM0016881,ORD006779,PROD0131,1,130.48
ITEM0016882,ORD006779,PROD0041,1,438.01
ITEM0016883,ORD006779,PROD0052,2,436.28
ITEM0016884,ORD006780,PROD0027,1,356.31
ITEM0016885,ORD006780,PROD0047,2,288.09
ITEM0016886,ORD006780,PROD0126,4,263.88
ITEM0016887,ORD006781,PROD0007,4,248.82
ITEM0016888,ORD006781,PROD0044,1,474.28
ITEM0016889,ORD006781,PROD0116,4,366.52
ITEM0016890,ORD006782,PROD0121,2,287.5
ITEM0016891,ORD006783,PROD0073,2,241.62
ITEM0016892,ORD006784,PROD0020,4,124.89
ITEM0016893,ORD006785,PROD0078,5,57.56
ITEM0016894,ORD006785,PROD0028,3,463.5
ITEM0016895,ORD006785,PROD0063,1,665.26
ITEM0016896,ORD006786,PROD0033,1,470.6
ITEM0016897,ORD006786,PROD0113,3,320.56
ITEM0016898,ORD006787,PROD0009,5,138.45
ITEM0016899,ORD006787,PROD0064,4,411.35
ITEM0016900,ORD006788,PROD0150,5,88.94
ITEM0016901,ORD006788,PROD0027,2,356.31
ITEM0016902,ORD006788,PROD0113,3,320.56
ITEM0016903,ORD006789,PROD0067,4,363.03
ITEM0016904,ORD006789,PROD0007,4,248.82
ITEM0016905,ORD006789,PROD0112,4,308.35
ITEM0016906,ORD006789,PROD0029,4,93.87
ITEM0016907,ORD006790,PROD0065,5,153.97
ITEM0016908,ORD006790,PROD0111,5,408.22
ITEM0016909,ORD006791,PROD0145,1,359.48
ITEM0016910,ORD006791,PROD0143,4,453.59
ITEM0016911,ORD006791,PROD0105,1,308.26
ITEM0016912,ORD006792,PROD0059,3,254.01
ITEM0016913,ORD006792,PROD0106,2,508.9
ITEM0016914,ORD006792,PROD0051,4,294.17
ITEM0016915,ORD006792,PROD0044,1,474.28
ITEM0016916,ORD006793,PROD0129,4,246.64
ITEM0016917,ORD006793,PROD0081,2,318.7
ITEM0016918,ORD006794,PROD0074,4,122.74
ITEM0016919,ORD006794,PROD0047,4,288.09
ITEM0016920,ORD006794,PROD0127,2,9.71
ITEM0016921,ORD006794,PROD0032,3,172.77
ITEM0016922,ORD006795,PROD0132,3,316.5
ITEM0016923,ORD006795,PROD0060,5,497.77
ITEM0016924,ORD006795,PROD0019,1,443.45
ITEM0016925,ORD006795,PROD0121,2,-287.5
ITEM0016926,ORD006796,PROD0105,5,308.26
ITEM0016927,ORD006796,PROD0092,1,557.9
ITEM0016928,ORD006796,PROD0027,2,356.31
ITEM0016929,ORD006797,PROD0019,3,443.45
ITEM0016930,ORD006797,PROD0125,2,377.98
ITEM0016931,ORD006797,PROD0002,3,112.42
ITEM0016932,ORD006798,PROD0039,5,410.66
ITEM0016933,ORD006798,PROD0005,4,196.98
ITEM0016934,ORD006799,PROD0131,2,130.48
ITEM0016935,ORD006799,PROD0103,1,305.68
ITEM0016936,ORD006799,PROD0145,1,-359.48
ITEM0016937,ORD006799,PROD0033,2,470.6
ITEM0016938,ORD006800,PROD0127,3,9.71
ITEM0016939,ORD006800,PROD0110,3,39.23
ITEM0016940,ORD006800,PROD0027,5,356.31
ITEM0016941,ORD006800,PROD0099,2,386.23
ITEM0016942,ORD006801,PROD0021,1,487.35
ITEM0016943,ORD006801,PROD0115,3,431.33
ITEM0016944,ORD006801,PROD0077,4,286.06
ITEM0016945,ORD006801,PROD0048,1,277.49
ITEM0016946,ORD006802,PROD0057,1,632.78
ITEM0016947,ORD006803,PROD0107,2,462.67
ITEM0016948,ORD006804,PROD0103,3,305.68
ITEM0016949,ORD006804,PROD0060,4,497.77
ITEM0016950,ORD006805,PROD0113,1,320.56
ITEM0016951,ORD006806,PROD0087,2,193.52
ITEM0016952,ORD006806,PROD0125,1,377.98
ITEM0016953,ORD006807,PROD0098,5,351.41
ITEM0016954,ORD006808,PROD0138,5,43.7
ITEM0016955,ORD006808,PROD0090,5,51.56
ITEM0016956,ORD006809,PROD0143,5,453.59
ITEM0016957,ORD006809,PROD0043,1,251.98
ITEM0016958,ORD006809,PROD0142,4,347.19
ITEM0016959,ORD006810,PROD0103,2,305.68
ITEM0016960,ORD006810,PROD0108,5,332.49
ITEM0016961,ORD006810,PROD0106,5,508.9
ITEM0016962,ORD006811,PROD0124,5,173.3
ITEM0016963,ORD006812,PROD0072,-2,226.81
ITEM0016964,ORD006812,PROD0135,2,427.2
ITEM0016965,ORD006813,PROD0062,4,355.88
ITEM0016966,ORD006813,PROD0019,2,443.45
ITEM0016967,ORD006813,PROD0056,2,249.02
ITEM0016968,ORD006814,PROD0132,5,316.5
ITEM0016969,ORD006815,PROD0049,2,106.04
ITEM0016970,ORD006816,PROD0093,5,573.11
ITEM0016971,ORD006816,PROD0048,5,277.49
ITEM0016972,ORD006816,PROD0124,5,173.3
ITEM0016973,ORD006816,PROD0144,3,105.68
ITEM0016974,ORD006817,PROD0024,2,594.24
ITEM0016975,ORD006817,PROD0125,5,377.98
ITEM0016976,ORD006818,PROD0059,1,254.01
ITEM0016977,ORD006818,PROD0032,4,172.77
ITEM0016978,ORD006819,PROD0138,2,43.7
ITEM0016979,ORD006820,PROD0145,2,359.48
ITEM0016980,ORD006820,PROD0121,2,287.5
ITEM0016981,ORD006820,PROD0071,4,-402.73
ITEM0016982,ORD006820,PROD0022,4,380.56
ITEM0016983,ORD006821,PROD0140,2,496.11
ITEM0016984,ORD006821,PROD0075,3,383.73
ITEM0016985,ORD006821,PROD0094,3,393.51
ITEM0016986,ORD006822,PROD0006,5,98.27
ITEM0016987,ORD006823,PROD0091,1,161.11
ITEM0016988,ORD006823,PROD0108,3,332.49
ITEM0016989,ORD006823,PROD0092,5,557.9
ITEM0016990,ORD006824,PROD0142,1,347.19
ITEM0016991,ORD006825,PROD0139,2,135.03
ITEM0016992,ORD006825,PROD0062,2,355.88
ITEM0016993,ORD006825,PROD0129,2,246.64
ITEM0016994,ORD006825,PROD0093,3,573.11
ITEM0016995,ORD006826,PROD0009,1,138.45
ITEM0016996,ORD006826,PROD0002,1,112.42
ITEM0016997,ORD006827,PROD0106,3,508.9
ITEM0016998,ORD006827,PROD0024,4,594.24
ITEM0016999,ORD006828,PROD0144,1,105.68
ITEM0017000,ORD006829,PROD0100,2,208.15
ITEM0017001,ORD006829,PROD0084,5,464.44
ITEM0017002,ORD006829,PROD0023,5,414.75
ITEM0017003,ORD006830,PROD0150,2,88.94
ITEM0017004,ORD006831,PROD0147,4,570.65
ITEM0017005,ORD006831,PROD0143,5,453.59
ITEM0017006,ORD006831,PROD0069,3,619.75
ITEM0017007,ORD006832,PROD0113,4,320.56
ITEM0017008,ORD006832,PROD0090,5,51.56
ITEM0017009,ORD006832,PROD0094,3,393.51
ITEM0017010,ORD006832,PROD0082,1,196.55
ITEM0017011,ORD006833,PROD0016,3,30.39
ITEM0017012,ORD006833,PROD0093,1,573.11
ITEM0017013,ORD006833,PROD0111,1,408.22
ITEM0017014,ORD006834,PROD0011,4,325.01
ITEM0017015,ORD006835,PROD0013,5,196.91
ITEM0017016,ORD006835,PROD0044,2,474.28
ITEM0017017,ORD006835,PROD0033,2,470.6
ITEM0017018,ORD006835,PROD0098,5,351.41
ITEM0017019,ORD006836,PROD0143,5,453.59
ITEM0017020,ORD006837,PROD0084,2,464.44
ITEM0017021,ORD006837,PROD0055,5,408.1
ITEM0017022,ORD006837,PROD0142,3,347.19
ITEM0017023,ORD006837,PROD0100,4,208.15
ITEM0017024,ORD006838,PROD0122,2,484.26
ITEM0017025,ORD006838,PROD0039,2,410.66
ITEM0017026,ORD006838,PROD0078,3,57.56
ITEM0017027,ORD006839,PROD0116,3,-366.52
ITEM0017028,ORD006840,PROD0141,1,19.31
ITEM0017029,ORD006840,PROD0075,5,383.73
ITEM0017030,ORD006840,PROD0038,4,216.74
ITEM0017031,ORD006840,PROD0110,4,39.23
ITEM0017032,ORD006841,PROD0077,1,286.06
ITEM0017033,ORD006841,PROD0145,5,359.48
ITEM0017034,ORD006842,PROD0105,2,308.26
ITEM0017035,ORD006843,PROD0111,1,408.22
ITEM0017036,ORD006843,PROD0072,5,226.81
ITEM0017037,ORD006843,PROD0104,3,66.01
ITEM0017038,ORD006843,PROD0041,1,438.01
ITEM0017039,ORD006844,PROD0035,5,27.57
ITEM0017040,ORD006845,PROD0025,2,23.62
ITEM0017041,ORD006845,PROD0077,5,286.06
ITEM0017042,ORD006846,PROD0043,2,251.98
ITEM0017043,ORD006846,PROD0061,3,683.51
ITEM0017044,ORD006846,PROD0130,5,421.1
ITEM0017045,ORD006846,PROD0028,3,463.5
ITEM0017046,ORD006847,PROD0008,4,174.9
ITEM0017047,ORD006847,PROD0066,2,370.45
ITEM0017048,ORD006847,PROD0093,1,573.11
ITEM0017049,ORD006847,PROD0079,4,61.84
ITEM0017050,ORD006848,PROD0022,1,380.56
ITEM0017051,ORD006848,PROD0077,3,286.06
ITEM0017052,ORD006848,PROD0098,3,351.41
ITEM0017053,ORD006849,PROD0049,3,106.04
ITEM0017054,ORD006850,PROD0086,3,203.78
ITEM0017055,ORD006851,PROD0138,4,-43.7
ITEM0017056,ORD006852,PROD0058,1,356.49
ITEM0017057,ORD006852,PROD0076,2,277.07
ITEM0017058,ORD006852,PROD0087,4,193.52
ITEM0017059,ORD006853,PROD0050,4,235.27
ITEM0017060,ORD006853,PROD0114,2,45.61
ITEM0017061,ORD006853,PROD0099,1,386.23
ITEM0017062,ORD006854,PROD0109,1,126.44
ITEM0017063,ORD006854,PROD0130,3,421.1
ITEM0017064,ORD006855,PROD0037,3,540.32
ITEM0017065,ORD006855,PROD0075,3,383.73
ITEM0017066,ORD006856,PROD0073,4,241.62
ITEM0017067,ORD006856,PROD0125,3,377.98
ITEM0017068,ORD006856,PROD0077,1,286.06
ITEM0017069,ORD006856,PROD0076,5,277.07
ITEM0017070,ORD006857,PROD0031,1,15.13
ITEM0017071,ORD006857,PROD0055,3,408.1
ITEM0017072,ORD006857,PROD0134,2,192.47
ITEM0017073,ORD006857,PROD0030,3,314.5
ITEM0017074,ORD006858,PROD0054,1,135.13
ITEM0017075,ORD006859,PROD0147,1,570.65
ITEM0017076,ORD006859,PROD0051,4,294.17
ITEM0017077,ORD006860,PROD0013,2,196.91
ITEM0017078,ORD006860,PROD0124,2,173.3
ITEM0017079,ORD006860,PROD0002,5,112.42
ITEM0017080,ORD006860,PROD0055,2,408.1
ITEM0017081,ORD006861,PROD0011,3,325.01
ITEM0017082,ORD006861,PROD0095,3,271.32
ITEM0017083,ORD006861,PROD0064,2,411.35
ITEM0017084,ORD006862,PROD0082,5,196.55
ITEM0017085,ORD006863,PROD0120,3,261.92
ITEM0017086,ORD006864,PROD0082,1,196.55
ITEM0017087,ORD006864,PROD0098,2,351.41
ITEM0017088,ORD006864,PROD0045,1,66.57
ITEM0017089,ORD006864,PROD0050,2,235.27
ITEM0017090,ORD006865,PROD0026,5,585.88
ITEM0017091,ORD006865,PROD0080,2,392.58
ITEM0017092,ORD006866,PROD0149,5,139.28
ITEM0017093,ORD006867,PROD0132,4,316.5
ITEM0017094,ORD006867,PROD0044,1,474.28
ITEM0017095,ORD006868,PROD0123,5,95.95
ITEM0017096,ORD006868,PROD0030,1,314.5
ITEM0017097,ORD006869,PROD0080,2,392.58
ITEM0017098,ORD006869,PROD0075,-1,383.73
ITEM0017099,ORD006869,PROD0015,4,442.7
ITEM0017100,ORD006869,PROD0020,5,124.89
ITEM0017101,ORD006870,PROD0040,5,508.7
ITEM0017102,ORD006870,PROD0044,1,474.28
ITEM0017103,ORD006870,PROD0020,5,124.89
ITEM0017104,ORD006871,PROD0048,4,277.49
ITEM0017105,ORD006871,PROD0076,1,277.07
ITEM0017106,ORD006871,PROD0093,1,573.11
ITEM0017107,ORD006871,PROD0034,2,303.7
ITEM0017108,ORD006872,PROD0076,2,277.07
ITEM0017109,ORD006872,PROD0123,5,95.95
ITEM0017110,ORD006873,PROD0023,2,414.75
ITEM0017111,ORD006873,PROD0010,5,488.99
ITEM0017112,ORD006873,PROD0062,5,355.88
ITEM0017113,ORD006873,PROD0042,1,394.4
ITEM0017114,ORD006874,PROD0090,3,51.56
ITEM0017115,ORD006874,PROD0030,4,314.5
ITEM0017116,ORD006874,PROD0001,3,342.2
ITEM0017117,ORD006875,PROD0017,2,234.28
ITEM0017118,ORD006875,PROD0135,1,427.2
ITEM0017119,ORD006875,PROD0039,4,410.66
ITEM0017120,ORD006875,PROD0040,5,508.7
ITEM0017121,ORD006876,PROD0140,1,-496.11
ITEM0017122,ORD006877,PROD0118,1,58.39
ITEM0017123,ORD006878,PROD0034,5,303.7
ITEM0017124,ORD006879,PROD0121,4,287.5
ITEM0017125,ORD006879,PROD0093,2,573.11
ITEM0017126,ORD006879,PROD0013,2,196.91
ITEM0017127,ORD006879,PROD0085,2,602.46
ITEM0017128,ORD006880,PROD0082,1,196.55
ITEM0017129,ORD006880,PROD0118,2,58.39
ITEM0017130,ORD006880,PROD0030,2,314.5
ITEM0017131,ORD006881,PROD0053,4,-292.19
ITEM0017132,ORD006881,PROD0109,5,126.44
ITEM0017133,ORD006882,PROD0031,2,15.13
ITEM0017134,ORD006882,PROD0077,5,286.06
ITEM0017135,ORD006882,PROD0098,2,351.41
ITEM0017136,ORD006883,PROD0127,4,9.71
ITEM0017137,ORD006884,PROD0066,3,370.45
ITEM0017138,ORD006885,PROD0098,2,351.41
ITEM0017139,ORD006885,PROD0126,4,263.88
ITEM0017140,ORD006885,PROD0023,5,414.75
ITEM0017141,ORD006885,PROD0059,4,254.01
ITEM0017142,ORD006886,PROD0042,2,394.4
ITEM0017143,ORD006886,PROD0081,1,318.7
ITEM0017144,ORD006886,PROD0142,2,347.19
ITEM0017145,ORD006887,PROD0021,3,487.35
ITEM0017146,ORD006887,PROD0065,1,153.97
ITEM0017147,ORD006887,PROD0136,2,485.57
ITEM0017148,ORD006887,PROD0137,4,447.4
ITEM0017149,ORD006888,PROD0098,3,351.41
ITEM0017150,ORD006889,PROD0122,5,484.26
ITEM0017151,ORD006890,PROD0043,3,251.98
ITEM0017152,ORD006890,PROD0117,-5,130.11
ITEM0017153,ORD006890,PROD0131,1,130.48
ITEM0017154,ORD006891,PROD0099,5,386.23
ITEM0017155,ORD006891,PROD0038,2,216.74
ITEM0017156,ORD006892,PROD0089,5,289.58
ITEM0017157,ORD006892,PROD0128,4,403.21
ITEM0017158,ORD006892,PROD0026,2,585.88
ITEM0017159,ORD006892,PROD0101,2,182.81
ITEM0017160,ORD006893,PROD0120,5,261.92
ITEM0017161,ORD006894,PROD0039,3,410.66
ITEM0017162,ORD006894,PROD0085,2,602.46
ITEM0017163,ORD006894,PROD0058,5,356.49
ITEM0017164,ORD006894,PROD0024,3,594.24
ITEM0017165,ORD006895,PROD0025,3,23.62
ITEM0017166,ORD006896,PROD0014,3,16.7
ITEM0017167,ORD006896,PROD0098,5,351.41
ITEM0017168,ORD006896,PROD0054,4,135.13
ITEM0017169,ORD006897,PROD0083,1,306.64
ITEM0017170,ORD006897,PROD0087,5,193.52
ITEM0017171,ORD006897,PROD0125,5,377.98
ITEM0017172,ORD006898,PROD0111,2,408.22
ITEM0017173,ORD006898,PROD0141,2,19.31
ITEM0017174,ORD006899,PROD0104,2,66.01
ITEM0017175,ORD006899,PROD0027,5,356.31
ITEM0017176,ORD006899,PROD0105,2,308.26
ITEM0017177,ORD006900,PROD0034,2,303.7
ITEM0017178,ORD006900,PROD0114,1,45.61
ITEM0017179,ORD006900,PROD0059,1,254.01
ITEM0017180,ORD006901,PROD0084,1,464.44
ITEM0017181,ORD006901,PROD0039,2,410.66
ITEM0017182,ORD006901,PROD0124,2,173.3
ITEM0017183,ORD006902,PROD0041,5,438.01
ITEM0017184,ORD006903,PROD0059,2,254.01
ITEM0017185,ORD006903,PROD0099,5,386.23
ITEM0017186,ORD006904,PROD0053,5,292.19
ITEM0017187,ORD006904,PROD0074,2,122.74
ITEM0017188,ORD006905,PROD0126,5,263.88
ITEM0017189,ORD006905,PROD0055,4,408.1
ITEM0017190,ORD006905,PROD0123,3,95.95
ITEM0017191,ORD006906,PROD0136,4,485.57
ITEM0017192,ORD006906,PROD0004,5,129.15
ITEM0017193,ORD006907,PROD0010,4,488.99
ITEM0017194,ORD006907,PROD0029,2,93.87
ITEM0017195,ORD006907,PROD0133,3,-317.22
ITEM0017196,ORD006907,PROD0144,3,105.68
ITEM0017197,ORD006908,PROD0120,1,261.92
ITEM0017198,ORD006908,PROD0027,4,356.31
ITEM0017199,ORD006909,PROD0127,2,9.71
ITEM0017200,ORD006909,PROD0120,3,261.92
ITEM0017201,ORD006910,PROD0023,3,414.75
ITEM0017202,ORD006910,PROD0100,2,208.15
ITEM0017203,ORD006910,PROD0046,2,207.44
ITEM0017204,ORD006911,PROD0046,4,207.44
ITEM0017205,ORD006911,PROD0037,1,540.32
ITEM0017206,ORD006911,PROD0071,4,402.73
ITEM0017207,ORD006912,PROD0107,5,462.67
ITEM0017208,ORD006913,PROD0079,1,61.84
ITEM0017209,ORD006913,PROD0017,4,234.28
ITEM0017210,ORD006913,PROD0003,2,4.27
ITEM0017211,ORD006914,PROD0070,1,271.29
ITEM0017212,ORD006914,PROD0104,3,66.01
ITEM0017213,ORD006914,PROD0088,5,51.09
ITEM0017214,ORD006914,PROD0139,1,135.03
ITEM0017215,ORD006915,PROD0120,3,261.92
ITEM0017216,ORD006915,PROD0010,5,488.99
ITEM0017217,ORD006915,PROD0116,3,366.52
ITEM0017218,ORD006916,PROD0133,3,317.22
ITEM0017219,ORD006916,PROD0038,4,216.74
ITEM0017220,ORD006916,PROD0023,1,414.75
ITEM0017221,ORD006917,PROD0091,5,161.11
ITEM0017222,ORD006917,PROD0027,4,356.31
ITEM0017223,ORD006918,PROD0085,5,602.46
ITEM0017224,ORD006919,PROD0066,3,370.45
ITEM0017225,ORD006919,PROD0073,1,241.62
ITEM0017226,ORD006919,PROD0041,1,438.01
ITEM0017227,ORD006919,PROD0116,1,366.52
ITEM0017228,ORD006920,PROD0090,4,51.56
ITEM0017229,ORD006920,PROD0107,1,462.67
ITEM0017230,ORD006921,PROD0003,4,4.27
ITEM0017231,ORD006921,PROD0059,4,254.01
ITEM0017232,ORD006921,PROD0147,2,570.65
ITEM0017233,ORD006921,PROD0099,5,386.23
ITEM0017234,ORD006922,PROD0037,1,540.32
ITEM0017235,ORD006922,PROD0132,1,316.5
ITEM0017236,ORD006922,PROD0016,1,30.39
ITEM0017237,ORD006922,PROD0108,5,332.49
ITEM0017238,ORD006923,PROD0039,3,410.66
ITEM0017239,ORD006923,PROD0129,3,246.64
ITEM0017240,ORD006923,PROD0135,1,427.2
ITEM0017241,ORD006923,PROD0036,4,33.3
ITEM0017242,ORD006924,PROD0073,3,241.62
ITEM0017243,ORD006924,PROD0146,3,292.2
ITEM0017244,ORD006924,PROD0085,3,602.46
ITEM0017245,ORD006924,PROD0033,4,470.6
ITEM0017246,ORD006925,PROD0026,1,585.88
ITEM0017247,ORD006925,PROD0142,4,347.19
ITEM0017248,ORD006925,PROD0017,1,234.28
ITEM0017249,ORD006925,PROD0095,5,271.32
ITEM0017250,ORD006926,PROD0103,4,305.68
ITEM0017251,ORD006926,PROD0049,1,106.04
ITEM0017252,ORD006927,PROD0022,4,380.56
ITEM0017253,ORD006928,PROD0050,5,235.27
ITEM0017254,ORD006928,PROD0041,3,438.01
ITEM0017255,ORD006929,PROD0138,1,43.7
ITEM0017256,ORD006929,PROD0078,5,57.56
ITEM0017257,ORD006929,PROD0113,1,320.56
ITEM0017258,ORD006930,PROD0128,4,403.21
ITEM0017259,ORD006930,PROD0016,4,30.39
ITEM0017260,ORD006931,PROD0124,4,173.3
ITEM0017261,ORD006931,PROD0061,4,683.51
ITEM0017262,ORD006931,PROD0057,4,632.78
ITEM0017263,ORD006931,PROD0101,4,182.81
ITEM0017264,ORD006932,PROD0031,1,15.13
ITEM0017265,ORD006932,PROD0144,5,105.68
ITEM0017266,ORD006932,PROD0037,5,540.32
ITEM0017267,ORD006932,PROD0012,5,589.04
ITEM0017268,ORD006933,PROD0077,4,286.06
ITEM0017269,ORD006933,PROD0109,5,126.44
ITEM0017270,ORD006934,PROD0042,5,394.4
ITEM0017271,ORD006934,PROD0020,1,124.89
ITEM0017272,ORD006934,PROD0055,2,408.1
ITEM0017273,ORD006934,PROD0126,3,263.88
ITEM0017274,ORD006935,PROD0065,2,153.97
ITEM0017275,ORD006935,PROD0013,1,196.91
ITEM0017276,ORD006935,PROD0050,2,235.27
ITEM0017277,ORD006936,PROD0055,5,408.1
ITEM0017278,ORD006936,PROD0021,5,487.35
ITEM0017279,ORD006937,PROD0141,4,19.31
ITEM0017280,ORD006937,PROD0006,1,98.27
ITEM0017281,ORD006937,PROD0061,4,683.51
ITEM0017282,ORD006938,PROD0142,5,347.19
ITEM0017283,ORD006938,PROD0094,4,393.51
ITEM0017284,ORD006938,PROD0028,3,463.5
ITEM0017285,ORD006939,PROD0137,2,447.4
ITEM0017286,ORD006939,PROD0036,4,33.3
ITEM0017287,ORD006939,PROD0118,2,58.39
ITEM0017288,ORD006940,PROD0099,1,386.23
ITEM0017289,ORD006940,PROD0031,1,15.13
ITEM0017290,ORD006940,PROD0017,2,234.28
ITEM0017291,ORD006941,PROD0085,5,602.46
ITEM0017292,ORD006941,PROD0108,5,-332.49
ITEM0017293,ORD006941,PROD0083,2,306.64
ITEM0017294,ORD006942,PROD0043,4,251.98
ITEM0017295,ORD006942,PROD0060,1,497.77
ITEM0017296,ORD006942,PROD0050,1,235.27
ITEM0017297,ORD006943,PROD0038,4,216.74
ITEM0017298,ORD006943,PROD0106,2,508.9
ITEM0017299,ORD006943,PROD0097,3,53.1
ITEM0017300,ORD006943,PROD0025,1,23.62
ITEM0017301,ORD006944,PROD0057,2,632.78
ITEM0017302,ORD006944,PROD0015,1,442.7
ITEM0017303,ORD006945,PROD0137,2,447.4
ITEM0017304,ORD006945,PROD0037,5,540.32
ITEM0017305,ORD006945,PROD0090,1,51.56
ITEM0017306,ORD006946,PROD0093,1,573.11
ITEM0017307,ORD006946,PROD0038,3,216.74
ITEM0017308,ORD006947,PROD0033,2,470.6
ITEM0017309,ORD006947,PROD0092,5,557.9
ITEM0017310,ORD006947,PROD0102,2,266.91
ITEM0017311,ORD006948,PROD0105,3,308.26
ITEM0017312,ORD006949,PROD0114,2,45.61
ITEM0017313,ORD006949,PROD0044,4,474.28
ITEM0017314,ORD006949,PROD0057,5,632.78
ITEM0017315,ORD006950,PROD0055,2,408.1
ITEM0017316,ORD006951,PROD0093,5,573.11
ITEM0017317,ORD006952,PROD0119,1,103.02
ITEM0017318,ORD006952,PROD0139,5,135.03
ITEM0017319,ORD006953,PROD0018,2,119.66
ITEM0017320,ORD006953,PROD0084,5,464.44
ITEM0017321,ORD006953,PROD0127,5,9.71
ITEM0017322,ORD006954,PROD0134,3,192.47
ITEM0017323,ORD006955,PROD0144,4,105.68
ITEM0017324,ORD006955,PROD0067,4,363.03
ITEM0017325,ORD006955,PROD0111,4,408.22
ITEM0017326,ORD006956,PROD0057,5,632.78
ITEM0017327,ORD006956,PROD0043,5,251.98
ITEM0017328,ORD006956,PROD0003,3,4.27
ITEM0017329,ORD006957,PROD0106,4,508.9
ITEM0017330,ORD006957,PROD0085,2,602.46
ITEM0017331,ORD006957,PROD0054,2,135.13
ITEM0017332,ORD006958,PROD0117,2,130.11
ITEM0017333,ORD006958,PROD0008,5,174.9
ITEM0017334,ORD006958,PROD0148,5,427.66
ITEM0017335,ORD006959,PROD0044,5,474.28
ITEM0017336,ORD006960,PROD0093,2,573.11
ITEM0017337,ORD006960,PROD0075,3,383.73
ITEM0017338,ORD006961,PROD0065,5,153.97
ITEM0017339,ORD006961,PROD0031,1,15.13
ITEM0017340,ORD006961,PROD0053,1,292.19
ITEM0017341,ORD006961,PROD0021,2,487.35
ITEM0017342,ORD006962,PROD0038,4,216.74
ITEM0017343,ORD006962,PROD0086,1,203.78
ITEM0017344,ORD006962,PROD0028,4,463.5
ITEM0017345,ORD006963,PROD0065,1,153.97
ITEM0017346,ORD006963,PROD0083,1,306.64
ITEM0017347,ORD006963,PROD0066,3,370.45
ITEM0017348,ORD006964,PROD0037,3,540.32
ITEM0017349,ORD006964,PROD0135,2,427.2
ITEM0017350,ORD006965,PROD0024,4,594.24
ITEM0017351,ORD006966,PROD0049,5,106.04
ITEM0017352,ORD006966,PROD0128,4,403.21
ITEM0017353,ORD006966,PROD0046,3,207.44
ITEM0017354,ORD006966,PROD0027,5,356.31
ITEM0017355,ORD006967,PROD0030,4,-314.5
ITEM0017356,ORD006968,PROD0064,4,411.35
ITEM0017357,ORD006968,PROD0069,4,619.75
ITEM0017358,ORD006969,PROD0128,4,403.21
ITEM0017359,ORD006970,PROD0002,5,112.42
ITEM0017360,ORD006971,PROD0027,5,356.31
ITEM0017361,ORD006971,PROD0010,4,488.99
ITEM0017362,ORD006971,PROD0107,2,462.67
ITEM0017363,ORD006971,PROD0065,2,153.97
ITEM0017364,ORD006972,PROD0015,1,442.7
ITEM0017365,ORD006972,PROD0135,2,427.2
ITEM0017366,ORD006972,PROD0006,2,98.27
ITEM0017367,ORD006973,PROD0134,2,-192.47
ITEM0017368,ORD006973,PROD0016,4,30.39
ITEM0017369,ORD006973,PROD0127,4,9.71
ITEM0017370,ORD006974,PROD0002,1,112.42
ITEM0017371,ORD006974,PROD0096,2,321.49
ITEM0017372,ORD006974,PROD0067,2,363.03
ITEM0017373,ORD006974,PROD0015,3,442.7
ITEM0017374,ORD006975,PROD0141,3,19.31
ITEM0017375,ORD006975,PROD0015,5,442.7
ITEM0017376,ORD006975,PROD0118,4,58.39
ITEM0017377,ORD006975,PROD0073,5,241.62
ITEM0017378,ORD006976,PROD0038,5,216.74
ITEM0017379,ORD006976,PROD0026,3,585.88
ITEM0017380,ORD006976,PROD0044,4,474.28
ITEM0017381,ORD006976,PROD0046,5,207.44
ITEM0017382,ORD006977,PROD0071,5,402.73
ITEM0017383,ORD006978,PROD0137,5,447.4
ITEM0017384,ORD006979,PROD0002,5,112.42
ITEM0017385,ORD006979,PROD0050,2,235.27
ITEM0017386,ORD006979,PROD0038,3,216.74
ITEM0017387,ORD006979,PROD0005,1,196.98
ITEM0017388,ORD006980,PROD0047,2,288.09
ITEM0017389,ORD006980,PROD0139,3,135.03
ITEM0017390,ORD006981,PROD0104,3,66.01
ITEM0017391,ORD006981,PROD0111,3,408.22
ITEM0017392,ORD006981,PROD0148,2,427.66
ITEM0017393,ORD006982,PROD0050,2,235.27
ITEM0017394,ORD006983,PROD0003,2,4.27
ITEM0017395,ORD006984,PROD0109,5,126.44
ITEM0017396,ORD006984,PROD0035,3,27.57
ITEM0017397,ORD006984,PROD0086,3,203.78
ITEM0017398,ORD006985,PROD0129,5,246.64
ITEM0017399,ORD006986,PROD0007,4,248.82
ITEM0017400,ORD006986,PROD0119,5,103.02
ITEM0017401,ORD006986,PROD0033,4,470.6
ITEM0017402,ORD006987,PROD0072,3,226.81
ITEM0017403,ORD006987,PROD0014,2,16.7
ITEM0017404,ORD006987,PROD0122,3,484.26
ITEM0017405,ORD006988,PROD0120,2,261.92
ITEM0017406,ORD006988,PROD0086,3,203.78
ITEM0017407,ORD006989,PROD0110,2,39.23
ITEM0017408,ORD006989,PROD0041,1,438.01
ITEM0017409,ORD006990,PROD0111,5,408.22
ITEM0017410,ORD006990,PROD0092,4,557.9
ITEM0017411,ORD006991,PROD0020,5,124.89
ITEM0017412,ORD006991,PROD0089,2,289.58
ITEM0017413,ORD006991,PROD0021,5,487.35
ITEM0017414,ORD006991,PROD0012,2,589.04
ITEM0017415,ORD006992,PROD0099,2,386.23
ITEM0017416,ORD006992,PROD0141,3,19.31
ITEM0017417,ORD006992,PROD0030,4,314.5
ITEM0017418,ORD006992,PROD0009,3,138.45
ITEM0017419,ORD006993,PROD0055,1,408.1
ITEM0017420,ORD006993,PROD0086,5,203.78
ITEM0017421,ORD006994,PROD0136,1,485.57
ITEM0017422,ORD006994,PROD0024,2,594.24
ITEM0017423,ORD006994,PROD0102,1,266.91
ITEM0017424,ORD006995,PROD0107,5,462.67
ITEM0017425,ORD006995,PROD0032,1,172.77
ITEM0017426,ORD006995,PROD0113,4,320.56
ITEM0017427,ORD006995,PROD0067,2,363.03
ITEM0017428,ORD006996,PROD0024,1,594.24
ITEM0017429,ORD006996,PROD0015,5,442.7
ITEM0017430,ORD006997,PROD0043,2,251.98
ITEM0017431,ORD006997,PROD0127,3,9.71
ITEM0017432,ORD006997,PROD0103,1,305.68
ITEM0017433,ORD006998,PROD0134,1,192.47
ITEM0017434,ORD006998,PROD0034,2,303.7
ITEM0017435,ORD006998,PROD0033,1,470.6
ITEM0017436,ORD006998,PROD0070,1,271.29
ITEM0017437,ORD006999,PROD0058,3,356.49
ITEM0017438,ORD006999,PROD0028,3,463.5
ITEM0017439,ORD006999,PROD0042,2,394.4
ITEM0017440,ORD006999,PROD0099,3,386.23
ITEM0017441,ORD007000,PROD0055,4,408.1
ITEM0017442,ORD007000,PROD0026,3,585.88
ITEM0017443,ORD007000,PROD0113,1,320.56
ITEM0017444,ORD007000,PROD0045,3,66.57
ITEM0017445,ORD007001,PROD0041,4,438.01
ITEM0017446,ORD007002,PROD0047,1,288.09
ITEM0017447,ORD007002,PROD0140,1,496.11
ITEM0017448,ORD007002,PROD0049,1,106.04
ITEM0017449,ORD007003,PROD0123,2,95.95
ITEM0017450,ORD007003,PROD0097,3,53.1
ITEM0017451,ORD007003,PROD0057,3,632.78
ITEM0017452,ORD007004,PROD0094,2,393.51
ITEM0017453,ORD007004,PROD0007,4,248.82
ITEM0017454,ORD007004,PROD0059,1,254.01
ITEM0017455,ORD007004,PROD0144,3,105.68
ITEM0017456,ORD007005,PROD0081,3,318.7
ITEM0017457,ORD007005,PROD0146,1,292.2
ITEM0017458,ORD007006,PROD0147,4,570.65
ITEM0017459,ORD007006,PROD0064,1,411.35
ITEM0017460,ORD007006,PROD0013,5,196.91
ITEM0017461,ORD007007,PROD0005,3,196.98
ITEM0017462,ORD007007,PROD0119,3,103.02
ITEM0017463,ORD007008,PROD0142,1,347.19
ITEM0017464,ORD007008,PROD0120,2,261.92
ITEM0017465,ORD007009,PROD0134,2,192.47
ITEM0017466,ORD007009,PROD0114,3,45.61
ITEM0017467,ORD007009,PROD0034,4,303.7
ITEM0017468,ORD007009,PROD0040,1,508.7
ITEM0017469,ORD007010,PROD0119,2,103.02
ITEM0017470,ORD007010,PROD0008,1,174.9
ITEM0017471,ORD007010,PROD0049,3,106.04
ITEM0017472,ORD007011,PROD0102,2,266.91
ITEM0017473,ORD007011,PROD0077,2,286.06
ITEM0017474,ORD007011,PROD0003,2,4.27
ITEM0017475,ORD007012,PROD0063,4,665.26
ITEM0017476,ORD007012,PROD0047,4,288.09
ITEM0017477,ORD007012,PROD0016,3,30.39
ITEM0017478,ORD007013,PROD0080,1,392.58
ITEM0017479,ORD007013,PROD0086,-1,203.78
ITEM0017480,ORD007013,PROD0030,3,314.5
ITEM0017481,ORD007013,PROD0045,4,66.57
ITEM0017482,ORD007014,PROD0150,2,88.94
ITEM0017483,ORD007014,PROD0043,5,251.98
ITEM0017484,ORD007014,PROD0039,4,410.66
ITEM0017485,ORD007015,PROD0108,1,332.49
ITEM0017486,ORD007015,PROD0122,5,484.26
ITEM0017487,ORD007015,PROD0042,5,394.4
ITEM0017488,ORD007015,PROD0146,4,292.2
ITEM0017489,ORD007016,PROD0127,5,9.71
ITEM0017490,ORD007016,PROD0085,4,602.46
ITEM0017491,ORD007016,PROD0007,3,248.82
ITEM0017492,ORD007017,PROD0047,2,288.09
ITEM0017493,ORD007017,PROD0122,4,484.26
ITEM0017494,ORD007018,PROD0103,5,305.68
ITEM0017495,ORD007018,PROD0114,1,45.61
ITEM0017496,ORD007018,PROD0112,1,308.35
ITEM0017497,ORD007018,PROD0148,4,427.66
ITEM0017498,ORD007019,PROD0146,4,292.2
ITEM0017499,ORD007019,PROD0062,1,355.88
ITEM0017500,ORD007020,PROD0139,4,135.03
ITEM0017501,ORD007021,PROD0135,5,427.2
ITEM0017502,ORD007021,PROD0105,1,308.26
ITEM0017503,ORD007021,PROD0019,3,443.45
ITEM0017504,ORD007021,PROD0089,1,289.58
ITEM0017505,ORD007022,PROD0080,2,392.58
ITEM0017506,ORD007022,PROD0134,2,192.47
ITEM0017507,ORD007022,PROD0104,4,66.01
ITEM0017508,ORD007022,PROD0003,5,4.27
ITEM0017509,ORD007023,PROD0073,2,241.62
ITEM0017510,ORD007024,PROD0064,2,411.35
ITEM0017511,ORD007024,PROD0075,3,383.73
ITEM0017512,ORD007024,PROD0047,2,288.09
ITEM0017513,ORD007025,PROD0061,5,683.51
ITEM0017514,ORD007026,PROD0073,2,241.62
ITEM0017515,ORD007026,PROD0150,1,88.94
ITEM0017516,ORD007026,PROD0032,1,172.77
ITEM0017517,ORD007026,PROD0059,5,254.01
ITEM0017518,ORD007027,PROD0033,4,470.6
ITEM0017519,ORD007028,PROD0136,3,485.57
ITEM0017520,ORD007028,PROD0113,2,320.56
ITEM0017521,ORD007028,PROD0129,5,246.64
ITEM0017522,ORD007029,PROD0082,3,196.55
ITEM0017523,ORD007029,PROD0091,1,161.11
ITEM0017524,ORD007030,PROD0107,5,462.67
ITEM0017525,ORD007030,PROD0032,2,172.77
ITEM0017526,ORD007030,PROD0023,2,414.75
ITEM0017527,ORD007031,PROD0026,2,585.88
ITEM0017528,ORD007031,PROD0001,2,342.2
ITEM0017529,ORD007031,PROD0136,2,485.57
ITEM0017530,ORD007031,PROD0069,5,619.75
ITEM0017531,ORD007032,PROD0072,1,226.81
ITEM0017532,ORD007032,PROD0005,2,196.98
ITEM0017533,ORD007032,PROD0031,2,15.13
ITEM0017534,ORD007032,PROD0081,3,318.7
ITEM0017535,ORD007033,PROD0090,3,51.56
ITEM0017536,ORD007033,PROD0027,4,356.31
ITEM0017537,ORD007033,PROD0104,5,66.01
ITEM0017538,ORD007034,PROD0075,3,383.73
ITEM0017539,ORD007035,PROD0066,1,370.45
ITEM0017540,ORD007035,PROD0039,1,410.66
ITEM0017541,ORD007036,PROD0100,4,208.15
ITEM0017542,ORD007036,PROD0051,3,294.17
ITEM0017543,ORD007036,PROD0058,1,356.49
ITEM0017544,ORD007037,PROD0141,4,19.31
ITEM0017545,ORD007038,PROD0008,3,174.9
ITEM0017546,ORD007039,PROD0001,1,342.2
ITEM0017547,ORD007039,PROD0043,1,251.98
ITEM0017548,ORD007039,PROD0030,1,314.5
ITEM0017549,ORD007040,PROD0089,3,289.58
ITEM0017550,ORD007040,PROD0109,2,126.44
ITEM0017551,ORD007040,PROD0131,5,130.48
ITEM0017552,ORD007040,PROD0083,4,306.64
ITEM0017553,ORD007041,PROD0047,4,288.09
ITEM0017554,ORD007041,PROD0123,3,95.95
ITEM0017555,ORD007041,PROD0017,2,234.28
ITEM0017556,ORD007041,PROD0009,4,138.45
ITEM0017557,ORD007042,PROD0105,3,308.26
ITEM0017558,ORD007042,PROD0053,2,292.19
ITEM0017559,ORD007042,PROD0121,4,287.5
ITEM0017560,ORD007042,PROD0119,3,103.02
ITEM0017561,ORD007043,PROD0063,3,665.26
ITEM0017562,ORD007044,PROD0036,1,33.3
ITEM0017563,ORD007045,PROD0143,1,453.59
ITEM0017564,ORD007045,PROD0096,1,321.49
ITEM0017565,ORD007046,PROD0126,5,263.88
ITEM0017566,ORD007046,PROD0100,5,208.15
ITEM0017567,ORD007046,PROD0093,4,573.11
ITEM0017568,ORD007047,PROD0103,1,305.68
ITEM0017569,ORD007047,PROD0130,5,421.1
ITEM0017570,ORD007048,PROD0094,2,393.51
ITEM0017571,ORD007048,PROD0055,5,408.1
ITEM0017572,ORD007048,PROD0145,2,359.48
ITEM0017573,ORD007049,PROD0045,2,66.57
ITEM0017574,ORD007050,PROD0038,2,216.74
ITEM0017575,ORD007050,PROD0067,4,363.03
ITEM0017576,ORD007051,PROD0148,1,427.66
ITEM0017577,ORD007051,PROD0110,2,39.23
ITEM0017578,ORD007051,PROD0050,2,235.27
ITEM0017579,ORD007051,PROD0018,3,119.66
ITEM0017580,ORD007052,PROD0058,4,356.49
ITEM0017581,ORD007052,PROD0150,1,88.94
ITEM0017582,ORD007053,PROD0106,5,508.9
ITEM0017583,ORD007053,PROD0089,4,289.58
ITEM0017584,ORD007053,PROD0139,5,135.03
ITEM0017585,ORD007053,PROD0023,3,414.75
ITEM0017586,ORD007054,PROD0118,5,58.39
ITEM0017587,ORD007054,PROD0018,3,119.66
ITEM0017588,ORD007054,PROD0143,4,453.59
ITEM0017589,ORD007054,PROD0052,4,436.28
ITEM0017590,ORD007055,PROD0107,5,462.67
ITEM0017591,ORD007055,PROD0023,1,414.75
ITEM0017592,ORD007055,PROD0130,1,421.1
ITEM0017593,ORD007055,PROD0147,2,570.65
ITEM0017594,ORD007056,PROD0107,5,462.67
ITEM0017595,ORD007056,PROD0127,5,9.71
ITEM0017596,ORD007057,PROD0110,1,39.23
ITEM0017597,ORD007057,PROD0009,5,138.45
ITEM0017598,ORD007058,PROD0129,1,246.64
ITEM0017599,ORD007058,PROD0044,4,474.28
ITEM0017600,ORD007059,PROD0091,3,161.11
ITEM0017601,ORD007060,PROD0121,1,287.5
ITEM0017602,ORD007061,PROD0046,2,207.44
ITEM0017603,ORD007061,PROD0054,5,135.13
ITEM0017604,ORD007062,PROD0003,1,4.27
ITEM0017605,ORD007063,PROD0145,2,359.48
ITEM0017606,ORD007063,PROD0121,-3,287.5
ITEM0017607,ORD007063,PROD0015,5,442.7
ITEM0017608,ORD007064,PROD0030,2,314.5
ITEM0017609,ORD007064,PROD0150,3,88.94
ITEM0017610,ORD007064,PROD0062,3,355.88
ITEM0017611,ORD007065,PROD0123,3,95.95
ITEM0017612,ORD007065,PROD0017,3,234.28
ITEM0017613,ORD007065,PROD0147,4,570.65
ITEM0017614,ORD007065,PROD0130,5,421.1
ITEM0017615,ORD007066,PROD0003,3,4.27
ITEM0017616,ORD007066,PROD0066,3,370.45
ITEM0017617,ORD007067,PROD0011,5,325.01
ITEM0017618,ORD007067,PROD0041,2,438.01
ITEM0017619,ORD007067,PROD0084,4,464.44
ITEM0017620,ORD007067,PROD0064,4,411.35
ITEM0017621,ORD007068,PROD0087,1,193.52
ITEM0017622,ORD007069,PROD0044,2,474.28
ITEM0017623,ORD007070,PROD0136,4,485.57
ITEM0017624,ORD007070,PROD0013,1,196.91
ITEM0017625,ORD007071,PROD0021,2,487.35
ITEM0017626,ORD007071,PROD0045,5,66.57
ITEM0017627,ORD007071,PROD0080,1,392.58
ITEM0017628,ORD007072,PROD0121,3,287.5
ITEM0017629,ORD007073,PROD0085,5,602.46
ITEM0017630,ORD007073,PROD0110,3,39.23
ITEM0017631,ORD007074,PROD0079,1,61.84
ITEM0017632,ORD007075,PROD0026,4,585.88
ITEM0017633,ORD007075,PROD0021,2,487.35
ITEM0017634,ORD007075,PROD0091,1,161.11
ITEM0017635,ORD007075,PROD0138,4,43.7
ITEM0017636,ORD007076,PROD0093,4,573.11
ITEM0017637,ORD007076,PROD0104,4,66.01
ITEM0017638,ORD007077,PROD0123,1,95.95
ITEM0017639,ORD007078,PROD0067,3,363.03
ITEM0017640,ORD007078,PROD0077,1,286.06
ITEM0017641,ORD007079,PROD0086,3,203.78
ITEM0017642,ORD007080,PROD0085,2,602.46
ITEM0017643,ORD007080,PROD0031,2,15.13
ITEM0017644,ORD007080,PROD0033,4,470.6
ITEM0017645,ORD007081,PROD0006,3,98.27
ITEM0017646,ORD007081,PROD0088,4,51.09
ITEM0017647,ORD007081,PROD0002,5,112.42
ITEM0017648,ORD007081,PROD0116,5,366.52
ITEM0017649,ORD007082,PROD0074,2,122.74
ITEM0017650,ORD007083,PROD0032,4,172.77
ITEM0017651,ORD007083,PROD0009,1,138.45
ITEM0017652,ORD007084,PROD0138,3,43.7
ITEM0017653,ORD007084,PROD0073,3,241.62
ITEM0017654,ORD007085,PROD0088,3,51.09
ITEM0017655,ORD007085,PROD0005,4,196.98
ITEM0017656,ORD007085,PROD0013,5,196.91
ITEM0017657,ORD007085,PROD0074,2,122.74
ITEM0017658,ORD007086,PROD0092,1,557.9
ITEM0017659,ORD007086,PROD0004,3,129.15
ITEM0017660,ORD007087,PROD0131,2,130.48
ITEM0017661,ORD007087,PROD0149,4,139.28
ITEM0017662,ORD007087,PROD0102,1,266.91
ITEM0017663,ORD007087,PROD0059,5,254.01
ITEM0017664,ORD007088,PROD0017,1,234.28
ITEM0017665,ORD007088,PROD0090,4,51.56
ITEM0017666,ORD007089,PROD0047,5,288.09
ITEM0017667,ORD007089,PROD0098,2,351.41
ITEM0017668,ORD007089,PROD0043,4,251.98
ITEM0017669,ORD007090,PROD0017,1,-234.28
ITEM0017670,ORD007090,PROD0134,1,192.47
ITEM0017671,ORD007091,PROD0095,5,271.32
ITEM0017672,ORD007092,PROD0040,5,508.7
ITEM0017673,ORD007093,PROD0025,3,23.62
ITEM0017674,ORD007093,PROD0119,3,103.02
ITEM0017675,ORD007093,PROD0122,2,484.26
ITEM0017676,ORD007094,PROD0028,2,463.5
ITEM0017677,ORD007094,PROD0045,3,66.57
ITEM0017678,ORD007095,PROD0122,3,484.26
ITEM0017679,ORD007095,PROD0087,3,193.52
ITEM0017680,ORD007095,PROD0006,2,98.27
ITEM0017681,ORD007095,PROD0126,5,263.88
ITEM0017682,ORD007096,PROD0112,4,308.35
ITEM0017683,ORD007097,PROD0010,3,488.99
ITEM0017684,ORD007097,PROD0086,2,203.78
ITEM0017685,ORD007097,PROD0059,2,254.01
ITEM0017686,ORD007098,PROD0044,1,474.28
ITEM0017687,ORD007098,PROD0010,5,488.99
ITEM0017688,ORD007098,PROD0066,4,370.45
ITEM0017689,ORD007099,PROD0039,5,410.66
ITEM0017690,ORD007099,PROD0140,3,-496.11
ITEM0017691,ORD007099,PROD0018,2,119.66
ITEM0017692,ORD007100,PROD0121,5,287.5
ITEM0017693,ORD007100,PROD0006,3,98.27
ITEM0017694,ORD007101,PROD0021,4,487.35
ITEM0017695,ORD007101,PROD0127,3,9.71
ITEM0017696,ORD007102,PROD0130,4,421.1
ITEM0017697,ORD007102,PROD0022,3,380.56
ITEM0017698,ORD007102,PROD0092,5,557.9
ITEM0017699,ORD007102,PROD0036,5,33.3
ITEM0017700,ORD007103,PROD0021,5,487.35
ITEM0017701,ORD007103,PROD0078,3,57.56
ITEM0017702,ORD007103,PROD0126,5,263.88
ITEM0017703,ORD007103,PROD0120,-2,261.92
ITEM0017704,ORD007104,PROD0140,2,496.11
ITEM0017705,ORD007104,PROD0054,4,135.13
ITEM0017706,ORD007104,PROD0040,5,508.7
ITEM0017707,ORD007105,PROD0099,5,386.23
ITEM0017708,ORD007105,PROD0091,4,161.11
ITEM0017709,ORD007106,PROD0139,4,135.03
ITEM0017710,ORD007106,PROD0012,5,589.04
ITEM0017711,ORD007107,PROD0040,5,508.7
ITEM0017712,ORD007107,PROD0038,2,216.74
ITEM0017713,ORD007107,PROD0062,2,355.88
ITEM0017714,ORD007108,PROD0008,1,174.9
ITEM0017715,ORD007108,PROD0101,4,182.81
ITEM0017716,ORD007108,PROD0054,5,135.13
ITEM0017717,ORD007108,PROD0131,5,130.48
ITEM0017718,ORD007109,PROD0058,5,356.49
ITEM0017719,ORD007109,PROD0112,1,308.35
ITEM0017720,ORD007110,PROD0004,3,129.15
ITEM0017721,ORD007110,PROD0069,2,619.75
ITEM0017722,ORD007111,PROD0142,2,347.19
ITEM0017723,ORD007111,PROD0058,1,356.49
ITEM0017724,ORD007111,PROD0044,3,474.28
ITEM0017725,ORD007111,PROD0147,3,570.65
ITEM0017726,ORD007112,PROD0038,5,216.74
ITEM0017727,ORD007112,PROD0056,4,-249.02
ITEM0017728,ORD007113,PROD0098,3,351.41
ITEM0017729,ORD007113,PROD0015,3,442.7
ITEM0017730,ORD007114,PROD0065,4,153.97
ITEM0017731,ORD007115,PROD0110,3,39.23
ITEM0017732,ORD007116,PROD0016,3,30.39
ITEM0017733,ORD007116,PROD0026,5,585.88
ITEM0017734,ORD007117,PROD0044,2,474.28
ITEM0017735,ORD007118,PROD0061,2,683.51
ITEM0017736,ORD007118,PROD0033,5,470.6
ITEM0017737,ORD007119,PROD0015,3,442.7
ITEM0017738,ORD007119,PROD0005,2,196.98
ITEM0017739,ORD007120,PROD0150,2,88.94
ITEM0017740,ORD007121,PROD0117,4,130.11
ITEM0017741,ORD007121,PROD0138,2,43.7
ITEM0017742,ORD007121,PROD0144,4,105.68
ITEM0017743,ORD007121,PROD0013,2,196.91
ITEM0017744,ORD007122,PROD0023,4,414.75
ITEM0017745,ORD007122,PROD0122,4,484.26
ITEM0017746,ORD007122,PROD0003,-4,4.27
ITEM0017747,ORD007123,PROD0049,2,106.04
ITEM0017748,ORD007123,PROD0036,4,33.3
ITEM0017749,ORD007123,PROD0064,5,411.35
ITEM0017750,ORD007123,PROD0114,4,45.61
ITEM0017751,ORD007124,PROD0083,3,306.64
ITEM0017752,ORD007125,PROD0050,4,235.27
ITEM0017753,ORD007125,PROD0113,4,320.56
ITEM0017754,ORD007126,PROD0101,3,182.81
ITEM0017755,ORD007127,PROD0012,2,589.04
ITEM0017756,ORD007127,PROD0150,2,88.94
ITEM0017757,ORD007127,PROD0039,4,410.66
ITEM0017758,ORD007128,PROD0115,1,431.33
ITEM0017759,ORD007129,PROD0006,4,98.27
ITEM0017760,ORD007129,PROD0066,2,370.45
ITEM0017761,ORD007129,PROD0082,4,196.55
ITEM0017762,ORD007129,PROD0137,5,447.4
ITEM0017763,ORD007130,PROD0050,2,-235.27
ITEM0017764,ORD007131,PROD0078,1,57.56
ITEM0017765,ORD007131,PROD0146,3,292.2
ITEM0017766,ORD007132,PROD0029,5,93.87
ITEM0017767,ORD007132,PROD0063,3,665.26
ITEM0017768,ORD007132,PROD0046,3,207.44
ITEM0017769,ORD007132,PROD0013,5,196.91
ITEM0017770,ORD007133,PROD0141,5,19.31
ITEM0017771,ORD007133,PROD0136,5,485.57
ITEM0017772,ORD007133,PROD0139,5,135.03
ITEM0017773,ORD007134,PROD0105,5,308.26
ITEM0017774,ORD007134,PROD0141,2,19.31
ITEM0017775,ORD007134,PROD0075,1,383.73
ITEM0017776,ORD007134,PROD0007,3,248.82
ITEM0017777,ORD007135,PROD0008,5,174.9
ITEM0017778,ORD007135,PROD0035,2,27.57
ITEM0017779,ORD007135,PROD0015,4,442.7
ITEM0017780,ORD007136,PROD0147,4,570.65
ITEM0017781,ORD007137,PROD0041,2,438.01
ITEM0017782,ORD007137,PROD0123,3,95.95
ITEM0017783,ORD007138,PROD0139,1,135.03
ITEM0017784,ORD007138,PROD0030,4,314.5
ITEM0017785,ORD007138,PROD0025,2,23.62
ITEM0017786,ORD007139,PROD0017,3,234.28
ITEM0017787,ORD007139,PROD0082,3,196.55
ITEM0017788,ORD007140,PROD0027,1,356.31
ITEM0017789,ORD007141,PROD0061,4,683.51
ITEM0017790,ORD007142,PROD0111,2,408.22
ITEM0017791,ORD007143,PROD0147,4,-570.65
ITEM0017792,ORD007143,PROD0141,5,19.31
ITEM0017793,ORD007144,PROD0076,5,277.07
ITEM0017794,ORD007144,PROD0081,5,318.7
ITEM0017795,ORD007144,PROD0109,2,126.44
ITEM0017796,ORD007145,PROD0065,5,153.97
ITEM0017797,ORD007145,PROD0020,4,124.89
ITEM0017798,ORD007146,PROD0079,1,61.84
ITEM0017799,ORD007146,PROD0036,4,33.3
ITEM0017800,ORD007147,PROD0123,1,95.95
ITEM0017801,ORD007147,PROD0113,3,320.56
ITEM0017802,ORD007147,PROD0062,2,355.88
ITEM0017803,ORD007148,PROD0130,3,421.1
ITEM0017804,ORD007148,PROD0034,3,303.7
ITEM0017805,ORD007149,PROD0102,2,266.91
ITEM0017806,ORD007149,PROD0044,3,474.28
ITEM0017807,ORD007150,PROD0015,5,442.7
ITEM0017808,ORD007150,PROD0087,2,193.52
ITEM0017809,ORD007150,PROD0122,5,484.26
ITEM0017810,ORD007150,PROD0117,2,130.11
ITEM0017811,ORD007151,PROD0057,4,632.78
ITEM0017812,ORD007151,PROD0071,4,402.73
ITEM0017813,ORD007151,PROD0072,4,226.81
ITEM0017814,ORD007151,PROD0096,5,321.49
ITEM0017815,ORD007152,PROD0001,3,342.2
ITEM0017816,ORD007152,PROD0021,3,487.35
ITEM0017817,ORD007152,PROD0128,1,403.21
ITEM0017818,ORD007152,PROD0122,4,484.26
ITEM0017819,ORD007153,PROD0088,5,51.09
ITEM0017820,ORD007154,PROD0026,3,585.88
ITEM0017821,ORD007154,PROD0123,1,95.95
ITEM0017822,ORD007154,PROD0146,5,292.2
ITEM0017823,ORD007155,PROD0112,4,308.35
ITEM0017824,ORD007155,PROD0029,4,93.87
ITEM0017825,ORD007156,PROD0060,3,497.77
ITEM0017826,ORD007156,PROD0039,1,410.66
ITEM0017827,ORD007156,PROD0084,4,464.44
ITEM0017828,ORD007156,PROD0019,5,443.45
ITEM0017829,ORD007157,PROD0078,4,57.56
ITEM0017830,ORD007157,PROD0127,3,9.71
ITEM0017831,ORD007157,PROD0010,1,488.99
ITEM0017832,ORD007158,PROD0145,3,359.48
ITEM0017833,ORD007158,PROD0149,4,139.28
ITEM0017834,ORD007158,PROD0049,3,106.04
ITEM0017835,ORD007159,PROD0051,5,294.17
ITEM0017836,ORD007159,PROD0034,1,303.7
ITEM0017837,ORD007159,PROD0138,5,43.7
ITEM0017838,ORD007159,PROD0121,5,287.5
ITEM0017839,ORD007160,PROD0038,3,216.74
ITEM0017840,ORD007160,PROD0059,4,254.01
ITEM0017841,ORD007161,PROD0055,4,408.1
ITEM0017842,ORD007161,PROD0036,1,33.3
ITEM0017843,ORD007161,PROD0003,5,4.27
ITEM0017844,ORD007162,PROD0123,4,95.95
ITEM0017845,ORD007162,PROD0086,1,203.78
ITEM0017846,ORD007162,PROD0084,1,464.44
ITEM0017847,ORD007162,PROD0002,2,112.42
ITEM0017848,ORD007163,PROD0095,4,271.32
ITEM0017849,ORD007163,PROD0084,4,464.44
ITEM0017850,ORD007163,PROD0111,4,408.22
ITEM0017851,ORD007164,PROD0008,4,174.9
ITEM0017852,ORD007164,PROD0076,5,277.07
ITEM0017853,ORD007164,PROD0089,2,289.58
ITEM0017854,ORD007164,PROD0102,2,266.91
ITEM0017855,ORD007165,PROD0022,2,380.56
ITEM0017856,ORD007165,PROD0019,2,443.45
ITEM0017857,ORD007165,PROD0144,1,105.68
ITEM0017858,ORD007166,PROD0065,1,153.97
ITEM0017859,ORD007167,PROD0076,1,277.07
ITEM0017860,ORD007167,PROD0072,1,226.81
ITEM0017861,ORD007168,PROD0001,5,342.2
ITEM0017862,ORD007168,PROD0127,3,9.71
ITEM0017863,ORD007169,PROD0116,2,366.52
ITEM0017864,ORD007170,PROD0130,5,421.1
ITEM0017865,ORD007170,PROD0120,5,261.92
ITEM0017866,ORD007171,PROD0009,4,138.45
ITEM0017867,ORD007171,PROD0050,-4,235.27
ITEM0017868,ORD007171,PROD0102,3,266.91
ITEM0017869,ORD007171,PROD0031,2,15.13
ITEM0017870,ORD007172,PROD0003,1,4.27
ITEM0017871,ORD007172,PROD0089,3,289.58
ITEM0017872,ORD007173,PROD0016,3,30.39
ITEM0017873,ORD007173,PROD0119,3,103.02
ITEM0017874,ORD007173,PROD0018,3,119.66
ITEM0017875,ORD007173,PROD0024,4,594.24
ITEM0017876,ORD007174,PROD0073,2,241.62
ITEM0017877,ORD007175,PROD0124,4,173.3
ITEM0017878,ORD007175,PROD0030,2,314.5
ITEM0017879,ORD007175,PROD0025,3,23.62
ITEM0017880,ORD007175,PROD0028,3,463.5
ITEM0017881,ORD007176,PROD0089,1,289.58
ITEM0017882,ORD007176,PROD0130,4,421.1
ITEM0017883,ORD007176,PROD0044,3,474.28
ITEM0017884,ORD007176,PROD0120,5,261.92
ITEM0017885,ORD007177,PROD0031,3,15.13
ITEM0017886,ORD007178,PROD0143,4,453.59
ITEM0017887,ORD007178,PROD0118,1,58.39
ITEM0017888,ORD007178,PROD0054,5,135.13
ITEM0017889,ORD007179,PROD0004,4,129.15
ITEM0017890,ORD007179,PROD0065,5,153.97
ITEM0017891,ORD007180,PROD0007,4,248.82
ITEM0017892,ORD007180,PROD0121,1,287.5
ITEM0017893,ORD007180,PROD0047,5,288.09
ITEM0017894,ORD007180,PROD0009,2,138.45
ITEM0017895,ORD007181,PROD0143,5,453.59
ITEM0017896,ORD007181,PROD0112,2,308.35
ITEM0017897,ORD007182,PROD0012,4,589.04
ITEM0017898,ORD007183,PROD0083,4,306.64
ITEM0017899,ORD007183,PROD0028,3,463.5
ITEM0017900,ORD007183,PROD0112,4,308.35
ITEM0017901,ORD007183,PROD0117,1,130.11
ITEM0017902,ORD007184,PROD0044,5,474.28
ITEM0017903,ORD007184,PROD0002,2,112.42
ITEM0017904,ORD007184,PROD0058,1,356.49
ITEM0017905,ORD007185,PROD0015,5,442.7
ITEM0017906,ORD007185,PROD0073,3,241.62
ITEM0017907,ORD007185,PROD0132,1,316.5
ITEM0017908,ORD007186,PROD0122,3,484.26
ITEM0017909,ORD007186,PROD0035,4,27.57
ITEM0017910,ORD007186,PROD0128,-2,403.21
ITEM0017911,ORD007186,PROD0009,5,138.45
ITEM0017912,ORD007187,PROD0109,3,126.44
ITEM0017913,ORD007188,PROD0068,2,422.88
ITEM0017914,ORD007188,PROD0004,5,129.15
ITEM0017915,ORD007188,PROD0142,2,347.19
ITEM0017916,ORD007189,PROD0109,2,126.44
ITEM0017917,ORD007190,PROD0065,1,153.97
ITEM0017918,ORD007190,PROD0128,1,403.21
ITEM0017919,ORD007190,PROD0115,4,431.33
ITEM0017920,ORD007191,PROD0089,1,289.58
ITEM0017921,ORD007191,PROD0068,3,422.88
ITEM0017922,ORD007191,PROD0143,2,453.59
ITEM0017923,ORD007192,PROD0031,5,15.13
ITEM0017924,ORD007192,PROD0141,5,19.31
ITEM0017925,ORD007193,PROD0060,2,497.77
ITEM0017926,ORD007194,PROD0068,4,422.88
ITEM0017927,ORD007194,PROD0066,4,370.45
ITEM0017928,ORD007194,PROD0076,3,277.07
ITEM0017929,ORD007195,PROD0148,4,427.66
ITEM0017930,ORD007196,PROD0046,1,207.44
ITEM0017931,ORD007196,PROD0074,1,122.74
ITEM0017932,ORD007196,PROD0086,3,203.78
ITEM0017933,ORD007197,PROD0077,1,286.06
ITEM0017934,ORD007197,PROD0118,4,58.39
ITEM0017935,ORD007198,PROD0074,3,122.74
ITEM0017936,ORD007199,PROD0119,4,103.02
ITEM0017937,ORD007200,PROD0048,5,277.49
ITEM0017938,ORD007200,PROD0043,5,251.98
ITEM0017939,ORD007201,PROD0120,1,261.92
ITEM0017940,ORD007201,PROD0092,5,557.9
ITEM0017941,ORD007201,PROD0129,1,246.64
ITEM0017942,ORD007201,PROD0135,5,427.2
ITEM0017943,ORD007202,PROD0055,3,408.1
ITEM0017944,ORD007202,PROD0149,1,139.28
ITEM0017945,ORD007202,PROD0131,1,130.48
ITEM0017946,ORD007203,PROD0018,3,119.66
ITEM0017947,ORD007203,PROD0149,5,139.28
ITEM0017948,ORD007203,PROD0029,5,93.87
ITEM0017949,ORD007204,PROD0055,1,408.1
ITEM0017950,ORD007204,PROD0101,2,182.81
ITEM0017951,ORD007204,PROD0110,4,39.23
ITEM0017952,ORD007204,PROD0041,3,438.01
ITEM0017953,ORD007205,PROD0085,4,602.46
ITEM0017954,ORD007205,PROD0036,1,33.3
ITEM0017955,ORD007206,PROD0022,3,380.56
ITEM0017956,ORD007206,PROD0028,4,463.5
ITEM0017957,ORD007206,PROD0147,2,570.65
ITEM0017958,ORD007207,PROD0104,1,66.01
ITEM0017959,ORD007207,PROD0149,2,139.28
ITEM0017960,ORD007207,PROD0025,4,23.62
ITEM0017961,ORD007208,PROD0076,2,277.07
ITEM0017962,ORD007208,PROD0053,3,292.19
ITEM0017963,ORD007208,PROD0119,2,103.02
ITEM0017964,ORD007208,PROD0098,4,351.41
ITEM0017965,ORD007209,PROD0054,2,135.13
ITEM0017966,ORD007209,PROD0097,4,53.1
ITEM0017967,ORD007210,PROD0040,5,508.7
ITEM0017968,ORD007211,PROD0096,2,321.49
ITEM0017969,ORD007211,PROD0111,5,408.22
ITEM0017970,ORD007211,PROD0095,5,271.32
ITEM0017971,ORD007211,PROD0015,5,442.7
ITEM0017972,ORD007212,PROD0025,4,23.62
ITEM0017973,ORD007212,PROD0023,5,414.75
ITEM0017974,ORD007212,PROD0046,3,207.44
ITEM0017975,ORD007212,PROD0083,4,306.64
ITEM0017976,ORD007213,PROD0037,1,540.32
ITEM0017977,ORD007213,PROD0068,1,422.88
ITEM0017978,ORD007213,PROD0149,4,139.28
ITEM0017979,ORD007214,PROD0119,5,103.02
ITEM0017980,ORD007214,PROD0104,2,66.01
ITEM0017981,ORD007214,PROD0077,4,286.06
ITEM0017982,ORD007215,PROD0093,1,573.11
ITEM0017983,ORD007215,PROD0077,5,286.06
ITEM0017984,ORD007216,PROD0101,1,182.81
ITEM0017985,ORD007217,PROD0030,2,314.5
ITEM0017986,ORD007217,PROD0063,2,665.26
ITEM0017987,ORD007217,PROD0001,4,342.2
ITEM0017988,ORD007218,PROD0055,2,408.1
ITEM0017989,ORD007218,PROD0043,2,251.98
ITEM0017990,ORD007218,PROD0106,5,508.9
ITEM0017991,ORD007219,PROD0035,3,27.57
ITEM0017992,ORD007219,PROD0041,2,438.01
ITEM0017993,ORD007219,PROD0079,2,61.84
ITEM0017994,ORD007219,PROD0089,2,289.58
ITEM0017995,ORD007220,PROD0125,1,377.98
ITEM0017996,ORD007220,PROD0094,-5,393.51
ITEM0017997,ORD007221,PROD0068,4,422.88
ITEM0017998,ORD007221,PROD0084,2,464.44
ITEM0017999,ORD007222,PROD0150,5,88.94
ITEM0018000,ORD007222,PROD0139,3,135.03
ITEM0018001,ORD007223,PROD0025,2,-23.62
ITEM0018002,ORD007224,PROD0006,5,98.27
ITEM0018003,ORD007224,PROD0004,4,129.15
ITEM0018004,ORD007224,PROD0019,4,443.45
ITEM0018005,ORD007225,PROD0119,3,103.02
ITEM0018006,ORD007225,PROD0090,1,51.56
ITEM0018007,ORD007226,PROD0101,3,182.81
ITEM0018008,ORD007226,PROD0060,5,497.77
ITEM0018009,ORD007227,PROD0117,4,130.11
ITEM0018010,ORD007228,PROD0031,5,15.13
ITEM0018011,ORD007228,PROD0135,4,-427.2
ITEM0018012,ORD007228,PROD0065,4,153.97
ITEM0018013,ORD007228,PROD0055,4,408.1
ITEM0018014,ORD007229,PROD0066,1,370.45
ITEM0018015,ORD007229,PROD0109,2,126.44
ITEM0018016,ORD007230,PROD0025,3,23.62
ITEM0018017,ORD007230,PROD0091,2,161.11
ITEM0018018,ORD007231,PROD0098,1,351.41
ITEM0018019,ORD007231,PROD0119,3,103.02
ITEM0018020,ORD007231,PROD0046,5,207.44
ITEM0018021,ORD007231,PROD0131,1,130.48
ITEM0018022,ORD007232,PROD0145,5,359.48
ITEM0018023,ORD007232,PROD0018,4,119.66
ITEM0018024,ORD007232,PROD0080,1,392.58
ITEM0018025,ORD007232,PROD0059,2,254.01
ITEM0018026,ORD007233,PROD0065,3,153.97
ITEM0018027,ORD007233,PROD0084,4,464.44
ITEM0018028,ORD007234,PROD0024,4,594.24
ITEM0018029,ORD007235,PROD0006,3,98.27
ITEM0018030,ORD007235,PROD0083,1,306.64
ITEM0018031,ORD007236,PROD0050,1,235.27
ITEM0018032,ORD007236,PROD0035,1,27.57
ITEM0018033,ORD007237,PROD0040,1,508.7
ITEM0018034,ORD007237,PROD0017,1,234.28
ITEM0018035,ORD007238,PROD0116,1,366.52
ITEM0018036,ORD007239,PROD0034,2,303.7
ITEM0018037,ORD007239,PROD0095,1,271.32
ITEM0018038,ORD007240,PROD0143,1,453.59
ITEM0018039,ORD007240,PROD0071,5,402.73
ITEM0018040,ORD007240,PROD0030,1,314.5
ITEM0018041,ORD007241,PROD0057,2,632.78
ITEM0018042,ORD007242,PROD0031,2,15.13
ITEM0018043,ORD007242,PROD0103,5,305.68
ITEM0018044,ORD007242,PROD0052,3,436.28
ITEM0018045,ORD007243,PROD0148,4,427.66
ITEM0018046,ORD007243,PROD0122,2,484.26
ITEM0018047,ORD007243,PROD0079,5,61.84
ITEM0018048,ORD007243,PROD0077,3,286.06
ITEM0018049,ORD007244,PROD0118,5,58.39
ITEM0018050,ORD007245,PROD0018,4,119.66
ITEM0018051,ORD007245,PROD0006,1,98.27
ITEM0018052,ORD007246,PROD0011,1,325.01
ITEM0018053,ORD007246,PROD0068,1,422.88
ITEM0018054,ORD007246,PROD0040,5,508.7
ITEM0018055,ORD007246,PROD0015,4,442.7
ITEM0018056,ORD007247,PROD0078,5,57.56
ITEM0018057,ORD007247,PROD0134,3,192.47
ITEM0018058,ORD007247,PROD0029,4,93.87
ITEM0018059,ORD007247,PROD0132,5,316.5
ITEM0018060,ORD007248,PROD0104,4,66.01
ITEM0018061,ORD007249,PROD0121,1,287.5
ITEM0018062,ORD007249,PROD0089,2,289.58
ITEM0018063,ORD007249,PROD0117,1,130.11
ITEM0018064,ORD007249,PROD0049,4,106.04
ITEM0018065,ORD007250,PROD0062,3,355.88
ITEM0018066,ORD007250,PROD0036,1,33.3
ITEM0018067,ORD007251,PROD0102,1,266.91
ITEM0018068,ORD007251,PROD0010,3,488.99
ITEM0018069,ORD007252,PROD0029,3,93.87
ITEM0018070,ORD007252,PROD0050,3,235.27
ITEM0018071,ORD007253,PROD0071,4,402.73
ITEM0018072,ORD007253,PROD0032,3,172.77
ITEM0018073,ORD007254,PROD0129,3,246.64
ITEM0018074,ORD007254,PROD0116,1,366.52
ITEM0018075,ORD007254,PROD0042,2,394.4
ITEM0018076,ORD007254,PROD0102,4,266.91
ITEM0018077,ORD007255,PROD0096,2,321.49
ITEM0018078,ORD007255,PROD0023,3,414.75
ITEM0018079,ORD007255,PROD0052,4,436.28
ITEM0018080,ORD007256,PROD0028,1,463.5
ITEM0018081,ORD007256,PROD0012,4,589.04
ITEM0018082,ORD007256,PROD0143,4,453.59
ITEM0018083,ORD007256,PROD0086,5,203.78
ITEM0018084,ORD007257,PROD0013,3,196.91
ITEM0018085,ORD007258,PROD0101,1,182.81
ITEM0018086,ORD007258,PROD0117,2,130.11
ITEM0018087,ORD007259,PROD0107,5,462.67
ITEM0018088,ORD007259,PROD0077,1,286.06
ITEM0018089,ORD007259,PROD0002,4,112.42
ITEM0018090,ORD007259,PROD0009,1,138.45
ITEM0018091,ORD007260,PROD0098,3,351.41
ITEM0018092,ORD007260,PROD0126,4,263.88
ITEM0018093,ORD007260,PROD0100,5,208.15
ITEM0018094,ORD007261,PROD0073,2,241.62
ITEM0018095,ORD007261,PROD0146,4,292.2
ITEM0018096,ORD007261,PROD0067,1,363.03
ITEM0018097,ORD007261,PROD0032,3,172.77
ITEM0018098,ORD007262,PROD0004,2,129.15
ITEM0018099,ORD007263,PROD0145,1,359.48
ITEM0018100,ORD007264,PROD0091,4,161.11
ITEM0018101,ORD007264,PROD0049,4,106.04
ITEM0018102,ORD007264,PROD0135,1,427.2
ITEM0018103,ORD007265,PROD0150,-1,88.94
ITEM0018104,ORD007265,PROD0004,4,129.15
ITEM0018105,ORD007266,PROD0119,1,103.02
ITEM0018106,ORD007266,PROD0109,1,126.44
ITEM0018107,ORD007266,PROD0081,2,318.7
ITEM0018108,ORD007266,PROD0054,3,135.13
ITEM0018109,ORD007267,PROD0046,3,207.44
ITEM0018110,ORD007268,PROD0112,1,308.35
ITEM0018111,ORD007268,PROD0020,5,124.89
ITEM0018112,ORD007268,PROD0011,1,325.01
ITEM0018113,ORD007268,PROD0071,2,402.73
ITEM0018114,ORD007269,PROD0048,5,277.49
ITEM0018115,ORD007269,PROD0066,3,370.45
ITEM0018116,ORD007269,PROD0084,3,464.44
ITEM0018117,ORD007270,PROD0067,2,363.03
ITEM0018118,ORD007270,PROD0132,3,316.5
ITEM0018119,ORD007270,PROD0049,1,106.04
ITEM0018120,ORD007270,PROD0046,4,207.44
ITEM0018121,ORD007271,PROD0143,5,453.59
ITEM0018122,ORD007272,PROD0024,3,594.24
ITEM0018123,ORD007272,PROD0126,2,263.88
ITEM0018124,ORD007272,PROD0043,1,251.98
ITEM0018125,ORD007273,PROD0109,2,126.44
ITEM0018126,ORD007273,PROD0067,1,363.03
ITEM0018127,ORD007274,PROD0045,4,66.57
ITEM0018128,ORD007275,PROD0051,5,294.17
ITEM0018129,ORD007275,PROD0058,2,356.49
ITEM0018130,ORD007275,PROD0041,3,438.01
ITEM0018131,ORD007276,PROD0036,1,33.3
ITEM0018132,ORD007276,PROD0150,1,88.94
ITEM0018133,ORD007277,PROD0082,5,196.55
ITEM0018134,ORD007277,PROD0048,5,277.49
ITEM0018135,ORD007278,PROD0070,2,271.29
ITEM0018136,ORD007278,PROD0059,3,254.01
ITEM0018137,ORD007279,PROD0125,2,377.98
ITEM0018138,ORD007279,PROD0059,3,254.01
ITEM0018139,ORD007280,PROD0136,1,485.57
ITEM0018140,ORD007280,PROD0088,2,51.09
ITEM0018141,ORD007280,PROD0146,5,292.2
ITEM0018142,ORD007281,PROD0106,4,508.9
ITEM0018143,ORD007281,PROD0114,1,45.61
ITEM0018144,ORD007281,PROD0032,4,172.77
ITEM0018145,ORD007281,PROD0011,5,325.01
ITEM0018146,ORD007282,PROD0070,5,271.29
ITEM0018147,ORD007282,PROD0067,5,363.03
ITEM0018148,ORD007282,PROD0144,5,105.68
ITEM0018149,ORD007282,PROD0068,4,422.88
ITEM0018150,ORD007283,PROD0104,5,66.01
ITEM0018151,ORD007283,PROD0102,5,266.91
ITEM0018152,ORD007283,PROD0003,3,4.27
ITEM0018153,ORD007284,PROD0015,5,442.7
ITEM0018154,ORD007285,PROD0137,2,447.4
ITEM0018155,ORD007285,PROD0150,3,88.94
ITEM0018156,ORD007286,PROD0128,4,403.21
ITEM0018157,ORD007286,PROD0139,4,135.03
ITEM0018158,ORD007287,PROD0140,3,496.11
ITEM0018159,ORD007287,PROD0059,2,254.01
ITEM0018160,ORD007287,PROD0067,4,363.03
ITEM0018161,ORD007288,PROD0072,5,226.81
ITEM0018162,ORD007288,PROD0049,2,106.04
ITEM0018163,ORD007289,PROD0083,1,306.64
ITEM0018164,ORD007290,PROD0116,3,366.52
ITEM0018165,ORD007290,PROD0094,1,393.51
ITEM0018166,ORD007290,PROD0062,2,355.88
ITEM0018167,ORD007290,PROD0053,4,292.19
ITEM0018168,ORD007291,PROD0007,5,248.82
ITEM0018169,ORD007291,PROD0074,4,122.74
ITEM0018170,ORD007291,PROD0145,1,359.48
ITEM0018171,ORD007291,PROD0047,2,288.09
ITEM0018172,ORD007292,PROD0085,5,602.46
ITEM0018173,ORD007292,PROD0086,3,203.78
ITEM0018174,ORD007292,PROD0015,2,442.7
ITEM0018175,ORD007293,PROD0072,5,226.81
ITEM0018176,ORD007293,PROD0068,2,422.88
ITEM0018177,ORD007294,PROD0067,1,363.03
ITEM0018178,ORD007294,PROD0141,5,19.31
ITEM0018179,ORD007294,PROD0114,1,45.61
ITEM0018180,ORD007294,PROD0081,5,318.7
ITEM0018181,ORD007295,PROD0032,5,172.77
ITEM0018182,ORD007295,PROD0045,3,66.57
ITEM0018183,ORD007296,PROD0051,5,294.17
ITEM0018184,ORD007297,PROD0149,2,139.28
ITEM0018185,ORD007298,PROD0038,2,216.74
ITEM0018186,ORD007299,PROD0016,4,30.39
ITEM0018187,ORD007299,PROD0044,4,474.28
ITEM0018188,ORD007299,PROD0042,1,394.4
ITEM0018189,ORD007300,PROD0113,2,320.56
ITEM0018190,ORD007300,PROD0134,4,192.47
ITEM0018191,ORD007300,PROD0097,5,53.1
ITEM0018192,ORD007301,PROD0121,5,287.5
ITEM0018193,ORD007301,PROD0041,5,438.01
ITEM0018194,ORD007302,PROD0019,5,443.45
ITEM0018195,ORD007302,PROD0074,4,122.74
ITEM0018196,ORD007302,PROD0092,3,557.9
ITEM0018197,ORD007302,PROD0052,2,436.28
ITEM0018198,ORD007303,PROD0118,5,58.39
ITEM0018199,ORD007303,PROD0024,3,594.24
ITEM0018200,ORD007304,PROD0013,1,196.91
ITEM0018201,ORD007304,PROD0041,1,438.01
ITEM0018202,ORD007304,PROD0009,4,138.45
ITEM0018203,ORD007304,PROD0065,3,153.97
ITEM0018204,ORD007305,PROD0029,1,93.87
ITEM0018205,ORD007305,PROD0025,4,23.62
ITEM0018206,ORD007305,PROD0008,1,174.9
ITEM0018207,ORD007306,PROD0028,2,463.5
ITEM0018208,ORD007306,PROD0070,4,271.29
ITEM0018209,ORD007306,PROD0075,1,383.73
ITEM0018210,ORD007306,PROD0132,2,316.5
ITEM0018211,ORD007307,PROD0104,3,66.01
ITEM0018212,ORD007308,PROD0132,5,316.5
ITEM0018213,ORD007308,PROD0018,4,119.66
ITEM0018214,ORD007309,PROD0025,1,23.62
ITEM0018215,ORD007310,PROD0057,3,632.78
ITEM0018216,ORD007311,PROD0060,2,497.77
ITEM0018217,ORD007311,PROD0104,4,66.01
ITEM0018218,ORD007311,PROD0068,3,422.88
ITEM0018219,ORD007312,PROD0144,3,105.68
ITEM0018220,ORD007313,PROD0136,4,485.57
ITEM0018221,ORD007313,PROD0058,2,356.49
ITEM0018222,ORD007313,PROD0113,1,320.56
ITEM0018223,ORD007313,PROD0079,4,61.84
ITEM0018224,ORD007314,PROD0065,4,153.97
ITEM0018225,ORD007314,PROD0097,3,53.1
ITEM0018226,ORD007314,PROD0004,2,129.15
ITEM0018227,ORD007315,PROD0129,5,246.64
ITEM0018228,ORD007315,PROD0125,5,377.98
ITEM0018229,ORD007315,PROD0073,5,241.62
ITEM0018230,ORD007315,PROD0137,3,447.4
ITEM0018231,ORD007316,PROD0008,3,174.9
ITEM0018232,ORD007316,PROD0027,4,356.31
ITEM0018233,ORD007317,PROD0139,3,135.03
ITEM0018234,ORD007317,PROD0058,2,356.49
ITEM0018235,ORD007318,PROD0041,3,438.01
ITEM0018236,ORD007319,PROD0096,2,321.49
ITEM0018237,ORD007320,PROD0106,1,508.9
ITEM0018238,ORD007320,PROD0021,4,487.35
ITEM0018239,ORD007321,PROD0023,3,414.75
ITEM0018240,ORD007321,PROD0124,5,173.3
ITEM0018241,ORD007321,PROD0142,1,347.19
ITEM0018242,ORD007322,PROD0004,3,129.15
ITEM0018243,ORD007322,PROD0101,3,182.81
ITEM0018244,ORD007322,PROD0066,1,370.45
ITEM0018245,ORD007323,PROD0033,2,470.6
ITEM0018246,ORD007324,PROD0047,4,288.09
ITEM0018247,ORD007324,PROD0110,3,39.23
ITEM0018248,ORD007324,PROD0053,3,292.19
ITEM0018249,ORD007324,PROD0040,2,508.7
ITEM0018250,ORD007325,PROD0141,4,19.31
ITEM0018251,ORD007325,PROD0027,1,356.31
ITEM0018252,ORD007325,PROD0008,2,174.9
ITEM0018253,ORD007326,PROD0120,3,261.92
ITEM0018254,ORD007326,PROD0100,4,208.15
ITEM0018255,ORD007326,PROD0040,5,508.7
ITEM0018256,ORD007327,PROD0133,1,317.22
ITEM0018257,ORD007327,PROD0088,5,51.09
ITEM0018258,ORD007327,PROD0013,2,196.91
ITEM0018259,ORD007328,PROD0055,1,408.1
ITEM0018260,ORD007328,PROD0077,5,286.06
ITEM0018261,ORD007328,PROD0006,3,98.27
ITEM0018262,ORD007328,PROD0005,3,196.98
ITEM0018263,ORD007329,PROD0142,5,347.19
ITEM0018264,ORD007329,PROD0083,2,306.64
ITEM0018265,ORD007329,PROD0054,4,135.13
ITEM0018266,ORD007329,PROD0051,4,294.17
ITEM0018267,ORD007330,PROD0027,3,356.31
ITEM0018268,ORD007331,PROD0101,5,182.81
ITEM0018269,ORD007331,PROD0078,4,57.56
ITEM0018270,ORD007331,PROD0147,1,570.65
ITEM0018271,ORD007331,PROD0142,5,347.19
ITEM0018272,ORD007332,PROD0003,2,4.27
ITEM0018273,ORD007333,PROD0084,2,464.44
ITEM0018274,ORD007333,PROD0085,1,602.46
ITEM0018275,ORD007334,PROD0128,-2,403.21
ITEM0018276,ORD007334,PROD0012,2,589.04
ITEM0018277,ORD007334,PROD0073,3,241.62
ITEM0018278,ORD007335,PROD0034,4,-303.7
ITEM0018279,ORD007335,PROD0031,1,15.13
ITEM0018280,ORD007336,PROD0064,1,411.35
ITEM0018281,ORD007336,PROD0006,2,98.27
ITEM0018282,ORD007336,PROD0141,5,19.31
ITEM0018283,ORD007336,PROD0114,3,45.61
ITEM0018284,ORD007337,PROD0136,1,485.57
ITEM0018285,ORD007337,PROD0036,4,33.3
ITEM0018286,ORD007337,PROD0043,2,251.98
ITEM0018287,ORD007338,PROD0113,3,320.56
ITEM0018288,ORD007338,PROD0057,5,632.78
ITEM0018289,ORD007339,PROD0125,4,377.98
ITEM0018290,ORD007339,PROD0008,4,174.9
ITEM0018291,ORD007340,PROD0009,1,138.45
ITEM0018292,ORD007340,PROD0051,2,294.17
ITEM0018293,ORD007340,PROD0117,3,130.11
ITEM0018294,ORD007341,PROD0121,2,287.5
ITEM0018295,ORD007342,PROD0018,4,119.66
ITEM0018296,ORD007343,PROD0013,4,196.91
ITEM0018297,ORD007343,PROD0137,3,447.4
ITEM0018298,ORD007343,PROD0031,2,15.13
ITEM0018299,ORD007343,PROD0008,2,174.9
ITEM0018300,ORD007344,PROD0083,4,306.64
ITEM0018301,ORD007344,PROD0122,5,484.26
ITEM0018302,ORD007344,PROD0088,4,51.09
ITEM0018303,ORD007345,PROD0026,1,585.88
ITEM0018304,ORD007345,PROD0118,2,58.39
ITEM0018305,ORD007345,PROD0066,2,370.45
ITEM0018306,ORD007346,PROD0091,1,161.11
ITEM0018307,ORD007346,PROD0053,4,292.19
ITEM0018308,ORD007347,PROD0066,3,370.45
ITEM0018309,ORD007347,PROD0144,1,105.68
ITEM0018310,ORD007348,PROD0011,5,325.01
ITEM0018311,ORD007348,PROD0028,5,463.5
ITEM0018312,ORD007348,PROD0038,3,216.74
ITEM0018313,ORD007349,PROD0046,4,207.44
ITEM0018314,ORD007349,PROD0099,3,386.23
ITEM0018315,ORD007349,PROD0052,2,436.28
ITEM0018316,ORD007350,PROD0022,5,380.56
ITEM0018317,ORD007350,PROD0083,1,306.64
ITEM0018318,ORD007350,PROD0002,4,112.42
ITEM0018319,ORD007351,PROD0006,1,98.27
ITEM0018320,ORD007351,PROD0077,4,286.06
ITEM0018321,ORD007351,PROD0058,2,356.49
ITEM0018322,ORD007352,PROD0017,4,234.28
ITEM0018323,ORD007353,PROD0095,3,271.32
ITEM0018324,ORD007353,PROD0016,5,30.39
ITEM0018325,ORD007353,PROD0034,3,303.7
ITEM0018326,ORD007354,PROD0080,1,392.58
ITEM0018327,ORD007354,PROD0031,1,15.13
ITEM0018328,ORD007354,PROD0016,5,30.39
ITEM0018329,ORD007354,PROD0060,2,497.77
ITEM0018330,ORD007355,PROD0052,2,436.28
ITEM0018331,ORD007355,PROD0085,5,602.46
ITEM0018332,ORD007355,PROD0073,2,241.62
ITEM0018333,ORD007355,PROD0002,4,112.42
ITEM0018334,ORD007356,PROD0039,3,410.66
ITEM0018335,ORD007356,PROD0071,5,402.73
ITEM0018336,ORD007357,PROD0088,5,51.09
ITEM0018337,ORD007357,PROD0021,1,487.35
ITEM0018338,ORD007357,PROD0070,4,271.29
ITEM0018339,ORD007358,PROD0079,3,61.84
ITEM0018340,ORD007358,PROD0067,5,363.03
ITEM0018341,ORD007359,PROD0020,2,124.89
ITEM0018342,ORD007359,PROD0087,4,193.52
ITEM0018343,ORD007359,PROD0140,5,496.11
ITEM0018344,ORD007359,PROD0144,4,105.68
ITEM0018345,ORD007360,PROD0145,4,359.48
ITEM0018346,ORD007360,PROD0074,2,122.74
ITEM0018347,ORD007360,PROD0005,3,196.98
ITEM0018348,ORD007361,PROD0001,2,342.2
ITEM0018349,ORD007361,PROD0032,5,172.77
ITEM0018350,ORD007361,PROD0017,2,234.28
ITEM0018351,ORD007362,PROD0007,3,248.82
ITEM0018352,ORD007363,PROD0150,5,88.94
ITEM0018353,ORD007363,PROD0046,2,207.44
ITEM0018354,ORD007364,PROD0081,2,318.7
ITEM0018355,ORD007364,PROD0004,1,129.15
ITEM0018356,ORD007364,PROD0117,1,130.11
ITEM0018357,ORD007364,PROD0124,4,173.3
ITEM0018358,ORD007365,PROD0003,1,4.27
ITEM0018359,ORD007365,PROD0011,1,325.01
ITEM0018360,ORD007366,PROD0129,3,246.64
ITEM0018361,ORD007366,PROD0084,2,464.44
ITEM0018362,ORD007366,PROD0029,5,93.87
ITEM0018363,ORD007366,PROD0062,4,355.88
ITEM0018364,ORD007367,PROD0122,3,484.26
ITEM0018365,ORD007367,PROD0135,1,427.2
ITEM0018366,ORD007367,PROD0009,3,138.45
ITEM0018367,ORD007368,PROD0105,3,308.26
ITEM0018368,ORD007368,PROD0076,4,277.07
ITEM0018369,ORD007368,PROD0096,-4,321.49
ITEM0018370,ORD007368,PROD0094,1,393.51
ITEM0018371,ORD007369,PROD0098,1,351.41
ITEM0018372,ORD007369,PROD0086,4,203.78
ITEM0018373,ORD007369,PROD0144,2,105.68
ITEM0018374,ORD007369,PROD0148,4,427.66
ITEM0018375,ORD007370,PROD0029,4,93.87
ITEM0018376,ORD007370,PROD0087,2,193.52
ITEM0018377,ORD007371,PROD0070,3,271.29
ITEM0018378,ORD007372,PROD0136,1,485.57
ITEM0018379,ORD007373,PROD0025,5,23.62
ITEM0018380,ORD007373,PROD0027,1,356.31
ITEM0018381,ORD007374,PROD0129,4,246.64
ITEM0018382,ORD007374,PROD0014,1,16.7
ITEM0018383,ORD007374,PROD0052,5,436.28
ITEM0018384,ORD007374,PROD0001,3,342.2
ITEM0018385,ORD007375,PROD0114,3,45.61
ITEM0018386,ORD007376,PROD0084,5,464.44
ITEM0018387,ORD007376,PROD0113,2,320.56
ITEM0018388,ORD007376,PROD0102,4,266.91
ITEM0018389,ORD007377,PROD0137,1,447.4
ITEM0018390,ORD007378,PROD0099,3,386.23
ITEM0018391,ORD007379,PROD0024,1,594.24
ITEM0018392,ORD007379,PROD0077,2,286.06
ITEM0018393,ORD007379,PROD0131,5,130.48
ITEM0018394,ORD007380,PROD0059,2,254.01
ITEM0018395,ORD007381,PROD0114,1,45.61
ITEM0018396,ORD007381,PROD0016,4,30.39
ITEM0018397,ORD007381,PROD0006,5,98.27
ITEM0018398,ORD007381,PROD0122,1,484.26
ITEM0018399,ORD007382,PROD0055,5,408.1
ITEM0018400,ORD007383,PROD0023,4,414.75
ITEM0018401,ORD007384,PROD0004,1,129.15
ITEM0018402,ORD007385,PROD0029,4,93.87
ITEM0018403,ORD007386,PROD0019,5,443.45
ITEM0018404,ORD007386,PROD0051,4,294.17
ITEM0018405,ORD007386,PROD0134,3,192.47
ITEM0018406,ORD007386,PROD0101,4,182.81
ITEM0018407,ORD007387,PROD0033,5,470.6
ITEM0018408,ORD007387,PROD0089,5,289.58
ITEM0018409,ORD007387,PROD0069,5,619.75
ITEM0018410,ORD007387,PROD0078,1,57.56
ITEM0018411,ORD007388,PROD0120,3,261.92
ITEM0018412,ORD007388,PROD0086,1,203.78
ITEM0018413,ORD007389,PROD0065,5,153.97
ITEM0018414,ORD007390,PROD0097,4,53.1
ITEM0018415,ORD007390,PROD0072,2,226.81
ITEM0018416,ORD007390,PROD0104,1,66.01
ITEM0018417,ORD007390,PROD0057,4,632.78
ITEM0018418,ORD007391,PROD0030,3,314.5
ITEM0018419,ORD007391,PROD0022,2,380.56
ITEM0018420,ORD007392,PROD0033,3,470.6
ITEM0018421,ORD007392,PROD0131,1,130.48
ITEM0018422,ORD007392,PROD0084,4,464.44
ITEM0018423,ORD007393,PROD0040,1,508.7
ITEM0018424,ORD007393,PROD0138,3,43.7
ITEM0018425,ORD007394,PROD0017,5,234.28
ITEM0018426,ORD007394,PROD0024,5,594.24
ITEM0018427,ORD007394,PROD0115,3,431.33
ITEM0018428,ORD007395,PROD0079,1,61.84
ITEM0018429,ORD007395,PROD0099,1,-386.23
ITEM0018430,ORD007395,PROD0044,1,474.28
ITEM0018431,ORD007396,PROD0028,3,463.5
ITEM0018432,ORD007397,PROD0054,3,135.13
ITEM0018433,ORD007398,PROD0068,4,422.88
ITEM0018434,ORD007399,PROD0127,1,9.71
ITEM0018435,ORD007399,PROD0120,2,261.92
ITEM0018436,ORD007399,PROD0044,1,474.28
ITEM0018437,ORD007399,PROD0136,4,485.57
ITEM0018438,ORD007400,PROD0046,2,207.44
ITEM0018439,ORD007400,PROD0093,1,573.11
ITEM0018440,ORD007400,PROD0081,3,318.7
ITEM0018441,ORD007401,PROD0047,5,288.09
ITEM0018442,ORD007401,PROD0074,1,122.74
ITEM0018443,ORD007401,PROD0087,3,193.52
ITEM0018444,ORD007401,PROD0134,2,192.47
ITEM0018445,ORD007402,PROD0093,5,573.11
ITEM0018446,ORD007403,PROD0149,2,139.28
ITEM0018447,ORD007404,PROD0126,1,263.88
ITEM0018448,ORD007404,PROD0017,5,234.28
ITEM0018449,ORD007405,PROD0150,2,88.94
ITEM0018450,ORD007405,PROD0080,1,392.58
ITEM0018451,ORD007405,PROD0042,5,394.4
ITEM0018452,ORD007406,PROD0112,3,308.35
ITEM0018453,ORD007406,PROD0111,4,408.22
ITEM0018454,ORD007406,PROD0074,2,122.74
ITEM0018455,ORD007407,PROD0086,2,203.78
ITEM0018456,ORD007407,PROD0099,4,386.23
ITEM0018457,ORD007407,PROD0117,3,130.11
ITEM0018458,ORD007407,PROD0007,1,248.82
ITEM0018459,ORD007408,PROD0015,4,442.7
ITEM0018460,ORD007408,PROD0108,4,332.49
ITEM0018461,ORD007409,PROD0024,2,594.24
ITEM0018462,ORD007409,PROD0100,3,208.15
ITEM0018463,ORD007409,PROD0017,1,234.28
ITEM0018464,ORD007409,PROD0012,3,589.04
ITEM0018465,ORD007410,PROD0021,1,487.35
ITEM0018466,ORD007410,PROD0070,1,271.29
ITEM0018467,ORD007411,PROD0146,3,292.2
ITEM0018468,ORD007411,PROD0006,1,98.27
ITEM0018469,ORD007411,PROD0132,3,316.5
ITEM0018470,ORD007412,PROD0034,1,303.7
ITEM0018471,ORD007412,PROD0003,5,4.27
ITEM0018472,ORD007412,PROD0036,4,33.3
ITEM0018473,ORD007413,PROD0124,5,173.3
ITEM0018474,ORD007413,PROD0019,4,443.45
ITEM0018475,ORD007413,PROD0040,2,508.7
ITEM0018476,ORD007413,PROD0043,3,251.98
ITEM0018477,ORD007414,PROD0032,1,-172.77
ITEM0018478,ORD007414,PROD0103,2,305.68
ITEM0018479,ORD007414,PROD0015,4,442.7
ITEM0018480,ORD007415,PROD0077,2,286.06
ITEM0018481,ORD007415,PROD0036,5,33.3
ITEM0018482,ORD007416,PROD0132,5,316.5
ITEM0018483,ORD007416,PROD0139,2,135.03
ITEM0018484,ORD007416,PROD0011,4,325.01
ITEM0018485,ORD007417,PROD0051,1,294.17
ITEM0018486,ORD007417,PROD0096,2,321.49
ITEM0018487,ORD007418,PROD0121,2,287.5
ITEM0018488,ORD007418,PROD0034,1,303.7
ITEM0018489,ORD007418,PROD0112,2,308.35
ITEM0018490,ORD007419,PROD0146,2,292.2
ITEM0018491,ORD007419,PROD0150,2,88.94
ITEM0018492,ORD007420,PROD0030,1,314.5
ITEM0018493,ORD007421,PROD0032,1,172.77
ITEM0018494,ORD007421,PROD0120,3,261.92
ITEM0018495,ORD007421,PROD0021,3,487.35
ITEM0018496,ORD007422,PROD0018,5,119.66
ITEM0018497,ORD007422,PROD0107,3,462.67
ITEM0018498,ORD007423,PROD0119,5,103.02
ITEM0018499,ORD007423,PROD0010,3,488.99
ITEM0018500,ORD007423,PROD0147,1,570.65
ITEM0018501,ORD007423,PROD0023,3,414.75
ITEM0018502,ORD007424,PROD0093,4,573.11
ITEM0018503,ORD007424,PROD0113,4,320.56
ITEM0018504,ORD007424,PROD0047,1,288.09
ITEM0018505,ORD007424,PROD0078,2,57.56
ITEM0018506,ORD007425,PROD0031,5,15.13
ITEM0018507,ORD007425,PROD0064,3,411.35
ITEM0018508,ORD007426,PROD0035,3,-27.57
ITEM0018509,ORD007426,PROD0021,4,487.35
ITEM0018510,ORD007427,PROD0026,1,585.88
ITEM0018511,ORD007427,PROD0017,3,234.28
ITEM0018512,ORD007427,PROD0141,1,19.31
ITEM0018513,ORD007427,PROD0142,4,347.19
ITEM0018514,ORD007428,PROD0009,5,138.45
ITEM0018515,ORD007428,PROD0029,2,93.87
ITEM0018516,ORD007428,PROD0082,3,196.55
ITEM0018517,ORD007428,PROD0081,5,318.7
ITEM0018518,ORD007429,PROD0082,5,196.55
ITEM0018519,ORD007429,PROD0094,3,393.51
ITEM0018520,ORD007429,PROD0148,1,427.66
ITEM0018521,ORD007429,PROD0075,4,383.73
ITEM0018522,ORD007430,PROD0064,3,411.35
ITEM0018523,ORD007430,PROD0015,1,442.7
ITEM0018524,ORD007431,PROD0001,4,342.2
ITEM0018525,ORD007431,PROD0038,4,216.74
ITEM0018526,ORD007432,PROD0130,1,421.1
ITEM0018527,ORD007432,PROD0113,2,320.56
ITEM0018528,ORD007432,PROD0043,3,251.98
ITEM0018529,ORD007433,PROD0093,2,573.11
ITEM0018530,ORD007433,PROD0091,2,161.11
ITEM0018531,ORD007433,PROD0028,4,463.5
ITEM0018532,ORD007433,PROD0075,3,383.73
ITEM0018533,ORD007434,PROD0081,4,318.7
ITEM0018534,ORD007434,PROD0131,5,130.48
ITEM0018535,ORD007434,PROD0073,3,241.62
ITEM0018536,ORD007434,PROD0082,4,196.55
ITEM0018537,ORD007435,PROD0045,5,66.57
ITEM0018538,ORD007436,PROD0093,1,573.11
ITEM0018539,ORD007436,PROD0072,3,226.81
ITEM0018540,ORD007436,PROD0137,2,447.4
ITEM0018541,ORD007437,PROD0116,2,366.52
ITEM0018542,ORD007437,PROD0089,2,289.58
ITEM0018543,ORD007437,PROD0075,1,383.73
ITEM0018544,ORD007437,PROD0103,1,305.68
ITEM0018545,ORD007438,PROD0126,2,263.88
ITEM0018546,ORD007439,PROD0003,5,4.27
ITEM0018547,ORD007439,PROD0015,2,442.7
ITEM0018548,ORD007439,PROD0011,5,325.01
ITEM0018549,ORD007439,PROD0126,1,263.88
ITEM0018550,ORD007440,PROD0026,1,585.88
ITEM0018551,ORD007440,PROD0140,5,496.11
ITEM0018552,ORD007440,PROD0119,3,103.02
ITEM0018553,ORD007440,PROD0074,2,122.74
ITEM0018554,ORD007441,PROD0018,5,119.66
ITEM0018555,ORD007441,PROD0015,2,442.7
ITEM0018556,ORD007441,PROD0080,3,392.58
ITEM0018557,ORD007441,PROD0036,4,33.3
ITEM0018558,ORD007442,PROD0134,1,192.47
ITEM0018559,ORD007442,PROD0017,2,234.28
ITEM0018560,ORD007443,PROD0006,3,98.27
ITEM0018561,ORD007443,PROD0029,1,93.87
ITEM0018562,ORD007443,PROD0064,2,411.35
ITEM0018563,ORD007443,PROD0144,4,105.68
ITEM0018564,ORD007444,PROD0137,5,447.4
ITEM0018565,ORD007444,PROD0055,1,408.1
ITEM0018566,ORD007445,PROD0078,3,57.56
ITEM0018567,ORD007445,PROD0057,5,632.78
ITEM0018568,ORD007446,PROD0018,5,119.66
ITEM0018569,ORD007446,PROD0061,2,683.51
ITEM0018570,ORD007446,PROD0056,3,249.02
ITEM0018571,ORD007447,PROD0076,3,277.07
ITEM0018572,ORD007447,PROD0130,5,421.1
ITEM0018573,ORD007447,PROD0052,5,436.28
ITEM0018574,ORD007448,PROD0016,2,30.39
ITEM0018575,ORD007448,PROD0119,5,103.02
ITEM0018576,ORD007449,PROD0122,3,484.26
ITEM0018577,ORD007449,PROD0096,3,321.49
ITEM0018578,ORD007449,PROD0082,2,196.55
ITEM0018579,ORD007449,PROD0008,3,174.9
ITEM0018580,ORD007450,PROD0042,3,394.4
ITEM0018581,ORD007450,PROD0087,5,193.52
ITEM0018582,ORD007450,PROD0101,3,182.81
ITEM0018583,ORD007450,PROD0024,2,594.24
ITEM0018584,ORD007451,PROD0147,1,570.65
ITEM0018585,ORD007451,PROD0051,3,294.17
ITEM0018586,ORD007452,PROD0076,2,277.07
ITEM0018587,ORD007453,PROD0095,4,271.32
ITEM0018588,ORD007454,PROD0113,1,320.56
ITEM0018589,ORD007455,PROD0040,2,508.7
ITEM0018590,ORD007455,PROD0058,2,356.49
ITEM0018591,ORD007456,PROD0103,5,305.68
ITEM0018592,ORD007456,PROD0043,1,251.98
ITEM0018593,ORD007456,PROD0053,5,292.19
ITEM0018594,ORD007457,PROD0145,2,359.48
ITEM0018595,ORD007457,PROD0050,5,235.27
ITEM0018596,ORD007457,PROD0089,4,289.58
ITEM0018597,ORD007457,PROD0124,1,173.3
ITEM0018598,ORD007458,PROD0026,2,585.88
ITEM0018599,ORD007459,PROD0049,1,106.04
ITEM0018600,ORD007459,PROD0056,2,249.02
ITEM0018601,ORD007460,PROD0036,4,33.3
ITEM0018602,ORD007460,PROD0043,3,251.98
ITEM0018603,ORD007460,PROD0067,2,363.03
ITEM0018604,ORD007460,PROD0147,4,570.65
ITEM0018605,ORD007461,PROD0061,3,683.51
ITEM0018606,ORD007461,PROD0002,3,112.42
ITEM0018607,ORD007461,PROD0005,1,196.98
ITEM0018608,ORD007462,PROD0012,4,589.04
ITEM0018609,ORD007462,PROD0053,3,292.19
ITEM0018610,ORD007463,PROD0067,1,363.03
ITEM0018611,ORD007464,PROD0085,4,602.46
ITEM0018612,ORD007465,PROD0038,5,216.74
ITEM0018613,ORD007465,PROD0135,5,427.2
ITEM0018614,ORD007466,PROD0040,5,508.7
ITEM0018615,ORD007466,PROD0132,3,316.5
ITEM0018616,ORD007466,PROD0001,1,342.2
ITEM0018617,ORD007467,PROD0063,3,665.26
ITEM0018618,ORD007467,PROD0024,4,594.24
ITEM0018619,ORD007467,PROD0029,2,93.87
ITEM0018620,ORD007467,PROD0113,3,320.56
ITEM0018621,ORD007468,PROD0029,1,93.87
ITEM0018622,ORD007468,PROD0112,3,308.35
ITEM0018623,ORD007468,PROD0024,5,594.24
ITEM0018624,ORD007468,PROD0095,3,271.32
ITEM0018625,ORD007469,PROD0092,1,557.9
ITEM0018626,ORD007470,PROD0114,1,45.61
ITEM0018627,ORD007471,PROD0080,4,392.58
ITEM0018628,ORD007471,PROD0125,5,377.98
ITEM0018629,ORD007471,PROD0065,1,153.97
ITEM0018630,ORD007472,PROD0106,1,508.9
ITEM0018631,ORD007472,PROD0145,5,359.48
ITEM0018632,ORD007472,PROD0037,1,540.32
ITEM0018633,ORD007472,PROD0089,2,289.58
ITEM0018634,ORD007473,PROD0052,2,436.28
ITEM0018635,ORD007474,PROD0121,2,287.5
ITEM0018636,ORD007474,PROD0112,4,308.35
ITEM0018637,ORD007474,PROD0148,2,427.66
ITEM0018638,ORD007475,PROD0118,4,58.39
ITEM0018639,ORD007476,PROD0087,2,193.52
ITEM0018640,ORD007476,PROD0077,2,286.06
ITEM0018641,ORD007476,PROD0012,2,589.04
ITEM0018642,ORD007477,PROD0066,2,370.45
ITEM0018643,ORD007478,PROD0143,3,453.59
ITEM0018644,ORD007478,PROD0030,5,314.5
ITEM0018645,ORD007479,PROD0102,1,266.91
ITEM0018646,ORD007479,PROD0053,5,292.19
ITEM0018647,ORD007479,PROD0129,3,246.64
ITEM0018648,ORD007479,PROD0014,3,16.7
ITEM0018649,ORD007480,PROD0148,5,427.66
ITEM0018650,ORD007481,PROD0058,4,356.49
ITEM0018651,ORD007482,PROD0095,1,271.32
ITEM0018652,ORD007483,PROD0018,5,119.66
ITEM0018653,ORD007483,PROD0137,5,447.4
ITEM0018654,ORD007483,PROD0081,1,318.7
ITEM0018655,ORD007483,PROD0083,2,306.64
ITEM0018656,ORD007484,PROD0010,4,488.99
ITEM0018657,ORD007484,PROD0069,2,619.75
ITEM0018658,ORD007484,PROD0089,5,289.58
ITEM0018659,ORD007485,PROD0014,4,16.7
ITEM0018660,ORD007486,PROD0038,3,216.74
ITEM0018661,ORD007487,PROD0096,4,321.49
ITEM0018662,ORD007487,PROD0100,3,208.15
ITEM0018663,ORD007487,PROD0098,1,351.41
ITEM0018664,ORD007488,PROD0012,1,589.04
ITEM0018665,ORD007489,PROD0025,5,23.62
ITEM0018666,ORD007489,PROD0040,3,508.7
ITEM0018667,ORD007489,PROD0129,1,246.64
ITEM0018668,ORD007489,PROD0068,4,422.88
ITEM0018669,ORD007490,PROD0063,4,665.26
ITEM0018670,ORD007490,PROD0012,2,589.04
ITEM0018671,ORD007490,PROD0105,2,308.26
ITEM0018672,ORD007490,PROD0035,3,27.57
ITEM0018673,ORD007491,PROD0078,3,57.56
ITEM0018674,ORD007491,PROD0053,3,292.19
ITEM0018675,ORD007491,PROD0102,1,266.91
ITEM0018676,ORD007492,PROD0101,3,182.81
ITEM0018677,ORD007492,PROD0078,1,57.56
ITEM0018678,ORD007493,PROD0007,1,248.82
ITEM0018679,ORD007493,PROD0044,3,474.28
ITEM0018680,ORD007494,PROD0032,3,172.77
ITEM0018681,ORD007494,PROD0102,5,266.91
ITEM0018682,ORD007495,PROD0125,4,377.98
ITEM0018683,ORD007495,PROD0006,1,98.27
ITEM0018684,ORD007495,PROD0065,4,153.97
ITEM0018685,ORD007495,PROD0040,1,508.7
ITEM0018686,ORD007496,PROD0073,3,241.62
ITEM0018687,ORD007496,PROD0045,2,66.57
ITEM0018688,ORD007496,PROD0055,3,408.1
ITEM0018689,ORD007496,PROD0107,1,462.67
ITEM0018690,ORD007497,PROD0045,3,66.57
ITEM0018691,ORD007497,PROD0133,2,317.22
ITEM0018692,ORD007497,PROD0075,1,383.73
ITEM0018693,ORD007497,PROD0150,4,88.94
ITEM0018694,ORD007498,PROD0089,3,289.58
ITEM0018695,ORD007498,PROD0010,2,488.99
ITEM0018696,ORD007498,PROD0136,5,485.57
ITEM0018697,ORD007498,PROD0111,5,408.22
ITEM0018698,ORD007499,PROD0001,4,342.2
ITEM0018699,ORD007500,PROD0126,5,263.88
ITEM0018700,ORD007500,PROD0053,2,292.19
ITEM0018701,ORD007500,PROD0022,2,380.56
ITEM0018702,ORD007500,PROD0088,1,51.09
ITEM0018703,ORD007501,PROD0135,1,427.2
ITEM0018704,ORD007501,PROD0133,4,317.22
ITEM0018705,ORD007502,PROD0123,2,95.95
ITEM0018706,ORD007502,PROD0106,1,508.9
ITEM0018707,ORD007502,PROD0016,5,30.39
ITEM0018708,ORD007502,PROD0038,1,216.74
ITEM0018709,ORD007503,PROD0003,2,4.27
ITEM0018710,ORD007503,PROD0125,2,377.98
ITEM0018711,ORD007503,PROD0121,2,287.5
ITEM0018712,ORD007503,PROD0032,2,172.77
ITEM0018713,ORD007504,PROD0102,4,-266.91
ITEM0018714,ORD007504,PROD0110,1,39.23
ITEM0018715,ORD007505,PROD0114,1,45.61
ITEM0018716,ORD007505,PROD0040,4,508.7
ITEM0018717,ORD007505,PROD0013,2,196.91
ITEM0018718,ORD007505,PROD0011,-2,325.01
ITEM0018719,ORD007506,PROD0023,3,414.75
ITEM0018720,ORD007506,PROD0048,3,277.49
ITEM0018721,ORD007506,PROD0124,4,173.3
ITEM0018722,ORD007507,PROD0120,4,261.92
ITEM0018723,ORD007507,PROD0064,3,411.35
ITEM0018724,ORD007508,PROD0011,1,325.01
ITEM0018725,ORD007508,PROD0028,2,463.5
ITEM0018726,ORD007508,PROD0006,2,98.27
ITEM0018727,ORD007509,PROD0097,2,53.1
ITEM0018728,ORD007509,PROD0092,3,557.9
ITEM0018729,ORD007510,PROD0145,1,359.48
ITEM0018730,ORD007510,PROD0118,1,58.39
ITEM0018731,ORD007511,PROD0017,2,234.28
ITEM0018732,ORD007511,PROD0066,5,370.45
ITEM0018733,ORD007512,PROD0009,3,138.45
ITEM0018734,ORD007512,PROD0024,3,594.24
ITEM0018735,ORD007513,PROD0005,2,196.98
ITEM0018736,ORD007513,PROD0057,4,632.78
ITEM0018737,ORD007513,PROD0118,5,58.39
ITEM0018738,ORD007513,PROD0018,2,119.66
ITEM0018739,ORD007514,PROD0147,4,570.65
ITEM0018740,ORD007514,PROD0054,1,135.13
ITEM0018741,ORD007514,PROD0144,3,105.68
ITEM0018742,ORD007514,PROD0007,3,248.82
ITEM0018743,ORD007515,PROD0069,1,619.75
ITEM0018744,ORD007515,PROD0065,1,153.97
ITEM0018745,ORD007515,PROD0039,5,410.66
ITEM0018746,ORD007516,PROD0060,3,497.77
ITEM0018747,ORD007516,PROD0015,3,442.7
ITEM0018748,ORD007517,PROD0082,2,196.55
ITEM0018749,ORD007517,PROD0053,5,292.19
ITEM0018750,ORD007518,PROD0057,4,632.78
ITEM0018751,ORD007518,PROD0062,3,355.88
ITEM0018752,ORD007518,PROD0024,5,594.24
ITEM0018753,ORD007518,PROD0016,1,30.39
ITEM0018754,ORD007519,PROD0099,2,386.23
ITEM0018755,ORD007520,PROD0045,1,66.57
ITEM0018756,ORD007520,PROD0060,4,497.77
ITEM0018757,ORD007521,PROD0057,5,632.78
ITEM0018758,ORD007522,PROD0126,3,263.88
ITEM0018759,ORD007522,PROD0148,2,427.66
ITEM0018760,ORD007522,PROD0017,1,234.28
ITEM0018761,ORD007523,PROD0064,3,411.35
ITEM0018762,ORD007524,PROD0118,4,58.39
ITEM0018763,ORD007525,PROD0014,1,16.7
ITEM0018764,ORD007525,PROD0087,5,193.52
ITEM0018765,ORD007525,PROD0148,2,427.66
ITEM0018766,ORD007526,PROD0113,2,320.56
ITEM0018767,ORD007526,PROD0079,3,61.84
ITEM0018768,ORD007527,PROD0103,5,-305.68
ITEM0018769,ORD007528,PROD0049,1,106.04
ITEM0018770,ORD007529,PROD0020,3,124.89
ITEM0018771,ORD007529,PROD0138,1,43.7
ITEM0018772,ORD007529,PROD0092,4,557.9
ITEM0018773,ORD007530,PROD0070,5,271.29
ITEM0018774,ORD007530,PROD0146,5,292.2
ITEM0018775,ORD007530,PROD0076,4,277.07
ITEM0018776,ORD007530,PROD0013,3,196.91
ITEM0018777,ORD007531,PROD0062,3,355.88
ITEM0018778,ORD007531,PROD0008,2,174.9
ITEM0018779,ORD007531,PROD0001,3,342.2
ITEM0018780,ORD007532,PROD0069,1,619.75
ITEM0018781,ORD007533,PROD0137,5,447.4
ITEM0018782,ORD007533,PROD0109,4,126.44
ITEM0018783,ORD007533,PROD0069,3,619.75
ITEM0018784,ORD007533,PROD0013,4,196.91
ITEM0018785,ORD007534,PROD0043,1,251.98
ITEM0018786,ORD007534,PROD0053,3,292.19
ITEM0018787,ORD007534,PROD0005,4,196.98
ITEM0018788,ORD007534,PROD0130,2,421.1
ITEM0018789,ORD007535,PROD0126,3,263.88
ITEM0018790,ORD007535,PROD0016,4,30.39
ITEM0018791,ORD007536,PROD0062,2,355.88
ITEM0018792,ORD007537,PROD0006,2,98.27
ITEM0018793,ORD007538,PROD0114,1,45.61
ITEM0018794,ORD007538,PROD0142,1,347.19
ITEM0018795,ORD007538,PROD0083,2,306.64
ITEM0018796,ORD007539,PROD0103,3,305.68
ITEM0018797,ORD007540,PROD0037,1,540.32
ITEM0018798,ORD007540,PROD0065,3,153.97
ITEM0018799,ORD007541,PROD0062,1,355.88
ITEM0018800,ORD007541,PROD0056,5,249.02
ITEM0018801,ORD007541,PROD0137,2,447.4
ITEM0018802,ORD007542,PROD0133,4,317.22
ITEM0018803,ORD007542,PROD0142,2,347.19
ITEM0018804,ORD007542,PROD0056,5,249.02
ITEM0018805,ORD007542,PROD0029,1,93.87
ITEM0018806,ORD007543,PROD0138,5,43.7
ITEM0018807,ORD007544,PROD0084,5,464.44
ITEM0018808,ORD007544,PROD0133,4,317.22
ITEM0018809,ORD007545,PROD0141,4,-19.31
ITEM0018810,ORD007546,PROD0094,4,393.51
ITEM0018811,ORD007546,PROD0115,1,431.33
ITEM0018812,ORD007546,PROD0110,5,39.23
ITEM0018813,ORD007546,PROD0048,1,277.49
ITEM0018814,ORD007547,PROD0123,4,95.95
ITEM0018815,ORD007547,PROD0107,3,462.67
ITEM0018816,ORD007548,PROD0059,2,254.01
ITEM0018817,ORD007548,PROD0138,2,43.7
ITEM0018818,ORD007548,PROD0084,3,464.44
ITEM0018819,ORD007548,PROD0087,1,193.52
ITEM0018820,ORD007549,PROD0108,5,332.49
ITEM0018821,ORD007549,PROD0032,2,172.77
ITEM0018822,ORD007550,PROD0030,2,314.5
ITEM0018823,ORD007550,PROD0099,4,386.23
ITEM0018824,ORD007550,PROD0121,1,287.5
ITEM0018825,ORD007551,PROD0041,3,438.01
ITEM0018826,ORD007551,PROD0040,1,508.7
ITEM0018827,ORD007551,PROD0051,5,294.17
ITEM0018828,ORD007552,PROD0082,4,196.55
ITEM0018829,ORD007553,PROD0069,3,619.75
ITEM0018830,ORD007553,PROD0143,2,453.59
ITEM0018831,ORD007554,PROD0032,5,172.77
ITEM0018832,ORD007555,PROD0041,3,438.01
ITEM0018833,ORD007555,PROD0109,1,126.44
ITEM0018834,ORD007555,PROD0040,3,508.7
ITEM0018835,ORD007556,PROD0097,2,53.1
ITEM0018836,ORD007556,PROD0140,2,496.11
ITEM0018837,ORD007556,PROD0054,2,135.13
ITEM0018838,ORD007556,PROD0020,2,124.89
ITEM0018839,ORD007557,PROD0088,2,51.09
ITEM0018840,ORD007558,PROD0111,5,408.22
ITEM0018841,ORD007558,PROD0120,4,261.92
ITEM0018842,ORD007559,PROD0040,2,508.7
ITEM0018843,ORD007560,PROD0140,1,496.11
ITEM0018844,ORD007561,PROD0072,2,226.81
ITEM0018845,ORD007561,PROD0080,5,392.58
ITEM0018846,ORD007562,PROD0106,1,508.9
ITEM0018847,ORD007562,PROD0042,2,394.4
ITEM0018848,ORD007562,PROD0105,1,308.26
ITEM0018849,ORD007563,PROD0071,2,402.73
ITEM0018850,ORD007563,PROD0121,5,287.5
ITEM0018851,ORD007563,PROD0117,2,130.11
ITEM0018852,ORD007564,PROD0149,1,139.28
ITEM0018853,ORD007564,PROD0035,5,27.57
ITEM0018854,ORD007564,PROD0058,2,356.49
ITEM0018855,ORD007564,PROD0004,2,129.15
ITEM0018856,ORD007565,PROD0020,1,124.89
ITEM0018857,ORD007566,PROD0089,2,289.58
ITEM0018858,ORD007566,PROD0026,3,585.88
ITEM0018859,ORD007567,PROD0116,5,366.52
ITEM0018860,ORD007567,PROD0107,3,462.67
ITEM0018861,ORD007567,PROD0128,1,403.21
ITEM0018862,ORD007567,PROD0008,5,174.9
ITEM0018863,ORD007568,PROD0086,1,203.78
ITEM0018864,ORD007568,PROD0064,1,411.35
ITEM0018865,ORD007568,PROD0050,2,235.27
ITEM0018866,ORD007568,PROD0063,3,665.26
ITEM0018867,ORD007569,PROD0074,-4,122.74
ITEM0018868,ORD007569,PROD0127,1,9.71
ITEM0018869,ORD007569,PROD0014,2,16.7
ITEM0018870,ORD007569,PROD0100,-2,208.15
ITEM0018871,ORD007570,PROD0126,3,263.88
ITEM0018872,ORD007570,PROD0145,1,359.48
ITEM0018873,ORD007570,PROD0123,4,95.95
ITEM0018874,ORD007570,PROD0085,5,602.46
ITEM0018875,ORD007571,PROD0061,1,683.51
ITEM0018876,ORD007571,PROD0074,2,122.74
ITEM0018877,ORD007571,PROD0049,2,106.04
ITEM0018878,ORD007572,PROD0066,4,370.45
ITEM0018879,ORD007572,PROD0062,1,355.88
ITEM0018880,ORD007572,PROD0143,4,453.59
ITEM0018881,ORD007573,PROD0023,2,414.75
ITEM0018882,ORD007573,PROD0136,2,485.57
ITEM0018883,ORD007573,PROD0078,2,57.56
ITEM0018884,ORD007573,PROD0140,3,496.11
ITEM0018885,ORD007574,PROD0038,5,216.74
ITEM0018886,ORD007574,PROD0041,5,438.01
ITEM0018887,ORD007574,PROD0075,1,383.73
ITEM0018888,ORD007574,PROD0056,1,249.02
ITEM0018889,ORD007575,PROD0004,4,129.15
ITEM0018890,ORD007575,PROD0149,4,139.28
ITEM0018891,ORD007576,PROD0142,1,347.19
ITEM0018892,ORD007576,PROD0096,5,321.49
ITEM0018893,ORD007576,PROD0009,1,138.45
ITEM0018894,ORD007576,PROD0013,2,196.91
ITEM0018895,ORD007577,PROD0135,4,427.2
ITEM0018896,ORD007577,PROD0045,1,66.57
ITEM0018897,ORD007577,PROD0012,4,589.04
ITEM0018898,ORD007578,PROD0077,2,286.06
ITEM0018899,ORD007579,PROD0116,3,366.52
ITEM0018900,ORD007580,PROD0103,1,305.68
ITEM0018901,ORD007580,PROD0113,2,320.56
ITEM0018902,ORD007581,PROD0106,3,508.9
ITEM0018903,ORD007581,PROD0015,2,442.7
ITEM0018904,ORD007581,PROD0121,4,287.5
ITEM0018905,ORD007581,PROD0085,4,602.46
ITEM0018906,ORD007582,PROD0073,2,241.62
ITEM0018907,ORD007582,PROD0080,2,392.58
ITEM0018908,ORD007582,PROD0019,3,443.45
ITEM0018909,ORD007582,PROD0060,4,497.77
ITEM0018910,ORD007583,PROD0140,2,496.11
ITEM0018911,ORD007584,PROD0128,5,403.21
ITEM0018912,ORD007584,PROD0107,5,462.67
ITEM0018913,ORD007584,PROD0129,2,246.64
ITEM0018914,ORD007585,PROD0021,3,487.35
ITEM0018915,ORD007585,PROD0002,5,112.42
ITEM0018916,ORD007586,PROD0096,2,321.49
ITEM0018917,ORD007586,PROD0081,1,318.7
ITEM0018918,ORD007587,PROD0045,3,66.57
ITEM0018919,ORD007588,PROD0074,2,122.74
ITEM0018920,ORD007588,PROD0130,5,421.1
ITEM0018921,ORD007588,PROD0022,4,380.56
ITEM0018922,ORD007588,PROD0099,3,386.23
ITEM0018923,ORD007589,PROD0074,4,122.74
ITEM0018924,ORD007589,PROD0080,3,392.58
ITEM0018925,ORD007589,PROD0117,3,130.11
ITEM0018926,ORD007590,PROD0141,5,19.31
ITEM0018927,ORD007590,PROD0125,4,377.98
ITEM0018928,ORD007591,PROD0035,5,27.57
ITEM0018929,ORD007591,PROD0147,2,570.65
ITEM0018930,ORD007591,PROD0131,2,130.48
ITEM0018931,ORD007592,PROD0132,2,316.5
ITEM0018932,ORD007592,PROD0066,1,370.45
ITEM0018933,ORD007593,PROD0086,5,203.78
ITEM0018934,ORD007593,PROD0145,5,359.48
ITEM0018935,ORD007594,PROD0012,4,589.04
ITEM0018936,ORD007594,PROD0048,1,277.49
ITEM0018937,ORD007595,PROD0050,4,235.27
ITEM0018938,ORD007595,PROD0145,1,359.48
ITEM0018939,ORD007595,PROD0140,2,496.11
ITEM0018940,ORD007595,PROD0032,5,172.77
ITEM0018941,ORD007596,PROD0131,5,130.48
ITEM0018942,ORD007597,PROD0122,5,484.26
ITEM0018943,ORD007597,PROD0089,4,289.58
ITEM0018944,ORD007598,PROD0014,5,16.7
ITEM0018945,ORD007598,PROD0027,4,356.31
ITEM0018946,ORD007598,PROD0053,3,292.19
ITEM0018947,ORD007599,PROD0108,-3,332.49
ITEM0018948,ORD007599,PROD0030,2,314.5
ITEM0018949,ORD007600,PROD0067,4,363.03
ITEM0018950,ORD007600,PROD0023,3,414.75
ITEM0018951,ORD007601,PROD0063,5,665.26
ITEM0018952,ORD007602,PROD0143,3,453.59
ITEM0018953,ORD007603,PROD0073,4,241.62
ITEM0018954,ORD007603,PROD0136,2,485.57
ITEM0018955,ORD007604,PROD0140,1,496.11
ITEM0018956,ORD007604,PROD0023,3,414.75
ITEM0018957,ORD007604,PROD0076,2,277.07
ITEM0018958,ORD007604,PROD0123,3,95.95
ITEM0018959,ORD007605,PROD0099,5,386.23
ITEM0018960,ORD007606,PROD0053,1,292.19
ITEM0018961,ORD007606,PROD0116,2,366.52
ITEM0018962,ORD007606,PROD0050,5,235.27
ITEM0018963,ORD007607,PROD0096,4,321.49
ITEM0018964,ORD007607,PROD0063,4,665.26
ITEM0018965,ORD007607,PROD0085,5,602.46
ITEM0018966,ORD007607,PROD0080,4,392.58
ITEM0018967,ORD007608,PROD0093,5,573.11
ITEM0018968,ORD007609,PROD0007,4,248.82
ITEM0018969,ORD007610,PROD0130,1,421.1
ITEM0018970,ORD007610,PROD0028,5,463.5
ITEM0018971,ORD007611,PROD0002,3,112.42
ITEM0018972,ORD007611,PROD0138,4,43.7
ITEM0018973,ORD007612,PROD0131,4,130.48
ITEM0018974,ORD007613,PROD0077,1,286.06
ITEM0018975,ORD007613,PROD0088,4,51.09
ITEM0018976,ORD007613,PROD0003,5,4.27
ITEM0018977,ORD007614,PROD0115,4,431.33
ITEM0018978,ORD007614,PROD0114,1,45.61
ITEM0018979,ORD007615,PROD0048,4,277.49
ITEM0018980,ORD007616,PROD0111,3,408.22
ITEM0018981,ORD007616,PROD0038,2,216.74
ITEM0018982,ORD007616,PROD0094,5,393.51
ITEM0018983,ORD007617,PROD0121,2,287.5
ITEM0018984,ORD007617,PROD0063,2,665.26
ITEM0018985,ORD007617,PROD0062,3,355.88
ITEM0018986,ORD007617,PROD0115,3,431.33
ITEM0018987,ORD007618,PROD0052,2,436.28
ITEM0018988,ORD007618,PROD0127,2,9.71
ITEM0018989,ORD007619,PROD0106,4,508.9
ITEM0018990,ORD007619,PROD0143,2,453.59
ITEM0018991,ORD007619,PROD0047,1,288.09
ITEM0018992,ORD007620,PROD0005,4,196.98
ITEM0018993,ORD007621,PROD0143,1,453.59
ITEM0018994,ORD007621,PROD0056,5,249.02
ITEM0018995,ORD007621,PROD0121,2,287.5
ITEM0018996,ORD007622,PROD0095,4,271.32
ITEM0018997,ORD007622,PROD0136,3,485.57
ITEM0018998,ORD007622,PROD0047,1,288.09
ITEM0018999,ORD007623,PROD0070,5,271.29
ITEM0019000,ORD007623,PROD0005,1,196.98
ITEM0019001,ORD007624,PROD0075,1,383.73
ITEM0019002,ORD007624,PROD0072,2,226.81
ITEM0019003,ORD007625,PROD0128,3,403.21
ITEM0019004,ORD007625,PROD0111,5,408.22
ITEM0019005,ORD007625,PROD0064,3,411.35
ITEM0019006,ORD007625,PROD0075,3,383.73
ITEM0019007,ORD007626,PROD0095,5,271.32
ITEM0019008,ORD007627,PROD0097,4,53.1
ITEM0019009,ORD007627,PROD0064,2,411.35
ITEM0019010,ORD007627,PROD0111,3,408.22
ITEM0019011,ORD007628,PROD0005,2,196.98
ITEM0019012,ORD007628,PROD0097,1,53.1
ITEM0019013,ORD007628,PROD0114,1,45.61
ITEM0019014,ORD007629,PROD0132,2,316.5
ITEM0019015,ORD007629,PROD0057,5,632.78
ITEM0019016,ORD007629,PROD0001,3,342.2
ITEM0019017,ORD007630,PROD0102,5,266.91
ITEM0019018,ORD007630,PROD0049,5,106.04
ITEM0019019,ORD007630,PROD0064,2,411.35
ITEM0019020,ORD007630,PROD0052,1,436.28
ITEM0019021,ORD007631,PROD0039,2,410.66
ITEM0019022,ORD007631,PROD0057,5,632.78
ITEM0019023,ORD007631,PROD0142,1,347.19
ITEM0019024,ORD007632,PROD0135,3,427.2
ITEM0019025,ORD007632,PROD0088,5,51.09
ITEM0019026,ORD007633,PROD0122,2,484.26
ITEM0019027,ORD007633,PROD0022,4,380.56
ITEM0019028,ORD007634,PROD0045,4,66.57
ITEM0019029,ORD007635,PROD0121,4,287.5
ITEM0019030,ORD007635,PROD0021,5,487.35
ITEM0019031,ORD007636,PROD0130,2,421.1
ITEM0019032,ORD007636,PROD0102,1,266.91
ITEM0019033,ORD007636,PROD0106,5,508.9
ITEM0019034,ORD007637,PROD0059,5,254.01
ITEM0019035,ORD007637,PROD0081,1,318.7
ITEM0019036,ORD007638,PROD0148,5,427.66
ITEM0019037,ORD007638,PROD0059,5,254.01
ITEM0019038,ORD007638,PROD0145,2,359.48
ITEM0019039,ORD007638,PROD0100,1,208.15
ITEM0019040,ORD007639,PROD0126,5,263.88
ITEM0019041,ORD007639,PROD0052,5,-436.28
ITEM0019042,ORD007640,PROD0017,4,234.28
ITEM0019043,ORD007640,PROD0048,3,277.49
ITEM0019044,ORD007640,PROD0128,5,403.21
ITEM0019045,ORD007641,PROD0048,4,277.49
ITEM0019046,ORD007642,PROD0022,1,380.56
ITEM0019047,ORD007642,PROD0012,5,589.04
ITEM0019048,ORD007642,PROD0064,5,411.35
ITEM0019049,ORD007643,PROD0139,4,135.03
ITEM0019050,ORD007643,PROD0138,3,43.7
ITEM0019051,ORD007643,PROD0110,3,39.23
ITEM0019052,ORD007644,PROD0082,5,196.55
ITEM0019053,ORD007644,PROD0127,5,9.71
ITEM0019054,ORD007644,PROD0131,2,130.48
ITEM0019055,ORD007644,PROD0075,4,383.73
ITEM0019056,ORD007645,PROD0069,1,619.75
ITEM0019057,ORD007645,PROD0098,1,351.41
ITEM0019058,ORD007645,PROD0076,1,277.07
ITEM0019059,ORD007645,PROD0064,4,411.35
ITEM0019060,ORD007646,PROD0081,1,318.7
ITEM0019061,ORD007647,PROD0126,3,263.88
ITEM0019062,ORD007647,PROD0096,5,321.49
ITEM0019063,ORD007647,PROD0104,3,66.01
ITEM0019064,ORD007647,PROD0044,5,474.28
ITEM0019065,ORD007648,PROD0068,3,422.88
ITEM0019066,ORD007648,PROD0052,2,436.28
ITEM0019067,ORD007648,PROD0092,1,557.9
ITEM0019068,ORD007648,PROD0060,1,497.77
ITEM0019069,ORD007649,PROD0016,5,30.39
ITEM0019070,ORD007649,PROD0073,4,241.62
ITEM0019071,ORD007649,PROD0047,1,288.09
ITEM0019072,ORD007649,PROD0075,3,383.73
ITEM0019073,ORD007650,PROD0137,4,447.4
ITEM0019074,ORD007650,PROD0019,2,443.45
ITEM0019075,ORD007650,PROD0031,4,15.13
ITEM0019076,ORD007651,PROD0093,5,573.11
ITEM0019077,ORD007651,PROD0015,2,442.7
ITEM0019078,ORD007651,PROD0059,1,254.01
ITEM0019079,ORD007652,PROD0084,1,464.44
ITEM0019080,ORD007653,PROD0149,2,139.28
ITEM0019081,ORD007654,PROD0144,1,105.68
ITEM0019082,ORD007654,PROD0020,5,124.89
ITEM0019083,ORD007654,PROD0010,1,488.99
ITEM0019084,ORD007655,PROD0011,2,325.01
ITEM0019085,ORD007655,PROD0047,-2,288.09
ITEM0019086,ORD007656,PROD0069,5,619.75
ITEM0019087,ORD007656,PROD0137,3,447.4
ITEM0019088,ORD007657,PROD0018,1,119.66
ITEM0019089,ORD007657,PROD0003,3,4.27
ITEM0019090,ORD007657,PROD0096,1,321.49
ITEM0019091,ORD007658,PROD0131,3,130.48
ITEM0019092,ORD007658,PROD0098,4,351.41
ITEM0019093,ORD007658,PROD0013,1,196.91
ITEM0019094,ORD007658,PROD0116,4,366.52
ITEM0019095,ORD007659,PROD0075,5,383.73
ITEM0019096,ORD007659,PROD0147,3,570.65
ITEM0019097,ORD007659,PROD0019,5,443.45
ITEM0019098,ORD007660,PROD0121,4,287.5
ITEM0019099,ORD007660,PROD0108,4,332.49
ITEM0019100,ORD007661,PROD0117,2,130.11
ITEM0019101,ORD007661,PROD0118,3,58.39
ITEM0019102,ORD007661,PROD0095,2,271.32
ITEM0019103,ORD007662,PROD0109,4,126.44
ITEM0019104,ORD007662,PROD0145,4,359.48
ITEM0019105,ORD007662,PROD0097,3,53.1
ITEM0019106,ORD007662,PROD0072,1,226.81
ITEM0019107,ORD007663,PROD0137,5,447.4
ITEM0019108,ORD007663,PROD0053,2,292.19
ITEM0019109,ORD007663,PROD0135,1,427.2
ITEM0019110,ORD007664,PROD0048,4,277.49
ITEM0019111,ORD007664,PROD0002,5,112.42
ITEM0019112,ORD007664,PROD0113,4,320.56
ITEM0019113,ORD007665,PROD0031,2,15.13
ITEM0019114,ORD007665,PROD0130,2,421.1
ITEM0019115,ORD007666,PROD0038,1,216.74
ITEM0019116,ORD007666,PROD0110,2,39.23
ITEM0019117,ORD007666,PROD0019,3,443.45
ITEM0019118,ORD007667,PROD0035,4,27.57
ITEM0019119,ORD007667,PROD0084,1,464.44
ITEM0019120,ORD007667,PROD0137,3,447.4
ITEM0019121,ORD007667,PROD0038,1,216.74
ITEM0019122,ORD007668,PROD0050,5,235.27
ITEM0019123,ORD007669,PROD0110,4,39.23
ITEM0019124,ORD007669,PROD0090,3,51.56
ITEM0019125,ORD007670,PROD0020,5,124.89
ITEM0019126,ORD007671,PROD0055,5,408.1
ITEM0019127,ORD007671,PROD0118,3,58.39
ITEM0019128,ORD007671,PROD0127,1,9.71
ITEM0019129,ORD007671,PROD0083,4,306.64
ITEM0019130,ORD007672,PROD0095,3,271.32
ITEM0019131,ORD007672,PROD0076,2,277.07
ITEM0019132,ORD007672,PROD0051,5,294.17
ITEM0019133,ORD007672,PROD0075,5,383.73
ITEM0019134,ORD007673,PROD0102,1,266.91
ITEM0019135,ORD007673,PROD0121,4,287.5
ITEM0019136,ORD007673,PROD0142,1,347.19
ITEM0019137,ORD007674,PROD0130,2,421.1
ITEM0019138,ORD007675,PROD0117,4,130.11
ITEM0019139,ORD007675,PROD0127,1,9.71
ITEM0019140,ORD007676,PROD0057,2,632.78
ITEM0019141,ORD007676,PROD0137,1,447.4
ITEM0019142,ORD007677,PROD0016,4,30.39
ITEM0019143,ORD007677,PROD0089,4,289.58
ITEM0019144,ORD007677,PROD0054,1,135.13
ITEM0019145,ORD007678,PROD0117,4,130.11
ITEM0019146,ORD007678,PROD0041,2,438.01
ITEM0019147,ORD007678,PROD0017,1,234.28
ITEM0019148,ORD007679,PROD0056,4,249.02
ITEM0019149,ORD007679,PROD0013,5,196.91
ITEM0019150,ORD007679,PROD0026,5,585.88
ITEM0019151,ORD007679,PROD0147,3,570.65
ITEM0019152,ORD007680,PROD0072,2,226.81
ITEM0019153,ORD007680,PROD0108,4,332.49
ITEM0019154,ORD007681,PROD0085,2,602.46
ITEM0019155,ORD007681,PROD0136,1,485.57
ITEM0019156,ORD007681,PROD0089,5,289.58
ITEM0019157,ORD007681,PROD0064,5,411.35
ITEM0019158,ORD007682,PROD0015,5,442.7
ITEM0019159,ORD007682,PROD0045,1,66.57
ITEM0019160,ORD007682,PROD0086,1,203.78
ITEM0019161,ORD007683,PROD0024,3,594.24
ITEM0019162,ORD007683,PROD0144,2,105.68
ITEM0019163,ORD007683,PROD0022,3,380.56
ITEM0019164,ORD007684,PROD0034,4,303.7
ITEM0019165,ORD007684,PROD0025,1,23.62
ITEM0019166,ORD007684,PROD0022,2,380.56
ITEM0019167,ORD007685,PROD0133,1,317.22
ITEM0019168,ORD007685,PROD0087,1,193.52
ITEM0019169,ORD007685,PROD0038,1,216.74
ITEM0019170,ORD007685,PROD0052,5,436.28
ITEM0019171,ORD007686,PROD0113,3,320.56
ITEM0019172,ORD007686,PROD0123,4,95.95
ITEM0019173,ORD007687,PROD0106,3,508.9
ITEM0019174,ORD007687,PROD0115,5,431.33
ITEM0019175,ORD007688,PROD0067,1,363.03
ITEM0019176,ORD007689,PROD0103,3,305.68
ITEM0019177,ORD007689,PROD0119,2,103.02
ITEM0019178,ORD007689,PROD0086,2,203.78
ITEM0019179,ORD007690,PROD0073,4,241.62
ITEM0019180,ORD007690,PROD0012,4,589.04
ITEM0019181,ORD007691,PROD0116,1,366.52
ITEM0019182,ORD007692,PROD0111,4,408.22
ITEM0019183,ORD007692,PROD0139,2,135.03
ITEM0019184,ORD007692,PROD0028,4,463.5
ITEM0019185,ORD007692,PROD0140,4,496.11
ITEM0019186,ORD007693,PROD0017,1,234.28
ITEM0019187,ORD007694,PROD0066,5,370.45
ITEM0019188,ORD007694,PROD0048,4,277.49
ITEM0019189,ORD007694,PROD0052,1,436.28
ITEM0019190,ORD007695,PROD0119,5,103.02
ITEM0019191,ORD007695,PROD0099,1,386.23
ITEM0019192,ORD007695,PROD0016,1,30.39
ITEM0019193,ORD007695,PROD0144,5,105.68
ITEM0019194,ORD007696,PROD0144,4,105.68
ITEM0019195,ORD007696,PROD0143,5,453.59
ITEM0019196,ORD007696,PROD0044,2,474.28
ITEM0019197,ORD007696,PROD0136,1,485.57
ITEM0019198,ORD007697,PROD0034,2,303.7
ITEM0019199,ORD007697,PROD0047,1,288.09
ITEM0019200,ORD007697,PROD0071,1,402.73
ITEM0019201,ORD007698,PROD0119,4,103.02
ITEM0019202,ORD007698,PROD0043,2,251.98
ITEM0019203,ORD007698,PROD0001,4,342.2
ITEM0019204,ORD007699,PROD0068,3,422.88
ITEM0019205,ORD007699,PROD0080,5,392.58
ITEM0019206,ORD007700,PROD0047,2,288.09
ITEM0019207,ORD007700,PROD0042,3,394.4
ITEM0019208,ORD007700,PROD0087,1,193.52
ITEM0019209,ORD007701,PROD0124,2,173.3
ITEM0019210,ORD007701,PROD0145,5,359.48
ITEM0019211,ORD007701,PROD0138,3,43.7
ITEM0019212,ORD007702,PROD0029,3,93.87
ITEM0019213,ORD007703,PROD0040,1,508.7
ITEM0019214,ORD007703,PROD0145,2,359.48
ITEM0019215,ORD007704,PROD0129,4,246.64
ITEM0019216,ORD007704,PROD0031,3,15.13
ITEM0019217,ORD007705,PROD0133,1,317.22
ITEM0019218,ORD007705,PROD0128,4,403.21
ITEM0019219,ORD007705,PROD0068,1,422.88
ITEM0019220,ORD007706,PROD0034,4,303.7
ITEM0019221,ORD007706,PROD0048,1,277.49
ITEM0019222,ORD007707,PROD0098,5,351.41
ITEM0019223,ORD007707,PROD0006,2,98.27
ITEM0019224,ORD007707,PROD0102,5,266.91
ITEM0019225,ORD007708,PROD0101,2,182.81
ITEM0019226,ORD007708,PROD0107,5,462.67
ITEM0019227,ORD007708,PROD0074,5,122.74
ITEM0019228,ORD007708,PROD0067,4,363.03
ITEM0019229,ORD007709,PROD0036,5,33.3
ITEM0019230,ORD007709,PROD0107,4,462.67
ITEM0019231,ORD007709,PROD0137,3,447.4
ITEM0019232,ORD007709,PROD0041,4,438.01
ITEM0019233,ORD007710,PROD0115,5,431.33
ITEM0019234,ORD007710,PROD0104,2,66.01
ITEM0019235,ORD007711,PROD0119,5,103.02
ITEM0019236,ORD007711,PROD0128,3,403.21
ITEM0019237,ORD007712,PROD0009,3,138.45
ITEM0019238,ORD007712,PROD0078,2,57.56
ITEM0019239,ORD007712,PROD0026,1,585.88
ITEM0019240,ORD007712,PROD0075,3,383.73
ITEM0019241,ORD007713,PROD0045,5,66.57
ITEM0019242,ORD007713,PROD0041,3,438.01
ITEM0019243,ORD007714,PROD0081,5,318.7
ITEM0019244,ORD007714,PROD0038,1,216.74
ITEM0019245,ORD007715,PROD0099,1,386.23
ITEM0019246,ORD007715,PROD0142,3,347.19
ITEM0019247,ORD007715,PROD0103,3,305.68
ITEM0019248,ORD007716,PROD0098,5,351.41
ITEM0019249,ORD007716,PROD0113,4,320.56
ITEM0019250,ORD007716,PROD0111,4,408.22
ITEM0019251,ORD007717,PROD0058,5,356.49
ITEM0019252,ORD007717,PROD0051,4,294.17
ITEM0019253,ORD007718,PROD0140,1,496.11
ITEM0019254,ORD007718,PROD0046,4,207.44
ITEM0019255,ORD007719,PROD0114,4,45.61
ITEM0019256,ORD007719,PROD0007,4,248.82
ITEM0019257,ORD007720,PROD0091,4,161.11
ITEM0019258,ORD007720,PROD0007,3,248.82
ITEM0019259,ORD007720,PROD0076,1,277.07
ITEM0019260,ORD007720,PROD0006,5,98.27
ITEM0019261,ORD007721,PROD0098,2,351.41
ITEM0019262,ORD007721,PROD0020,1,124.89
ITEM0019263,ORD007722,PROD0069,4,619.75
ITEM0019264,ORD007722,PROD0045,5,66.57
ITEM0019265,ORD007723,PROD0136,5,485.57
ITEM0019266,ORD007723,PROD0034,4,303.7
ITEM0019267,ORD007723,PROD0114,2,45.61
ITEM0019268,ORD007724,PROD0126,3,263.88
ITEM0019269,ORD007724,PROD0129,5,246.64
ITEM0019270,ORD007724,PROD0085,1,602.46
ITEM0019271,ORD007725,PROD0033,1,470.6
ITEM0019272,ORD007726,PROD0140,3,496.11
ITEM0019273,ORD007726,PROD0001,3,342.2
ITEM0019274,ORD007726,PROD0014,1,16.7
ITEM0019275,ORD007727,PROD0070,4,271.29
ITEM0019276,ORD007727,PROD0008,4,174.9
ITEM0019277,ORD007727,PROD0106,2,508.9
ITEM0019278,ORD007727,PROD0088,1,51.09
ITEM0019279,ORD007728,PROD0004,2,129.15
ITEM0019280,ORD007728,PROD0036,5,33.3
ITEM0019281,ORD007729,PROD0026,1,585.88
ITEM0019282,ORD007730,PROD0126,1,263.88
ITEM0019283,ORD007731,PROD0119,3,103.02
ITEM0019284,ORD007731,PROD0035,1,27.57
ITEM0019285,ORD007732,PROD0006,1,98.27
ITEM0019286,ORD007732,PROD0041,4,438.01
ITEM0019287,ORD007732,PROD0129,2,246.64
ITEM0019288,ORD007733,PROD0030,3,314.5
ITEM0019289,ORD007733,PROD0109,2,126.44
ITEM0019290,ORD007733,PROD0101,5,182.81
ITEM0019291,ORD007734,PROD0022,2,380.56
ITEM0019292,ORD007735,PROD0080,2,392.58
ITEM0019293,ORD007735,PROD0001,1,342.2
ITEM0019294,ORD007735,PROD0071,4,402.73
ITEM0019295,ORD007736,PROD0008,1,174.9
ITEM0019296,ORD007737,PROD0099,-4,386.23
ITEM0019297,ORD007738,PROD0028,1,463.5
ITEM0019298,ORD007738,PROD0050,1,235.27
ITEM0019299,ORD007738,PROD0097,3,53.1
ITEM0019300,ORD007739,PROD0106,4,508.9
ITEM0019301,ORD007739,PROD0121,2,287.5
ITEM0019302,ORD007739,PROD0147,3,570.65
ITEM0019303,ORD007740,PROD0041,3,438.01
ITEM0019304,ORD007740,PROD0020,3,124.89
ITEM0019305,ORD007740,PROD0005,3,196.98
ITEM0019306,ORD007740,PROD0101,1,182.81
ITEM0019307,ORD007741,PROD0095,1,271.32
ITEM0019308,ORD007741,PROD0093,4,573.11
ITEM0019309,ORD007742,PROD0083,3,306.64
ITEM0019310,ORD007743,PROD0022,5,380.56
ITEM0019311,ORD007743,PROD0015,5,442.7
ITEM0019312,ORD007743,PROD0072,2,226.81
ITEM0019313,ORD007743,PROD0076,3,277.07
ITEM0019314,ORD007744,PROD0099,3,386.23
ITEM0019315,ORD007744,PROD0008,1,174.9
ITEM0019316,ORD007744,PROD0032,3,172.77
ITEM0019317,ORD007744,PROD0042,3,394.4
ITEM0019318,ORD007745,PROD0131,2,130.48
ITEM0019319,ORD007745,PROD0119,2,103.02
ITEM0019320,ORD007745,PROD0092,5,557.9
ITEM0019321,ORD007745,PROD0147,1,570.65
ITEM0019322,ORD007746,PROD0138,5,43.7
ITEM0019323,ORD007746,PROD0003,4,4.27
ITEM0019324,ORD007747,PROD0075,2,383.73
ITEM0019325,ORD007747,PROD0140,5,496.11
ITEM0019326,ORD007747,PROD0149,1,139.28
ITEM0019327,ORD007748,PROD0070,5,271.29
ITEM0019328,ORD007749,PROD0147,1,570.65
ITEM0019329,ORD007749,PROD0035,4,27.57
ITEM0019330,ORD007749,PROD0044,2,474.28
ITEM0019331,ORD007749,PROD0064,3,411.35
ITEM0019332,ORD007750,PROD0039,5,410.66
ITEM0019333,ORD007750,PROD0036,3,33.3
ITEM0019334,ORD007750,PROD0027,5,356.31
ITEM0019335,ORD007750,PROD0071,1,402.73
ITEM0019336,ORD007751,PROD0010,2,488.99
ITEM0019337,ORD007751,PROD0058,2,356.49
ITEM0019338,ORD007752,PROD0017,4,234.28
ITEM0019339,ORD007752,PROD0109,2,126.44
ITEM0019340,ORD007753,PROD0125,2,377.98
ITEM0019341,ORD007754,PROD0126,5,263.88
ITEM0019342,ORD007754,PROD0052,2,436.28
ITEM0019343,ORD007754,PROD0138,4,43.7
ITEM0019344,ORD007754,PROD0038,4,216.74
ITEM0019345,ORD007755,PROD0135,3,427.2
ITEM0019346,ORD007755,PROD0022,2,380.56
ITEM0019347,ORD007755,PROD0128,3,403.21
ITEM0019348,ORD007756,PROD0126,2,263.88
ITEM0019349,ORD007756,PROD0139,5,135.03
ITEM0019350,ORD007756,PROD0064,3,411.35
ITEM0019351,ORD007757,PROD0078,2,57.56
ITEM0019352,ORD007757,PROD0118,4,58.39
ITEM0019353,ORD007757,PROD0108,3,332.49
ITEM0019354,ORD007757,PROD0079,2,61.84
ITEM0019355,ORD007758,PROD0010,5,-488.99
ITEM0019356,ORD007759,PROD0101,1,182.81
ITEM0019357,ORD007760,PROD0134,4,192.47
ITEM0019358,ORD007760,PROD0025,5,23.62
ITEM0019359,ORD007760,PROD0111,2,408.22
ITEM0019360,ORD007760,PROD0131,1,130.48
ITEM0019361,ORD007761,PROD0140,2,496.11
ITEM0019362,ORD007761,PROD0030,5,314.5
ITEM0019363,ORD007762,PROD0130,4,421.1
ITEM0019364,ORD007762,PROD0047,1,-288.09
ITEM0019365,ORD007762,PROD0033,4,470.6
ITEM0019366,ORD007763,PROD0093,2,573.11
ITEM0019367,ORD007764,PROD0117,2,130.11
ITEM0019368,ORD007764,PROD0143,2,453.59
ITEM0019369,ORD007764,PROD0109,4,126.44
ITEM0019370,ORD007765,PROD0106,1,508.9
ITEM0019371,ORD007765,PROD0039,3,410.66
ITEM0019372,ORD007765,PROD0029,5,93.87
ITEM0019373,ORD007765,PROD0008,4,-174.9
ITEM0019374,ORD007766,PROD0139,5,135.03
ITEM0019375,ORD007766,PROD0038,5,216.74
ITEM0019376,ORD007767,PROD0093,4,573.11
ITEM0019377,ORD007768,PROD0068,3,422.88
ITEM0019378,ORD007769,PROD0038,3,216.74
ITEM0019379,ORD007769,PROD0118,5,58.39
ITEM0019380,ORD007769,PROD0135,3,427.2
ITEM0019381,ORD007770,PROD0046,4,207.44
ITEM0019382,ORD007770,PROD0145,3,359.48
ITEM0019383,ORD007770,PROD0036,2,33.3
ITEM0019384,ORD007770,PROD0124,5,173.3
ITEM0019385,ORD007771,PROD0148,4,427.66
ITEM0019386,ORD007772,PROD0037,2,540.32
ITEM0019387,ORD007772,PROD0001,4,342.2
ITEM0019388,ORD007772,PROD0108,3,332.49
ITEM0019389,ORD007773,PROD0094,5,393.51
ITEM0019390,ORD007774,PROD0146,4,292.2
ITEM0019391,ORD007775,PROD0040,2,508.7
ITEM0019392,ORD007775,PROD0091,2,161.11
ITEM0019393,ORD007775,PROD0129,3,246.64
ITEM0019394,ORD007775,PROD0079,5,61.84
ITEM0019395,ORD007776,PROD0128,2,403.21
ITEM0019396,ORD007776,PROD0039,5,410.66
ITEM0019397,ORD007776,PROD0037,3,540.32
ITEM0019398,ORD007777,PROD0122,2,484.26
ITEM0019399,ORD007777,PROD0137,1,447.4
ITEM0019400,ORD007777,PROD0025,2,23.62
ITEM0019401,ORD007778,PROD0119,1,103.02
ITEM0019402,ORD007778,PROD0072,3,226.81
ITEM0019403,ORD007778,PROD0044,1,474.28
ITEM0019404,ORD007779,PROD0095,4,271.32
ITEM0019405,ORD007779,PROD0042,3,394.4
ITEM0019406,ORD007779,PROD0140,4,496.11
ITEM0019407,ORD007779,PROD0127,4,9.71
ITEM0019408,ORD007780,PROD0074,2,122.74
ITEM0019409,ORD007781,PROD0092,1,557.9
ITEM0019410,ORD007781,PROD0107,4,462.67
ITEM0019411,ORD007782,PROD0147,5,570.65
ITEM0019412,ORD007782,PROD0005,2,196.98
ITEM0019413,ORD007783,PROD0041,4,438.01
ITEM0019414,ORD007783,PROD0106,3,508.9
ITEM0019415,ORD007784,PROD0122,5,484.26
ITEM0019416,ORD007784,PROD0029,5,93.87
ITEM0019417,ORD007784,PROD0112,1,308.35
ITEM0019418,ORD007785,PROD0032,4,172.77
ITEM0019419,ORD007785,PROD0085,5,602.46
ITEM0019420,ORD007786,PROD0014,4,16.7
ITEM0019421,ORD007787,PROD0102,1,266.91
ITEM0019422,ORD007788,PROD0091,2,161.11
ITEM0019423,ORD007788,PROD0026,2,585.88
ITEM0019424,ORD007788,PROD0140,4,496.11
ITEM0019425,ORD007788,PROD0141,3,19.31
ITEM0019426,ORD007789,PROD0119,1,103.02
ITEM0019427,ORD007790,PROD0037,4,540.32
ITEM0019428,ORD007790,PROD0063,2,665.26
ITEM0019429,ORD007791,PROD0026,4,585.88
ITEM0019430,ORD007791,PROD0010,4,488.99
ITEM0019431,ORD007792,PROD0139,1,135.03
ITEM0019432,ORD007792,PROD0011,1,325.01
ITEM0019433,ORD007792,PROD0094,1,393.51
ITEM0019434,ORD007792,PROD0055,5,408.1
ITEM0019435,ORD007793,PROD0146,1,292.2
ITEM0019436,ORD007793,PROD0126,3,263.88
ITEM0019437,ORD007793,PROD0098,4,351.41
ITEM0019438,ORD007794,PROD0009,3,138.45
ITEM0019439,ORD007794,PROD0031,2,15.13
ITEM0019440,ORD007794,PROD0114,4,45.61
ITEM0019441,ORD007794,PROD0033,2,470.6
ITEM0019442,ORD007795,PROD0020,4,124.89
ITEM0019443,ORD007795,PROD0107,2,462.67
ITEM0019444,ORD007795,PROD0099,5,386.23
ITEM0019445,ORD007796,PROD0097,4,53.1
ITEM0019446,ORD007796,PROD0026,4,585.88
ITEM0019447,ORD007796,PROD0022,3,380.56
ITEM0019448,ORD007797,PROD0018,1,119.66
ITEM0019449,ORD007798,PROD0086,3,203.78
ITEM0019450,ORD007799,PROD0077,4,286.06
ITEM0019451,ORD007800,PROD0016,2,30.39
ITEM0019452,ORD007800,PROD0081,2,318.7
ITEM0019453,ORD007800,PROD0044,5,474.28
ITEM0019454,ORD007801,PROD0053,5,292.19
ITEM0019455,ORD007801,PROD0080,1,392.58
ITEM0019456,ORD007801,PROD0015,2,442.7
ITEM0019457,ORD007802,PROD0028,1,463.5
ITEM0019458,ORD007802,PROD0145,1,359.48
ITEM0019459,ORD007802,PROD0007,3,248.82
ITEM0019460,ORD007802,PROD0113,4,320.56
ITEM0019461,ORD007803,PROD0134,5,192.47
ITEM0019462,ORD007803,PROD0032,1,172.77
ITEM0019463,ORD007804,PROD0011,1,325.01
ITEM0019464,ORD007805,PROD0018,1,119.66
ITEM0019465,ORD007806,PROD0052,1,436.28
ITEM0019466,ORD007807,PROD0045,1,66.57
ITEM0019467,ORD007808,PROD0134,2,192.47
ITEM0019468,ORD007808,PROD0069,4,619.75
ITEM0019469,ORD007809,PROD0035,2,27.57
ITEM0019470,ORD007809,PROD0007,2,248.82
ITEM0019471,ORD007809,PROD0104,3,66.01
ITEM0019472,ORD007809,PROD0149,3,139.28
ITEM0019473,ORD007810,PROD0095,1,271.32
ITEM0019474,ORD007810,PROD0120,1,261.92
ITEM0019475,ORD007811,PROD0097,3,53.1
ITEM0019476,ORD007811,PROD0105,1,-308.26
ITEM0019477,ORD007811,PROD0017,5,234.28
ITEM0019478,ORD007812,PROD0011,2,325.01
ITEM0019479,ORD007812,PROD0016,3,30.39
ITEM0019480,ORD007812,PROD0098,1,351.41
ITEM0019481,ORD007813,PROD0043,5,251.98
ITEM0019482,ORD007813,PROD0121,1,287.5
ITEM0019483,ORD007814,PROD0004,5,129.15
ITEM0019484,ORD007814,PROD0134,4,192.47
ITEM0019485,ORD007815,PROD0137,1,447.4
ITEM0019486,ORD007815,PROD0066,4,370.45
ITEM0019487,ORD007815,PROD0032,4,172.77
ITEM0019488,ORD007816,PROD0059,4,254.01
ITEM0019489,ORD007816,PROD0043,4,251.98
ITEM0019490,ORD007816,PROD0011,4,325.01
ITEM0019491,ORD007816,PROD0102,3,266.91
ITEM0019492,ORD007817,PROD0099,4,386.23
ITEM0019493,ORD007818,PROD0097,1,53.1
ITEM0019494,ORD007818,PROD0024,1,-594.24
ITEM0019495,ORD007819,PROD0086,5,203.78
ITEM0019496,ORD007819,PROD0128,1,403.21
ITEM0019497,ORD007819,PROD0090,5,51.56
ITEM0019498,ORD007819,PROD0074,1,122.74
ITEM0019499,ORD007820,PROD0013,5,196.91
ITEM0019500,ORD007821,PROD0067,5,363.03
ITEM0019501,ORD007821,PROD0034,1,303.7
ITEM0019502,ORD007821,PROD0144,4,105.68
ITEM0019503,ORD007822,PROD0004,4,129.15
ITEM0019504,ORD007823,PROD0053,2,292.19
ITEM0019505,ORD007823,PROD0063,3,665.26
ITEM0019506,ORD007823,PROD0023,4,414.75
ITEM0019507,ORD007824,PROD0079,5,61.84
ITEM0019508,ORD007825,PROD0133,2,317.22
ITEM0019509,ORD007825,PROD0059,1,254.01
ITEM0019510,ORD007825,PROD0143,5,453.59
ITEM0019511,ORD007826,PROD0027,2,356.31
ITEM0019512,ORD007826,PROD0105,2,308.26
ITEM0019513,ORD007827,PROD0107,5,462.67
ITEM0019514,ORD007827,PROD0058,3,356.49
ITEM0019515,ORD007828,PROD0086,5,203.78
ITEM0019516,ORD007828,PROD0138,1,-43.7
ITEM0019517,ORD007829,PROD0149,4,139.28
ITEM0019518,ORD007830,PROD0079,5,61.84
ITEM0019519,ORD007831,PROD0106,2,508.9
ITEM0019520,ORD007831,PROD0026,5,585.88
ITEM0019521,ORD007831,PROD0114,4,45.61
ITEM0019522,ORD007832,PROD0014,2,16.7
ITEM0019523,ORD007832,PROD0077,3,286.06
ITEM0019524,ORD007832,PROD0065,2,153.97
ITEM0019525,ORD007832,PROD0063,3,665.26
ITEM0019526,ORD007833,PROD0110,5,39.23
ITEM0019527,ORD007833,PROD0043,5,251.98
ITEM0019528,ORD007833,PROD0045,5,66.57
ITEM0019529,ORD007833,PROD0064,1,411.35
ITEM0019530,ORD007834,PROD0060,3,497.77
ITEM0019531,ORD007835,PROD0140,4,496.11
ITEM0019532,ORD007835,PROD0039,3,410.66
ITEM0019533,ORD007835,PROD0100,2,208.15
ITEM0019534,ORD007835,PROD0055,3,408.1
ITEM0019535,ORD007836,PROD0003,1,4.27
ITEM0019536,ORD007836,PROD0033,5,470.6
ITEM0019537,ORD007837,PROD0069,5,619.75
ITEM0019538,ORD007837,PROD0079,2,61.84
ITEM0019539,ORD007837,PROD0076,1,277.07
ITEM0019540,ORD007837,PROD0073,4,241.62
ITEM0019541,ORD007838,PROD0032,3,172.77
ITEM0019542,ORD007838,PROD0092,3,557.9
ITEM0019543,ORD007838,PROD0099,4,386.23
ITEM0019544,ORD007838,PROD0058,4,356.49
ITEM0019545,ORD007839,PROD0122,2,484.26
ITEM0019546,ORD007840,PROD0090,4,51.56
ITEM0019547,ORD007840,PROD0146,2,292.2
ITEM0019548,ORD007840,PROD0037,1,540.32
ITEM0019549,ORD007840,PROD0088,1,51.09
ITEM0019550,ORD007841,PROD0102,5,266.91
ITEM0019551,ORD007842,PROD0111,4,408.22
ITEM0019552,ORD007842,PROD0117,5,130.11
ITEM0019553,ORD007842,PROD0065,1,153.97
ITEM0019554,ORD007842,PROD0116,4,366.52
ITEM0019555,ORD007843,PROD0020,2,124.89
ITEM0019556,ORD007843,PROD0139,3,135.03
ITEM0019557,ORD007843,PROD0145,4,359.48
ITEM0019558,ORD007844,PROD0014,2,16.7
ITEM0019559,ORD007844,PROD0001,1,342.2
ITEM0019560,ORD007844,PROD0006,5,98.27
ITEM0019561,ORD007845,PROD0109,5,126.44
ITEM0019562,ORD007845,PROD0093,5,573.11
ITEM0019563,ORD007845,PROD0043,5,251.98
ITEM0019564,ORD007846,PROD0021,2,487.35
ITEM0019565,ORD007847,PROD0027,1,356.31
ITEM0019566,ORD007847,PROD0063,5,665.26
ITEM0019567,ORD007848,PROD0003,5,4.27
ITEM0019568,ORD007848,PROD0035,1,27.57
ITEM0019569,ORD007849,PROD0150,3,-88.94
ITEM0019570,ORD007849,PROD0116,4,366.52
ITEM0019571,ORD007849,PROD0053,3,292.19
ITEM0019572,ORD007849,PROD0122,4,484.26
ITEM0019573,ORD007850,PROD0029,3,93.87
ITEM0019574,ORD007850,PROD0075,2,383.73
ITEM0019575,ORD007850,PROD0014,5,16.7
ITEM0019576,ORD007850,PROD0092,3,557.9
ITEM0019577,ORD007851,PROD0149,5,139.28
ITEM0019578,ORD007851,PROD0104,2,66.01
ITEM0019579,ORD007852,PROD0132,2,316.5
ITEM0019580,ORD007853,PROD0084,5,464.44
ITEM0019581,ORD007853,PROD0050,5,235.27
ITEM0019582,ORD007854,PROD0138,5,43.7
ITEM0019583,ORD007855,PROD0080,5,392.58
ITEM0019584,ORD007855,PROD0045,3,66.57
ITEM0019585,ORD007856,PROD0100,4,208.15
ITEM0019586,ORD007856,PROD0025,5,23.62
ITEM0019587,ORD007856,PROD0089,3,289.58
ITEM0019588,ORD007856,PROD0012,1,589.04
ITEM0019589,ORD007857,PROD0015,5,442.7
ITEM0019590,ORD007857,PROD0056,5,249.02
ITEM0019591,ORD007857,PROD0024,3,594.24
ITEM0019592,ORD007857,PROD0023,1,414.75
ITEM0019593,ORD007858,PROD0043,1,251.98
ITEM0019594,ORD007858,PROD0133,5,317.22
ITEM0019595,ORD007858,PROD0123,3,95.95
ITEM0019596,ORD007858,PROD0100,3,208.15
ITEM0019597,ORD007859,PROD0104,2,66.01
ITEM0019598,ORD007859,PROD0010,4,488.99
ITEM0019599,ORD007860,PROD0118,2,58.39
ITEM0019600,ORD007860,PROD0133,4,317.22
ITEM0019601,ORD007860,PROD0071,3,402.73
ITEM0019602,ORD007861,PROD0051,4,294.17
ITEM0019603,ORD007862,PROD0018,4,119.66
ITEM0019604,ORD007862,PROD0088,3,51.09
ITEM0019605,ORD007862,PROD0148,1,427.66
ITEM0019606,ORD007863,PROD0044,1,474.28
ITEM0019607,ORD007863,PROD0004,3,129.15
ITEM0019608,ORD007863,PROD0124,2,173.3
ITEM0019609,ORD007864,PROD0040,2,508.7
ITEM0019610,ORD007864,PROD0099,3,386.23
ITEM0019611,ORD007865,PROD0021,5,487.35
ITEM0019612,ORD007865,PROD0076,1,277.07
ITEM0019613,ORD007865,PROD0020,1,124.89
ITEM0019614,ORD007866,PROD0150,1,88.94
ITEM0019615,ORD007866,PROD0062,4,355.88
ITEM0019616,ORD007866,PROD0113,4,320.56
ITEM0019617,ORD007866,PROD0124,5,173.3
ITEM0019618,ORD007867,PROD0084,3,464.44
ITEM0019619,ORD007867,PROD0120,3,261.92
ITEM0019620,ORD007867,PROD0109,4,126.44
ITEM0019621,ORD007868,PROD0079,1,61.84
ITEM0019622,ORD007868,PROD0095,5,271.32
ITEM0019623,ORD007868,PROD0120,1,261.92
ITEM0019624,ORD007868,PROD0128,5,403.21
ITEM0019625,ORD007869,PROD0082,1,196.55
ITEM0019626,ORD007870,PROD0136,3,485.57
ITEM0019627,ORD007870,PROD0069,3,619.75
ITEM0019628,ORD007871,PROD0068,2,422.88
ITEM0019629,ORD007871,PROD0018,5,119.66
ITEM0019630,ORD007871,PROD0126,1,263.88
ITEM0019631,ORD007871,PROD0103,3,305.68
ITEM0019632,ORD007872,PROD0057,3,632.78
ITEM0019633,ORD007873,PROD0033,1,470.6
ITEM0019634,ORD007873,PROD0011,5,325.01
ITEM0019635,ORD007873,PROD0079,5,61.84
ITEM0019636,ORD007874,PROD0007,3,248.82
ITEM0019637,ORD007875,PROD0078,5,57.56
ITEM0019638,ORD007875,PROD0015,2,442.7
ITEM0019639,ORD007875,PROD0037,2,540.32
ITEM0019640,ORD007876,PROD0006,2,98.27
ITEM0019641,ORD007877,PROD0033,4,470.6
ITEM0019642,ORD007877,PROD0080,5,392.58
ITEM0019643,ORD007877,PROD0054,5,135.13
ITEM0019644,ORD007878,PROD0150,5,88.94
ITEM0019645,ORD007879,PROD0041,2,438.01
ITEM0019646,ORD007879,PROD0017,4,234.28
ITEM0019647,ORD007880,PROD0043,4,251.98
ITEM0019648,ORD007880,PROD0027,3,356.31
ITEM0019649,ORD007880,PROD0016,5,30.39
ITEM0019650,ORD007881,PROD0150,1,88.94
ITEM0019651,ORD007882,PROD0029,5,93.87
ITEM0019652,ORD007882,PROD0049,2,106.04
ITEM0019653,ORD007882,PROD0122,3,484.26
ITEM0019654,ORD007883,PROD0149,1,139.28
ITEM0019655,ORD007883,PROD0109,3,126.44
ITEM0019656,ORD007883,PROD0112,3,308.35
ITEM0019657,ORD007884,PROD0142,3,347.19
ITEM0019658,ORD007884,PROD0060,5,497.77
ITEM0019659,ORD007884,PROD0016,4,30.39
ITEM0019660,ORD007885,PROD0044,3,474.28
ITEM0019661,ORD007886,PROD0017,4,234.28
ITEM0019662,ORD007887,PROD0048,3,277.49
ITEM0019663,ORD007887,PROD0097,2,53.1
ITEM0019664,ORD007888,PROD0045,2,66.57
ITEM0019665,ORD007888,PROD0144,2,105.68
ITEM0019666,ORD007888,PROD0128,1,403.21
ITEM0019667,ORD007889,PROD0021,2,487.35
ITEM0019668,ORD007890,PROD0045,5,66.57
ITEM0019669,ORD007890,PROD0059,5,254.01
ITEM0019670,ORD007890,PROD0071,2,402.73
ITEM0019671,ORD007891,PROD0107,2,462.67
ITEM0019672,ORD007892,PROD0085,2,602.46
ITEM0019673,ORD007893,PROD0067,2,363.03
ITEM0019674,ORD007893,PROD0137,1,447.4
ITEM0019675,ORD007893,PROD0114,5,45.61
ITEM0019676,ORD007893,PROD0051,5,294.17
ITEM0019677,ORD007894,PROD0088,5,51.09
ITEM0019678,ORD007894,PROD0093,1,573.11
ITEM0019679,ORD007894,PROD0126,3,263.88
ITEM0019680,ORD007894,PROD0011,3,325.01
ITEM0019681,ORD007895,PROD0136,1,485.57
ITEM0019682,ORD007895,PROD0133,2,317.22
ITEM0019683,ORD007895,PROD0045,2,66.57
ITEM0019684,ORD007896,PROD0094,4,393.51
ITEM0019685,ORD007896,PROD0109,1,126.44
ITEM0019686,ORD007896,PROD0079,4,61.84
ITEM0019687,ORD007897,PROD0001,4,342.2
ITEM0019688,ORD007897,PROD0059,4,254.01
ITEM0019689,ORD007897,PROD0060,4,497.77
ITEM0019690,ORD007897,PROD0014,3,16.7
ITEM0019691,ORD007898,PROD0008,4,174.9
ITEM0019692,ORD007898,PROD0143,5,453.59
ITEM0019693,ORD007899,PROD0096,2,321.49
ITEM0019694,ORD007899,PROD0009,2,138.45
ITEM0019695,ORD007900,PROD0008,2,174.9
ITEM0019696,ORD007900,PROD0148,-1,427.66
ITEM0019697,ORD007900,PROD0005,1,196.98
ITEM0019698,ORD007901,PROD0147,1,570.65
ITEM0019699,ORD007902,PROD0024,2,594.24
ITEM0019700,ORD007902,PROD0108,1,332.49
ITEM0019701,ORD007903,PROD0120,5,261.92
ITEM0019702,ORD007903,PROD0072,3,226.81
ITEM0019703,ORD007903,PROD0079,5,61.84
ITEM0019704,ORD007904,PROD0043,5,251.98
ITEM0019705,ORD007904,PROD0013,2,196.91
ITEM0019706,ORD007904,PROD0081,1,318.7
ITEM0019707,ORD007904,PROD0003,2,4.27
ITEM0019708,ORD007905,PROD0047,1,288.09
ITEM0019709,ORD007905,PROD0020,2,124.89
ITEM0019710,ORD007906,PROD0016,3,30.39
ITEM0019711,ORD007907,PROD0095,3,271.32
ITEM0019712,ORD007907,PROD0020,5,124.89
ITEM0019713,ORD007907,PROD0130,4,421.1
ITEM0019714,ORD007908,PROD0082,5,196.55
ITEM0019715,ORD007909,PROD0102,2,266.91
ITEM0019716,ORD007909,PROD0061,2,683.51
ITEM0019717,ORD007909,PROD0110,2,39.23
ITEM0019718,ORD007909,PROD0098,2,351.41
ITEM0019719,ORD007910,PROD0019,1,443.45
ITEM0019720,ORD007910,PROD0127,2,9.71
ITEM0019721,ORD007910,PROD0142,2,347.19
ITEM0019722,ORD007910,PROD0043,1,251.98
ITEM0019723,ORD007911,PROD0038,5,216.74
ITEM0019724,ORD007912,PROD0101,-2,182.81
ITEM0019725,ORD007913,PROD0084,3,464.44
ITEM0019726,ORD007913,PROD0016,4,30.39
ITEM0019727,ORD007913,PROD0024,2,594.24
ITEM0019728,ORD007913,PROD0102,3,266.91
ITEM0019729,ORD007914,PROD0140,4,496.11
ITEM0019730,ORD007915,PROD0120,2,261.92
ITEM0019731,ORD007916,PROD0150,1,88.94
ITEM0019732,ORD007916,PROD0120,3,261.92
ITEM0019733,ORD007917,PROD0006,1,98.27
ITEM0019734,ORD007917,PROD0095,4,271.32
ITEM0019735,ORD007917,PROD0103,4,305.68
ITEM0019736,ORD007918,PROD0098,2,351.41
ITEM0019737,ORD007919,PROD0064,1,411.35
ITEM0019738,ORD007920,PROD0075,2,383.73
ITEM0019739,ORD007920,PROD0039,2,410.66
ITEM0019740,ORD007920,PROD0037,5,540.32
ITEM0019741,ORD007920,PROD0074,1,122.74
ITEM0019742,ORD007921,PROD0091,2,161.11
ITEM0019743,ORD007921,PROD0025,3,23.62
ITEM0019744,ORD007921,PROD0049,3,106.04
ITEM0019745,ORD007921,PROD0050,2,235.27
ITEM0019746,ORD007922,PROD0064,5,411.35
ITEM0019747,ORD007923,PROD0115,4,431.33
ITEM0019748,ORD007924,PROD0029,4,93.87
ITEM0019749,ORD007924,PROD0086,-2,203.78
ITEM0019750,ORD007924,PROD0022,5,380.56
ITEM0019751,ORD007925,PROD0098,3,351.41
ITEM0019752,ORD007925,PROD0140,3,496.11
ITEM0019753,ORD007925,PROD0051,2,294.17
ITEM0019754,ORD007925,PROD0135,3,427.2
ITEM0019755,ORD007926,PROD0032,3,172.77
ITEM0019756,ORD007926,PROD0118,4,58.39
ITEM0019757,ORD007926,PROD0018,2,119.66
ITEM0019758,ORD007926,PROD0052,4,436.28
ITEM0019759,ORD007927,PROD0095,2,271.32
ITEM0019760,ORD007927,PROD0026,1,585.88
ITEM0019761,ORD007927,PROD0025,3,23.62
ITEM0019762,ORD007927,PROD0043,4,251.98
ITEM0019763,ORD007928,PROD0019,3,443.45
ITEM0019764,ORD007929,PROD0024,4,594.24
ITEM0019765,ORD007929,PROD0143,4,453.59
ITEM0019766,ORD007929,PROD0150,1,88.94
ITEM0019767,ORD007930,PROD0140,1,496.11
ITEM0019768,ORD007930,PROD0061,4,683.51
ITEM0019769,ORD007930,PROD0066,1,370.45
ITEM0019770,ORD007931,PROD0055,3,408.1
ITEM0019771,ORD007932,PROD0149,4,139.28
ITEM0019772,ORD007932,PROD0019,5,443.45
ITEM0019773,ORD007933,PROD0016,5,30.39
ITEM0019774,ORD007933,PROD0047,2,288.09
ITEM0019775,ORD007933,PROD0136,4,485.57
ITEM0019776,ORD007934,PROD0012,3,589.04
ITEM0019777,ORD007934,PROD0063,3,665.26
ITEM0019778,ORD007934,PROD0052,4,436.28
ITEM0019779,ORD007934,PROD0026,3,585.88
ITEM0019780,ORD007935,PROD0147,4,570.65
ITEM0019781,ORD007935,PROD0009,-3,138.45
ITEM0019782,ORD007936,PROD0002,4,112.42
ITEM0019783,ORD007936,PROD0059,5,254.01
ITEM0019784,ORD007936,PROD0063,2,665.26
ITEM0019785,ORD007937,PROD0143,2,453.59
ITEM0019786,ORD007937,PROD0086,5,203.78
ITEM0019787,ORD007938,PROD0045,5,66.57
ITEM0019788,ORD007938,PROD0020,1,124.89
ITEM0019789,ORD007939,PROD0143,1,453.59
ITEM0019790,ORD007939,PROD0131,5,130.48
ITEM0019791,ORD007940,PROD0033,2,470.6
ITEM0019792,ORD007940,PROD0103,2,305.68
ITEM0019793,ORD007941,PROD0063,5,665.26
ITEM0019794,ORD007942,PROD0033,4,470.6
ITEM0019795,ORD007942,PROD0011,4,325.01
ITEM0019796,ORD007942,PROD0096,1,321.49
ITEM0019797,ORD007943,PROD0013,3,196.91
ITEM0019798,ORD007943,PROD0074,5,122.74
ITEM0019799,ORD007944,PROD0061,4,683.51
ITEM0019800,ORD007944,PROD0145,1,359.48
ITEM0019801,ORD007944,PROD0069,5,619.75
ITEM0019802,ORD007945,PROD0117,2,130.11
ITEM0019803,ORD007945,PROD0110,3,39.23
ITEM0019804,ORD007946,PROD0040,-4,508.7
ITEM0019805,ORD007946,PROD0056,3,249.02
ITEM0019806,ORD007946,PROD0016,3,30.39
ITEM0019807,ORD007946,PROD0041,3,438.01
ITEM0019808,ORD007947,PROD0111,-3,408.22
ITEM0019809,ORD007947,PROD0135,3,427.2
ITEM0019810,ORD007947,PROD0054,5,135.13
ITEM0019811,ORD007947,PROD0012,2,589.04
ITEM0019812,ORD007948,PROD0127,5,9.71
ITEM0019813,ORD007948,PROD0140,5,496.11
ITEM0019814,ORD007948,PROD0075,1,383.73
ITEM0019815,ORD007949,PROD0005,1,196.98
ITEM0019816,ORD007949,PROD0009,1,138.45
ITEM0019817,ORD007950,PROD0029,2,93.87
ITEM0019818,ORD007950,PROD0120,3,261.92
ITEM0019819,ORD007950,PROD0069,1,619.75
ITEM0019820,ORD007950,PROD0111,5,408.22
ITEM0019821,ORD007951,PROD0018,3,119.66
ITEM0019822,ORD007951,PROD0038,2,216.74
ITEM0019823,ORD007951,PROD0130,2,421.1
ITEM0019824,ORD007952,PROD0087,3,193.52
ITEM0019825,ORD007952,PROD0075,2,383.73
ITEM0019826,ORD007953,PROD0127,4,9.71
ITEM0019827,ORD007953,PROD0005,3,196.98
ITEM0019828,ORD007954,PROD0068,3,422.88
ITEM0019829,ORD007955,PROD0010,2,488.99
ITEM0019830,ORD007956,PROD0005,4,196.98
ITEM0019831,ORD007956,PROD0050,4,235.27
ITEM0019832,ORD007956,PROD0038,3,216.74
ITEM0019833,ORD007956,PROD0141,4,19.31
ITEM0019834,ORD007957,PROD0076,5,277.07
ITEM0019835,ORD007957,PROD0138,2,43.7
ITEM0019836,ORD007958,PROD0063,1,665.26
ITEM0019837,ORD007959,PROD0055,1,408.1
ITEM0019838,ORD007959,PROD0070,5,271.29
ITEM0019839,ORD007959,PROD0067,5,363.03
ITEM0019840,ORD007960,PROD0083,1,306.64
ITEM0019841,ORD007961,PROD0064,4,411.35
ITEM0019842,ORD007961,PROD0033,4,470.6
ITEM0019843,ORD007961,PROD0048,2,-277.49
ITEM0019844,ORD007962,PROD0039,5,410.66
ITEM0019845,ORD007963,PROD0099,4,386.23
ITEM0019846,ORD007963,PROD0072,3,226.81
ITEM0019847,ORD007963,PROD0003,2,4.27
ITEM0019848,ORD007963,PROD0008,3,174.9
ITEM0019849,ORD007964,PROD0038,3,216.74
ITEM0019850,ORD007965,PROD0116,5,366.52
ITEM0019851,ORD007965,PROD0022,5,380.56
ITEM0019852,ORD007966,PROD0067,1,363.03
ITEM0019853,ORD007967,PROD0034,2,303.7
ITEM0019854,ORD007968,PROD0030,5,314.5
ITEM0019855,ORD007968,PROD0062,4,355.88
ITEM0019856,ORD007968,PROD0095,2,271.32
ITEM0019857,ORD007969,PROD0116,5,366.52
ITEM0019858,ORD007970,PROD0083,3,306.64
ITEM0019859,ORD007970,PROD0096,2,321.49
ITEM0019860,ORD007970,PROD0144,1,105.68
ITEM0019861,ORD007971,PROD0087,2,193.52
ITEM0019862,ORD007971,PROD0119,5,103.02
ITEM0019863,ORD007971,PROD0003,4,4.27
ITEM0019864,ORD007971,PROD0054,4,135.13
ITEM0019865,ORD007972,PROD0135,4,427.2
ITEM0019866,ORD007972,PROD0008,5,174.9
ITEM0019867,ORD007973,PROD0078,2,57.56
ITEM0019868,ORD007973,PROD0011,4,325.01
ITEM0019869,ORD007973,PROD0096,5,321.49
ITEM0019870,ORD007974,PROD0144,3,105.68
ITEM0019871,ORD007974,PROD0116,4,366.52
ITEM0019872,ORD007975,PROD0051,1,294.17
ITEM0019873,ORD007975,PROD0112,3,308.35
ITEM0019874,ORD007975,PROD0149,2,139.28
ITEM0019875,ORD007975,PROD0019,1,-443.45
ITEM0019876,ORD007976,PROD0084,2,464.44
ITEM0019877,ORD007976,PROD0107,2,462.67
ITEM0019878,ORD007977,PROD0082,5,196.55
ITEM0019879,ORD007977,PROD0049,2,106.04
ITEM0019880,ORD007978,PROD0031,1,15.13
ITEM0019881,ORD007978,PROD0007,4,248.82
ITEM0019882,ORD007979,PROD0083,4,306.64
ITEM0019883,ORD007979,PROD0061,5,683.51
ITEM0019884,ORD007980,PROD0130,1,421.1
ITEM0019885,ORD007980,PROD0081,2,318.7
ITEM0019886,ORD007981,PROD0114,4,45.61
ITEM0019887,ORD007981,PROD0146,1,292.2
ITEM0019888,ORD007982,PROD0051,1,294.17
ITEM0019889,ORD007982,PROD0045,5,66.57
ITEM0019890,ORD007983,PROD0043,1,251.98
ITEM0019891,ORD007984,PROD0032,4,172.77
ITEM0019892,ORD007984,PROD0114,5,45.61
ITEM0019893,ORD007984,PROD0076,5,277.07
ITEM0019894,ORD007985,PROD0098,1,351.41
ITEM0019895,ORD007985,PROD0020,4,124.89
ITEM0019896,ORD007986,PROD0133,4,317.22
ITEM0019897,ORD007986,PROD0067,1,363.03
ITEM0019898,ORD007987,PROD0084,5,464.44
ITEM0019899,ORD007987,PROD0046,3,207.44
ITEM0019900,ORD007988,PROD0067,3,363.03
ITEM0019901,ORD007989,PROD0132,4,316.5
ITEM0019902,ORD007989,PROD0067,5,363.03
ITEM0019903,ORD007989,PROD0010,3,488.99
ITEM0019904,ORD007990,PROD0078,5,57.56
ITEM0019905,ORD007990,PROD0137,1,447.4
ITEM0019906,ORD007991,PROD0019,5,443.45
ITEM0019907,ORD007991,PROD0091,3,161.11
ITEM0019908,ORD007991,PROD0132,2,316.5
ITEM0019909,ORD007991,PROD0098,1,351.41
ITEM0019910,ORD007992,PROD0096,3,321.49
ITEM0019911,ORD007992,PROD0139,4,135.03
ITEM0019912,ORD007992,PROD0134,4,192.47
ITEM0019913,ORD007992,PROD0085,5,602.46
ITEM0019914,ORD007993,PROD0047,2,288.09
ITEM0019915,ORD007993,PROD0058,1,356.49
ITEM0019916,ORD007993,PROD0027,5,356.31
ITEM0019917,ORD007993,PROD0011,2,325.01
ITEM0019918,ORD007994,PROD0133,4,317.22
ITEM0019919,ORD007995,PROD0053,2,292.19
ITEM0019920,ORD007995,PROD0011,5,325.01
ITEM0019921,ORD007995,PROD0033,3,470.6
ITEM0019922,ORD007995,PROD0021,3,487.35
ITEM0019923,ORD007996,PROD0143,3,453.59
ITEM0019924,ORD007996,PROD0090,2,51.56
ITEM0019925,ORD007997,PROD0053,5,292.19
ITEM0019926,ORD007998,PROD0136,2,-485.57
ITEM0019927,ORD007998,PROD0006,3,98.27
ITEM0019928,ORD007999,PROD0083,3,306.64
ITEM0019929,ORD007999,PROD0022,2,380.56
ITEM0019930,ORD008000,PROD0008,5,174.9
ITEM0019931,ORD008000,PROD0124,5,173.3
