order_id,customer_id,order_date,channel,status
ORD000001,CUST00338,2024-03-25,Marketplace,Completed
ORD000002,CUST00582,03-02-2024,Mobile App,Returned
ORD000003,CUST00369,04/01/2025,Marketplace,Completed
ORD000004,CUST00427,2023-10-11,Web,Completed
ORD000005,CUST00891,15/09/2023,Marketplace,Pending
ORD000006,CUST00472,2025-03-08,Mobile App,Completed
ORD000007,CUST00452,17/03/2023,Marketplace,Completed
ORD000008,CUST00365,01/02/2024,Web,Completed
ORD000009,CUST00954,14/04/2024,Web,Pending
ORD000010,CUST00970,07/05/2025,Mobile App,Completed
ORD000011,CUST00872,27/06/2024,Mobile App,Pending
ORD000012,CUST00026,12-10-2024,Mobile App,Completed
ORD000013,CUST00941,05-28-2025,Marketplace,Cancelled
ORD000014,CUST00831,09/07/2023,Marketplace,Completed
ORD000015,CUST00067,31/10/2023,Mobile App,Returned
ORD000016,CUST00749,04-21-2024,Web,Completed
ORD000017,CUST00430,02-10-2025,Web,Completed
ORD000018,CUST01092,10/07/2025,Mobile App,Cancelled
ORD000019,CUST01017,2023-06-04,Marketplace,Returned
ORD000020,CUST00271,30/04/2024,Mobile App,Completed
ORD000021,CUST00476,05-04-2025,Marketplace,Completed
ORD000022,CUST00591,2025-02-27,Web,Completed
ORD000023,CUST00758,2023-07-08,Marketplace,Returned
ORD000024,CUST00333,30/06/2024,Web,Completed
ORD000025,CUST00906,12-13-2023,Web,Returned
ORD000026,CUST00570,2023-07-20,Web,Cancelled
ORD000027,CUST00720,12/11/2023,Marketplace,Completed
ORD000028,CUST00177,2023-05-28,Mobile App,Completed
ORD000029,CUST00381,02/05/2025,Mobile App,Cancelled
ORD000030,CUST00502,2023-01-30,Mobile App,Completed
ORD000031,CUST00529,10-05-2024,Mobile App,Returned
ORD000032,CUST00532,06-16-2023,Web,Completed
ORD000033,CUST00376,2025-02-22,Marketplace,Pending
ORD000034,CUST00743,04-09-2023,Marketplace,Completed
ORD000035,CUST00210,2023-08-12,Marketplace,Completed
ORD000036,CUST00239,2025-04-18,Web,Completed
ORD000037,CUST00292,2024-12-05,Mobile App,Completed
ORD000038,CUST00884,2023-02-13,Web,Completed
ORD000039,CUST00618,2024-11-14,Web,Pending
ORD000040,CUST00720,2023-01-30,Web,Pending
ORD000041,CUST01084,08-11-2023,Web,Completed
ORD000042,CUST00901,2024-11-20,Web,Pending
ORD000043,CUST00591,07-24-2024,Web,Completed
ORD000044,CUST00975,26/11/2024,Web,Completed
ORD000045,CUST00828,2023-05-06,Mobile App,Returned
ORD000046,CUST00276,2023-01-31,Marketplace,Completed
ORD000047,CUST00670,06/06/2023,Marketplace,Cancelled
ORD000048,CUST00414,10-28-2023,Mobile App,Completed
ORD000049,CUST00942,2023-02-06,Web,Cancelled
ORD000050,CUST00975,2024-07-29,Marketplace,Completed
ORD000051,CUST00732,26/02/2024,Web,Returned
ORD000052,CUST00348,01-21-2023,Mobile App,Completed
ORD000053,CUST00689,05-23-2024,Marketplace,Completed
ORD000054,CUST00589,2023-09-29,Mobile App,Cancelled
ORD000055,CUST00410,29/02/2024,Mobile App,Cancelled
ORD000056,CUST00411,09/01/2024,Web,Completed
ORD000057,CUST00547,23/04/2025,Marketplace,Completed
ORD000058,CUST00414,13/06/2023,Web,Completed
ORD000059,CUST00834,07/07/2025,Marketplace,Returned
ORD000060,CUST01025,05-04-2023,Marketplace,Pending
ORD000061,CUST00219,2023-06-29,Mobile App,Completed
ORD000062,CUST00632,01-22-2023,Marketplace,Completed
ORD000063,CUST00744,07-13-2025,Web,Cancelled
ORD000064,CUST00483,2023-11-01,Web,Completed
ORD000065,CUST00206,2025-04-24,Marketplace,Completed
ORD000066,CUST00670,04-09-2024,Web,Pending
ORD000067,CUST00821,07-24-2023,Mobile App,Completed
ORD000068,CUST00267,05-17-2025,Marketplace,Completed
ORD000069,CUST00773,05-04-2025,Web,Completed
ORD000070,CUST00948,23/07/2023,Marketplace,Pending
ORD000071,CUST01162,2023-05-01,Marketplace,Cancelled
ORD000072,CUST00388,2024-03-04,Mobile App,Pending
ORD000073,CUST00939,2023-03-29,Mobile App,Completed
ORD000074,CUST00094,06/01/2023,Marketplace,Cancelled
ORD000075,CUST00642,2023-02-15,Mobile App,Pending
ORD000076,CUST00310,07-23-2024,Marketplace,Pending
ORD000077,CUST00304,07/05/2023,Web,Completed
ORD000078,CUST00158,10/09/2023,Marketplace,Completed
ORD000079,CUST00983,04-09-2024,Mobile App,Cancelled
ORD000080,CUST00666,01-19-2025,Marketplace,Completed
ORD000081,CUST00817,2023-09-19,Web,Pending
ORD000082,CUST00753,2024-06-08,Mobile App,Completed
ORD000083,CUST00318,05-22-2024,Marketplace,Returned
ORD000084,CUST00979,2023-11-04,Web,Returned
ORD000085,CUST01165,12/04/2025,Mobile App,Completed
ORD000086,CUST00368,2025-03-16,Mobile App,Completed
ORD000087,CUST00922,30/09/2024,Mobile App,Pending
ORD000088,CUST00809,2023-04-30,Web,Returned
ORD000089,CUST00055,03/08/2023,Marketplace,Completed
ORD000090,CUST00341,2025-07-13,Marketplace,Returned
ORD000091,CUST00596,07/02/2023,Mobile App,Completed
ORD000092,CUST00331,10-22-2023,Web,Completed
ORD000093,CUST00800,03-02-2024,Marketplace,Returned
ORD000094,CUST01012,2023-11-07,Web,Cancelled
ORD000095,CUST00325,06-28-2023,Web,Pending
ORD000096,CUST01151,18/08/2023,Mobile App,Completed
ORD000097,CUST00228,04-19-2023,Marketplace,Pending
ORD000098,CUST00242,2025-06-10,Mobile App,Completed
ORD000099,CUST00971,16/12/2023,Marketplace,Completed
ORD000100,CUST00503,06-05-2023,Mobile App,Pending
ORD000101,CUST00061,2024-03-29,Web,Returned
ORD000102,CUST00337,2024-03-20,Mobile App,Pending
ORD000103,CUST01065,30/10/2023,Mobile App,Returned
ORD000104,CUST00906,15/12/2024,Marketplace,Completed
ORD000105,CUST00438,04-06-2023,Marketplace,Completed
ORD000106,CUST00532,10-04-2024,Mobile App,Completed
ORD000107,CUST00929,2023-12-14,Marketplace,Cancelled
ORD000108,CUST01065,2025-01-25,Web,Completed
ORD000109,CUST00267,2024-05-02,Mobile App,Completed
ORD000110,CUST00854,2025-04-23,Web,Cancelled
ORD000111,CUST00970,02-03-2023,Web,Cancelled
ORD000112,CUST00293,05-26-2023,Mobile App,Completed
ORD000113,CUST00692,11/03/2025,Mobile App,Pending
ORD000114,CUST00839,2024-02-01,Mobile App,Completed
ORD000115,CUST00051,08-08-2024,Marketplace,Completed
ORD000116,CUST01182,2025-02-14,Marketplace,Cancelled
ORD000117,CUST00422,09-09-2023,Marketplace,Completed
ORD000118,CUST01007,2025-06-01,Mobile App,Completed
ORD000119,CUST00585,2023-05-28,Mobile App,Pending
ORD000120,CUST00121,21/09/2024,Web,Completed
ORD000121,CUST00664,22/09/2023,Web,Completed
ORD000122,CUST01133,2024-02-21,Mobile App,Completed
ORD000123,CUST00765,2024-07-07,Web,Cancelled
ORD000124,CUST00436,08-22-2024,Mobile App,Completed
ORD000125,CUST00573,18/06/2025,Web,Cancelled
ORD000126,CUST00005,15/09/2024,Web,Completed
ORD000127,CUST00912,2024-11-19,Mobile App,Pending
ORD000128,CUST00621,04-07-2025,Web,Completed
ORD000129,CUST00360,03-08-2023,Web,Returned
ORD000130,CUST01072,16/01/2025,Web,Pending
ORD000131,CUST00930,03/01/2023,Marketplace,Returned
ORD000132,CUST00250,11-27-2024,Mobile App,Completed
ORD000133,CUST00052,2025-01-25,Marketplace,Completed
ORD000134,CUST00199,29/01/2023,Mobile App,Pending
ORD000135,CUST00698,2025-05-02,Mobile App,Cancelled
ORD000136,CUST00773,11-17-2023,Web,Pending
ORD000137,CUST00107,29/10/2023,Mobile App,Completed
ORD000138,CUST00139,2024-08-30,Marketplace,Completed
ORD000139,CUST00733,11-15-2023,Marketplace,Pending
ORD000140,CUST00297,2023-02-28,Marketplace,Pending
ORD000141,CUST00413,2025-03-15,Mobile App,Completed
ORD000142,CUST00437,02/09/2023,Marketplace,Pending
ORD000143,CUST01200,23/07/2025,Web,Completed
ORD000144,CUST00366,2023-07-20,Web,Pending
ORD000145,CUST00351,06-23-2024,Mobile App,Returned
ORD000146,CUST00389,07-16-2023,Mobile App,Returned
ORD000147,CUST00259,05-21-2025,Marketplace,Completed
ORD000148,CUST00367,11-26-2023,Mobile App,Cancelled
ORD000149,CUST00322,12/05/2025,Mobile App,Cancelled
ORD000150,CUST00472,2024-08-20,Mobile App,Cancelled
ORD000151,CUST00736,2025-07-12,Mobile App,Pending
ORD000152,CUST00079,2024-07-13,Mobile App,Completed
ORD000153,CUST00828,02-20-2024,Marketplace,Completed
ORD000154,CUST00856,03/08/2023,Mobile App,Pending
ORD000155,CUST00020,05-26-2024,Mobile App,Completed
ORD000156,CUST00066,2025-08-02,Web,Completed
ORD000157,CUST01001,2023-01-28,Web,Completed
ORD000158,CUST00141,2024-02-03,Web,Pending
ORD000159,CUST00940,2023-10-10,Web,Completed
ORD000160,CUST00610,02-05-2024,Web,Completed
ORD000161,CUST00090,2023-09-03,Mobile App,Returned
ORD000162,CUST00425,2024-06-02,Mobile App,Completed
ORD000163,CUST00399,2024-02-11,Web,Completed
ORD000164,CUST00945,2023-03-11,Marketplace,Returned
ORD000165,CUST00363,2023-10-29,Marketplace,Returned
ORD000166,CUST00211,02-04-2024,Mobile App,Completed
ORD000167,CUST00512,2024-01-19,Web,Completed
ORD000168,CUST00394,11-27-2024,Web,Completed
ORD000169,CUST00670,11-27-2023,Marketplace,Completed
ORD000170,CUST00648,13/01/2023,Web,Completed
ORD000171,CUST01024,04-15-2023,Marketplace,Pending
ORD000172,CUST00273,2023-12-07,Marketplace,Pending
ORD000173,CUST00477,01-22-2023,Web,Completed
ORD000174,CUST00419,2024-10-19,Web,Returned
ORD000175,CUST00509,03-31-2025,Marketplace,Returned
ORD000176,CUST00395,02-23-2023,Web,Completed
ORD000177,CUST00957,2023-11-15,Marketplace,Completed
ORD000178,CUST00986,23/03/2023,Mobile App,Completed
ORD000179,CUST00041,19/02/2025,Mobile App,Pending
ORD000180,CUST00360,21/09/2023,Mobile App,Completed
ORD000181,CUST00809,30/01/2025,Mobile App,Completed
ORD000182,CUST00755,2024-12-14,Marketplace,Completed
ORD000183,CUST00788,02-12-2024,Marketplace,Completed
ORD000184,CUST00631,21/01/2025,Marketplace,Pending
ORD000185,CUST00293,10-03-2023,Web,Returned
ORD000186,CUST00226,04-06-2024,Web,Completed
ORD000187,CUST00224,06-08-2025,Web,Completed
ORD000188,CUST00015,11-12-2024,Web,Completed
ORD000189,CUST00691,10/09/2024,Mobile App,Completed
ORD000190,CUST00285,01-27-2023,Web,Pending
ORD000191,CUST00094,04-06-2025,Mobile App,Returned
ORD000192,CUST01172,03-14-2025,Marketplace,Completed
ORD000193,CUST00237,05-08-2024,Marketplace,Completed
ORD000194,CUST00786,23/02/2025,Web,Returned
ORD000195,CUST00782,10-31-2024,Marketplace,Pending
ORD000196,CUST00004,2023-11-15,Marketplace,Cancelled
ORD000197,CUST00455,20/04/2023,Web,Cancelled
ORD000198,CUST01176,05-04-2024,Web,Completed
ORD000199,CUST00613,04-14-2025,Web,Completed
ORD000200,CUST00623,04-13-2024,Web,Cancelled
ORD000201,CUST01179,04-15-2023,Web,Completed
ORD000202,CUST00620,12-05-2024,Web,Returned
ORD000203,CUST00194,03-24-2025,Web,Completed
ORD000204,CUST01198,07-05-2024,Marketplace,Completed
ORD000205,CUST00264,2024-08-11,Marketplace,Completed
ORD000206,CUST00256,02/06/2024,Mobile App,Cancelled
ORD000207,CUST01094,2024-03-31,Marketplace,Completed
ORD000208,CUST00275,09-08-2024,Web,Cancelled
ORD000209,CUST00294,2024-07-02,Web,Returned
ORD000210,CUST00159,2023-10-04,Marketplace,Completed
ORD000211,CUST00628,25/08/2024,Web,Cancelled
ORD000212,CUST01089,07-18-2024,Mobile App,Completed
ORD000213,CUST00109,07-29-2025,Marketplace,Completed
ORD000214,CUST00877,06-17-2024,Web,Completed
ORD000215,CUST00163,03-20-2023,Web,Completed
ORD000216,CUST00869,11-24-2024,Marketplace,Completed
ORD000217,CUST00919,06-22-2023,Marketplace,Completed
ORD000218,CUST00232,12-13-2023,Web,Pending
ORD000219,CUST00005,01-25-2025,Marketplace,Completed
ORD000220,CUST00943,03/12/2023,Mobile App,Completed
ORD000221,CUST00883,2024-05-18,Web,Cancelled
ORD000222,CUST00613,09/01/2024,Web,Cancelled
ORD000223,CUST00809,03-07-2024,Mobile App,Completed
ORD000224,CUST00666,08/02/2025,Marketplace,Returned
ORD000225,CUST00170,18/02/2025,Web,Cancelled
ORD000226,CUST00879,23/07/2023,Marketplace,Pending
ORD000227,CUST00305,2023-08-23,Web,Completed
ORD000228,CUST00409,2023-04-04,Mobile App,Completed
ORD000229,CUST00506,2023-11-24,Web,Completed
ORD000230,CUST00207,2024-03-17,Mobile App,Completed
ORD000231,CUST00762,09-01-2023,Mobile App,Completed
ORD000232,CUST00414,06-30-2024,Web,Completed
ORD000233,CUST00919,10-06-2024,Web,Completed
ORD000234,CUST00045,06-20-2023,Mobile App,Returned
ORD000235,CUST01091,06-10-2025,Web,Completed
ORD000236,CUST00531,2023-11-07,Mobile App,Returned
ORD000237,CUST00106,2024-10-19,Web,Cancelled
ORD000238,CUST00665,03-27-2023,Marketplace,Completed
ORD000239,CUST00573,30/06/2023,Web,Cancelled
ORD000240,CUST01129,31/07/2023,Web,Completed
ORD000241,CUST00361,07-13-2023,Mobile App,Returned
ORD000242,CUST00294,15/03/2023,Web,Completed
ORD000243,CUST00028,2025-03-22,Web,Cancelled
ORD000244,CUST01114,2023-05-07,Web,Completed
ORD000245,CUST00788,12-04-2024,Web,Completed
ORD000246,CUST00174,2025-07-06,Marketplace,Completed
ORD000247,CUST00588,2023-12-23,Mobile App,Completed
ORD000248,CUST00876,14/01/2025,Web,Completed
ORD000249,CUST00504,28/01/2024,Marketplace,Completed
ORD000250,CUST00743,25/07/2024,Web,Completed
ORD000251,CUST00286,29/10/2023,Web,Pending
ORD000252,CUST00324,2023-01-31,Mobile App,Completed
ORD000253,CUST00853,2023-06-03,Mobile App,Returned
ORD000254,CUST00066,2024-09-10,Marketplace,Completed
ORD000255,CUST01135,29/12/2024,Marketplace,Cancelled
ORD000256,CUST01146,2024-09-11,Marketplace,Completed
ORD000257,CUST00219,2023-03-08,Marketplace,Completed
ORD000258,CUST00633,09/01/2023,Mobile App,Completed
ORD000259,CUST01032,04-14-2023,Web,Completed
ORD000260,CUST01072,26/02/2025,Mobile App,Pending
ORD000261,CUST00794,2023-09-02,Marketplace,Cancelled
ORD000262,CUST00031,27/05/2023,Marketplace,Pending
ORD000263,CUST00606,2023-06-15,Mobile App,Cancelled
ORD000264,CUST00254,05/08/2024,Web,Completed
ORD000265,CUST00088,09-27-2024,Web,Returned
ORD000266,CUST00457,02/02/2024,Marketplace,Completed
ORD000267,CUST00996,08-06-2023,Marketplace,Completed
ORD000268,CUST00963,05-30-2023,Web,Completed
ORD000269,CUST00881,2024-04-29,Web,Completed
ORD000270,CUST00291,12/03/2023,Mobile App,Completed
ORD000271,CUST00407,24/12/2023,Mobile App,Completed
ORD000272,CUST01185,2024-09-23,Mobile App,Returned
ORD000273,CUST00921,10-16-2024,Web,Completed
ORD000274,CUST01182,15/01/2023,Mobile App,Completed
ORD000275,CUST00233,2025-08-06,Mobile App,Completed
ORD000276,CUST00213,04-02-2023,Web,Cancelled
ORD000277,CUST00951,02-27-2024,Marketplace,Pending
ORD000278,CUST00767,05-10-2025,Marketplace,Cancelled
ORD000279,CUST00264,13/10/2024,Marketplace,Completed
ORD000280,CUST00661,2023-07-28,Web,Completed
ORD000281,CUST00503,13/01/2025,Mobile App,Returned
ORD000282,CUST01187,2025-06-06,Web,Completed
ORD000283,CUST00191,21/03/2023,Mobile App,Pending
ORD000284,CUST00860,20/01/2024,Marketplace,Completed
ORD000285,CUST00703,22/12/2023,Marketplace,Cancelled
ORD000286,CUST00395,2024-09-12,Marketplace,Completed
ORD000287,CUST00260,02/10/2023,Mobile App,Completed
ORD000288,CUST01016,03-22-2024,Mobile App,Completed
ORD000289,CUST00557,15/04/2025,Marketplace,Completed
ORD000290,CUST01087,27/12/2023,Web,Completed
ORD000291,CUST00251,10/01/2023,Marketplace,Completed
ORD000292,CUST00154,08-10-2024,Mobile App,Returned
ORD000293,CUST01180,05/01/2023,Mobile App,Completed
ORD000294,CUST01012,2024-09-19,Mobile App,Completed
ORD000295,CUST00011,2024-12-05,Mobile App,Pending
ORD000296,CUST00675,12-05-2024,Mobile App,Completed
ORD000297,CUST00847,14/10/2024,Marketplace,Completed
ORD000298,CUST00607,2024-12-29,Mobile App,Cancelled
ORD000299,CUST00789,12/07/2023,Web,Completed
ORD000300,CUST00217,2025-07-25,Web,Completed
ORD000301,CUST00384,2023-10-01,Mobile App,Returned
ORD000302,CUST00866,18/07/2023,Web,Completed
ORD000303,CUST00450,2023-04-28,Web,Cancelled
ORD000304,CUST00417,12-22-2023,Mobile App,Returned
ORD000305,CUST00384,07/12/2023,Web,Completed
ORD000306,CUST01162,27/11/2024,Web,Cancelled
ORD000307,CUST01118,09-21-2023,Mobile App,Completed
ORD000308,CUST00841,2025-05-26,Marketplace,Completed
ORD000309,CUST01116,09/07/2025,Marketplace,Completed
ORD000310,CUST00932,03/08/2024,Mobile App,Completed
ORD000311,CUST00594,09-30-2024,Marketplace,Completed
ORD000312,CUST00002,21/02/2023,Web,Completed
ORD000313,CUST00727,09-12-2023,Marketplace,Completed
ORD000314,CUST01161,08-07-2025,Mobile App,Cancelled
ORD000315,CUST00733,24/04/2024,Mobile App,Completed
ORD000316,CUST00601,24/02/2023,Web,Completed
ORD000317,CUST00113,10-04-2023,Web,Completed
ORD000318,CUST00125,05-05-2023,Marketplace,Returned
ORD000319,CUST01015,2023-05-20,Marketplace,Returned
ORD000320,CUST00248,2024-06-16,Web,Completed
ORD000321,CUST00114,2025-08-06,Mobile App,Completed
ORD000322,CUST01120,25/07/2023,Mobile App,Completed
ORD000323,CUST01156,2024-02-03,Marketplace,Completed
ORD000324,CUST00286,04-24-2024,Mobile App,Completed
ORD000325,CUST00432,12-24-2023,Marketplace,Completed
ORD000326,CUST00695,04-15-2024,Web,Completed
ORD000327,CUST01190,12-23-2023,Marketplace,Pending
ORD000328,CUST00132,03-05-2023,Mobile App,Completed
ORD000329,CUST00061,2025-08-03,Mobile App,Completed
ORD000330,CUST00198,2023-07-28,Web,Completed
ORD000331,CUST00731,09-25-2024,Web,Pending
ORD000332,CUST01166,2023-03-22,Marketplace,Completed
ORD000333,CUST00678,2023-01-24,Mobile App,Pending
ORD000334,CUST00117,07-13-2024,Web,Cancelled
ORD000335,CUST01155,07-15-2025,Marketplace,Pending
ORD000336,CUST00166,06-27-2025,Mobile App,Completed
ORD000337,CUST00402,07-01-2024,Mobile App,Returned
ORD000338,CUST00257,03-16-2024,Mobile App,Cancelled
ORD000339,CUST00119,2023-09-01,Web,Cancelled
ORD000340,CUST01099,2024-08-04,Web,Pending
ORD000341,CUST00501,2023-10-27,Marketplace,Completed
ORD000342,CUST01079,03/07/2025,Mobile App,Returned
ORD000343,CUST00996,2023-10-14,Web,Completed
ORD000344,CUST00902,27/10/2024,Web,Completed
ORD000345,CUST00883,2024-06-29,Marketplace,Completed
ORD000346,CUST00689,02/08/2025,Marketplace,Completed
ORD000347,CUST00117,2025-04-06,Marketplace,Completed
ORD000348,CUST00562,2023-03-29,Marketplace,Completed
ORD000349,CUST00658,06/05/2025,Web,Completed
ORD000350,CUST00529,23/02/2025,Mobile App,Pending
ORD000351,CUST00531,2023-09-21,Marketplace,Pending
ORD000352,CUST00852,03-15-2023,Mobile App,Completed
ORD000353,CUST00603,2024-09-28,Web,Completed
ORD000354,CUST00434,07/04/2025,Marketplace,Returned
ORD000355,CUST01123,21/01/2025,Marketplace,Returned
ORD000356,CUST01066,27/03/2024,Mobile App,Completed
ORD000357,CUST01036,20/03/2023,Marketplace,Completed
ORD000358,CUST00835,11-21-2024,Marketplace,Completed
ORD000359,CUST00032,2023-06-20,Mobile App,Completed
ORD000360,CUST00601,02/05/2023,Mobile App,Cancelled
ORD000361,CUST00920,21/07/2025,Marketplace,Completed
ORD000362,CUST00573,2025-03-02,Web,Completed
ORD000363,CUST00644,12/04/2023,Mobile App,Completed
ORD000364,CUST00347,23/10/2023,Marketplace,Pending
ORD000365,CUST01042,2025-02-11,Web,Cancelled
ORD000366,CUST00053,2024-01-14,Mobile App,Cancelled
ORD000367,CUST00725,2025-04-02,Marketplace,Pending
ORD000368,CUST00645,2025-07-02,Mobile App,Completed
ORD000369,CUST01018,2023-10-17,Web,Returned
ORD000370,CUST01143,2024-09-17,Marketplace,Completed
ORD000371,CUST00481,15/10/2024,Mobile App,Cancelled
ORD000372,CUST00606,2023-04-09,Web,Pending
ORD000373,CUST00991,10/05/2025,Marketplace,Completed
ORD000374,CUST00536,22/11/2024,Mobile App,Completed
ORD000375,CUST00676,05-13-2023,Marketplace,Completed
ORD000376,CUST00723,02-24-2025,Web,Returned
ORD000377,CUST00322,05-08-2025,Mobile App,Pending
ORD000378,CUST00042,02-12-2025,Web,Cancelled
ORD000379,CUST01034,01-09-2025,Marketplace,Completed
ORD000380,CUST00802,07-18-2023,Mobile App,Pending
ORD000381,CUST00833,28/07/2024,Mobile App,Completed
ORD000382,CUST01184,26/01/2023,Web,Completed
ORD000383,CUST00826,23/09/2024,Marketplace,Returned
ORD000384,CUST00833,2025-06-11,Mobile App,Returned
ORD000385,CUST01054,07-22-2024,Marketplace,Completed
ORD000386,CUST00332,06-16-2024,Web,Completed
ORD000387,CUST01121,04/03/2024,Web,Completed
ORD000388,CUST00556,19/06/2024,Marketplace,Completed
ORD000389,CUST00948,04/08/2023,Marketplace,Returned
ORD000390,CUST00012,11-16-2023,Web,Completed
ORD000391,CUST00960,2024-08-31,Web,Completed
ORD000392,CUST00826,09-18-2023,Marketplace,Returned
ORD000393,CUST01070,08-24-2024,Mobile App,Completed
ORD000394,CUST00663,2023-03-21,Web,Cancelled
ORD000395,CUST00439,06-20-2023,Mobile App,Returned
ORD000396,CUST00714,2023-07-02,Mobile App,Pending
ORD000397,CUST01030,2025-08-01,Marketplace,Completed
ORD000398,CUST00519,10-08-2023,Web,Cancelled
ORD000399,CUST00970,02-06-2025,Marketplace,Pending
ORD000400,CUST00314,12-23-2024,Web,Pending
ORD000401,CUST00569,2025-05-23,Marketplace,Cancelled
ORD000402,CUST00751,2024-06-12,Marketplace,Completed
ORD000403,CUST00242,16/12/2023,Marketplace,Pending
ORD000404,CUST00374,2025-01-17,Web,Completed
ORD000405,CUST00167,06-17-2025,Web,Completed
ORD000406,CUST00463,2025-05-05,Mobile App,Completed
ORD000407,CUST01072,04-05-2024,Marketplace,Pending
ORD000408,CUST00592,01/08/2023,Marketplace,Cancelled
ORD000409,CUST00763,31/07/2024,Marketplace,Cancelled
ORD000410,CUST00017,12/06/2023,Mobile App,Completed
ORD000411,CUST00818,2024-04-29,Mobile App,Returned
ORD000412,CUST00552,14/08/2024,Marketplace,Completed
ORD000413,CUST00286,05-14-2023,Mobile App,Pending
ORD000414,CUST00709,14/04/2024,Web,Completed
ORD000415,CUST00165,2023-07-09,Web,Completed
ORD000416,CUST00767,06/01/2023,Web,Completed
ORD000417,CUST00968,15/11/2024,Mobile App,Returned
ORD000418,CUST00870,03/09/2024,Marketplace,Completed
ORD000419,CUST00159,2024-10-23,Web,Completed
ORD000420,CUST00793,22/11/2024,Web,Completed
ORD000421,CUST00996,10-31-2024,Mobile App,Completed
ORD000422,CUST00923,29/05/2024,Mobile App,Returned
ORD000423,CUST00529,07-22-2023,Marketplace,Returned
ORD000424,CUST00548,03/07/2023,Mobile App,Completed
ORD000425,CUST00229,01-01-2024,Web,Cancelled
ORD000426,CUST00669,2024-01-17,Web,Cancelled
ORD000427,CUST00619,08/03/2024,Web,Completed
ORD000428,CUST01175,2024-04-29,Mobile App,Completed
ORD000429,CUST00039,11/03/2025,Marketplace,Completed
ORD000430,CUST00674,08/07/2024,Mobile App,Cancelled
ORD000431,CUST00311,04-18-2024,Mobile App,Completed
ORD000432,CUST00708,2023-03-27,Marketplace,Cancelled
ORD000433,CUST00048,08/02/2025,Marketplace,Returned
ORD000434,CUST00822,17/07/2024,Mobile App,Pending
ORD000435,CUST00462,29/05/2025,Mobile App,Pending
ORD000436,CUST00460,05-22-2023,Marketplace,Cancelled
ORD000437,CUST00512,06-20-2023,Marketplace,Completed
ORD000438,CUST00798,07-19-2024,Web,Pending
ORD000439,CUST00064,07-31-2023,Mobile App,Completed
ORD000440,CUST00327,08/09/2023,Marketplace,Completed
ORD000441,CUST00790,14/03/2023,Mobile App,Returned
ORD000442,CUST00123,27/10/2023,Marketplace,Pending
ORD000443,CUST00902,2024-03-14,Web,Completed
ORD000444,CUST00939,07-09-2025,Mobile App,Pending
ORD000445,CUST00074,2025-02-18,Web,Cancelled
ORD000446,CUST00264,05-31-2023,Mobile App,Pending
ORD000447,CUST01027,11-18-2023,Mobile App,Completed
ORD000448,CUST00941,08-06-2024,Web,Pending
ORD000449,CUST01096,05-16-2025,Marketplace,Pending
ORD000450,CUST00525,03-27-2025,Web,Returned
ORD000451,CUST00131,2025-07-16,Marketplace,Completed
ORD000452,CUST00978,2024-04-20,Marketplace,Pending
ORD000453,CUST00171,2024-05-02,Web,Cancelled
ORD000454,CUST00399,08-26-2024,Marketplace,Pending
ORD000455,CUST00633,02/10/2024,Web,Pending
ORD000456,CUST00885,20/11/2024,Web,Pending
ORD000457,CUST00664,2023-06-10,Mobile App,Pending
ORD000458,CUST00539,28/04/2024,Mobile App,Completed
ORD000459,CUST00287,12/04/2024,Web,Pending
ORD000460,CUST01147,2025-01-26,Web,Cancelled
ORD000461,CUST00769,2023-03-02,Web,Returned
ORD000462,CUST00613,2024-08-10,Marketplace,Completed
ORD000463,CUST00658,2024-04-24,Mobile App,Completed
ORD000464,CUST00124,07-23-2025,Mobile App,Completed
ORD000465,CUST00960,09-16-2024,Web,Pending
ORD000466,CUST00312,28/10/2024,Web,Completed
ORD000467,CUST00457,08-21-2024,Mobile App,Cancelled
ORD000468,CUST00472,2024-11-04,Web,Completed
ORD000469,CUST00901,07/05/2023,Web,Completed
ORD000470,CUST00359,06-02-2024,Marketplace,Cancelled
ORD000471,CUST00734,06/02/2025,Mobile App,Completed
ORD000472,CUST00861,2024-02-14,Mobile App,Completed
ORD000473,CUST00093,2023-05-25,Web,Cancelled
ORD000474,CUST00080,03-04-2023,Web,Pending
ORD000475,CUST00333,31/01/2023,Web,Completed
ORD000476,CUST00206,16/01/2023,Web,Completed
ORD000477,CUST00749,09-20-2024,Marketplace,Completed
ORD000478,CUST00379,01-17-2025,Mobile App,Completed
ORD000479,CUST00030,05-27-2023,Web,Pending
ORD000480,CUST01183,20/02/2024,Web,Completed
ORD000481,CUST01125,04-12-2024,Web,Returned
ORD000482,CUST00606,10/05/2023,Mobile App,Completed
ORD000483,CUST01153,05-30-2025,Marketplace,Completed
ORD000484,CUST00312,07-07-2024,Mobile App,Pending
ORD000485,CUST00279,08/01/2025,Web,Completed
ORD000486,CUST00497,2024-02-05,Marketplace,Completed
ORD000487,CUST00241,17/06/2024,Marketplace,Completed
ORD000488,CUST00232,03/10/2024,Mobile App,Cancelled
ORD000489,CUST00495,06-09-2025,Mobile App,Pending
ORD000490,CUST00889,12/11/2024,Web,Pending
ORD000491,CUST00082,12-22-2023,Mobile App,Pending
ORD000492,CUST00520,01-03-2024,Mobile App,Completed
ORD000493,CUST01144,02-28-2025,Marketplace,Completed
ORD000494,CUST00415,09-29-2023,Mobile App,Completed
ORD000495,CUST00365,02-12-2024,Marketplace,Completed
ORD000496,CUST00213,05-15-2025,Mobile App,Cancelled
ORD000497,CUST01123,06-08-2023,Mobile App,Completed
ORD000498,CUST01063,17/08/2024,Marketplace,Cancelled
ORD000499,CUST00198,07-28-2025,Marketplace,Completed
ORD000500,CUST00133,2023-06-25,Marketplace,Completed
ORD000501,CUST00726,03-08-2023,Mobile App,Cancelled
ORD000502,CUST01041,2024-02-21,Marketplace,Returned
ORD000503,CUST00368,2025-05-05,Web,Returned
ORD000504,CUST00882,19/06/2025,Mobile App,Completed
ORD000505,CUST01073,2023-09-21,Marketplace,Completed
ORD000506,CUST01084,2023-01-13,Mobile App,Completed
ORD000507,CUST00317,06/09/2024,Marketplace,Completed
ORD000508,CUST01020,07-17-2023,Web,Cancelled
ORD000509,CUST00828,12/02/2023,Web,Completed
ORD000510,CUST01080,07-30-2024,Marketplace,Cancelled
ORD000511,CUST01020,16/03/2025,Marketplace,Returned
ORD000512,CUST01170,2024-07-09,Marketplace,Completed
ORD000513,CUST00386,12-27-2023,Web,Pending
ORD000514,CUST00782,07-30-2023,Web,Completed
ORD000515,CUST00468,16/01/2024,Web,Completed
ORD000516,CUST00559,02-24-2024,Web,Completed
ORD000517,CUST01001,2023-03-10,Marketplace,Completed
ORD000518,CUST00809,2025-04-22,Web,Cancelled
ORD000519,CUST00085,11-09-2024,Web,Pending
ORD000520,CUST00411,07-12-2025,Web,Completed
ORD000521,CUST00117,04-25-2023,Web,Completed
ORD000522,CUST00213,2024-12-01,Web,Completed
ORD000523,CUST00246,2025-05-27,Marketplace,Completed
ORD000524,CUST00579,12-03-2024,Mobile App,Completed
ORD000525,CUST01099,19/06/2025,Web,Completed
ORD000526,CUST00257,05-10-2025,Mobile App,Completed
ORD000527,CUST00745,10/07/2025,Marketplace,Pending
ORD000528,CUST00788,13/06/2024,Web,Completed
ORD000529,CUST01154,2025-02-26,Marketplace,Completed
ORD000530,CUST01087,01-22-2025,Web,Returned
ORD000531,CUST00109,2023-12-06,Mobile App,Completed
ORD000532,CUST00973,12-13-2023,Web,Completed
ORD000533,CUST00511,04-27-2023,Web,Completed
ORD000534,CUST00977,2023-06-24,Marketplace,Returned
ORD000535,CUST00142,2023-07-01,Marketplace,Completed
ORD000536,CUST00518,07-16-2023,Mobile App,Cancelled
ORD000537,CUST00490,18/12/2024,Mobile App,Completed
ORD000538,CUST00554,14/12/2024,Mobile App,Completed
ORD000539,CUST00264,2025-04-05,Web,Completed
ORD000540,CUST00028,24/01/2025,Marketplace,Completed
ORD000541,CUST00167,2023-07-10,Marketplace,Completed
ORD000542,CUST00793,11-25-2023,Marketplace,Completed
ORD000543,CUST00388,2024-12-17,Marketplace,Pending
ORD000544,CUST00467,16/06/2023,Marketplace,Pending
ORD000545,CUST00127,06/03/2023,Mobile App,Returned
ORD000546,CUST00914,01-13-2023,Marketplace,Completed
ORD000547,CUST01119,2025-02-01,Web,Cancelled
ORD000548,CUST00927,2023-06-06,Marketplace,Pending
ORD000549,CUST00307,05/10/2023,Web,Completed
ORD000550,CUST00663,23/12/2024,Marketplace,Completed
ORD000551,CUST00694,07/10/2024,Marketplace,Cancelled
ORD000552,CUST00479,20/07/2025,Marketplace,Completed
ORD000553,CUST00511,05-15-2024,Mobile App,Completed
ORD000554,CUST00396,21/03/2025,Marketplace,Completed
ORD000555,CUST00644,09-11-2024,Web,Pending
ORD000556,CUST00867,2024-12-18,Mobile App,Completed
ORD000557,CUST00303,04-02-2024,Mobile App,Cancelled
ORD000558,CUST00334,2024-08-23,Mobile App,Completed
ORD000559,CUST00646,05-01-2025,Mobile App,Cancelled
ORD000560,CUST00071,21/10/2024,Mobile App,Cancelled
ORD000561,CUST01018,2023-03-07,Web,Completed
ORD000562,CUST00738,01/01/2024,Web,Completed
ORD000563,CUST00237,20/02/2025,Web,Completed
ORD000564,CUST00462,2024-05-05,Web,Completed
ORD000565,CUST01009,01-25-2023,Marketplace,Returned
ORD000566,CUST00016,07-26-2025,Marketplace,Cancelled
ORD000567,CUST00925,30/01/2023,Marketplace,Returned
ORD000568,CUST00112,10-25-2024,Web,Cancelled
ORD000569,CUST00801,2024-09-08,Mobile App,Completed
ORD000570,CUST00327,2023-04-10,Mobile App,Completed
ORD000571,CUST00619,26/05/2023,Mobile App,Pending
ORD000572,CUST01142,07/10/2023,Web,Returned
ORD000573,CUST00416,01/04/2025,Web,Returned
ORD000574,CUST00097,21/10/2023,Web,Cancelled
ORD000575,CUST00763,23/04/2024,Mobile App,Completed
ORD000576,CUST00298,05/09/2024,Marketplace,Returned
ORD000577,CUST01115,02-12-2023,Web,Cancelled
ORD000578,CUST00465,12-01-2024,Mobile App,Completed
ORD000579,CUST00805,08-13-2023,Mobile App,Returned
ORD000580,CUST00198,2025-04-14,Web,Completed
ORD000581,CUST00147,10/03/2023,Mobile App,Completed
ORD000582,CUST00524,18/12/2024,Mobile App,Pending
ORD000583,CUST01005,28/01/2023,Web,Completed
ORD000584,CUST00193,10/04/2024,Marketplace,Completed
ORD000585,CUST00022,2024-12-01,Marketplace,Pending
ORD000586,CUST00563,12-14-2024,Mobile App,Pending
ORD000587,CUST00357,12/07/2025,Mobile App,Pending
ORD000588,CUST00988,2024-05-12,Web,Completed
ORD000589,CUST00911,04-07-2025,Web,Completed
ORD000590,CUST01076,07-08-2025,Mobile App,Returned
ORD000591,CUST00865,2023-03-10,Web,Completed
ORD000592,CUST01119,01-18-2024,Mobile App,Completed
ORD000593,CUST00476,2023-07-27,Mobile App,Completed
ORD000594,CUST00973,04/05/2024,Web,Completed
ORD000595,CUST00140,05-04-2024,Web,Cancelled
ORD000596,CUST00657,10/03/2025,Web,Completed
ORD000597,CUST01019,2025-03-02,Mobile App,Cancelled
ORD000598,CUST00299,03-02-2025,Web,Completed
ORD000599,CUST01148,08-03-2025,Marketplace,Cancelled
ORD000600,CUST00516,06/10/2024,Mobile App,Pending
ORD000601,CUST00541,04/09/2024,Marketplace,Returned
ORD000602,CUST00948,08-18-2024,Web,Completed
ORD000603,CUST00700,30/05/2023,Marketplace,Completed
ORD000604,CUST01163,2024-03-06,Mobile App,Completed
ORD000605,CUST00197,08-05-2025,Marketplace,Completed
ORD000606,CUST00493,2023-08-25,Marketplace,Cancelled
ORD000607,CUST00329,04-04-2023,Marketplace,Cancelled
ORD000608,CUST00632,03-21-2024,Marketplace,Pending
ORD000609,CUST00895,03-19-2025,Mobile App,Completed
ORD000610,CUST00421,2024-01-17,Marketplace,Completed
ORD000611,CUST00927,2024-12-31,Mobile App,Cancelled
ORD000612,CUST00533,2024-05-05,Web,Completed
ORD000613,CUST00103,2023-09-14,Marketplace,Completed
ORD000614,CUST00361,10-23-2023,Mobile App,Completed
ORD000615,CUST01094,08/05/2023,Marketplace,Pending
ORD000616,CUST00807,2023-05-19,Web,Completed
ORD000617,CUST00226,2024-12-31,Web,Returned
ORD000618,CUST01084,29/03/2025,Marketplace,Pending
ORD000619,CUST00259,2025-04-04,Web,Completed
ORD000620,CUST00302,04-05-2024,Marketplace,Completed
ORD000621,CUST00268,2024-03-01,Web,Completed
ORD000622,CUST00792,06-27-2025,Mobile App,Completed
ORD000623,CUST00208,05-30-2023,Marketplace,Cancelled
ORD000624,CUST00754,02-22-2023,Marketplace,Completed
ORD000625,CUST00403,04-06-2023,Mobile App,Completed
ORD000626,CUST00077,09-29-2023,Mobile App,Pending
ORD000627,CUST01011,2023-04-27,Marketplace,Completed
ORD000628,CUST01066,29/11/2024,Marketplace,Pending
ORD000629,CUST00829,02-22-2023,Mobile App,Pending
ORD000630,CUST00846,30/01/2025,Mobile App,Cancelled
ORD000631,CUST00316,29/02/2024,Web,Completed
ORD000632,CUST00338,2023-12-11,Marketplace,Completed
ORD000633,CUST00732,11-13-2024,Web,Completed
ORD000634,CUST00394,2025-03-19,Mobile App,Pending
ORD000635,CUST00582,02/02/2023,Mobile App,Returned
ORD000636,CUST00634,13/11/2024,Web,Completed
ORD000637,CUST00892,2024-02-24,Marketplace,Returned
ORD000638,CUST00950,05/11/2024,Marketplace,Pending
ORD000639,CUST00998,15/06/2025,Web,Completed
ORD000640,CUST00019,08/10/2024,Marketplace,Completed
ORD000641,CUST01083,08-27-2024,Marketplace,Completed
ORD000642,CUST00473,03/08/2025,Marketplace,Completed
ORD000643,CUST00561,07-02-2024,Mobile App,Completed
ORD000644,CUST01117,2024-11-02,Web,Returned
ORD000645,CUST00592,11-13-2023,Marketplace,Cancelled
ORD000646,CUST00007,2023-09-03,Mobile App,Completed
ORD000647,CUST01095,04-21-2024,Web,Completed
ORD000648,CUST00177,2023-03-06,Web,Completed
ORD000649,CUST00886,04-17-2023,Mobile App,Completed
ORD000650,CUST01013,24/07/2024,Mobile App,Completed
ORD000651,CUST00646,01/06/2025,Web,Completed
ORD000652,CUST00970,05-21-2024,Marketplace,Returned
ORD000653,CUST00529,15/04/2025,Web,Completed
ORD000654,CUST00282,06-21-2024,Marketplace,Pending
ORD000655,CUST00684,2023-11-22,Web,Cancelled
ORD000656,CUST00164,04-11-2025,Marketplace,Cancelled
ORD000657,CUST00009,20/04/2023,Web,Completed
ORD000658,CUST00035,2024-04-26,Marketplace,Returned
ORD000659,CUST00385,05-19-2024,Web,Completed
ORD000660,CUST01020,2023-01-02,Mobile App,Cancelled
ORD000661,CUST00083,2023-08-25,Marketplace,Completed
ORD000662,CUST00231,2024-08-11,Marketplace,Completed
ORD000663,CUST00296,05-31-2023,Marketplace,Pending
ORD000664,CUST01063,27/11/2024,Mobile App,Returned
ORD000665,CUST00896,20/02/2023,Web,Completed
ORD000666,CUST00621,2024-10-21,Mobile App,Completed
ORD000667,CUST01130,06-05-2024,Web,Completed
ORD000668,CUST00580,2023-09-16,Marketplace,Cancelled
ORD000669,CUST00986,2023-07-18,Web,Returned
ORD000670,CUST00502,2023-11-29,Mobile App,Completed
ORD000671,CUST00149,04-16-2023,Marketplace,Completed
ORD000672,CUST00575,10-20-2024,Mobile App,Completed
ORD000673,CUST00513,03-21-2025,Marketplace,Returned
ORD000674,CUST00444,25/03/2025,Mobile App,Completed
ORD000675,CUST00001,03-13-2024,Mobile App,Completed
ORD000676,CUST00126,08/11/2024,Web,Cancelled
ORD000677,CUST00130,2025-05-03,Mobile App,Completed
ORD000678,CUST00861,2023-04-22,Web,Completed
ORD000679,CUST00341,09-30-2023,Marketplace,Returned
ORD000680,CUST00042,20/07/2023,Mobile App,Completed
ORD000681,CUST00475,2025-03-29,Web,Completed
ORD000682,CUST01101,06/04/2023,Mobile App,Completed
ORD000683,CUST00184,2024-06-14,Marketplace,Completed
ORD000684,CUST00944,06-18-2023,Mobile App,Pending
ORD000685,CUST00985,2025-04-04,Mobile App,Pending
ORD000686,CUST00303,09-06-2024,Marketplace,Cancelled
ORD000687,CUST00006,08/11/2024,Web,Completed
ORD000688,CUST00659,01-14-2024,Web,Completed
ORD000689,CUST00943,24/09/2024,Web,Pending
ORD000690,CUST01083,05-08-2023,Marketplace,Returned
ORD000691,CUST01122,30/04/2024,Web,Cancelled
ORD000692,CUST00820,09-25-2024,Mobile App,Returned
ORD000693,CUST00268,01-13-2024,Marketplace,Pending
ORD000694,CUST00087,11/07/2023,Web,Returned
ORD000695,CUST00596,06-09-2024,Marketplace,Cancelled
ORD000696,CUST01026,2024-06-15,Mobile App,Completed
ORD000697,CUST00420,2025-07-27,Web,Pending
ORD000698,CUST00932,22/06/2024,Marketplace,Pending
ORD000699,CUST00188,10-08-2024,Web,Completed
ORD000700,CUST00172,07-29-2025,Marketplace,Completed
ORD000701,CUST00061,2024-08-23,Mobile App,Pending
ORD000702,CUST00438,06/02/2024,Marketplace,Pending
ORD000703,CUST00814,26/06/2024,Mobile App,Pending
ORD000704,CUST00323,08-09-2023,Marketplace,Cancelled
ORD000705,CUST00603,05-14-2023,Marketplace,Completed
ORD000706,CUST01009,09/02/2024,Mobile App,Pending
ORD000707,CUST00037,2023-02-13,Web,Cancelled
ORD000708,CUST00149,11-25-2023,Web,Completed
ORD000709,CUST00223,05-12-2024,Mobile App,Completed
ORD000710,CUST00011,03-23-2025,Mobile App,Pending
ORD000711,CUST00835,2023-02-17,Web,Returned
ORD000712,CUST00593,10-20-2023,Web,Completed
ORD000713,CUST00935,04-02-2023,Mobile App,Completed
ORD000714,CUST00399,2023-06-29,Web,Completed
ORD000715,CUST01143,2024-04-29,Mobile App,Returned
ORD000716,CUST00906,06-28-2023,Web,Completed
ORD000717,CUST01066,05-22-2023,Marketplace,Pending
ORD000718,CUST00242,05-26-2023,Marketplace,Cancelled
ORD000719,CUST00444,01-16-2023,Mobile App,Pending
ORD000720,CUST01043,10-06-2023,Web,Pending
ORD000721,CUST01053,03-20-2024,Mobile App,Completed
ORD000722,CUST01032,2023-07-26,Web,Returned
ORD000723,CUST00601,10-06-2024,Web,Pending
ORD000724,CUST00574,2023-10-04,Mobile App,Completed
ORD000725,CUST00788,2025-08-03,Web,Cancelled
ORD000726,CUST01093,2023-09-27,Web,Completed
ORD000727,CUST00415,20/12/2023,Web,Completed
ORD000728,CUST00337,2024-11-25,Web,Cancelled
ORD000729,CUST00958,05-22-2024,Marketplace,Completed
ORD000730,CUST00089,2025-04-17,Mobile App,Completed
ORD000731,CUST01024,11-14-2024,Web,Completed
ORD000732,CUST01099,2025-04-27,Web,Returned
ORD000733,CUST00897,28/08/2023,Web,Pending
ORD000734,CUST00921,2025-01-26,Mobile App,Pending
ORD000735,CUST00351,2023-07-04,Marketplace,Completed
ORD000736,CUST01071,2024-10-28,Web,Cancelled
ORD000737,CUST00550,29/08/2023,Marketplace,Cancelled
ORD000738,CUST00514,03/06/2024,Marketplace,Completed
ORD000739,CUST00732,2025-08-03,Web,Cancelled
ORD000740,CUST00945,05-21-2024,Marketplace,Completed
ORD000741,CUST00817,2024-10-20,Marketplace,Returned
ORD000742,CUST00680,03/12/2024,Marketplace,Completed
ORD000743,CUST00702,22/05/2025,Mobile App,Completed
ORD000744,CUST00381,2024-10-15,Marketplace,Completed
ORD000745,CUST00383,29/06/2024,Marketplace,Completed
ORD000746,CUST00704,06-26-2024,Marketplace,Completed
ORD000747,CUST00757,2024-01-10,Marketplace,Completed
ORD000748,CUST01050,04-24-2025,Web,Pending
ORD000749,CUST01069,05-03-2025,Mobile App,Cancelled
ORD000750,CUST00221,01/12/2023,Web,Completed
ORD000751,CUST00200,01/09/2023,Mobile App,Pending
ORD000752,CUST00936,01-28-2024,Marketplace,Completed
ORD000753,CUST00877,2024-03-02,Mobile App,Pending
ORD000754,CUST00650,03-17-2025,Marketplace,Completed
ORD000755,CUST00681,2023-01-27,Web,Completed
ORD000756,CUST00476,2023-03-16,Web,Returned
ORD000757,CUST00697,2024-05-07,Marketplace,Completed
ORD000758,CUST00904,06/01/2025,Marketplace,Completed
ORD000759,CUST00143,2024-06-22,Web,Returned
ORD000760,CUST00294,06-18-2025,Web,Returned
ORD000761,CUST00339,24/02/2025,Mobile App,Cancelled
ORD000762,CUST00984,20/04/2024,Mobile App,Returned
ORD000763,CUST00929,01-27-2024,Marketplace,Completed
ORD000764,CUST00901,05-04-2023,Mobile App,Completed
ORD000765,CUST00445,08-06-2025,Marketplace,Cancelled
ORD000766,CUST00844,2025-06-21,Web,Returned
ORD000767,CUST00631,01/10/2023,Web,Completed
ORD000768,CUST01193,2024-03-25,Web,Cancelled
ORD000769,CUST01020,2025-01-06,Web,Completed
ORD000770,CUST00092,09-29-2023,Mobile App,Cancelled
ORD000771,CUST00083,2023-07-26,Mobile App,Completed
ORD000772,CUST00334,08-04-2023,Marketplace,Pending
ORD000773,CUST00714,2024-11-10,Web,Completed
ORD000774,CUST00963,2023-03-26,Marketplace,Cancelled
ORD000775,CUST00183,2023-04-29,Mobile App,Completed
ORD000776,CUST00066,2024-04-02,Marketplace,Completed
ORD000777,CUST00578,2023-06-30,Web,Completed
ORD000778,CUST00691,2025-05-30,Marketplace,Returned
ORD000779,CUST00136,04-09-2025,Marketplace,Returned
ORD000780,CUST01195,2024-05-23,Web,Completed
ORD000781,CUST00053,25/05/2023,Web,Completed
ORD000782,CUST01014,2023-10-12,Web,Cancelled
ORD000783,CUST00046,2024-02-27,Web,Completed
ORD000784,CUST00035,22/09/2024,Mobile App,Completed
ORD000785,CUST00946,2024-03-20,Web,Completed
ORD000786,CUST00845,2024-07-21,Web,Completed
ORD000787,CUST00702,2024-12-22,Mobile App,Completed
ORD000788,CUST00098,12/04/2025,Mobile App,Cancelled
ORD000789,CUST00728,02/04/2024,Marketplace,Completed
ORD000790,CUST00807,2024-03-23,Web,Completed
ORD000791,CUST00973,2023-01-20,Web,Completed
ORD000792,CUST00538,2024-08-22,Marketplace,Pending
ORD000793,CUST00135,2023-11-21,Web,Completed
ORD000794,CUST00809,03-13-2025,Marketplace,Completed
ORD000795,CUST00600,15/04/2023,Mobile App,Completed
ORD000796,CUST00357,19/02/2025,Mobile App,Completed
ORD000797,CUST00541,19/06/2023,Marketplace,Completed
ORD000798,CUST01108,2025-05-14,Web,Completed
ORD000799,CUST01198,2024-04-04,Web,Completed
ORD000800,CUST00730,06-18-2024,Marketplace,Completed
ORD000801,CUST00175,11-03-2023,Mobile App,Completed
ORD000802,CUST00554,2025-03-21,Marketplace,Returned
ORD000803,CUST01190,2024-03-09,Mobile App,Completed
ORD000804,CUST00582,11-21-2024,Marketplace,Cancelled
ORD000805,CUST00816,06/07/2023,Marketplace,Completed
ORD000806,CUST00292,13/06/2023,Marketplace,Pending
ORD000807,CUST00545,01/07/2024,Marketplace,Returned
ORD000808,CUST00912,09-08-2024,Web,Completed
ORD000809,CUST00232,08-23-2024,Web,Completed
ORD000810,CUST00510,14/02/2023,Mobile App,Cancelled
ORD000811,CUST00340,04/01/2024,Mobile App,Completed
ORD000812,CUST00561,01-29-2023,Mobile App,Completed
ORD000813,CUST00134,03-01-2025,Web,Returned
ORD000814,CUST00907,05/10/2023,Marketplace,Pending
ORD000815,CUST00772,09-29-2023,Mobile App,Cancelled
ORD000816,CUST00185,02/12/2023,Marketplace,Completed
ORD000817,CUST00782,06-29-2025,Web,Completed
ORD000818,CUST00127,08-21-2023,Marketplace,Pending
ORD000819,CUST01173,2023-11-05,Mobile App,Cancelled
ORD000820,CUST00841,21/02/2023,Mobile App,Completed
ORD000821,CUST01170,06/04/2024,Mobile App,Completed
ORD000822,CUST00781,2025-03-13,Marketplace,Completed
ORD000823,CUST00926,14/03/2024,Marketplace,Returned
ORD000824,CUST01059,16/10/2024,Web,Completed
ORD000825,CUST00986,29/12/2024,Marketplace,Completed
ORD000826,CUST00560,2024-04-01,Marketplace,Completed
ORD000827,CUST00791,06-06-2025,Web,Completed
ORD000828,CUST00550,2023-02-18,Marketplace,Completed
ORD000829,CUST00917,10-20-2023,Marketplace,Pending
ORD000830,CUST00026,11-01-2024,Web,Pending
ORD000831,CUST00399,03/02/2023,Marketplace,Pending
ORD000832,CUST00626,2023-01-13,Marketplace,Pending
ORD000833,CUST00972,01/06/2024,Marketplace,Completed
ORD000834,CUST00446,04-06-2024,Marketplace,Completed
ORD000835,CUST01100,04-12-2024,Marketplace,Returned
ORD000836,CUST00645,05-07-2024,Marketplace,Completed
ORD000837,CUST00418,05-01-2025,Marketplace,Completed
ORD000838,CUST00102,12-29-2024,Marketplace,Completed
ORD000839,CUST00130,12-09-2024,Mobile App,Completed
ORD000840,CUST00191,2023-10-23,Marketplace,Completed
ORD000841,CUST00634,02-23-2024,Mobile App,Pending
ORD000842,CUST00035,13/04/2024,Web,Completed
ORD000843,CUST00027,07-15-2025,Mobile App,Completed
ORD000844,CUST00086,06-19-2024,Web,Completed
ORD000845,CUST00830,13/06/2023,Marketplace,Completed
ORD000846,CUST01066,07-08-2025,Marketplace,Completed
ORD000847,CUST00179,16/05/2023,Marketplace,Pending
ORD000848,CUST01171,2024-01-13,Web,Pending
ORD000849,CUST01130,29/05/2023,Web,Cancelled
ORD000850,CUST00271,04-18-2023,Mobile App,Returned
ORD000851,CUST01177,01-19-2023,Web,Completed
ORD000852,CUST00574,2023-01-06,Web,Completed
ORD000853,CUST01111,04/08/2025,Web,Completed
ORD000854,CUST00121,2023-04-04,Marketplace,Completed
ORD000855,CUST00177,2023-11-19,Mobile App,Completed
ORD000856,CUST00903,02-24-2023,Web,Completed
ORD000857,CUST00643,2024-11-27,Web,Completed
ORD000858,CUST01138,2024-08-09,Mobile App,Completed
ORD000859,CUST01055,2025-08-05,Mobile App,Completed
ORD000860,CUST00141,24/04/2024,Web,Pending
ORD000861,CUST00880,2024-04-03,Marketplace,Cancelled
ORD000862,CUST00611,2024-02-20,Marketplace,Completed
ORD000863,CUST00327,07-30-2023,Web,Returned
ORD000864,CUST00665,2023-04-20,Mobile App,Returned
ORD000865,CUST00292,03/12/2023,Marketplace,Completed
ORD000866,CUST00277,06/07/2023,Mobile App,Pending
ORD000867,CUST00711,03-28-2025,Marketplace,Returned
ORD000868,CUST01128,20/02/2023,Marketplace,Returned
ORD000869,CUST00243,04/01/2023,Mobile App,Completed
ORD000870,CUST00583,2023-03-07,Marketplace,Completed
ORD000871,CUST00357,12/07/2024,Mobile App,Pending
ORD000872,CUST00998,08-06-2024,Web,Returned
ORD000873,CUST01122,2023-03-02,Marketplace,Completed
ORD000874,CUST00461,2023-01-22,Mobile App,Completed
ORD000875,CUST01101,2023-09-18,Marketplace,Completed
ORD000876,CUST00066,2024-08-08,Marketplace,Completed
ORD000877,CUST01108,23/07/2024,Marketplace,Completed
ORD000878,CUST00014,10-16-2023,Mobile App,Completed
ORD000879,CUST00810,2023-02-17,Web,Completed
ORD000880,CUST00051,12-12-2024,Web,Completed
ORD000881,CUST01075,2025-03-15,Marketplace,Cancelled
ORD000882,CUST00964,06-21-2023,Marketplace,Completed
ORD000883,CUST01043,10/10/2023,Mobile App,Pending
ORD000884,CUST00977,2023-06-16,Web,Completed
ORD000885,CUST00122,2023-09-16,Mobile App,Completed
ORD000886,CUST00104,10-11-2023,Marketplace,Completed
ORD000887,CUST00085,2025-07-09,Marketplace,Completed
ORD000888,CUST00197,09-17-2024,Web,Completed
ORD000889,CUST00152,25/04/2024,Mobile App,Pending
ORD000890,CUST00245,2025-03-15,Mobile App,Completed
ORD000891,CUST01142,25/06/2025,Mobile App,Pending
ORD000892,CUST00884,2024-02-05,Marketplace,Completed
ORD000893,CUST00266,2025-05-16,Mobile App,Completed
ORD000894,CUST01052,2024-10-13,Marketplace,Returned
ORD000895,CUST00577,2024-04-16,Mobile App,Returned
ORD000896,CUST00415,2025-04-14,Marketplace,Completed
ORD000897,CUST00831,29/01/2023,Marketplace,Completed
ORD000898,CUST00688,24/07/2023,Web,Completed
ORD000899,CUST00162,01/07/2023,Mobile App,Completed
ORD000900,CUST00628,2024-06-04,Mobile App,Completed
ORD000901,CUST00244,2023-09-30,Mobile App,Completed
ORD000902,CUST00438,2025-01-05,Mobile App,Cancelled
ORD000903,CUST00915,04-05-2023,Mobile App,Completed
ORD000904,CUST01021,2023-02-19,Mobile App,Completed
ORD000905,CUST00928,05-16-2023,Mobile App,Completed
ORD000906,CUST01100,2023-03-06,Mobile App,Completed
ORD000907,CUST00365,2025-01-16,Web,Completed
ORD000908,CUST00253,2025-02-26,Mobile App,Cancelled
ORD000909,CUST00406,01-23-2024,Mobile App,Completed
ORD000910,CUST00993,2025-03-13,Mobile App,Completed
ORD000911,CUST00589,08/01/2024,Marketplace,Returned
ORD000912,CUST00814,2023-04-04,Marketplace,Completed
ORD000913,CUST00248,02-21-2025,Web,Pending
ORD000914,CUST01134,08-16-2023,Marketplace,Cancelled
ORD000915,CUST00980,25/07/2023,Mobile App,Pending
ORD000916,CUST00599,2023-09-17,Mobile App,Cancelled
ORD000917,CUST00762,2024-11-02,Mobile App,Completed
ORD000918,CUST01151,2023-11-28,Web,Returned
ORD000919,CUST01042,14/03/2025,Marketplace,Completed
ORD000920,CUST00653,09-15-2023,Web,Pending
ORD000921,CUST00701,04/12/2023,Mobile App,Completed
ORD000922,CUST00658,04-06-2024,Mobile App,Completed
ORD000923,CUST00031,03-14-2023,Marketplace,Completed
ORD000924,CUST00414,2024-08-08,Marketplace,Completed
ORD000925,CUST00897,29/10/2024,Marketplace,Pending
ORD000926,CUST01096,28/09/2024,Marketplace,Cancelled
ORD000927,CUST00094,2023-06-12,Marketplace,Completed
ORD000928,CUST00862,28/07/2024,Mobile App,Completed
ORD000929,CUST00712,03-12-2024,Web,Completed
ORD000930,CUST00382,20/04/2024,Web,Completed
ORD000931,CUST01084,14/06/2023,Mobile App,Returned
ORD000932,CUST01147,05-10-2025,Mobile App,Cancelled
ORD000933,CUST00626,2024-09-18,Mobile App,Cancelled
ORD000934,CUST00541,01-18-2023,Marketplace,Pending
ORD000935,CUST00448,08-12-2024,Marketplace,Returned
ORD000936,CUST00089,05/05/2024,Mobile App,Pending
ORD000937,CUST01161,19/03/2024,Mobile App,Completed
ORD000938,CUST00418,21/01/2025,Mobile App,Pending
ORD000939,CUST00535,23/12/2024,Marketplace,Completed
ORD000940,CUST00099,2025-06-25,Mobile App,Completed
ORD000941,CUST00833,08-01-2023,Web,Completed
ORD000942,CUST00643,12-28-2024,Web,Cancelled
ORD000943,CUST00619,01/08/2023,Web,Completed
ORD000944,CUST00693,05/07/2023,Mobile App,Returned
ORD000945,CUST00677,02-15-2024,Web,Completed
ORD000946,CUST00252,17/11/2024,Mobile App,Completed
ORD000947,CUST00712,07/02/2025,Web,Returned
ORD000948,CUST00161,2025-07-14,Web,Returned
ORD000949,CUST01191,04-08-2025,Web,Completed
ORD000950,CUST01015,25/11/2023,Mobile App,Completed
ORD000951,CUST00961,2024-10-06,Mobile App,Cancelled
ORD000952,CUST01198,03-11-2025,Mobile App,Completed
ORD000953,CUST01088,04-13-2024,Web,Completed
ORD000954,CUST00516,12/12/2024,Web,Cancelled
ORD000955,CUST00739,27/05/2025,Web,Completed
ORD000956,CUST00534,08-28-2024,Mobile App,Pending
ORD000957,CUST00038,11-09-2023,Marketplace,Completed
ORD000958,CUST00642,07-14-2023,Mobile App,Completed
ORD000959,CUST00350,13/06/2023,Marketplace,Completed
ORD000960,CUST00172,05-26-2023,Web,Completed
ORD000961,CUST01192,2024-02-16,Mobile App,Completed
ORD000962,CUST00457,11-01-2024,Web,Completed
ORD000963,CUST00607,06-07-2024,Web,Returned
ORD000964,CUST01140,2024-07-04,Mobile App,Completed
ORD000965,CUST00795,15/10/2024,Mobile App,Pending
ORD000966,CUST00583,06-17-2023,Mobile App,Cancelled
ORD000967,CUST00230,03/04/2023,Marketplace,Completed
ORD000968,CUST01126,2023-01-21,Web,Completed
ORD000969,CUST00368,2023-10-04,Marketplace,Completed
ORD000970,CUST00351,11-06-2024,Marketplace,Completed
ORD000971,CUST00937,13/02/2025,Web,Pending
ORD000972,CUST00418,08/08/2023,Mobile App,Returned
ORD000973,CUST01111,23/07/2025,Web,Completed
ORD000974,CUST01041,2025-01-18,Mobile App,Completed
ORD000975,CUST01103,2024-06-19,Marketplace,Pending
ORD000976,CUST01187,05-23-2025,Marketplace,Completed
ORD000977,CUST00725,2024-08-11,Web,Completed
ORD000978,CUST00912,10-02-2023,Mobile App,Completed
ORD000979,CUST01170,19/10/2023,Mobile App,Completed
ORD000980,CUST00423,02-13-2024,Marketplace,Cancelled
ORD000981,CUST00544,24/10/2023,Web,Pending
ORD000982,CUST00940,10/02/2023,Mobile App,Completed
ORD000983,CUST00518,01-03-2024,Web,Pending
ORD000984,CUST01108,2024-07-18,Marketplace,Cancelled
ORD000985,CUST00800,02-17-2025,Mobile App,Completed
ORD000986,CUST00603,18/03/2024,Marketplace,Completed
ORD000987,CUST00606,07/11/2023,Web,Cancelled
ORD000988,CUST00865,26/07/2024,Mobile App,Completed
ORD000989,CUST00366,2023-07-08,Web,Cancelled
ORD000990,CUST00604,2024-03-26,Mobile App,Completed
ORD000991,CUST00475,2024-07-01,Mobile App,Completed
ORD000992,CUST00968,08-31-2023,Web,Returned
ORD000993,CUST00710,05-24-2023,Mobile App,Completed
ORD000994,CUST00966,24/08/2023,Marketplace,Completed
ORD000995,CUST01170,2024-04-15,Mobile App,Completed
ORD000996,CUST00863,2023-03-27,Marketplace,Completed
ORD000997,CUST01141,11/03/2023,Web,Completed
ORD000998,CUST00989,04-11-2025,Web,Completed
ORD000999,CUST00572,09/06/2025,Mobile App,Completed
ORD001000,CUST00700,02-23-2023,Marketplace,Cancelled
ORD001001,CUST00697,2024-05-06,Marketplace,Completed
ORD001002,CUST00589,06-24-2023,Mobile App,Completed
ORD001003,CUST00760,23/04/2025,Mobile App,Returned
ORD001004,CUST00152,2025-04-19,Mobile App,Cancelled
ORD001005,CUST00538,05/08/2025,Web,Pending
ORD001006,CUST01030,16/12/2023,Marketplace,Completed
ORD001007,CUST01104,23/03/2023,Mobile App,Cancelled
ORD001008,CUST01174,2024-10-07,Web,Completed
ORD001009,CUST00043,02-11-2025,Mobile App,Returned
ORD001010,CUST00249,05-05-2023,Web,Pending
ORD001011,CUST01175,30/04/2024,Web,Returned
ORD001012,CUST00088,18/10/2023,Web,Completed
ORD001013,CUST00445,07/12/2024,Marketplace,Returned
ORD001014,CUST00685,31/05/2025,Mobile App,Completed
ORD001015,CUST00325,07-11-2024,Mobile App,Pending
ORD001016,CUST00663,2024-10-11,Mobile App,Cancelled
ORD001017,CUST00860,02/08/2023,Web,Pending
ORD001018,CUST01084,02-12-2025,Web,Cancelled
ORD001019,CUST00008,2024-08-06,Web,Cancelled
ORD001020,CUST01006,07/05/2023,Mobile App,Completed
ORD001021,CUST00217,14/02/2025,Mobile App,Pending
ORD001022,CUST01071,2025-07-11,Marketplace,Completed
ORD001023,CUST00829,18/10/2023,Mobile App,Completed
ORD001024,CUST00262,2024-02-10,Mobile App,Completed
ORD001025,CUST00730,06/04/2024,Web,Completed
ORD001026,CUST00492,05-10-2025,Marketplace,Completed
ORD001027,CUST00296,28/05/2023,Marketplace,Completed
ORD001028,CUST00524,06-05-2025,Mobile App,Completed
ORD001029,CUST00439,26/06/2023,Web,Completed
ORD001030,CUST00204,05/12/2024,Web,Completed
ORD001031,CUST00739,21/07/2023,Marketplace,Cancelled
ORD001032,CUST00062,2023-03-03,Mobile App,Completed
ORD001033,CUST00071,01/11/2024,Web,Completed
ORD001034,CUST00085,01-31-2025,Mobile App,Completed
ORD001035,CUST00526,2023-11-10,Mobile App,Completed
ORD001036,CUST00814,2023-01-16,Mobile App,Completed
ORD001037,CUST00914,27/03/2025,Web,Completed
ORD001038,CUST00647,2023-04-07,Web,Completed
ORD001039,CUST01178,2024-11-14,Mobile App,Cancelled
ORD001040,CUST00585,01-20-2025,Marketplace,Completed
ORD001041,CUST00935,2023-09-23,Marketplace,Returned
ORD001042,CUST01162,2023-05-14,Mobile App,Completed
ORD001043,CUST01084,2025-04-23,Mobile App,Cancelled
ORD001044,CUST00081,2024-05-31,Web,Completed
ORD001045,CUST00427,2025-02-18,Web,Completed
ORD001046,CUST00598,01-31-2025,Mobile App,Completed
ORD001047,CUST00244,2024-02-20,Web,Cancelled
ORD001048,CUST00482,05-23-2023,Mobile App,Completed
ORD001049,CUST00796,2023-09-08,Web,Completed
ORD001050,CUST00190,11-09-2024,Marketplace,Returned
ORD001051,CUST00141,2024-01-07,Mobile App,Pending
ORD001052,CUST01192,06-30-2025,Mobile App,Pending
ORD001053,CUST01052,04-02-2024,Mobile App,Completed
ORD001054,CUST00279,2024-04-23,Mobile App,Returned
ORD001055,CUST00327,2024-09-26,Marketplace,Completed
ORD001056,CUST00952,2024-09-08,Web,Completed
ORD001057,CUST00360,2023-07-25,Marketplace,Returned
ORD001058,CUST00626,2024-11-01,Web,Completed
ORD001059,CUST00864,27/03/2023,Mobile App,Cancelled
ORD001060,CUST00928,01-04-2023,Mobile App,Pending
ORD001061,CUST00957,2025-04-29,Marketplace,Completed
ORD001062,CUST00223,04-05-2025,Mobile App,Cancelled
ORD001063,CUST00887,13/05/2025,Marketplace,Returned
ORD001064,CUST00254,04-14-2023,Marketplace,Cancelled
ORD001065,CUST01082,13/06/2024,Marketplace,Pending
ORD001066,CUST00382,2023-09-11,Web,Returned
ORD001067,CUST00413,04-18-2023,Mobile App,Cancelled
ORD001068,CUST00028,03/08/2023,Mobile App,Pending
ORD001069,CUST00203,26/08/2024,Marketplace,Cancelled
ORD001070,CUST00747,2025-08-01,Marketplace,Completed
ORD001071,CUST00340,2024-12-24,Web,Completed
ORD001072,CUST00116,2025-01-02,Mobile App,Completed
ORD001073,CUST00248,2024-07-02,Mobile App,Completed
ORD001074,CUST00031,11-20-2024,Marketplace,Cancelled
ORD001075,CUST00333,2025-04-24,Mobile App,Cancelled
ORD001076,CUST00722,17/05/2025,Mobile App,Completed
ORD001077,CUST00237,08/05/2025,Mobile App,Pending
ORD001078,CUST01071,24/02/2025,Web,Completed
ORD001079,CUST00021,2023-11-05,Marketplace,Completed
ORD001080,CUST00207,2024-01-13,Mobile App,Completed
ORD001081,CUST00035,2025-04-19,Mobile App,Completed
ORD001082,CUST00920,18/07/2025,Mobile App,Pending
ORD001083,CUST01020,2024-06-02,Mobile App,Completed
ORD001084,CUST00758,01/03/2025,Mobile App,Pending
ORD001085,CUST00471,05-07-2024,Marketplace,Completed
ORD001086,CUST00608,2025-04-21,Mobile App,Cancelled
ORD001087,CUST00924,07-10-2023,Marketplace,Pending
ORD001088,CUST00693,08-02-2023,Marketplace,Completed
ORD001089,CUST00806,08-28-2024,Web,Completed
ORD001090,CUST00711,2025-03-18,Marketplace,Cancelled
ORD001091,CUST00528,2025-03-06,Mobile App,Completed
ORD001092,CUST00057,09-05-2023,Mobile App,Completed
ORD001093,CUST00360,2024-10-20,Mobile App,Completed
ORD001094,CUST01004,03-12-2024,Web,Completed
ORD001095,CUST01113,2024-01-16,Mobile App,Completed
ORD001096,CUST01165,03-24-2025,Web,Completed
ORD001097,CUST00443,2025-04-05,Mobile App,Completed
ORD001098,CUST01154,13/10/2023,Mobile App,Completed
ORD001099,CUST00815,13/02/2025,Mobile App,Completed
ORD001100,CUST00324,15/02/2025,Web,Cancelled
ORD001101,CUST00713,2024-10-29,Mobile App,Pending
ORD001102,CUST00766,24/01/2023,Marketplace,Completed
ORD001103,CUST00160,14/07/2025,Mobile App,Pending
ORD001104,CUST00714,2023-07-17,Web,Completed
ORD001105,CUST00767,07-16-2025,Mobile App,Completed
ORD001106,CUST00692,18/10/2023,Marketplace,Returned
ORD001107,CUST01148,10-19-2023,Web,Cancelled
ORD001108,CUST01101,28/01/2023,Marketplace,Returned
ORD001109,CUST00805,11-17-2023,Marketplace,Cancelled
ORD001110,CUST00762,2023-10-12,Web,Completed
ORD001111,CUST00263,09/03/2024,Mobile App,Completed
ORD001112,CUST00872,04/05/2023,Web,Completed
ORD001113,CUST01092,13/07/2025,Mobile App,Pending
ORD001114,CUST00727,11/01/2023,Web,Completed
ORD001115,CUST00945,2024-10-15,Mobile App,Completed
ORD001116,CUST00659,12-18-2024,Web,Cancelled
ORD001117,CUST00407,2023-08-02,Web,Cancelled
ORD001118,CUST01109,25/06/2023,Marketplace,Completed
ORD001119,CUST01200,2024-02-06,Marketplace,Completed
ORD001120,CUST00831,22/06/2023,Mobile App,Completed
ORD001121,CUST00856,2024-02-08,Marketplace,Completed
ORD001122,CUST00702,2025-04-27,Marketplace,Completed
ORD001123,CUST00329,02/11/2023,Web,Completed
ORD001124,CUST00077,25/11/2023,Mobile App,Completed
ORD001125,CUST00266,05/02/2024,Web,Returned
ORD001126,CUST00228,2023-07-30,Mobile App,Completed
ORD001127,CUST00614,2023-05-21,Marketplace,Completed
ORD001128,CUST00515,10/09/2024,Web,Cancelled
ORD001129,CUST00697,04-13-2023,Marketplace,Completed
ORD001130,CUST00354,11-03-2023,Web,Completed
ORD001131,CUST00449,03/10/2023,Mobile App,Pending
ORD001132,CUST00281,03-04-2024,Marketplace,Completed
ORD001133,CUST00691,02/10/2024,Mobile App,Returned
ORD001134,CUST00160,09-26-2023,Mobile App,Completed
ORD001135,CUST01111,09/02/2025,Marketplace,Pending
ORD001136,CUST00179,15/06/2024,Marketplace,Returned
ORD001137,CUST00342,2024-08-13,Web,Pending
ORD001138,CUST00467,2024-12-23,Mobile App,Completed
ORD001139,CUST00974,07-22-2025,Marketplace,Completed
ORD001140,CUST00883,2023-12-03,Marketplace,Pending
ORD001141,CUST00050,29/01/2025,Marketplace,Completed
ORD001142,CUST00933,02/03/2023,Marketplace,Pending
ORD001143,CUST01189,2024-08-18,Marketplace,Pending
ORD001144,CUST01151,07/06/2023,Marketplace,Completed
ORD001145,CUST00631,17/09/2024,Web,Completed
ORD001146,CUST00040,26/04/2023,Mobile App,Pending
ORD001147,CUST00570,2024-11-05,Web,Returned
ORD001148,CUST00556,2024-11-10,Marketplace,Completed
ORD001149,CUST00920,2025-03-04,Web,Completed
ORD001150,CUST00099,2023-07-28,Marketplace,Returned
ORD001151,CUST01083,06-19-2023,Mobile App,Cancelled
ORD001152,CUST01187,12-14-2023,Web,Returned
ORD001153,CUST01142,02-03-2023,Web,Pending
ORD001154,CUST00359,02/08/2025,Web,Returned
ORD001155,CUST00013,2023-03-25,Web,Returned
ORD001156,CUST00375,18/07/2024,Marketplace,Completed
ORD001157,CUST01092,14/04/2025,Mobile App,Pending
ORD001158,CUST01061,14/01/2024,Marketplace,Completed
ORD001159,CUST00993,07-22-2025,Web,Completed
ORD001160,CUST00340,02-25-2024,Marketplace,Completed
ORD001161,CUST01166,20/08/2024,Web,Completed
ORD001162,CUST00384,17/01/2024,Web,Completed
ORD001163,CUST00516,07-05-2025,Web,Completed
ORD001164,CUST00956,2024-02-13,Marketplace,Returned
ORD001165,CUST01156,2023-03-14,Mobile App,Completed
ORD001166,CUST00312,07-11-2025,Marketplace,Completed
ORD001167,CUST00278,2023-10-31,Mobile App,Cancelled
ORD001168,CUST00874,03-14-2024,Web,Cancelled
ORD001169,CUST00824,2024-06-30,Web,Completed
ORD001170,CUST00508,25/03/2025,Mobile App,Completed
ORD001171,CUST00398,05-08-2024,Marketplace,Completed
ORD001172,CUST00093,05-31-2023,Mobile App,Pending
ORD001173,CUST00083,14/07/2023,Marketplace,Completed
ORD001174,CUST00462,2023-11-19,Web,Returned
ORD001175,CUST00161,02/10/2023,Mobile App,Completed
ORD001176,CUST00534,10-05-2023,Marketplace,Completed
ORD001177,CUST00638,23/11/2023,Web,Cancelled
ORD001178,CUST00082,09-02-2023,Mobile App,Pending
ORD001179,CUST00485,12-17-2023,Mobile App,Completed
ORD001180,CUST00110,19/02/2025,Mobile App,Completed
ORD001181,CUST01101,10-10-2023,Mobile App,Cancelled
ORD001182,CUST00245,04-25-2023,Marketplace,Completed
ORD001183,CUST00326,2023-05-31,Mobile App,Completed
ORD001184,CUST00800,2025-02-02,Marketplace,Cancelled
ORD001185,CUST01181,2024-01-20,Mobile App,Completed
ORD001186,CUST00034,13/05/2023,Mobile App,Pending
ORD001187,CUST00180,10-24-2024,Mobile App,Completed
ORD001188,CUST00090,2024-08-29,Web,Completed
ORD001189,CUST00943,14/02/2025,Marketplace,Completed
ORD001190,CUST01010,10-30-2023,Mobile App,Completed
ORD001191,CUST00034,10-07-2024,Web,Returned
ORD001192,CUST00779,2023-01-13,Mobile App,Completed
ORD001193,CUST00146,2024-01-19,Marketplace,Completed
ORD001194,CUST00185,09/03/2024,Web,Completed
ORD001195,CUST00542,01-19-2025,Mobile App,Completed
ORD001196,CUST00943,05-07-2023,Marketplace,Completed
ORD001197,CUST00015,01-19-2024,Mobile App,Completed
ORD001198,CUST00206,2024-07-31,Web,Completed
ORD001199,CUST00830,24/10/2023,Web,Completed
ORD001200,CUST00383,2023-09-22,Mobile App,Completed
ORD001201,CUST00045,2024-08-12,Mobile App,Returned
ORD001202,CUST00359,12/06/2024,Mobile App,Completed
ORD001203,CUST00679,19/04/2025,Web,Completed
ORD001204,CUST00255,2023-01-31,Marketplace,Pending
ORD001205,CUST00070,12/02/2024,Mobile App,Returned
ORD001206,CUST00969,03-21-2025,Mobile App,Returned
ORD001207,CUST00890,29/04/2024,Marketplace,Completed
ORD001208,CUST00827,23/06/2025,Mobile App,Returned
ORD001209,CUST00995,10-23-2024,Web,Completed
ORD001210,CUST01037,2024-03-13,Marketplace,Returned
ORD001211,CUST00456,27/08/2024,Mobile App,Completed
ORD001212,CUST00214,12-04-2023,Mobile App,Cancelled
ORD001213,CUST01088,21/12/2024,Mobile App,Completed
ORD001214,CUST01027,2024-06-22,Web,Completed
ORD001215,CUST00758,15/02/2024,Mobile App,Returned
ORD001216,CUST00008,05-26-2025,Mobile App,Completed
ORD001217,CUST00272,2023-01-08,Mobile App,Completed
ORD001218,CUST00353,18/09/2023,Mobile App,Completed
ORD001219,CUST01068,16/03/2025,Marketplace,Pending
ORD001220,CUST00526,01/06/2025,Mobile App,Completed
ORD001221,CUST00837,2023-07-18,Marketplace,Completed
ORD001222,CUST00570,2025-02-03,Web,Completed
ORD001223,CUST00975,02/09/2024,Marketplace,Completed
ORD001224,CUST00027,02/11/2023,Web,Completed
ORD001225,CUST00457,09/08/2024,Marketplace,Completed
ORD001226,CUST00091,2025-03-31,Web,Completed
ORD001227,CUST00084,2023-08-21,Marketplace,Returned
ORD001228,CUST01026,06-18-2024,Web,Pending
ORD001229,CUST01124,01-21-2024,Marketplace,Pending
ORD001230,CUST00438,11-03-2024,Marketplace,Completed
ORD001231,CUST01124,2024-08-30,Mobile App,Completed
ORD001232,CUST00056,2023-06-05,Web,Completed
ORD001233,CUST01111,10-04-2024,Mobile App,Completed
ORD001234,CUST01116,07-07-2024,Marketplace,Completed
ORD001235,CUST00431,01/06/2024,Marketplace,Cancelled
ORD001236,CUST00181,07-14-2024,Web,Completed
ORD001237,CUST01134,2024-09-13,Web,Completed
ORD001238,CUST00028,30/03/2025,Mobile App,Completed
ORD001239,CUST00088,28/11/2024,Mobile App,Returned
ORD001240,CUST00456,12/06/2024,Marketplace,Pending
ORD001241,CUST00210,2025-02-09,Web,Returned
ORD001242,CUST00897,18/06/2025,Marketplace,Completed
ORD001243,CUST00547,01/01/2024,Marketplace,Completed
ORD001244,CUST00136,2024-03-18,Web,Cancelled
ORD001245,CUST00302,09/11/2024,Web,Completed
ORD001246,CUST00764,03-12-2023,Mobile App,Returned
ORD001247,CUST00797,06-30-2023,Web,Completed
ORD001248,CUST00340,03-20-2023,Marketplace,Completed
ORD001249,CUST00922,2023-10-22,Marketplace,Completed
ORD001250,CUST00311,03-10-2024,Mobile App,Returned
ORD001251,CUST00239,2024-07-25,Mobile App,Completed
ORD001252,CUST00263,05-17-2023,Marketplace,Completed
ORD001253,CUST00972,03/06/2025,Marketplace,Completed
ORD001254,CUST00810,18/07/2025,Mobile App,Completed
ORD001255,CUST01198,12/03/2025,Marketplace,Returned
ORD001256,CUST00686,2023-12-18,Marketplace,Returned
ORD001257,CUST00469,2024-08-09,Mobile App,Completed
ORD001258,CUST01189,2025-04-29,Web,Completed
ORD001259,CUST01078,13/06/2024,Marketplace,Pending
ORD001260,CUST00107,12-16-2024,Mobile App,Cancelled
ORD001261,CUST00499,29/03/2023,Web,Cancelled
ORD001262,CUST00888,05-07-2024,Mobile App,Completed
ORD001263,CUST00935,2023-04-10,Marketplace,Returned
ORD001264,CUST00148,17/01/2024,Web,Returned
ORD001265,CUST00687,10-24-2024,Mobile App,Returned
ORD001266,CUST00197,2023-10-24,Web,Completed
ORD001267,CUST00280,2023-10-12,Web,Completed
ORD001268,CUST00095,2025-05-20,Web,Pending
ORD001269,CUST00372,13/06/2024,Web,Pending
ORD001270,CUST00444,2023-11-08,Marketplace,Completed
ORD001271,CUST00731,11/09/2023,Mobile App,Returned
ORD001272,CUST00681,2024-07-30,Mobile App,Completed
ORD001273,CUST00905,07/03/2025,Mobile App,Completed
ORD001274,CUST00512,07/06/2023,Web,Returned
ORD001275,CUST00436,06/11/2024,Mobile App,Cancelled
ORD001276,CUST01119,03-17-2025,Web,Completed
ORD001277,CUST00208,02-08-2024,Marketplace,Completed
ORD001278,CUST01135,07-14-2025,Web,Cancelled
ORD001279,CUST00403,29/08/2024,Mobile App,Completed
ORD001280,CUST00706,07/02/2025,Web,Pending
ORD001281,CUST00441,02-09-2024,Mobile App,Cancelled
ORD001282,CUST00785,05/01/2025,Marketplace,Completed
ORD001283,CUST01128,2023-08-18,Mobile App,Completed
ORD001284,CUST00717,03-15-2025,Web,Completed
ORD001285,CUST00561,2024-06-30,Mobile App,Completed
ORD001286,CUST00580,08-15-2024,Marketplace,Cancelled
ORD001287,CUST00331,2025-07-04,Web,Cancelled
ORD001288,CUST00675,11-06-2023,Mobile App,Completed
ORD001289,CUST00980,08-02-2024,Web,Completed
ORD001290,CUST00985,04-12-2023,Web,Pending
ORD001291,CUST00593,2023-04-05,Web,Pending
ORD001292,CUST00164,02-08-2023,Mobile App,Completed
ORD001293,CUST00347,09-13-2023,Web,Completed
ORD001294,CUST00137,02-21-2024,Mobile App,Pending
ORD001295,CUST00134,25/12/2024,Marketplace,Cancelled
ORD001296,CUST00698,19/03/2024,Mobile App,Returned
ORD001297,CUST00017,2024-05-02,Marketplace,Completed
ORD001298,CUST00775,06-05-2024,Mobile App,Pending
ORD001299,CUST00844,02-23-2024,Marketplace,Completed
ORD001300,CUST00331,2023-05-24,Web,Cancelled
ORD001301,CUST01078,17/07/2023,Marketplace,Cancelled
ORD001302,CUST00237,10/09/2023,Marketplace,Completed
ORD001303,CUST00737,05-16-2024,Web,Cancelled
ORD001304,CUST01046,2025-02-18,Marketplace,Completed
ORD001305,CUST00458,24/01/2023,Web,Pending
ORD001306,CUST00514,2025-07-28,Marketplace,Completed
ORD001307,CUST01010,14/03/2025,Marketplace,Cancelled
ORD001308,CUST00314,06-16-2024,Marketplace,Completed
ORD001309,CUST00861,2024-04-15,Web,Completed
ORD001310,CUST01131,2023-03-01,Mobile App,Completed
ORD001311,CUST00330,10-17-2024,Mobile App,Completed
ORD001312,CUST00357,06/08/2023,Marketplace,Completed
ORD001313,CUST00227,07/01/2025,Mobile App,Completed
ORD001314,CUST00126,2023-09-02,Web,Returned
ORD001315,CUST00286,21/06/2024,Web,Completed
ORD001316,CUST00285,2025-04-29,Web,Completed
ORD001317,CUST00245,01-03-2024,Web,Cancelled
ORD001318,CUST00727,2025-02-08,Web,Completed
ORD001319,CUST00857,04-08-2023,Marketplace,Completed
ORD001320,CUST00463,05-16-2024,Mobile App,Completed
ORD001321,CUST01192,25/10/2024,Mobile App,Completed
ORD001322,CUST00001,20/10/2023,Marketplace,Pending
ORD001323,CUST00155,19/10/2023,Mobile App,Completed
ORD001324,CUST00877,2023-12-15,Mobile App,Completed
ORD001325,CUST00234,05/02/2024,Marketplace,Cancelled
ORD001326,CUST00583,10-24-2024,Mobile App,Completed
ORD001327,CUST00502,09/04/2024,Web,Cancelled
ORD001328,CUST00779,01-25-2024,Web,Completed
ORD001329,CUST00563,2024-11-14,Mobile App,Pending
ORD001330,CUST00648,2023-12-20,Web,Completed
ORD001331,CUST01184,10-22-2023,Mobile App,Pending
ORD001332,CUST00012,02-28-2024,Web,Cancelled
ORD001333,CUST00903,2024-08-21,Mobile App,Returned
ORD001334,CUST01127,05-27-2025,Marketplace,Returned
ORD001335,CUST00950,2025-05-28,Mobile App,Completed
ORD001336,CUST00320,2024-12-11,Marketplace,Returned
ORD001337,CUST01066,2024-03-12,Web,Completed
ORD001338,CUST00101,07-01-2025,Marketplace,Cancelled
ORD001339,CUST01181,2024-01-26,Marketplace,Completed
ORD001340,CUST00859,10-14-2023,Marketplace,Pending
ORD001341,CUST00192,07-18-2025,Web,Completed
ORD001342,CUST00802,23/04/2023,Mobile App,Pending
ORD001343,CUST01044,08-13-2024,Marketplace,Returned
ORD001344,CUST00126,2023-10-06,Web,Completed
ORD001345,CUST00025,16/04/2023,Marketplace,Completed
ORD001346,CUST00211,2024-03-22,Web,Completed
ORD001347,CUST00658,2025-06-04,Mobile App,Cancelled
ORD001348,CUST00308,12/07/2024,Web,Completed
ORD001349,CUST00291,07/04/2023,Marketplace,Completed
ORD001350,CUST00415,2023-01-07,Marketplace,Completed
ORD001351,CUST00523,2023-11-21,Marketplace,Completed
ORD001352,CUST00615,2024-03-12,Web,Completed
ORD001353,CUST00961,04-11-2024,Web,Completed
ORD001354,CUST00150,2023-02-19,Marketplace,Pending
ORD001355,CUST00875,05-04-2023,Marketplace,Cancelled
ORD001356,CUST00033,01-18-2023,Marketplace,Completed
ORD001357,CUST00411,2024-12-12,Web,Pending
ORD001358,CUST00028,2024-04-14,Mobile App,Returned
ORD001359,CUST00090,12/03/2023,Marketplace,Pending
ORD001360,CUST00536,14/05/2025,Mobile App,Cancelled
ORD001361,CUST00788,09-06-2023,Marketplace,Completed
ORD001362,CUST00683,09-28-2023,Web,Returned
ORD001363,CUST00050,26/07/2024,Mobile App,Completed
ORD001364,CUST00406,29/08/2023,Mobile App,Pending
ORD001365,CUST00481,03-09-2023,Mobile App,Cancelled
ORD001366,CUST00092,06-27-2023,Marketplace,Completed
ORD001367,CUST00452,10/10/2024,Mobile App,Completed
ORD001368,CUST00051,2024-06-08,Web,Completed
ORD001369,CUST01124,08-06-2023,Marketplace,Completed
ORD001370,CUST01032,2023-10-25,Web,Cancelled
ORD001371,CUST00972,02-22-2024,Mobile App,Returned
ORD001372,CUST00202,05/06/2024,Mobile App,Completed
ORD001373,CUST00733,2023-01-26,Marketplace,Returned
ORD001374,CUST00810,16/04/2025,Web,Completed
ORD001375,CUST00652,08-02-2024,Web,Completed
ORD001376,CUST01090,26/01/2023,Web,Completed
ORD001377,CUST00722,07/06/2025,Mobile App,Pending
ORD001378,CUST00632,22/06/2024,Web,Completed
ORD001379,CUST00102,2024-10-03,Marketplace,Completed
ORD001380,CUST01039,02-05-2024,Web,Completed
ORD001381,CUST00244,10-11-2024,Web,Completed
ORD001382,CUST00789,10-28-2024,Mobile App,Completed
ORD001383,CUST00189,04-06-2025,Mobile App,Completed
ORD001384,CUST00780,02/11/2024,Marketplace,Cancelled
ORD001385,CUST00803,29/04/2025,Marketplace,Completed
ORD001386,CUST00596,2023-09-07,Marketplace,Completed
ORD001387,CUST00065,2023-12-31,Marketplace,Pending
ORD001388,CUST00353,07-28-2025,Web,Cancelled
ORD001389,CUST00291,05-14-2025,Mobile App,Completed
ORD001390,CUST00010,04/11/2023,Web,Returned
ORD001391,CUST00543,03-01-2025,Marketplace,Returned
ORD001392,CUST00206,2023-04-25,Web,Returned
ORD001393,CUST00376,04-05-2025,Mobile App,Completed
ORD001394,CUST01135,01-02-2025,Mobile App,Completed
ORD001395,CUST00624,19/12/2023,Mobile App,Pending
ORD001396,CUST00906,14/09/2023,Web,Pending
ORD001397,CUST00208,27/06/2023,Web,Cancelled
ORD001398,CUST00493,2023-01-21,Marketplace,Cancelled
ORD001399,CUST00858,2024-03-27,Marketplace,Pending
ORD001400,CUST01088,07-30-2025,Marketplace,Completed
ORD001401,CUST00297,2024-07-20,Marketplace,Completed
ORD001402,CUST00760,28/03/2024,Mobile App,Completed
ORD001403,CUST00585,05/10/2024,Web,Completed
ORD001404,CUST00322,11-11-2024,Mobile App,Completed
ORD001405,CUST01198,04-28-2023,Mobile App,Cancelled
ORD001406,CUST00290,12-02-2024,Web,Returned
ORD001407,CUST00321,04-11-2023,Marketplace,Completed
ORD001408,CUST00710,05-20-2025,Marketplace,Cancelled
ORD001409,CUST00105,2023-01-11,Web,Completed
ORD001410,CUST00098,2023-10-06,Marketplace,Pending
ORD001411,CUST00492,18/03/2025,Marketplace,Cancelled
ORD001412,CUST00271,2024-04-02,Web,Completed
ORD001413,CUST00484,2023-06-27,Marketplace,Returned
ORD001414,CUST00487,07-04-2024,Marketplace,Returned
ORD001415,CUST00955,02-06-2025,Marketplace,Returned
ORD001416,CUST00019,2024-04-12,Mobile App,Completed
ORD001417,CUST01197,2025-02-10,Marketplace,Completed
ORD001418,CUST01021,2023-03-22,Mobile App,Completed
ORD001419,CUST00872,09-04-2023,Mobile App,Completed
ORD001420,CUST00903,2024-07-10,Web,Completed
ORD001421,CUST00592,14/11/2024,Web,Completed
ORD001422,CUST00199,01/12/2024,Web,Returned
ORD001423,CUST00813,06-28-2024,Mobile App,Completed
ORD001424,CUST00007,29/01/2023,Marketplace,Completed
ORD001425,CUST00457,2023-10-14,Web,Completed
ORD001426,CUST00926,2023-06-24,Marketplace,Completed
ORD001427,CUST00984,12-09-2023,Mobile App,Cancelled
ORD001428,CUST00572,13/07/2024,Mobile App,Completed
ORD001429,CUST00836,2023-07-24,Web,Cancelled
ORD001430,CUST01190,06-27-2025,Web,Completed
ORD001431,CUST00387,03-25-2025,Marketplace,Completed
ORD001432,CUST00864,2025-08-01,Web,Completed
ORD001433,CUST00461,12-16-2023,Mobile App,Pending
ORD001434,CUST00660,06/03/2025,Web,Completed
ORD001435,CUST00374,2024-12-24,Mobile App,Pending
ORD001436,CUST00535,02/01/2024,Web,Pending
ORD001437,CUST00018,05/07/2025,Marketplace,Completed
ORD001438,CUST00361,2024-12-20,Mobile App,Completed
ORD001439,CUST00394,15/03/2024,Web,Completed
ORD001440,CUST00350,22/01/2025,Web,Returned
ORD001441,CUST01115,04-13-2023,Mobile App,Completed
ORD001442,CUST00900,26/02/2024,Marketplace,Completed
ORD001443,CUST00854,2023-10-08,Marketplace,Pending
ORD001444,CUST00615,08/05/2025,Web,Returned
ORD001445,CUST00145,01-28-2023,Web,Completed
ORD001446,CUST01168,2023-12-22,Web,Cancelled
ORD001447,CUST00364,06-08-2024,Web,Completed
ORD001448,CUST00742,11/04/2025,Web,Completed
ORD001449,CUST00551,29/07/2023,Web,Cancelled
ORD001450,CUST00865,18/10/2023,Web,Completed
ORD001451,CUST00256,04-01-2025,Marketplace,Completed
ORD001452,CUST00280,07-17-2024,Mobile App,Completed
ORD001453,CUST00938,12-18-2024,Web,Pending
ORD001454,CUST00735,04/03/2024,Marketplace,Completed
ORD001455,CUST00041,2024-12-03,Mobile App,Completed
ORD001456,CUST00570,2023-11-28,Marketplace,Completed
ORD001457,CUST00913,08/05/2023,Web,Pending
ORD001458,CUST00771,14/06/2025,Marketplace,Pending
ORD001459,CUST00501,02-15-2025,Mobile App,Pending
ORD001460,CUST00039,2025-01-07,Web,Pending
ORD001461,CUST00683,03-28-2023,Marketplace,Completed
ORD001462,CUST01003,15/04/2024,Marketplace,Completed
ORD001463,CUST00501,2023-08-27,Marketplace,Completed
ORD001464,CUST00098,2024-04-04,Web,Completed
ORD001465,CUST00085,06-05-2024,Marketplace,Cancelled
ORD001466,CUST00057,2025-02-10,Mobile App,Completed
ORD001467,CUST00965,2025-02-23,Marketplace,Pending
ORD001468,CUST00764,12/02/2024,Marketplace,Cancelled
ORD001469,CUST00504,2023-12-17,Web,Pending
ORD001470,CUST00956,01-30-2023,Marketplace,Completed
ORD001471,CUST00741,24/04/2025,Web,Completed
ORD001472,CUST00191,06-06-2024,Marketplace,Completed
ORD001473,CUST00768,01-18-2023,Marketplace,Cancelled
ORD001474,CUST00008,2025-01-17,Marketplace,Returned
ORD001475,CUST00865,2023-06-28,Web,Completed
ORD001476,CUST00796,2024-01-21,Mobile App,Completed
ORD001477,CUST00620,2025-04-27,Web,Completed
ORD001478,CUST00732,03-26-2023,Marketplace,Returned
ORD001479,CUST00857,01/03/2025,Marketplace,Pending
ORD001480,CUST01102,01-09-2024,Web,Returned
ORD001481,CUST00119,04-08-2025,Marketplace,Completed
ORD001482,CUST01063,2025-05-09,Mobile App,Completed
ORD001483,CUST00085,2025-01-19,Web,Cancelled
ORD001484,CUST00355,2023-11-16,Web,Returned
ORD001485,CUST00186,31/03/2023,Marketplace,Completed
ORD001486,CUST00730,2024-01-07,Web,Completed
ORD001487,CUST00835,01-05-2024,Marketplace,Completed
ORD001488,CUST00202,25/05/2023,Marketplace,Pending
ORD001489,CUST00784,18/10/2024,Marketplace,Cancelled
ORD001490,CUST01079,2024-10-13,Web,Returned
ORD001491,CUST00350,27/10/2024,Marketplace,Cancelled
ORD001492,CUST01129,04/10/2024,Web,Returned
ORD001493,CUST00696,22/09/2024,Marketplace,Completed
ORD001494,CUST00048,2024-12-24,Marketplace,Cancelled
ORD001495,CUST00699,02-12-2023,Marketplace,Completed
ORD001496,CUST00884,2025-04-04,Web,Cancelled
ORD001497,CUST00283,05-13-2025,Web,Completed
ORD001498,CUST00988,04-30-2025,Mobile App,Returned
ORD001499,CUST00250,23/09/2023,Marketplace,Returned
ORD001500,CUST00491,25/08/2024,Web,Returned
ORD001501,CUST00848,04/05/2025,Mobile App,Returned
ORD001502,CUST01099,2025-07-11,Web,Cancelled
ORD001503,CUST00611,28/11/2024,Mobile App,Completed
ORD001504,CUST00979,27/11/2023,Marketplace,Pending
ORD001505,CUST00321,14/03/2024,Mobile App,Pending
ORD001506,CUST00686,18/08/2023,Marketplace,Completed
ORD001507,CUST00103,2024-08-02,Mobile App,Returned
ORD001508,CUST00974,10-29-2024,Web,Completed
ORD001509,CUST00100,08-04-2024,Marketplace,Pending
ORD001510,CUST00449,03-25-2024,Web,Completed
ORD001511,CUST00826,10-10-2024,Web,Completed
ORD001512,CUST00314,12-28-2024,Mobile App,Completed
ORD001513,CUST01125,2023-05-23,Web,Completed
ORD001514,CUST00810,03/01/2023,Marketplace,Cancelled
ORD001515,CUST01153,12-14-2024,Web,Cancelled
ORD001516,CUST01173,11-24-2024,Mobile App,Completed
ORD001517,CUST00206,15/03/2024,Marketplace,Cancelled
ORD001518,CUST00890,25/12/2023,Mobile App,Cancelled
ORD001519,CUST00540,10-26-2024,Web,Returned
ORD001520,CUST00545,02-25-2025,Web,Completed
ORD001521,CUST00590,21/09/2024,Web,Returned
ORD001522,CUST00749,04-24-2024,Mobile App,Completed
ORD001523,CUST00439,09-26-2024,Mobile App,Completed
ORD001524,CUST01193,15/03/2025,Mobile App,Returned
ORD001525,CUST00397,2024-02-25,Web,Completed
ORD001526,CUST01002,01-07-2025,Web,Completed
ORD001527,CUST00086,06-14-2024,Web,Completed
ORD001528,CUST00081,2025-02-15,Mobile App,Returned
ORD001529,CUST01177,04/02/2023,Marketplace,Completed
ORD001530,CUST01185,2025-04-09,Marketplace,Cancelled
ORD001531,CUST00273,06-30-2024,Web,Completed
ORD001532,CUST00398,2024-09-18,Web,Completed
ORD001533,CUST00461,18/11/2023,Marketplace,Pending
ORD001534,CUST00315,2024-02-04,Marketplace,Completed
ORD001535,CUST00213,2023-04-01,Marketplace,Completed
ORD001536,CUST00222,22/08/2024,Marketplace,Cancelled
ORD001537,CUST00559,22/01/2024,Marketplace,Completed
ORD001538,CUST01091,11-12-2024,Mobile App,Completed
ORD001539,CUST01106,04-13-2023,Marketplace,Completed
ORD001540,CUST00498,28/11/2023,Web,Completed
ORD001541,CUST00798,2023-01-12,Web,Cancelled
ORD001542,CUST00765,03/01/2023,Mobile App,Returned
ORD001543,CUST00464,06-26-2025,Web,Completed
ORD001544,CUST00473,09-15-2024,Web,Completed
ORD001545,CUST00109,05-07-2023,Web,Returned
ORD001546,CUST00681,2025-08-02,Web,Cancelled
ORD001547,CUST01171,2025-01-22,Marketplace,Returned
ORD001548,CUST00170,05/01/2023,Mobile App,Completed
ORD001549,CUST00707,2023-05-06,Web,Returned
ORD001550,CUST00309,07-21-2025,Web,Completed
ORD001551,CUST01194,24/12/2024,Marketplace,Cancelled
ORD001552,CUST00930,13/04/2023,Mobile App,Completed
ORD001553,CUST01138,27/08/2024,Web,Completed
ORD001554,CUST00932,11-23-2024,Marketplace,Pending
ORD001555,CUST00925,08/12/2023,Mobile App,Pending
ORD001556,CUST00240,2024-07-08,Mobile App,Completed
ORD001557,CUST01196,01/07/2025,Marketplace,Returned
ORD001558,CUST00720,04/03/2024,Mobile App,Completed
ORD001559,CUST00854,12/01/2023,Mobile App,Returned
ORD001560,CUST00907,23/06/2025,Mobile App,Completed
ORD001561,CUST00910,03-13-2023,Web,Completed
ORD001562,CUST00107,2025-03-17,Web,Cancelled
ORD001563,CUST00774,02/08/2024,Marketplace,Completed
ORD001564,CUST00699,03-24-2024,Mobile App,Completed
ORD001565,CUST00543,09-17-2023,Marketplace,Completed
ORD001566,CUST00294,2024-06-26,Mobile App,Completed
ORD001567,CUST00267,2023-06-22,Web,Completed
ORD001568,CUST01018,07-27-2023,Web,Completed
ORD001569,CUST00804,14/11/2023,Web,Completed
ORD001570,CUST01038,07/01/2023,Web,Completed
ORD001571,CUST00008,03-26-2023,Mobile App,Completed
ORD001572,CUST00851,15/05/2023,Mobile App,Returned
ORD001573,CUST01170,03/04/2024,Mobile App,Completed
ORD001574,CUST00700,10-27-2023,Marketplace,Pending
ORD001575,CUST01138,10/08/2023,Marketplace,Returned
ORD001576,CUST00688,04-01-2024,Web,Completed
ORD001577,CUST00943,2023-01-08,Mobile App,Completed
ORD001578,CUST00990,2024-11-16,Web,Cancelled
ORD001579,CUST00723,2023-05-10,Web,Returned
ORD001580,CUST01036,06-15-2023,Web,Completed
ORD001581,CUST00942,11-06-2023,Web,Pending
ORD001582,CUST00144,02/07/2023,Marketplace,Cancelled
ORD001583,CUST00771,06/01/2024,Web,Completed
ORD001584,CUST00104,2024-10-03,Marketplace,Completed
ORD001585,CUST00284,09/05/2023,Mobile App,Cancelled
ORD001586,CUST00550,08-03-2025,Web,Completed
ORD001587,CUST00673,03-07-2024,Web,Completed
ORD001588,CUST00457,11/08/2023,Marketplace,Cancelled
ORD001589,CUST00169,2023-12-28,Marketplace,Completed
ORD001590,CUST00416,05-27-2023,Marketplace,Completed
ORD001591,CUST00139,06-04-2025,Mobile App,Completed
ORD001592,CUST00108,01/01/2025,Web,Returned
ORD001593,CUST00745,10/04/2025,Marketplace,Completed
ORD001594,CUST00376,03-21-2025,Mobile App,Completed
ORD001595,CUST00427,2023-02-21,Web,Completed
ORD001596,CUST00113,2023-09-05,Mobile App,Completed
ORD001597,CUST01095,29/05/2025,Web,Pending
ORD001598,CUST00761,12/04/2025,Web,Completed
ORD001599,CUST00458,01-16-2025,Mobile App,Cancelled
ORD001600,CUST01055,10-08-2024,Web,Completed
ORD001601,CUST00641,12/02/2023,Web,Completed
ORD001602,CUST00866,01-25-2023,Web,Returned
ORD001603,CUST00856,2025-01-20,Web,Returned
ORD001604,CUST00801,2024-11-03,Mobile App,Completed
ORD001605,CUST00722,04-01-2023,Marketplace,Completed
ORD001606,CUST00004,01-11-2025,Marketplace,Completed
ORD001607,CUST00820,10/09/2024,Marketplace,Pending
ORD001608,CUST00891,01-24-2024,Marketplace,Returned
ORD001609,CUST00622,2023-09-12,Marketplace,Completed
ORD001610,CUST00410,12/04/2023,Mobile App,Returned
ORD001611,CUST00119,17/12/2023,Marketplace,Completed
ORD001612,CUST01164,16/05/2025,Mobile App,Returned
ORD001613,CUST00597,17/08/2023,Web,Cancelled
ORD001614,CUST01049,26/09/2024,Marketplace,Completed
ORD001615,CUST00460,07/07/2025,Web,Completed
ORD001616,CUST00025,2023-12-11,Mobile App,Completed
ORD001617,CUST00971,02-05-2024,Mobile App,Pending
ORD001618,CUST00946,29/08/2023,Web,Completed
ORD001619,CUST00249,2024-09-10,Marketplace,Cancelled
ORD001620,CUST00775,11-04-2024,Marketplace,Completed
ORD001621,CUST00143,2024-06-12,Web,Pending
ORD001622,CUST00176,12-15-2024,Web,Completed
ORD001623,CUST00792,2024-04-09,Mobile App,Returned
ORD001624,CUST00968,06/09/2024,Web,Completed
ORD001625,CUST00506,2024-09-15,Marketplace,Completed
ORD001626,CUST00813,2023-09-05,Marketplace,Pending
ORD001627,CUST00681,30/10/2023,Web,Completed
ORD001628,CUST01150,01-23-2024,Marketplace,Cancelled
ORD001629,CUST00960,2023-01-05,Mobile App,Completed
ORD001630,CUST00910,2024-06-24,Web,Completed
ORD001631,CUST01063,11-07-2023,Marketplace,Returned
ORD001632,CUST01200,2024-08-20,Mobile App,Returned
ORD001633,CUST00312,2025-07-29,Marketplace,Pending
ORD001634,CUST00161,2025-08-05,Mobile App,Cancelled
ORD001635,CUST00208,2024-05-04,Mobile App,Completed
ORD001636,CUST00760,07/02/2025,Mobile App,Completed
ORD001637,CUST00203,01-11-2025,Mobile App,Completed
ORD001638,CUST00356,2024-02-03,Web,Completed
ORD001639,CUST00152,2024-03-01,Marketplace,Completed
ORD001640,CUST00474,2023-01-02,Marketplace,Returned
ORD001641,CUST01149,23/05/2025,Mobile App,Completed
ORD001642,CUST00955,2024-10-05,Marketplace,Completed
ORD001643,CUST01078,14/01/2025,Mobile App,Completed
ORD001644,CUST00948,20/03/2024,Web,Pending
ORD001645,CUST00287,03-18-2025,Web,Returned
ORD001646,CUST00618,12-01-2024,Mobile App,Pending
ORD001647,CUST00456,2023-08-15,Mobile App,Completed
ORD001648,CUST00175,11/05/2025,Mobile App,Returned
ORD001649,CUST00546,2024-02-04,Mobile App,Completed
ORD001650,CUST00810,2025-01-12,Web,Completed
ORD001651,CUST01163,16/05/2024,Web,Returned
ORD001652,CUST00444,05/02/2024,Web,Completed
ORD001653,CUST00511,02-02-2023,Marketplace,Returned
ORD001654,CUST00351,2025-03-29,Web,Completed
ORD001655,CUST00715,2023-06-02,Web,Completed
ORD001656,CUST00143,03-23-2024,Marketplace,Completed
ORD001657,CUST00622,12-06-2024,Mobile App,Returned
ORD001658,CUST00276,2023-05-13,Mobile App,Completed
ORD001659,CUST00563,22/07/2023,Mobile App,Pending
ORD001660,CUST00852,27/12/2024,Web,Completed
ORD001661,CUST00951,2023-01-05,Marketplace,Cancelled
ORD001662,CUST00349,2024-06-12,Marketplace,Completed
ORD001663,CUST00400,06/05/2023,Web,Returned
ORD001664,CUST00912,13/10/2024,Web,Completed
ORD001665,CUST00326,16/04/2025,Mobile App,Cancelled
ORD001666,CUST01093,07-01-2025,Web,Returned
ORD001667,CUST00668,24/01/2025,Marketplace,Completed
ORD001668,CUST00214,31/03/2023,Web,Cancelled
ORD001669,CUST00777,12-27-2024,Marketplace,Pending
ORD001670,CUST01016,15/10/2023,Web,Returned
ORD001671,CUST01183,06-24-2025,Web,Completed
ORD001672,CUST00452,08-05-2023,Marketplace,Completed
ORD001673,CUST00958,02-10-2024,Web,Completed
ORD001674,CUST01193,09-18-2024,Marketplace,Pending
ORD001675,CUST00873,19/05/2023,Marketplace,Pending
ORD001676,CUST01056,08-03-2023,Marketplace,Completed
ORD001677,CUST00879,01-08-2024,Mobile App,Completed
ORD001678,CUST00447,11-10-2023,Web,Completed
ORD001679,CUST00396,11-20-2023,Web,Returned
ORD001680,CUST00321,2023-06-02,Web,Returned
ORD001681,CUST00284,04-21-2025,Mobile App,Completed
ORD001682,CUST00923,09/06/2023,Marketplace,Returned
ORD001683,CUST00988,2024-05-13,Mobile App,Completed
ORD001684,CUST00964,2023-09-15,Web,Completed
ORD001685,CUST00191,2024-10-12,Mobile App,Returned
ORD001686,CUST00212,2025-07-16,Web,Pending
ORD001687,CUST00009,20/09/2023,Mobile App,Completed
ORD001688,CUST00639,2025-08-03,Web,Returned
ORD001689,CUST00060,2024-06-16,Marketplace,Returned
ORD001690,CUST01153,2023-01-18,Marketplace,Completed
ORD001691,CUST00077,03-18-2024,Mobile App,Completed
ORD001692,CUST01197,2025-05-18,Mobile App,Completed
ORD001693,CUST00235,2024-01-27,Marketplace,Completed
ORD001694,CUST00774,03-12-2025,Marketplace,Completed
ORD001695,CUST00327,27/06/2023,Web,Pending
ORD001696,CUST00949,03-31-2024,Mobile App,Completed
ORD001697,CUST00053,2023-03-23,Mobile App,Cancelled
ORD001698,CUST01031,16/08/2024,Web,Returned
ORD001699,CUST00527,27/07/2025,Web,Completed
ORD001700,CUST00889,2023-03-30,Marketplace,Cancelled
ORD001701,CUST00003,2023-12-16,Mobile App,Completed
ORD001702,CUST00296,04-22-2024,Marketplace,Completed
ORD001703,CUST00488,01-18-2024,Marketplace,Completed
ORD001704,CUST01140,28/11/2024,Marketplace,Completed
ORD001705,CUST00870,07-15-2024,Mobile App,Returned
ORD001706,CUST01138,24/01/2025,Web,Returned
ORD001707,CUST00471,12-21-2024,Marketplace,Completed
ORD001708,CUST00964,01-09-2024,Marketplace,Completed
ORD001709,CUST00529,11-16-2024,Web,Completed
ORD001710,CUST00385,02/09/2023,Marketplace,Pending
ORD001711,CUST00772,2025-02-24,Marketplace,Completed
ORD001712,CUST00559,08-25-2024,Web,Cancelled
ORD001713,CUST00093,21/11/2024,Mobile App,Completed
ORD001714,CUST00224,2023-04-10,Web,Returned
ORD001715,CUST01095,14/09/2023,Marketplace,Completed
ORD001716,CUST00564,12-10-2024,Web,Pending
ORD001717,CUST00318,12-21-2023,Mobile App,Returned
ORD001718,CUST00992,08-01-2025,Web,Returned
ORD001719,CUST00011,2023-10-29,Marketplace,Completed
ORD001720,CUST00371,09/03/2024,Mobile App,Cancelled
ORD001721,CUST01191,2024-12-09,Mobile App,Completed
ORD001722,CUST00314,10/05/2025,Marketplace,Completed
ORD001723,CUST00492,2025-06-07,Mobile App,Completed
ORD001724,CUST01008,03-11-2023,Mobile App,Returned
ORD001725,CUST00216,05-14-2023,Web,Completed
ORD001726,CUST01000,2024-07-06,Mobile App,Completed
ORD001727,CUST00679,09/06/2024,Mobile App,Completed
ORD001728,CUST01072,12-22-2024,Mobile App,Completed
ORD001729,CUST01078,18/02/2025,Web,Cancelled
ORD001730,CUST00344,04-14-2025,Marketplace,Cancelled
ORD001731,CUST01110,12-20-2024,Mobile App,Completed
ORD001732,CUST00373,11-12-2024,Web,Pending
ORD001733,CUST00265,29/05/2025,Mobile App,Returned
ORD001734,CUST00731,12-23-2024,Mobile App,Completed
ORD001735,CUST00260,06-24-2023,Mobile App,Pending
ORD001736,CUST00939,2024-10-26,Mobile App,Completed
ORD001737,CUST00142,01-04-2024,Mobile App,Returned
ORD001738,CUST00542,02-03-2025,Mobile App,Completed
ORD001739,CUST00722,01/07/2024,Marketplace,Completed
ORD001740,CUST00537,11-17-2023,Marketplace,Returned
ORD001741,CUST00462,2025-05-30,Marketplace,Cancelled
ORD001742,CUST00187,06/06/2025,Web,Cancelled
ORD001743,CUST01108,2024-11-20,Web,Completed
ORD001744,CUST00922,2024-05-17,Marketplace,Pending
ORD001745,CUST00754,27/01/2023,Mobile App,Returned
ORD001746,CUST00587,2025-07-08,Marketplace,Completed
ORD001747,CUST00808,27/10/2024,Web,Pending
ORD001748,CUST01007,10-30-2023,Mobile App,Completed
ORD001749,CUST00537,2024-04-19,Web,Cancelled
ORD001750,CUST00346,25/01/2025,Mobile App,Completed
ORD001751,CUST00182,04-22-2025,Web,Completed
ORD001752,CUST00518,2023-04-01,Marketplace,Completed
ORD001753,CUST00234,28/07/2023,Marketplace,Returned
ORD001754,CUST00361,02/07/2025,Mobile App,Cancelled
ORD001755,CUST00081,05/04/2023,Marketplace,Pending
ORD001756,CUST00619,08/04/2025,Web,Completed
ORD001757,CUST00074,2024-06-09,Web,Returned
ORD001758,CUST00479,17/02/2025,Marketplace,Completed
ORD001759,CUST00062,2023-04-25,Marketplace,Completed
ORD001760,CUST00157,09-20-2023,Mobile App,Pending
ORD001761,CUST01019,10-19-2024,Marketplace,Completed
ORD001762,CUST00901,2025-05-17,Web,Pending
ORD001763,CUST00945,2023-03-02,Mobile App,Completed
ORD001764,CUST00442,2025-05-14,Mobile App,Completed
ORD001765,CUST01110,05-08-2025,Web,Returned
ORD001766,CUST00440,30/07/2025,Marketplace,Pending
ORD001767,CUST01153,05-11-2025,Web,Completed
ORD001768,CUST00847,07/03/2024,Marketplace,Completed
ORD001769,CUST00734,09/06/2024,Web,Cancelled
ORD001770,CUST00900,07-02-2023,Web,Returned
ORD001771,CUST01058,2024-09-14,Mobile App,Returned
ORD001772,CUST00777,26/12/2023,Web,Returned
ORD001773,CUST00693,05-17-2025,Mobile App,Returned
ORD001774,CUST00547,2024-12-04,Marketplace,Completed
ORD001775,CUST01175,29/03/2023,Marketplace,Completed
ORD001776,CUST00532,2025-05-26,Web,Completed
ORD001777,CUST00687,06-16-2025,Web,Completed
ORD001778,CUST00174,01-29-2025,Mobile App,Pending
ORD001779,CUST00555,10/11/2023,Marketplace,Returned
ORD001780,CUST01054,12/09/2024,Marketplace,Completed
ORD001781,CUST00212,05-09-2023,Marketplace,Cancelled
ORD001782,CUST00591,06-27-2023,Marketplace,Returned
ORD001783,CUST00347,11-21-2024,Mobile App,Returned
ORD001784,CUST00968,2023-04-09,Mobile App,Cancelled
ORD001785,CUST00005,05-14-2024,Marketplace,Completed
ORD001786,CUST00528,18/09/2023,Marketplace,Returned
ORD001787,CUST01181,13/04/2024,Mobile App,Completed
ORD001788,CUST01015,2024-04-14,Web,Completed
ORD001789,CUST00195,2023-06-10,Marketplace,Returned
ORD001790,CUST01171,2024-08-22,Marketplace,Completed
ORD001791,CUST01085,2023-05-17,Marketplace,Completed
ORD001792,CUST00044,2024-04-02,Web,Completed
ORD001793,CUST00891,02-08-2025,Web,Completed
ORD001794,CUST01055,29/08/2023,Marketplace,Completed
ORD001795,CUST00973,28/03/2025,Marketplace,Pending
ORD001796,CUST00915,23/08/2024,Mobile App,Completed
ORD001797,CUST00463,2023-03-01,Web,Pending
ORD001798,CUST01055,2023-12-18,Marketplace,Completed
ORD001799,CUST00734,2025-05-10,Mobile App,Returned
ORD001800,CUST00449,05-24-2024,Web,Completed
ORD001801,CUST00640,05-26-2023,Web,Completed
ORD001802,CUST00478,2025-06-27,Marketplace,Completed
ORD001803,CUST01122,2024-10-02,Mobile App,Completed
ORD001804,CUST00233,03/05/2024,Marketplace,Returned
ORD001805,CUST00323,21/03/2024,Web,Completed
ORD001806,CUST00419,09-27-2023,Web,Cancelled
ORD001807,CUST01061,2025-06-02,Marketplace,Completed
ORD001808,CUST01045,01-19-2024,Marketplace,Completed
ORD001809,CUST00076,02-17-2024,Mobile App,Completed
ORD001810,CUST00183,06-30-2025,Web,Completed
ORD001811,CUST00422,08-09-2024,Mobile App,Completed
ORD001812,CUST01052,2024-05-17,Web,Completed
ORD001813,CUST00344,12-26-2023,Mobile App,Returned
ORD001814,CUST01124,15/06/2024,Mobile App,Returned
ORD001815,CUST00847,13/11/2023,Mobile App,Pending
ORD001816,CUST00120,03-16-2025,Marketplace,Completed
ORD001817,CUST00030,20/10/2023,Mobile App,Pending
ORD001818,CUST00479,06/07/2024,Marketplace,Completed
ORD001819,CUST00621,27/01/2025,Mobile App,Completed
ORD001820,CUST00439,2024-05-30,Mobile App,Completed
ORD001821,CUST00339,2023-09-29,Mobile App,Pending
ORD001822,CUST00729,2024-02-03,Web,Cancelled
ORD001823,CUST00904,10/10/2023,Mobile App,Returned
ORD001824,CUST00693,2023-02-15,Marketplace,Cancelled
ORD001825,CUST01114,03-01-2024,Marketplace,Returned
ORD001826,CUST00141,08/07/2023,Mobile App,Pending
ORD001827,CUST00248,2024-08-12,Marketplace,Pending
ORD001828,CUST00024,19/10/2024,Marketplace,Completed
ORD001829,CUST00451,2023-08-01,Web,Pending
ORD001830,CUST00544,02-12-2023,Web,Pending
ORD001831,CUST00523,2024-07-07,Mobile App,Completed
ORD001832,CUST00269,2025-01-08,Marketplace,Completed
ORD001833,CUST00151,15/03/2024,Mobile App,Returned
ORD001834,CUST00130,2024-07-09,Web,Returned
ORD001835,CUST01015,08-17-2024,Web,Completed
ORD001836,CUST00829,05-30-2025,Web,Completed
ORD001837,CUST00212,12-06-2024,Web,Completed
ORD001838,CUST01155,30/11/2023,Mobile App,Cancelled
ORD001839,CUST00936,26/09/2023,Mobile App,Completed
ORD001840,CUST00625,05-27-2023,Marketplace,Returned
ORD001841,CUST00908,18/07/2025,Web,Completed
ORD001842,CUST00400,2023-02-15,Mobile App,Pending
ORD001843,CUST00794,05-13-2023,Mobile App,Completed
ORD001844,CUST01107,13/02/2024,Web,Pending
ORD001845,CUST00846,05-09-2024,Web,Completed
ORD001846,CUST00416,2023-12-15,Mobile App,Pending
ORD001847,CUST00738,07-18-2025,Web,Completed
ORD001848,CUST00471,10-23-2023,Web,Completed
ORD001849,CUST00464,2025-01-12,Mobile App,Returned
ORD001850,CUST00995,2024-06-08,Mobile App,Returned
ORD001851,CUST00236,03-13-2024,Web,Completed
ORD001852,CUST01059,03-24-2023,Web,Returned
ORD001853,CUST00334,23/02/2024,Mobile App,Cancelled
ORD001854,CUST01012,04-23-2025,Web,Completed
ORD001855,CUST00512,15/09/2023,Mobile App,Completed
ORD001856,CUST00776,2024-12-26,Marketplace,Completed
ORD001857,CUST00280,2024-02-10,Web,Returned
ORD001858,CUST00527,20/03/2025,Web,Completed
ORD001859,CUST00729,05-26-2023,Marketplace,Completed
ORD001860,CUST00743,2023-08-21,Web,Completed
ORD001861,CUST00729,04-13-2025,Marketplace,Completed
ORD001862,CUST00976,08/06/2024,Web,Returned
ORD001863,CUST00450,2024-06-11,Mobile App,Completed
ORD001864,CUST00470,06-10-2025,Mobile App,Completed
ORD001865,CUST00241,11-16-2023,Marketplace,Cancelled
ORD001866,CUST00453,17/02/2024,Mobile App,Pending
ORD001867,CUST01104,2023-05-11,Marketplace,Pending
ORD001868,CUST00536,2024-12-26,Marketplace,Completed
ORD001869,CUST00076,10/07/2025,Mobile App,Returned
ORD001870,CUST00634,30/05/2025,Mobile App,Completed
ORD001871,CUST00971,02-14-2025,Web,Completed
ORD001872,CUST01132,04-05-2025,Marketplace,Completed
ORD001873,CUST01181,2024-05-23,Mobile App,Completed
ORD001874,CUST01138,01-25-2023,Marketplace,Cancelled
ORD001875,CUST00068,2023-04-07,Web,Completed
ORD001876,CUST00580,07-07-2023,Web,Completed
ORD001877,CUST00513,25/04/2025,Marketplace,Cancelled
ORD001878,CUST00986,08-18-2023,Marketplace,Completed
ORD001879,CUST00356,28/02/2023,Marketplace,Pending
ORD001880,CUST01002,2024-04-23,Web,Completed
ORD001881,CUST01131,12-05-2024,Marketplace,Returned
ORD001882,CUST00557,23/06/2025,Web,Completed
ORD001883,CUST01195,10/10/2024,Mobile App,Returned
ORD001884,CUST00489,09/10/2023,Mobile App,Pending
ORD001885,CUST01074,17/09/2024,Mobile App,Completed
ORD001886,CUST01090,2023-08-10,Marketplace,Cancelled
ORD001887,CUST00060,2024-05-01,Mobile App,Completed
ORD001888,CUST00792,2023-08-12,Marketplace,Completed
ORD001889,CUST00290,22/02/2024,Marketplace,Completed
ORD001890,CUST00280,14/07/2025,Web,Pending
ORD001891,CUST00226,11-29-2024,Mobile App,Completed
ORD001892,CUST00761,10-04-2023,Mobile App,Cancelled
ORD001893,CUST00958,01-30-2023,Mobile App,Pending
ORD001894,CUST01168,2023-04-23,Web,Completed
ORD001895,CUST01186,2023-03-09,Marketplace,Pending
ORD001896,CUST00467,09-18-2023,Mobile App,Completed
ORD001897,CUST00982,07-09-2023,Web,Cancelled
ORD001898,CUST01037,09-08-2023,Mobile App,Pending
ORD001899,CUST01129,07-29-2024,Marketplace,Completed
ORD001900,CUST00701,08/06/2023,Marketplace,Cancelled
ORD001901,CUST00078,2025-07-09,Marketplace,Cancelled
ORD001902,CUST00241,02/04/2025,Mobile App,Pending
ORD001903,CUST00241,05-30-2023,Marketplace,Completed
ORD001904,CUST00287,2024-12-17,Marketplace,Pending
ORD001905,CUST01058,03/01/2024,Mobile App,Cancelled
ORD001906,CUST00895,2023-10-09,Marketplace,Completed
ORD001907,CUST00957,03/12/2024,Marketplace,Pending
ORD001908,CUST01052,05-07-2023,Mobile App,Returned
ORD001909,CUST00236,06-25-2025,Mobile App,Returned
ORD001910,CUST00834,29/12/2024,Web,Completed
ORD001911,CUST01047,2023-03-21,Marketplace,Pending
ORD001912,CUST00557,01-17-2024,Web,Completed
ORD001913,CUST01011,03-05-2023,Mobile App,Pending
ORD001914,CUST01155,16/12/2023,Marketplace,Pending
ORD001915,CUST00314,2024-05-17,Marketplace,Completed
ORD001916,CUST00594,28/12/2023,Marketplace,Completed
ORD001917,CUST00850,02-29-2024,Web,Cancelled
ORD001918,CUST00966,26/07/2024,Web,Completed
ORD001919,CUST01061,06-02-2024,Mobile App,Returned
ORD001920,CUST01131,07-21-2023,Web,Completed
ORD001921,CUST00584,2023-02-19,Marketplace,Returned
ORD001922,CUST00484,07-10-2024,Marketplace,Completed
ORD001923,CUST00204,09/02/2025,Mobile App,Completed
ORD001924,CUST00563,2025-05-18,Mobile App,Completed
ORD001925,CUST01062,04-06-2023,Marketplace,Cancelled
ORD001926,CUST00189,09/04/2025,Mobile App,Pending
ORD001927,CUST00796,04/02/2024,Marketplace,Pending
ORD001928,CUST00299,09-06-2023,Marketplace,Returned
ORD001929,CUST00996,12-24-2024,Mobile App,Completed
ORD001930,CUST00667,22/11/2024,Marketplace,Completed
ORD001931,CUST00981,29/10/2024,Mobile App,Returned
ORD001932,CUST00519,2023-07-01,Web,Completed
ORD001933,CUST00512,2023-11-30,Marketplace,Cancelled
ORD001934,CUST00045,03/04/2025,Mobile App,Completed
ORD001935,CUST00655,02-20-2023,Web,Returned
ORD001936,CUST00098,09/03/2025,Web,Completed
ORD001937,CUST01006,2023-02-14,Mobile App,Completed
ORD001938,CUST00742,09-24-2024,Web,Completed
ORD001939,CUST00442,11-21-2023,Web,Completed
ORD001940,CUST00934,22/10/2023,Web,Pending
ORD001941,CUST00454,26/07/2023,Web,Completed
ORD001942,CUST00496,02-19-2024,Mobile App,Returned
ORD001943,CUST00016,29/06/2025,Marketplace,Pending
ORD001944,CUST00415,2025-04-09,Web,Completed
ORD001945,CUST00655,25/03/2023,Mobile App,Completed
ORD001946,CUST00222,12-24-2024,Web,Completed
ORD001947,CUST00678,2025-01-26,Marketplace,Completed
ORD001948,CUST01034,03/02/2023,Web,Completed
ORD001949,CUST00488,07/01/2023,Mobile App,Returned
ORD001950,CUST00068,10-17-2024,Web,Completed
ORD001951,CUST01105,19/01/2024,Marketplace,Completed
ORD001952,CUST00172,04/03/2025,Marketplace,Pending
ORD001953,CUST01064,09-08-2024,Mobile App,Returned
ORD001954,CUST00044,10/11/2024,Mobile App,Pending
ORD001955,CUST00922,04-24-2023,Marketplace,Pending
ORD001956,CUST00133,05-05-2023,Mobile App,Cancelled
ORD001957,CUST00452,2024-03-22,Marketplace,Returned
ORD001958,CUST00958,2023-02-20,Web,Completed
ORD001959,CUST01038,2023-05-13,Web,Cancelled
ORD001960,CUST00230,2024-08-30,Web,Completed
ORD001961,CUST00358,2023-12-27,Web,Completed
ORD001962,CUST00232,05-16-2024,Mobile App,Completed
ORD001963,CUST00962,2025-02-08,Web,Completed
ORD001964,CUST00305,26/01/2024,Web,Cancelled
ORD001965,CUST00432,2024-01-14,Marketplace,Completed
ORD001966,CUST01056,03-27-2025,Marketplace,Pending
ORD001967,CUST00323,02-17-2024,Marketplace,Cancelled
ORD001968,CUST00453,26/03/2023,Marketplace,Completed
ORD001969,CUST01153,22/03/2023,Mobile App,Completed
ORD001970,CUST00423,2023-12-25,Marketplace,Returned
ORD001971,CUST00289,10/07/2025,Web,Completed
ORD001972,CUST00409,2024-08-13,Mobile App,Cancelled
ORD001973,CUST00997,03-09-2025,Marketplace,Completed
ORD001974,CUST00852,09-17-2024,Marketplace,Completed
ORD001975,CUST00159,2023-04-14,Mobile App,Returned
ORD001976,CUST00334,2023-01-04,Web,Pending
ORD001977,CUST00009,2024-05-16,Mobile App,Completed
ORD001978,CUST00104,2024-03-03,Web,Cancelled
ORD001979,CUST00222,2024-02-05,Mobile App,Completed
ORD001980,CUST00350,19/06/2023,Marketplace,Completed
ORD001981,CUST00404,21/03/2024,Mobile App,Returned
ORD001982,CUST00138,03/12/2023,Marketplace,Pending
ORD001983,CUST00366,2023-06-24,Marketplace,Pending
ORD001984,CUST00554,2024-05-30,Mobile App,Completed
ORD001985,CUST00845,2023-11-26,Web,Completed
ORD001986,CUST00620,19/12/2024,Mobile App,Cancelled
ORD001987,CUST00853,16/11/2023,Marketplace,Returned
ORD001988,CUST01147,2024-11-01,Web,Completed
ORD001989,CUST00350,2025-06-27,Mobile App,Completed
ORD001990,CUST00506,05/05/2025,Web,Completed
ORD001991,CUST00620,02-23-2023,Marketplace,Pending
ORD001992,CUST01010,2025-07-28,Mobile App,Pending
ORD001993,CUST00480,08-17-2024,Mobile App,Returned
ORD001994,CUST00393,11-17-2024,Web,Pending
ORD001995,CUST00753,2024-08-15,Web,Pending
ORD001996,CUST00392,2023-11-23,Mobile App,Returned
ORD001997,CUST00406,12/03/2025,Mobile App,Completed
ORD001998,CUST00760,19/08/2024,Mobile App,Completed
ORD001999,CUST00726,04-23-2023,Marketplace,Completed
ORD002000,CUST00472,31/05/2025,Web,Completed
ORD002001,CUST01029,16/03/2025,Web,Returned
ORD002002,CUST01078,04-15-2025,Marketplace,Returned
ORD002003,CUST00246,2023-03-14,Mobile App,Returned
ORD002004,CUST00034,07-01-2024,Mobile App,Completed
ORD002005,CUST00482,04-13-2025,Web,Cancelled
ORD002006,CUST00190,2024-11-24,Web,Completed
ORD002007,CUST00049,2024-07-11,Mobile App,Completed
ORD002008,CUST00393,2023-07-08,Mobile App,Cancelled
ORD002009,CUST00043,29/10/2023,Web,Completed
ORD002010,CUST00751,12-08-2023,Mobile App,Cancelled
ORD002011,CUST00774,2025-03-24,Marketplace,Cancelled
ORD002012,CUST00458,21/09/2024,Marketplace,Returned
ORD002013,CUST00700,01-27-2025,Mobile App,Cancelled
ORD002014,CUST00063,05-25-2024,Marketplace,Completed
ORD002015,CUST00667,09-02-2023,Mobile App,Returned
ORD002016,CUST01155,20/11/2023,Web,Completed
ORD002017,CUST00153,25/02/2025,Web,Completed
ORD002018,CUST00074,04-05-2024,Marketplace,Cancelled
ORD002019,CUST00287,11-26-2024,Web,Completed
ORD002020,CUST00256,2025-03-12,Mobile App,Completed
ORD002021,CUST00032,02/07/2025,Web,Completed
ORD002022,CUST01020,03-02-2023,Mobile App,Cancelled
ORD002023,CUST00950,2023-09-08,Mobile App,Pending
ORD002024,CUST00906,10-01-2024,Marketplace,Cancelled
ORD002025,CUST00393,2023-03-02,Marketplace,Completed
ORD002026,CUST00166,08/07/2025,Web,Completed
ORD002027,CUST00961,2023-10-31,Marketplace,Completed
ORD002028,CUST00690,2023-09-22,Marketplace,Completed
ORD002029,CUST00210,09-11-2023,Mobile App,Returned
ORD002030,CUST00869,13/03/2025,Marketplace,Completed
ORD002031,CUST00638,10-04-2023,Web,Completed
ORD002032,CUST00430,25/03/2024,Marketplace,Completed
ORD002033,CUST00472,25/04/2025,Marketplace,Completed
ORD002034,CUST01042,04-01-2023,Marketplace,Returned
ORD002035,CUST00070,10/11/2023,Mobile App,Pending
ORD002036,CUST01047,2025-08-04,Mobile App,Completed
ORD002037,CUST00521,25/01/2023,Web,Pending
ORD002038,CUST00290,05-12-2025,Marketplace,Completed
ORD002039,CUST00474,02-06-2025,Marketplace,Pending
ORD002040,CUST01023,28/08/2024,Marketplace,Completed
ORD002041,CUST00590,11-28-2024,Marketplace,Pending
ORD002042,CUST00428,02-08-2024,Web,Completed
ORD002043,CUST00163,2023-05-06,Mobile App,Completed
ORD002044,CUST00731,06-23-2023,Marketplace,Completed
ORD002045,CUST00857,02-27-2025,Marketplace,Completed
ORD002046,CUST00003,16/05/2024,Web,Completed
ORD002047,CUST00740,13/07/2025,Mobile App,Completed
ORD002048,CUST01146,2023-07-19,Marketplace,Completed
ORD002049,CUST00467,2023-04-18,Marketplace,Completed
ORD002050,CUST00765,09-13-2024,Marketplace,Completed
ORD002051,CUST00979,2023-03-29,Web,Cancelled
ORD002052,CUST01057,08/01/2025,Mobile App,Completed
ORD002053,CUST00025,06-23-2023,Mobile App,Completed
ORD002054,CUST00993,29/11/2023,Marketplace,Cancelled
ORD002055,CUST00806,12/05/2023,Web,Cancelled
ORD002056,CUST00822,2023-05-30,Mobile App,Completed
ORD002057,CUST00860,07-31-2024,Marketplace,Pending
ORD002058,CUST00879,2023-10-24,Marketplace,Completed
ORD002059,CUST00328,10-13-2023,Web,Pending
ORD002060,CUST01069,31/05/2023,Web,Completed
ORD002061,CUST00412,03/02/2024,Web,Pending
ORD002062,CUST00702,05/03/2025,Web,Completed
ORD002063,CUST00236,2024-01-12,Web,Returned
ORD002064,CUST00095,2024-12-15,Web,Completed
ORD002065,CUST00909,06-05-2025,Mobile App,Pending
ORD002066,CUST00558,2024-01-22,Mobile App,Pending
ORD002067,CUST01000,13/11/2023,Web,Completed
ORD002068,CUST00896,2024-03-15,Marketplace,Completed
ORD002069,CUST01031,27/05/2024,Web,Completed
ORD002070,CUST01199,05-04-2025,Web,Completed
ORD002071,CUST00720,05/03/2024,Mobile App,Completed
ORD002072,CUST00636,15/01/2024,Marketplace,Completed
ORD002073,CUST00893,15/11/2023,Mobile App,Completed
ORD002074,CUST01101,15/06/2024,Marketplace,Completed
ORD002075,CUST00476,10-22-2024,Mobile App,Pending
ORD002076,CUST00507,2023-02-26,Web,Cancelled
ORD002077,CUST01042,09-27-2023,Web,Completed
ORD002078,CUST00154,2023-10-11,Mobile App,Cancelled
ORD002079,CUST00869,07-24-2025,Mobile App,Completed
ORD002080,CUST01094,2025-08-03,Mobile App,Returned
ORD002081,CUST00742,2025-05-06,Mobile App,Cancelled
ORD002082,CUST00641,05-26-2025,Marketplace,Returned
ORD002083,CUST00749,2024-10-14,Marketplace,Completed
ORD002084,CUST00445,2024-10-09,Marketplace,Completed
ORD002085,CUST00110,20/10/2024,Mobile App,Completed
ORD002086,CUST00435,2025-01-25,Web,Cancelled
ORD002087,CUST00287,29/09/2023,Web,Completed
ORD002088,CUST00495,2025-08-08,Mobile App,Completed
ORD002089,CUST00975,19/08/2023,Mobile App,Completed
ORD002090,CUST00798,21/02/2024,Web,Completed
ORD002091,CUST00285,12/03/2023,Web,Returned
ORD002092,CUST00512,2024-08-06,Mobile App,Completed
ORD002093,CUST00230,12-06-2024,Web,Completed
ORD002094,CUST00802,05-26-2025,Marketplace,Returned
ORD002095,CUST01154,07/04/2025,Marketplace,Completed
ORD002096,CUST01039,13/07/2025,Marketplace,Completed
ORD002097,CUST00869,22/10/2024,Mobile App,Completed
ORD002098,CUST00444,2023-08-14,Marketplace,Completed
ORD002099,CUST00222,03-17-2025,Mobile App,Completed
ORD002100,CUST00810,24/01/2025,Marketplace,Completed
ORD002101,CUST00694,28/12/2023,Marketplace,Returned
ORD002102,CUST00967,02-17-2023,Web,Completed
ORD002103,CUST00626,04/08/2024,Web,Cancelled
ORD002104,CUST01022,17/02/2024,Marketplace,Cancelled
ORD002105,CUST00818,17/03/2024,Mobile App,Cancelled
ORD002106,CUST00034,26/06/2024,Mobile App,Cancelled
ORD002107,CUST00300,2023-08-04,Mobile App,Completed
ORD002108,CUST00340,2024-04-29,Marketplace,Returned
ORD002109,CUST00792,03-31-2023,Web,Completed
ORD002110,CUST00738,03-27-2023,Mobile App,Cancelled
ORD002111,CUST00249,02-09-2024,Marketplace,Completed
ORD002112,CUST00005,04-04-2023,Web,Completed
ORD002113,CUST00752,2023-07-04,Web,Returned
ORD002114,CUST00445,2024-11-26,Mobile App,Pending
ORD002115,CUST00376,2023-09-08,Marketplace,Cancelled
ORD002116,CUST00012,2024-12-07,Marketplace,Cancelled
ORD002117,CUST00436,2025-04-20,Mobile App,Pending
ORD002118,CUST00892,2024-09-25,Web,Completed
ORD002119,CUST01092,2023-07-10,Mobile App,Completed
ORD002120,CUST00414,10-17-2023,Marketplace,Cancelled
ORD002121,CUST00026,26/01/2023,Marketplace,Pending
ORD002122,CUST00329,2024-01-05,Marketplace,Pending
ORD002123,CUST00958,31/07/2024,Marketplace,Completed
ORD002124,CUST00822,04-01-2024,Web,Completed
ORD002125,CUST00084,09-21-2024,Mobile App,Completed
ORD002126,CUST00532,28/05/2024,Web,Cancelled
ORD002127,CUST00466,01-25-2023,Mobile App,Completed
ORD002128,CUST00907,09-06-2023,Web,Cancelled
ORD002129,CUST00185,2025-02-08,Web,Pending
ORD002130,CUST00081,2024-01-08,Web,Completed
ORD002131,CUST00560,26/05/2025,Web,Returned
ORD002132,CUST00721,11/04/2025,Marketplace,Completed
ORD002133,CUST00255,13/04/2023,Mobile App,Returned
ORD002134,CUST00628,2023-12-06,Mobile App,Pending
ORD002135,CUST00305,03-02-2023,Mobile App,Returned
ORD002136,CUST00358,2024-04-14,Marketplace,Cancelled
ORD002137,CUST00498,08-12-2024,Mobile App,Returned
ORD002138,CUST00159,07-20-2024,Marketplace,Completed
ORD002139,CUST00399,09/09/2023,Web,Completed
ORD002140,CUST01082,23/07/2024,Web,Completed
ORD002141,CUST00628,28/07/2023,Mobile App,Completed
ORD002142,CUST01180,29/09/2023,Marketplace,Completed
ORD002143,CUST01006,10-19-2024,Web,Completed
ORD002144,CUST00005,04/03/2023,Mobile App,Pending
ORD002145,CUST01084,14/08/2023,Mobile App,Cancelled
ORD002146,CUST00403,2023-03-20,Marketplace,Cancelled
ORD002147,CUST00489,30/01/2025,Marketplace,Returned
ORD002148,CUST00847,09-06-2023,Mobile App,Completed
ORD002149,CUST00076,31/01/2024,Web,Completed
ORD002150,CUST00210,2023-04-21,Mobile App,Completed
ORD002151,CUST00339,07-25-2024,Marketplace,Completed
ORD002152,CUST01123,2023-10-30,Mobile App,Completed
ORD002153,CUST00506,12-23-2024,Mobile App,Completed
ORD002154,CUST00895,07/08/2023,Marketplace,Pending
ORD002155,CUST01095,2025-05-18,Mobile App,Completed
ORD002156,CUST00699,07/04/2025,Marketplace,Completed
ORD002157,CUST00859,05/08/2023,Mobile App,Returned
ORD002158,CUST00268,25/05/2025,Mobile App,Cancelled
ORD002159,CUST00929,02-21-2025,Marketplace,Completed
ORD002160,CUST00661,2024-04-14,Mobile App,Pending
ORD002161,CUST00106,03-26-2023,Mobile App,Pending
ORD002162,CUST00814,23/05/2024,Marketplace,Pending
ORD002163,CUST00696,2023-10-03,Mobile App,Completed
ORD002164,CUST00169,12/05/2023,Web,Completed
ORD002165,CUST00330,21/09/2024,Mobile App,Completed
ORD002166,CUST00142,06-23-2024,Mobile App,Cancelled
ORD002167,CUST00986,29/03/2023,Web,Completed
ORD002168,CUST00860,30/10/2024,Web,Returned
ORD002169,CUST00137,02-02-2023,Web,Completed
ORD002170,CUST00227,20/09/2024,Marketplace,Completed
ORD002171,CUST00421,2023-08-29,Marketplace,Cancelled
ORD002172,CUST00144,11-15-2023,Marketplace,Completed
ORD002173,CUST00656,2024-10-09,Marketplace,Pending
ORD002174,CUST00279,04-09-2024,Marketplace,Completed
ORD002175,CUST00707,06-21-2023,Web,Completed
ORD002176,CUST01100,09-28-2023,Marketplace,Cancelled
ORD002177,CUST00684,10-01-2024,Web,Returned
ORD002178,CUST00348,2023-11-07,Marketplace,Cancelled
ORD002179,CUST00770,2024-04-07,Marketplace,Cancelled
ORD002180,CUST00058,02-28-2023,Mobile App,Returned
ORD002181,CUST01015,05/09/2023,Marketplace,Pending
ORD002182,CUST00708,10-23-2023,Web,Returned
ORD002183,CUST00107,09/03/2024,Marketplace,Cancelled
ORD002184,CUST00666,09/01/2024,Marketplace,Completed
ORD002185,CUST00618,02-14-2023,Web,Completed
ORD002186,CUST00239,2025-06-03,Web,Completed
ORD002187,CUST00167,05-29-2023,Marketplace,Completed
ORD002188,CUST00120,2023-12-22,Mobile App,Returned
ORD002189,CUST00376,04/07/2023,Marketplace,Returned
ORD002190,CUST00247,18/05/2023,Mobile App,Completed
ORD002191,CUST00186,08-07-2024,Mobile App,Completed
ORD002192,CUST00593,06-20-2023,Marketplace,Completed
ORD002193,CUST00073,08-11-2023,Web,Completed
ORD002194,CUST00781,07-31-2023,Mobile App,Completed
ORD002195,CUST01107,01-04-2023,Mobile App,Pending
ORD002196,CUST00993,03-25-2025,Web,Pending
ORD002197,CUST00151,2024-10-27,Web,Completed
ORD002198,CUST00461,17/05/2024,Web,Completed
ORD002199,CUST00676,29/02/2024,Web,Cancelled
ORD002200,CUST00599,03-25-2025,Marketplace,Completed
ORD002201,CUST01018,28/02/2024,Marketplace,Completed
ORD002202,CUST00342,05-18-2023,Mobile App,Completed
ORD002203,CUST00984,03/05/2025,Mobile App,Completed
ORD002204,CUST00186,15/12/2024,Marketplace,Completed
ORD002205,CUST00316,14/10/2024,Web,Completed
ORD002206,CUST01128,2024-07-16,Web,Completed
ORD002207,CUST00878,14/08/2023,Web,Completed
ORD002208,CUST00943,2024-10-17,Marketplace,Returned
ORD002209,CUST00588,2025-05-09,Marketplace,Completed
ORD002210,CUST01126,10-31-2024,Mobile App,Returned
ORD002211,CUST00435,2023-04-07,Marketplace,Pending
ORD002212,CUST01155,12-02-2023,Web,Completed
ORD002213,CUST00957,02-26-2025,Web,Completed
ORD002214,CUST00072,2024-04-06,Marketplace,Cancelled
ORD002215,CUST00067,07-21-2024,Mobile App,Completed
ORD002216,CUST00224,2023-07-25,Mobile App,Completed
ORD002217,CUST00086,21/07/2023,Marketplace,Completed
ORD002218,CUST00130,2025-04-25,Mobile App,Cancelled
ORD002219,CUST00656,2025-07-06,Web,Pending
ORD002220,CUST00403,2024-02-22,Web,Returned
ORD002221,CUST00251,23/12/2023,Marketplace,Completed
ORD002222,CUST00147,2024-08-30,Marketplace,Pending
ORD002223,CUST00069,01-02-2024,Marketplace,Pending
ORD002224,CUST00348,09-30-2023,Mobile App,Returned
ORD002225,CUST00849,03/05/2024,Marketplace,Completed
ORD002226,CUST00364,30/12/2023,Marketplace,Completed
ORD002227,CUST00214,2025-02-19,Web,Completed
ORD002228,CUST01090,01-10-2023,Marketplace,Completed
ORD002229,CUST01043,2024-03-14,Web,Returned
ORD002230,CUST00926,24/02/2023,Web,Completed
ORD002231,CUST01076,02-04-2025,Mobile App,Pending
ORD002232,CUST00369,2025-07-02,Marketplace,Completed
ORD002233,CUST00962,27/07/2024,Marketplace,Completed
ORD002234,CUST00803,09/07/2023,Web,Returned
ORD002235,CUST00176,2023-09-25,Web,Completed
ORD002236,CUST00915,08-16-2024,Mobile App,Completed
ORD002237,CUST00791,10-27-2023,Web,Completed
ORD002238,CUST00438,2024-02-07,Web,Completed
ORD002239,CUST00312,2024-06-10,Web,Completed
ORD002240,CUST00201,02/02/2024,Web,Pending
ORD002241,CUST00721,2023-03-19,Marketplace,Completed
ORD002242,CUST00013,31/10/2023,Marketplace,Completed
ORD002243,CUST01047,04-29-2025,Marketplace,Completed
ORD002244,CUST00115,2025-06-14,Marketplace,Completed
ORD002245,CUST00157,2025-03-30,Marketplace,Completed
ORD002246,CUST00408,2025-03-05,Mobile App,Pending
ORD002247,CUST00524,2025-01-23,Web,Cancelled
ORD002248,CUST01125,15/03/2023,Marketplace,Completed
ORD002249,CUST00285,24/04/2023,Mobile App,Cancelled
ORD002250,CUST00685,16/02/2023,Web,Completed
ORD002251,CUST00346,2024-01-10,Marketplace,Pending
ORD002252,CUST00577,2023-10-30,Marketplace,Pending
ORD002253,CUST01152,14/02/2025,Marketplace,Cancelled
ORD002254,CUST00522,2025-04-20,Mobile App,Cancelled
ORD002255,CUST00242,2024-07-24,Web,Completed
ORD002256,CUST00411,28/12/2024,Mobile App,Completed
ORD002257,CUST00776,2025-01-17,Mobile App,Pending
ORD002258,CUST00578,05/01/2023,Web,Cancelled
ORD002259,CUST00272,07/12/2024,Mobile App,Cancelled
ORD002260,CUST00509,2023-12-13,Mobile App,Completed
ORD002261,CUST00814,02-12-2023,Marketplace,Cancelled
ORD002262,CUST00933,03/12/2023,Marketplace,Completed
ORD002263,CUST00940,2024-06-30,Marketplace,Completed
ORD002264,CUST00703,2024-04-26,Mobile App,Cancelled
ORD002265,CUST00225,12-23-2024,Mobile App,Completed
ORD002266,CUST00207,01/02/2024,Marketplace,Completed
ORD002267,CUST00901,07-23-2024,Mobile App,Completed
ORD002268,CUST00328,2024-07-16,Marketplace,Completed
ORD002269,CUST01094,05/06/2024,Marketplace,Completed
ORD002270,CUST00686,15/06/2025,Web,Completed
ORD002271,CUST00827,2024-05-20,Mobile App,Pending
ORD002272,CUST00196,10-05-2023,Mobile App,Completed
ORD002273,CUST00841,2023-02-16,Web,Pending
ORD002274,CUST00911,02-26-2025,Mobile App,Completed
ORD002275,CUST00306,06/07/2025,Web,Pending
ORD002276,CUST00138,2025-07-21,Marketplace,Completed
ORD002277,CUST00400,01/01/2025,Web,Pending
ORD002278,CUST00527,2023-03-04,Mobile App,Completed
ORD002279,CUST00838,29/11/2024,Mobile App,Completed
ORD002280,CUST00668,10/01/2023,Mobile App,Completed
ORD002281,CUST00639,2023-09-10,Mobile App,Returned
ORD002282,CUST00858,25/02/2023,Mobile App,Pending
ORD002283,CUST00061,12-19-2024,Mobile App,Completed
ORD002284,CUST00885,29/01/2024,Mobile App,Completed
ORD002285,CUST00686,08-18-2023,Web,Cancelled
ORD002286,CUST01148,30/01/2024,Mobile App,Completed
ORD002287,CUST00765,02-06-2023,Mobile App,Cancelled
ORD002288,CUST00818,10/09/2023,Mobile App,Completed
ORD002289,CUST00750,31/03/2023,Marketplace,Pending
ORD002290,CUST00041,2024-11-16,Marketplace,Completed
ORD002291,CUST00536,13/07/2025,Web,Returned
ORD002292,CUST00344,08-19-2024,Mobile App,Completed
ORD002293,CUST01056,23/04/2023,Marketplace,Completed
ORD002294,CUST01110,04-05-2025,Marketplace,Pending
ORD002295,CUST00033,2023-07-17,Mobile App,Returned
ORD002296,CUST00099,14/12/2023,Marketplace,Completed
ORD002297,CUST00281,2024-10-13,Web,Completed
ORD002298,CUST00540,08-21-2024,Marketplace,Completed
ORD002299,CUST00001,2023-09-08,Web,Returned
ORD002300,CUST00198,2023-08-05,Mobile App,Cancelled
ORD002301,CUST01155,17/06/2025,Web,Pending
ORD002302,CUST01132,28/07/2025,Mobile App,Completed
ORD002303,CUST01165,08/01/2024,Mobile App,Completed
ORD002304,CUST00572,2025-05-10,Marketplace,Returned
ORD002305,CUST00291,14/04/2024,Marketplace,Completed
ORD002306,CUST00252,2024-06-29,Marketplace,Returned
ORD002307,CUST00055,2024-03-06,Marketplace,Completed
ORD002308,CUST00063,2025-01-30,Web,Completed
ORD002309,CUST00960,05-27-2025,Marketplace,Completed
ORD002310,CUST01143,27/06/2023,Web,Pending
ORD002311,CUST00709,2024-10-21,Web,Pending
ORD002312,CUST00934,12/04/2024,Mobile App,Completed
ORD002313,CUST00466,29/12/2024,Web,Cancelled
ORD002314,CUST00585,18/04/2024,Marketplace,Returned
ORD002315,CUST00501,11-29-2024,Web,Cancelled
ORD002316,CUST00912,22/10/2024,Marketplace,Returned
ORD002317,CUST00849,2025-02-03,Web,Pending
ORD002318,CUST00106,03-31-2023,Mobile App,Completed
ORD002319,CUST00777,23/06/2025,Mobile App,Pending
ORD002320,CUST00853,2024-09-02,Mobile App,Completed
ORD002321,CUST00029,11-10-2024,Web,Completed
ORD002322,CUST00808,09/03/2024,Marketplace,Returned
ORD002323,CUST00952,06-09-2023,Mobile App,Completed
ORD002324,CUST00917,27/11/2024,Mobile App,Completed
ORD002325,CUST00424,2024-11-12,Web,Completed
ORD002326,CUST00542,08/02/2024,Marketplace,Completed
ORD002327,CUST00404,02-01-2024,Mobile App,Returned
ORD002328,CUST00022,04-30-2024,Web,Returned
ORD002329,CUST00610,11/04/2025,Mobile App,Completed
ORD002330,CUST00684,02-08-2024,Mobile App,Completed
ORD002331,CUST00446,2023-01-17,Marketplace,Completed
ORD002332,CUST01046,04-18-2024,Marketplace,Pending
ORD002333,CUST00746,2025-02-22,Marketplace,Returned
ORD002334,CUST01198,2025-01-01,Mobile App,Completed
ORD002335,CUST01176,2023-09-11,Marketplace,Pending
ORD002336,CUST00965,14/04/2025,Mobile App,Completed
ORD002337,CUST00172,2024-12-10,Marketplace,Cancelled
ORD002338,CUST00767,03-06-2023,Marketplace,Completed
ORD002339,CUST00896,2023-07-19,Marketplace,Completed
ORD002340,CUST00899,06-23-2024,Mobile App,Completed
ORD002341,CUST00738,2023-11-25,Mobile App,Returned
ORD002342,CUST00101,06-22-2024,Web,Cancelled
ORD002343,CUST00997,31/08/2024,Mobile App,Completed
ORD002344,CUST00907,10-11-2023,Marketplace,Completed
ORD002345,CUST00235,2024-09-22,Mobile App,Completed
ORD002346,CUST00103,2023-11-27,Web,Cancelled
ORD002347,CUST00553,12-30-2023,Mobile App,Completed
ORD002348,CUST00191,25/03/2024,Mobile App,Returned
ORD002349,CUST00614,06-02-2024,Marketplace,Returned
ORD002350,CUST00892,09-06-2023,Mobile App,Completed
ORD002351,CUST00149,03-15-2025,Web,Cancelled
ORD002352,CUST00472,24/01/2024,Marketplace,Completed
ORD002353,CUST00480,2023-09-10,Mobile App,Completed
ORD002354,CUST01199,11-17-2024,Web,Cancelled
ORD002355,CUST00976,14/07/2023,Mobile App,Completed
ORD002356,CUST01056,2025-01-12,Mobile App,Pending
ORD002357,CUST00288,07/09/2024,Web,Cancelled
ORD002358,CUST00373,2024-12-07,Mobile App,Completed
ORD002359,CUST00161,25/01/2025,Mobile App,Completed
ORD002360,CUST01129,05-10-2025,Mobile App,Completed
ORD002361,CUST00646,2025-02-22,Marketplace,Cancelled
ORD002362,CUST00978,26/05/2023,Marketplace,Completed
ORD002363,CUST00219,22/11/2023,Marketplace,Completed
ORD002364,CUST00873,2024-12-06,Marketplace,Completed
ORD002365,CUST00332,07-23-2023,Mobile App,Completed
ORD002366,CUST00670,2023-10-25,Web,Completed
ORD002367,CUST00310,05/08/2023,Mobile App,Cancelled
ORD002368,CUST00621,2024-08-16,Web,Completed
ORD002369,CUST00639,12-10-2023,Mobile App,Completed
ORD002370,CUST00788,11-14-2023,Mobile App,Cancelled
ORD002371,CUST00462,03-18-2025,Mobile App,Completed
ORD002372,CUST00200,2024-05-11,Marketplace,Returned
ORD002373,CUST00834,02-16-2024,Web,Returned
ORD002374,CUST01124,19/01/2023,Marketplace,Pending
ORD002375,CUST01027,29/04/2023,Mobile App,Cancelled
ORD002376,CUST00603,01-24-2024,Web,Returned
ORD002377,CUST00315,14/01/2024,Web,Completed
ORD002378,CUST00332,03-16-2025,Mobile App,Completed
ORD002379,CUST00184,15/02/2025,Mobile App,Completed
ORD002380,CUST00582,12-20-2023,Marketplace,Cancelled
ORD002381,CUST00449,17/01/2025,Marketplace,Completed
ORD002382,CUST00338,2023-11-16,Mobile App,Returned
ORD002383,CUST00177,2024-07-24,Web,Pending
ORD002384,CUST00290,06/06/2025,Mobile App,Completed
ORD002385,CUST00802,2023-07-12,Mobile App,Completed
ORD002386,CUST00925,2023-09-11,Web,Completed
ORD002387,CUST00254,08-17-2024,Mobile App,Pending
ORD002388,CUST00826,02-23-2024,Mobile App,Returned
ORD002389,CUST00900,10-23-2024,Web,Pending
ORD002390,CUST00031,2023-12-16,Mobile App,Completed
ORD002391,CUST00197,2024-06-08,Web,Completed
ORD002392,CUST00398,2023-03-15,Mobile App,Completed
ORD002393,CUST00651,2024-08-16,Web,Returned
ORD002394,CUST01013,07-19-2024,Marketplace,Completed
ORD002395,CUST00502,2023-12-12,Mobile App,Completed
ORD002396,CUST00984,05-14-2025,Marketplace,Completed
ORD002397,CUST00132,02-08-2023,Marketplace,Completed
ORD002398,CUST00336,27/04/2023,Web,Completed
ORD002399,CUST01185,2023-01-19,Marketplace,Completed
ORD002400,CUST00988,01-08-2023,Web,Returned
ORD002401,CUST00946,08-22-2023,Web,Completed
ORD002402,CUST00077,25/04/2023,Marketplace,Returned
ORD002403,CUST00823,17/03/2025,Mobile App,Cancelled
ORD002404,CUST01072,05/09/2023,Mobile App,Completed
ORD002405,CUST00112,2025-01-19,Web,Completed
ORD002406,CUST00485,23/04/2023,Marketplace,Completed
ORD002407,CUST00785,02-25-2023,Marketplace,Completed
ORD002408,CUST00465,2023-08-25,Mobile App,Completed
ORD002409,CUST00513,17/02/2023,Web,Cancelled
ORD002410,CUST00855,20/08/2023,Marketplace,Completed
ORD002411,CUST00225,09-03-2023,Web,Completed
ORD002412,CUST00346,10-29-2023,Web,Completed
ORD002413,CUST01016,06-03-2025,Marketplace,Cancelled
ORD002414,CUST00511,12/04/2023,Web,Completed
ORD002415,CUST00238,10/06/2023,Marketplace,Pending
ORD002416,CUST00541,04-05-2023,Web,Returned
ORD002417,CUST00946,30/01/2023,Web,Completed
ORD002418,CUST01091,2023-08-15,Marketplace,Cancelled
ORD002419,CUST00652,04-26-2024,Mobile App,Completed
ORD002420,CUST00596,2023-03-18,Mobile App,Pending
ORD002421,CUST00811,2024-03-22,Mobile App,Pending
ORD002422,CUST00163,03-08-2024,Mobile App,Completed
ORD002423,CUST00713,04-11-2023,Marketplace,Completed
ORD002424,CUST00386,2025-02-18,Web,Completed
ORD002425,CUST00214,08-18-2023,Marketplace,Completed
ORD002426,CUST00466,15/01/2023,Web,Returned
ORD002427,CUST00979,2023-02-05,Marketplace,Completed
ORD002428,CUST00439,2024-04-30,Web,Returned
ORD002429,CUST00917,10-03-2023,Web,Returned
ORD002430,CUST00547,04-02-2024,Web,Completed
ORD002431,CUST00781,07-01-2023,Mobile App,Cancelled
ORD002432,CUST00111,02-08-2024,Web,Completed
ORD002433,CUST00286,06-18-2025,Web,Pending
ORD002434,CUST00439,15/06/2024,Mobile App,Completed
ORD002435,CUST00369,2025-07-18,Marketplace,Completed
ORD002436,CUST01041,2024-04-11,Marketplace,Returned
ORD002437,CUST00736,12-06-2024,Marketplace,Cancelled
ORD002438,CUST00491,2023-11-25,Web,Returned
ORD002439,CUST00673,12/07/2023,Marketplace,Completed
ORD002440,CUST00350,2023-08-05,Marketplace,Completed
ORD002441,CUST00972,03-02-2023,Marketplace,Completed
ORD002442,CUST01064,30/07/2023,Marketplace,Completed
ORD002443,CUST01135,2023-07-10,Mobile App,Returned
ORD002444,CUST00429,2024-04-02,Mobile App,Completed
ORD002445,CUST00505,2024-07-07,Web,Completed
ORD002446,CUST00751,17/11/2023,Web,Completed
ORD002447,CUST00367,08-01-2024,Marketplace,Completed
ORD002448,CUST00952,13/03/2023,Mobile App,Pending
ORD002449,CUST00823,2023-08-07,Web,Completed
ORD002450,CUST00681,12-12-2023,Web,Completed
ORD002451,CUST00159,2024-04-22,Web,Completed
ORD002452,CUST00760,2024-06-13,Web,Completed
ORD002453,CUST00553,2024-05-04,Web,Completed
ORD002454,CUST00050,13/04/2025,Web,Returned
ORD002455,CUST00047,2025-05-17,Mobile App,Returned
ORD002456,CUST00915,01-31-2025,Marketplace,Cancelled
ORD002457,CUST00645,2023-09-24,Marketplace,Completed
ORD002458,CUST00575,01-10-2023,Web,Completed
ORD002459,CUST00498,2023-02-06,Web,Completed
ORD002460,CUST00557,19/03/2024,Mobile App,Cancelled
ORD002461,CUST01083,2025-03-21,Mobile App,Returned
ORD002462,CUST01087,02-10-2023,Mobile App,Cancelled
ORD002463,CUST00754,02/08/2024,Marketplace,Completed
ORD002464,CUST00992,05-27-2025,Marketplace,Completed
ORD002465,CUST00967,2023-03-01,Mobile App,Completed
ORD002466,CUST01111,2023-08-22,Marketplace,Pending
ORD002467,CUST00557,02-02-2025,Marketplace,Completed
ORD002468,CUST00696,05-21-2025,Mobile App,Completed
ORD002469,CUST00977,2025-02-08,Mobile App,Completed
ORD002470,CUST01103,08/08/2024,Mobile App,Completed
ORD002471,CUST00432,26/04/2023,Mobile App,Pending
ORD002472,CUST00569,14/03/2025,Mobile App,Completed
ORD002473,CUST00959,2025-08-05,Web,Completed
ORD002474,CUST00578,02-06-2023,Marketplace,Returned
ORD002475,CUST00690,12-27-2024,Marketplace,Completed
ORD002476,CUST00963,05-14-2023,Marketplace,Returned
ORD002477,CUST01138,18/08/2024,Web,Returned
ORD002478,CUST00585,07-21-2023,Mobile App,Completed
ORD002479,CUST00886,2023-12-30,Mobile App,Completed
ORD002480,CUST00965,2025-04-02,Mobile App,Cancelled
ORD002481,CUST00984,10-01-2024,Web,Completed
ORD002482,CUST00442,02-11-2025,Mobile App,Pending
ORD002483,CUST00475,02/07/2023,Marketplace,Pending
ORD002484,CUST00242,05-01-2023,Marketplace,Completed
ORD002485,CUST00715,2023-04-09,Marketplace,Completed
ORD002486,CUST00122,01-12-2024,Mobile App,Completed
ORD002487,CUST00615,2024-01-30,Mobile App,Returned
ORD002488,CUST00822,12/06/2023,Web,Pending
ORD002489,CUST00504,08/12/2024,Web,Completed
ORD002490,CUST00786,07-30-2025,Web,Completed
ORD002491,CUST00452,03-18-2023,Marketplace,Completed
ORD002492,CUST00142,05-18-2023,Mobile App,Completed
ORD002493,CUST00733,2023-11-22,Web,Cancelled
ORD002494,CUST00757,10/02/2024,Web,Completed
ORD002495,CUST00924,04/01/2024,Web,Pending
ORD002496,CUST00593,2024-08-02,Mobile App,Completed
ORD002497,CUST00327,01-13-2025,Mobile App,Completed
ORD002498,CUST00553,05-16-2025,Marketplace,Completed
ORD002499,CUST00621,2023-12-14,Web,Completed
ORD002500,CUST00987,02-20-2024,Web,Pending
ORD002501,CUST00560,2023-06-23,Mobile App,Completed
ORD002502,CUST01022,2023-04-22,Mobile App,Cancelled
ORD002503,CUST00155,04/08/2024,Marketplace,Pending
ORD002504,CUST00188,12/07/2025,Mobile App,Returned
ORD002505,CUST00090,08/03/2023,Web,Completed
ORD002506,CUST00012,31/03/2024,Marketplace,Cancelled
ORD002507,CUST00543,14/08/2023,Mobile App,Cancelled
ORD002508,CUST00937,2023-12-23,Marketplace,Returned
ORD002509,CUST00367,03/06/2024,Mobile App,Completed
ORD002510,CUST00241,2023-09-23,Web,Returned
ORD002511,CUST00402,08/03/2024,Mobile App,Pending
ORD002512,CUST00093,12-20-2023,Marketplace,Pending
ORD002513,CUST00265,03-04-2023,Web,Completed
ORD002514,CUST01006,04-23-2025,Web,Pending
ORD002515,CUST00816,2025-01-05,Mobile App,Completed
ORD002516,CUST00776,2025-02-10,Mobile App,Returned
ORD002517,CUST00296,2025-04-08,Marketplace,Completed
ORD002518,CUST00900,26/07/2024,Web,Pending
ORD002519,CUST01155,2023-08-25,Web,Completed
ORD002520,CUST00583,17/10/2023,Marketplace,Completed
ORD002521,CUST00386,01-05-2023,Web,Completed
ORD002522,CUST01006,03/12/2023,Mobile App,Completed
ORD002523,CUST00784,06-13-2023,Web,Cancelled
ORD002524,CUST00115,2023-04-30,Mobile App,Completed
ORD002525,CUST00247,06-17-2025,Marketplace,Completed
ORD002526,CUST00593,2023-04-15,Web,Returned
ORD002527,CUST00563,22/01/2025,Web,Completed
ORD002528,CUST01162,06-04-2023,Mobile App,Completed
ORD002529,CUST00253,28/07/2023,Web,Cancelled
ORD002530,CUST00426,13/03/2024,Marketplace,Returned
ORD002531,CUST00241,2024-01-12,Marketplace,Cancelled
ORD002532,CUST00468,09-03-2023,Web,Completed
ORD002533,CUST00491,04-17-2023,Marketplace,Completed
ORD002534,CUST00315,2024-05-22,Mobile App,Completed
ORD002535,CUST00892,24/01/2024,Marketplace,Completed
ORD002536,CUST00397,2024-06-26,Marketplace,Pending
ORD002537,CUST00348,29/10/2023,Mobile App,Completed
ORD002538,CUST00868,07-11-2024,Mobile App,Completed
ORD002539,CUST01073,2023-03-06,Mobile App,Cancelled
ORD002540,CUST00546,22/01/2024,Marketplace,Completed
ORD002541,CUST00542,07-26-2024,Web,Cancelled
ORD002542,CUST00652,06/07/2024,Marketplace,Completed
ORD002543,CUST00866,02-04-2025,Mobile App,Completed
ORD002544,CUST00622,08-16-2023,Web,Cancelled
ORD002545,CUST00165,08/12/2023,Mobile App,Cancelled
ORD002546,CUST00343,03/05/2023,Marketplace,Completed
ORD002547,CUST00066,24/06/2024,Web,Completed
ORD002548,CUST00649,12/05/2025,Mobile App,Returned
ORD002549,CUST00366,08-09-2024,Web,Completed
ORD002550,CUST00533,2023-04-17,Marketplace,Completed
ORD002551,CUST01027,27/01/2025,Web,Cancelled
ORD002552,CUST00841,30/05/2023,Web,Returned
ORD002553,CUST00889,19/03/2023,Marketplace,Pending
ORD002554,CUST00881,06/02/2024,Marketplace,Cancelled
ORD002555,CUST00611,06-01-2025,Marketplace,Completed
ORD002556,CUST01127,08-07-2024,Mobile App,Returned
ORD002557,CUST00819,2024-08-06,Web,Returned
ORD002558,CUST00862,18/07/2025,Web,Completed
ORD002559,CUST00540,2023-03-23,Mobile App,Completed
ORD002560,CUST00736,09-05-2024,Marketplace,Completed
ORD002561,CUST00338,2025-02-20,Web,Pending
ORD002562,CUST00505,2024-10-04,Marketplace,Completed
ORD002563,CUST00111,30/10/2023,Mobile App,Completed
ORD002564,CUST00923,10-04-2024,Web,Completed
ORD002565,CUST00356,09-20-2024,Web,Cancelled
ORD002566,CUST00963,2025-03-04,Web,Completed
ORD002567,CUST01174,2024-08-04,Mobile App,Pending
ORD002568,CUST00958,2024-12-09,Marketplace,Pending
ORD002569,CUST00674,09-16-2024,Mobile App,Completed
ORD002570,CUST00207,2025-03-24,Web,Completed
ORD002571,CUST00934,23/02/2023,Web,Completed
ORD002572,CUST00041,15/10/2024,Web,Completed
ORD002573,CUST00314,04/01/2023,Marketplace,Cancelled
ORD002574,CUST00495,03-27-2024,Marketplace,Completed
ORD002575,CUST00743,04-08-2024,Marketplace,Completed
ORD002576,CUST01183,2023-11-18,Mobile App,Completed
ORD002577,CUST00675,07/07/2025,Web,Cancelled
ORD002578,CUST01069,17/11/2024,Web,Pending
ORD002579,CUST00466,06-09-2024,Web,Pending
ORD002580,CUST01020,10-21-2023,Mobile App,Pending
ORD002581,CUST00713,06-17-2023,Mobile App,Pending
ORD002582,CUST00199,11-14-2023,Mobile App,Completed
ORD002583,CUST01177,2025-01-03,Mobile App,Completed
ORD002584,CUST00848,24/06/2024,Web,Returned
ORD002585,CUST01186,18/04/2023,Mobile App,Pending
ORD002586,CUST00554,29/08/2023,Web,Pending
ORD002587,CUST00929,01-23-2024,Mobile App,Completed
ORD002588,CUST00006,03-19-2024,Mobile App,Cancelled
ORD002589,CUST00609,01/07/2025,Marketplace,Completed
ORD002590,CUST00201,07/05/2025,Mobile App,Completed
ORD002591,CUST00721,2025-06-07,Mobile App,Completed
ORD002592,CUST00452,19/03/2024,Web,Completed
ORD002593,CUST01176,10-17-2024,Mobile App,Completed
ORD002594,CUST01048,2023-08-13,Marketplace,Returned
ORD002595,CUST00883,01/07/2023,Mobile App,Cancelled
ORD002596,CUST00727,2023-01-17,Web,Pending
ORD002597,CUST01069,09/03/2023,Web,Cancelled
ORD002598,CUST00244,2024-10-18,Mobile App,Completed
ORD002599,CUST00129,2024-01-09,Marketplace,Returned
ORD002600,CUST00054,10/10/2023,Marketplace,Completed
ORD002601,CUST01013,07-27-2024,Web,Pending
ORD002602,CUST00112,01-22-2023,Marketplace,Pending
ORD002603,CUST00005,24/02/2024,Web,Cancelled
ORD002604,CUST00315,10-14-2023,Web,Completed
ORD002605,CUST00365,2025-03-02,Marketplace,Completed
ORD002606,CUST01173,2023-02-08,Web,Completed
ORD002607,CUST00739,29/01/2025,Mobile App,Completed
ORD002608,CUST00205,19/11/2024,Web,Completed
ORD002609,CUST00655,06-03-2023,Marketplace,Completed
ORD002610,CUST00989,03-21-2025,Mobile App,Completed
ORD002611,CUST01062,06-24-2023,Mobile App,Completed
ORD002612,CUST01038,04-19-2024,Web,Completed
ORD002613,CUST00279,2024-03-04,Web,Returned
ORD002614,CUST00173,2024-01-14,Web,Returned
ORD002615,CUST00901,08-27-2024,Marketplace,Completed
ORD002616,CUST00682,09-12-2023,Web,Cancelled
ORD002617,CUST00800,31/03/2025,Mobile App,Returned
ORD002618,CUST01110,06-16-2025,Web,Pending
ORD002619,CUST00771,02-15-2023,Mobile App,Cancelled
ORD002620,CUST00289,14/03/2023,Web,Cancelled
ORD002621,CUST00851,2025-07-23,Mobile App,Returned
ORD002622,CUST00439,2023-11-23,Marketplace,Cancelled
ORD002623,CUST00786,2025-02-19,Marketplace,Completed
ORD002624,CUST00358,2025-07-25,Marketplace,Completed
ORD002625,CUST00684,07-25-2024,Marketplace,Completed
ORD002626,CUST00436,06-03-2025,Web,Pending
ORD002627,CUST01050,02/07/2025,Marketplace,Completed
ORD002628,CUST00770,06-08-2024,Mobile App,Completed
ORD002629,CUST00135,04-10-2025,Marketplace,Completed
ORD002630,CUST00269,2024-12-03,Web,Completed
ORD002631,CUST00035,2023-11-12,Marketplace,Completed
ORD002632,CUST00342,25/01/2023,Web,Completed
ORD002633,CUST00199,2023-02-13,Web,Completed
ORD002634,CUST00154,08-09-2023,Mobile App,Completed
ORD002635,CUST00568,02-02-2024,Mobile App,Completed
ORD002636,CUST00747,02-19-2023,Marketplace,Cancelled
ORD002637,CUST00719,2023-08-23,Web,Completed
ORD002638,CUST00667,2023-03-11,Mobile App,Pending
ORD002639,CUST00061,28/08/2024,Mobile App,Completed
ORD002640,CUST00192,2024-10-15,Mobile App,Cancelled
ORD002641,CUST01033,01-20-2023,Web,Completed
ORD002642,CUST00037,08-19-2023,Mobile App,Pending
ORD002643,CUST00005,08/04/2023,Mobile App,Completed
ORD002644,CUST00997,23/02/2025,Web,Completed
ORD002645,CUST00298,11-20-2024,Marketplace,Returned
ORD002646,CUST00527,05-15-2025,Mobile App,Completed
ORD002647,CUST00583,14/05/2024,Mobile App,Completed
ORD002648,CUST00755,2023-12-30,Marketplace,Completed
ORD002649,CUST01194,25/12/2023,Mobile App,Completed
ORD002650,CUST00327,25/09/2023,Web,Returned
ORD002651,CUST00309,2025-05-06,Mobile App,Completed
ORD002652,CUST00382,07-11-2023,Web,Cancelled
ORD002653,CUST00550,2024-07-21,Marketplace,Completed
ORD002654,CUST00584,31/01/2024,Marketplace,Completed
ORD002655,CUST01175,08-17-2024,Web,Completed
ORD002656,CUST00023,2023-09-10,Marketplace,Pending
ORD002657,CUST00031,19/03/2024,Web,Completed
ORD002658,CUST00951,21/03/2025,Marketplace,Completed
ORD002659,CUST01003,2025-06-21,Marketplace,Completed
ORD002660,CUST00628,12-23-2023,Mobile App,Completed
ORD002661,CUST00946,2024-10-01,Marketplace,Completed
ORD002662,CUST00088,07-15-2023,Marketplace,Cancelled
ORD002663,CUST00658,2024-11-30,Mobile App,Completed
ORD002664,CUST01039,30/03/2024,Marketplace,Cancelled
ORD002665,CUST00178,2024-08-20,Mobile App,Pending
ORD002666,CUST00493,28/03/2024,Marketplace,Returned
ORD002667,CUST00589,2023-03-18,Mobile App,Pending
ORD002668,CUST00469,20/01/2025,Mobile App,Completed
ORD002669,CUST00361,19/02/2024,Web,Completed
ORD002670,CUST00550,08-17-2023,Web,Completed
ORD002671,CUST00214,19/02/2024,Mobile App,Completed
ORD002672,CUST00266,16/10/2023,Mobile App,Pending
ORD002673,CUST01117,2024-04-13,Mobile App,Pending
ORD002674,CUST00311,08-26-2024,Web,Cancelled
ORD002675,CUST01075,03-17-2025,Web,Completed
ORD002676,CUST01190,07-09-2023,Mobile App,Completed
ORD002677,CUST00380,01-09-2024,Marketplace,Cancelled
ORD002678,CUST01032,2023-11-15,Marketplace,Completed
ORD002679,CUST00181,03/03/2024,Marketplace,Completed
ORD002680,CUST01162,2023-08-17,Marketplace,Completed
ORD002681,CUST00864,08-27-2024,Marketplace,Completed
ORD002682,CUST00176,15/12/2023,Marketplace,Pending
ORD002683,CUST00174,10-11-2023,Web,Pending
ORD002684,CUST00860,12/05/2023,Marketplace,Completed
ORD002685,CUST00926,15/04/2024,Web,Returned
ORD002686,CUST00851,02-19-2024,Web,Returned
ORD002687,CUST00987,08/04/2024,Marketplace,Completed
ORD002688,CUST00598,11-16-2023,Marketplace,Completed
ORD002689,CUST00799,05-23-2024,Web,Completed
ORD002690,CUST01138,2024-07-13,Mobile App,Pending
ORD002691,CUST00332,26/08/2024,Web,Completed
ORD002692,CUST00322,03-23-2024,Marketplace,Completed
ORD002693,CUST00164,2023-08-29,Marketplace,Completed
ORD002694,CUST00372,2024-01-03,Web,Completed
ORD002695,CUST00699,2024-02-08,Mobile App,Completed
ORD002696,CUST00163,27/03/2024,Mobile App,Completed
ORD002697,CUST00437,08-24-2023,Mobile App,Pending
ORD002698,CUST00636,09-14-2024,Marketplace,Completed
ORD002699,CUST00216,05-22-2023,Mobile App,Completed
ORD002700,CUST00597,2023-10-29,Web,Returned
ORD002701,CUST00063,2025-07-30,Mobile App,Completed
ORD002702,CUST00406,03-28-2024,Web,Returned
ORD002703,CUST00414,2025-01-31,Marketplace,Completed
ORD002704,CUST00627,09/12/2023,Marketplace,Completed
ORD002705,CUST00916,02-18-2024,Mobile App,Completed
ORD002706,CUST00017,15/06/2024,Marketplace,Completed
ORD002707,CUST00585,2024-09-16,Marketplace,Completed
ORD002708,CUST00125,08/09/2024,Mobile App,Completed
ORD002709,CUST00254,16/09/2023,Web,Completed
ORD002710,CUST00962,2024-01-02,Web,Completed
ORD002711,CUST00980,09/12/2024,Marketplace,Pending
ORD002712,CUST00804,08-01-2023,Web,Completed
ORD002713,CUST00621,12-02-2024,Marketplace,Completed
ORD002714,CUST00509,16/04/2025,Marketplace,Returned
ORD002715,CUST00512,07/07/2025,Marketplace,Completed
ORD002716,CUST00505,29/05/2025,Mobile App,Completed
ORD002717,CUST00648,17/05/2023,Web,Completed
ORD002718,CUST00298,18/04/2024,Marketplace,Completed
ORD002719,CUST01169,2025-01-30,Web,Completed
ORD002720,CUST00657,03/04/2024,Mobile App,Completed
ORD002721,CUST00524,11/10/2024,Mobile App,Returned
ORD002722,CUST00534,11-06-2023,Web,Completed
ORD002723,CUST00537,2025-04-25,Mobile App,Returned
ORD002724,CUST00527,2025-03-04,Mobile App,Returned
ORD002725,CUST00552,03-03-2024,Mobile App,Completed
ORD002726,CUST00715,02-28-2025,Mobile App,Completed
ORD002727,CUST00521,2024-11-19,Web,Cancelled
ORD002728,CUST00701,2024-12-01,Marketplace,Completed
ORD002729,CUST00429,07-10-2023,Marketplace,Completed
ORD002730,CUST00450,2025-05-04,Marketplace,Completed
ORD002731,CUST00383,03-15-2025,Web,Returned
ORD002732,CUST01071,27/10/2023,Marketplace,Returned
ORD002733,CUST00655,11-26-2024,Mobile App,Returned
ORD002734,CUST00700,06-26-2025,Web,Completed
ORD002735,CUST00390,2024-09-20,Web,Completed
ORD002736,CUST00139,2023-07-05,Web,Pending
ORD002737,CUST01174,14/08/2023,Web,Completed
ORD002738,CUST00454,2023-07-02,Mobile App,Completed
ORD002739,CUST00785,16/06/2025,Marketplace,Returned
ORD002740,CUST00616,01-27-2024,Mobile App,Completed
ORD002741,CUST00123,2024-04-15,Marketplace,Completed
ORD002742,CUST00759,10/04/2024,Mobile App,Cancelled
ORD002743,CUST00656,10-10-2024,Marketplace,Completed
ORD002744,CUST00051,09-28-2023,Marketplace,Completed
ORD002745,CUST00960,24/12/2023,Mobile App,Completed
ORD002746,CUST00108,17/07/2023,Marketplace,Completed
ORD002747,CUST00509,2025-06-05,Marketplace,Pending
ORD002748,CUST00027,07-02-2024,Marketplace,Returned
ORD002749,CUST00829,2024-06-12,Web,Cancelled
ORD002750,CUST00753,2023-05-12,Mobile App,Completed
ORD002751,CUST00482,12-25-2023,Mobile App,Completed
ORD002752,CUST00988,2025-04-10,Marketplace,Pending
ORD002753,CUST00035,06-22-2025,Mobile App,Returned
ORD002754,CUST00200,09-27-2024,Mobile App,Returned
ORD002755,CUST00858,03-19-2023,Web,Completed
ORD002756,CUST01043,31/03/2023,Marketplace,Returned
ORD002757,CUST00126,12-10-2024,Mobile App,Completed
ORD002758,CUST00296,04-07-2023,Mobile App,Returned
ORD002759,CUST00353,20/08/2024,Web,Completed
ORD002760,CUST00422,2023-08-17,Web,Completed
ORD002761,CUST00825,17/08/2023,Web,Completed
ORD002762,CUST00872,12-16-2023,Web,Pending
ORD002763,CUST00977,2024-01-15,Mobile App,Completed
ORD002764,CUST00670,01-08-2023,Web,Completed
ORD002765,CUST00482,21/07/2023,Marketplace,Completed
ORD002766,CUST00032,2024-11-10,Mobile App,Pending
ORD002767,CUST00203,04-16-2023,Marketplace,Returned
ORD002768,CUST00456,08-04-2024,Marketplace,Returned
ORD002769,CUST00642,16/06/2024,Mobile App,Cancelled
ORD002770,CUST00907,05-16-2024,Web,Completed
ORD002771,CUST01102,09-01-2024,Web,Completed
ORD002772,CUST00797,11-30-2023,Marketplace,Completed
ORD002773,CUST00660,10/05/2023,Marketplace,Completed
ORD002774,CUST01077,02-25-2025,Marketplace,Completed
ORD002775,CUST00935,2024-07-04,Marketplace,Completed
ORD002776,CUST00776,25/10/2024,Web,Completed
ORD002777,CUST00342,05-01-2025,Marketplace,Completed
ORD002778,CUST00800,07-25-2023,Marketplace,Pending
ORD002779,CUST00538,02-14-2024,Web,Returned
ORD002780,CUST00658,07-21-2025,Mobile App,Completed
ORD002781,CUST00610,08/03/2023,Mobile App,Cancelled
ORD002782,CUST01109,2023-03-24,Marketplace,Cancelled
ORD002783,CUST01057,11-05-2023,Marketplace,Completed
ORD002784,CUST00046,25/06/2025,Marketplace,Completed
ORD002785,CUST00936,2025-04-01,Web,Cancelled
ORD002786,CUST00870,04-17-2025,Marketplace,Completed
ORD002787,CUST00262,2025-03-10,Mobile App,Pending
ORD002788,CUST00010,19/05/2023,Web,Cancelled
ORD002789,CUST00552,10/03/2025,Web,Cancelled
ORD002790,CUST00683,2024-03-26,Marketplace,Cancelled
ORD002791,CUST00856,13/09/2023,Marketplace,Completed
ORD002792,CUST00511,08/08/2023,Marketplace,Pending
ORD002793,CUST00848,24/07/2024,Mobile App,Cancelled
ORD002794,CUST00106,2023-02-25,Mobile App,Completed
ORD002795,CUST00588,2025-04-17,Marketplace,Returned
ORD002796,CUST00807,2024-10-25,Web,Cancelled
ORD002797,CUST00947,2025-01-06,Web,Cancelled
ORD002798,CUST00604,2025-04-17,Mobile App,Completed
ORD002799,CUST00421,13/10/2024,Mobile App,Completed
ORD002800,CUST00785,11-11-2023,Mobile App,Cancelled
ORD002801,CUST00849,11/10/2024,Web,Returned
ORD002802,CUST00057,30/05/2025,Web,Returned
ORD002803,CUST01004,2023-11-03,Web,Returned
ORD002804,CUST00072,05-22-2024,Web,Completed
ORD002805,CUST00536,12-02-2023,Marketplace,Completed
ORD002806,CUST00159,2025-07-28,Mobile App,Completed
ORD002807,CUST00266,06-21-2024,Web,Completed
ORD002808,CUST00827,2024-10-15,Marketplace,Pending
ORD002809,CUST00781,08-03-2025,Mobile App,Completed
ORD002810,CUST00346,2023-09-20,Mobile App,Returned
ORD002811,CUST00746,05-15-2025,Web,Completed
ORD002812,CUST01137,03-06-2023,Web,Cancelled
ORD002813,CUST00415,07-18-2025,Web,Completed
ORD002814,CUST00759,2023-01-27,Mobile App,Pending
ORD002815,CUST00813,06-07-2025,Mobile App,Pending
ORD002816,CUST00132,2024-08-10,Web,Pending
ORD002817,CUST00316,14/07/2024,Web,Completed
ORD002818,CUST00270,13/10/2024,Mobile App,Completed
ORD002819,CUST00115,2023-01-16,Web,Completed
ORD002820,CUST00126,10-18-2024,Mobile App,Cancelled
ORD002821,CUST00661,2024-01-25,Marketplace,Completed
ORD002822,CUST00564,01-04-2023,Web,Completed
ORD002823,CUST00406,2024-03-15,Marketplace,Completed
ORD002824,CUST00132,14/10/2023,Web,Cancelled
ORD002825,CUST00404,27/05/2024,Web,Returned
ORD002826,CUST00597,2025-07-30,Marketplace,Returned
ORD002827,CUST00329,07-09-2023,Web,Completed
ORD002828,CUST00321,12-11-2024,Marketplace,Completed
ORD002829,CUST00480,08-01-2023,Marketplace,Completed
ORD002830,CUST00380,20/12/2023,Web,Completed
ORD002831,CUST00622,30/05/2024,Mobile App,Returned
ORD002832,CUST00286,04-14-2024,Web,Returned
ORD002833,CUST00227,02-02-2025,Web,Pending
ORD002834,CUST01167,27/04/2025,Web,Returned
ORD002835,CUST00320,25/01/2023,Mobile App,Completed
ORD002836,CUST00426,2024-05-04,Mobile App,Completed
ORD002837,CUST00748,09-04-2023,Web,Returned
ORD002838,CUST01125,2024-04-19,Mobile App,Completed
ORD002839,CUST00224,19/05/2023,Mobile App,Cancelled
ORD002840,CUST00264,2023-04-18,Marketplace,Cancelled
ORD002841,CUST01165,2024-09-07,Web,Returned
ORD002842,CUST01070,09/06/2024,Marketplace,Completed
ORD002843,CUST00733,2024-10-25,Mobile App,Completed
ORD002844,CUST00134,2023-12-17,Marketplace,Completed
ORD002845,CUST00890,06-28-2023,Mobile App,Pending
ORD002846,CUST00540,2023-04-25,Mobile App,Completed
ORD002847,CUST00066,07-12-2024,Mobile App,Completed
ORD002848,CUST00263,2023-11-22,Web,Completed
ORD002849,CUST01178,2023-09-01,Marketplace,Completed
ORD002850,CUST00379,06-12-2024,Mobile App,Pending
ORD002851,CUST00356,2024-05-05,Marketplace,Returned
ORD002852,CUST01010,27/04/2024,Marketplace,Cancelled
ORD002853,CUST00515,02-25-2023,Marketplace,Pending
ORD002854,CUST01151,07-04-2023,Web,Pending
ORD002855,CUST00858,23/08/2024,Web,Completed
ORD002856,CUST00056,01-30-2025,Web,Returned
ORD002857,CUST00018,03-22-2025,Mobile App,Completed
ORD002858,CUST00100,11-26-2024,Web,Cancelled
ORD002859,CUST00720,15/01/2024,Mobile App,Completed
ORD002860,CUST00260,2023-09-25,Mobile App,Completed
ORD002861,CUST00636,09-17-2024,Web,Completed
ORD002862,CUST00084,2023-10-13,Mobile App,Completed
ORD002863,CUST00108,01-03-2025,Web,Pending
ORD002864,CUST00154,28/06/2025,Web,Completed
ORD002865,CUST00294,2025-04-01,Marketplace,Completed
ORD002866,CUST01066,01/07/2024,Web,Completed
ORD002867,CUST00290,05-09-2023,Web,Completed
ORD002868,CUST00292,2025-07-13,Marketplace,Cancelled
ORD002869,CUST00563,2023-12-27,Marketplace,Completed
ORD002870,CUST00841,03-28-2023,Mobile App,Completed
ORD002871,CUST00959,09/09/2024,Mobile App,Completed
ORD002872,CUST00340,19/10/2024,Marketplace,Pending
ORD002873,CUST01008,02-17-2024,Web,Pending
ORD002874,CUST01181,08-12-2023,Mobile App,Completed
ORD002875,CUST00477,06-21-2025,Marketplace,Completed
ORD002876,CUST00246,21/09/2023,Marketplace,Cancelled
ORD002877,CUST00087,26/03/2025,Marketplace,Cancelled
ORD002878,CUST00516,22/12/2023,Web,Cancelled
ORD002879,CUST00297,23/06/2025,Web,Completed
ORD002880,CUST00682,2023-12-09,Web,Pending
ORD002881,CUST00519,28/04/2024,Web,Completed
ORD002882,CUST00852,2024-12-26,Marketplace,Completed
ORD002883,CUST00741,01/02/2025,Mobile App,Completed
ORD002884,CUST00061,23/03/2023,Marketplace,Completed
ORD002885,CUST00126,04-25-2025,Marketplace,Completed
ORD002886,CUST00971,04/05/2024,Mobile App,Completed
ORD002887,CUST00014,2025-03-09,Marketplace,Returned
ORD002888,CUST00742,2024-02-02,Mobile App,Completed
ORD002889,CUST00734,2023-12-04,Mobile App,Returned
ORD002890,CUST00412,09-16-2024,Marketplace,Pending
ORD002891,CUST00337,04/05/2025,Web,Completed
ORD002892,CUST00724,02-26-2025,Marketplace,Completed
ORD002893,CUST00362,02/04/2025,Web,Completed
ORD002894,CUST00821,24/07/2023,Marketplace,Completed
ORD002895,CUST00134,28/01/2025,Web,Completed
ORD002896,CUST00814,09-24-2024,Marketplace,Cancelled
ORD002897,CUST00934,15/04/2023,Mobile App,Completed
ORD002898,CUST00113,01-27-2023,Web,Completed
ORD002899,CUST00264,20/10/2023,Web,Completed
ORD002900,CUST00054,21/03/2024,Mobile App,Returned
ORD002901,CUST00502,09-06-2023,Marketplace,Returned
ORD002902,CUST00142,10-27-2023,Marketplace,Returned
ORD002903,CUST00085,10/03/2023,Web,Completed
ORD002904,CUST00859,09/10/2024,Marketplace,Completed
ORD002905,CUST00056,01-22-2024,Web,Completed
ORD002906,CUST00546,02/04/2024,Web,Returned
ORD002907,CUST00038,08-09-2023,Web,Returned
ORD002908,CUST01004,2024-03-12,Mobile App,Cancelled
ORD002909,CUST00636,2025-01-14,Web,Pending
ORD002910,CUST00002,26/07/2025,Mobile App,Completed
ORD002911,CUST00267,2024-08-14,Marketplace,Completed
ORD002912,CUST00137,29/08/2023,Mobile App,Completed
ORD002913,CUST00862,04-24-2025,Web,Completed
ORD002914,CUST00789,2023-10-26,Marketplace,Completed
ORD002915,CUST00060,2024-01-03,Web,Pending
ORD002916,CUST00566,07-18-2024,Mobile App,Completed
ORD002917,CUST00593,2023-04-13,Marketplace,Cancelled
ORD002918,CUST00812,13/04/2025,Mobile App,Completed
ORD002919,CUST00681,11-23-2024,Mobile App,Cancelled
ORD002920,CUST00029,02-03-2023,Marketplace,Returned
ORD002921,CUST00093,16/07/2023,Web,Completed
ORD002922,CUST01129,2023-03-21,Mobile App,Completed
ORD002923,CUST00005,08/02/2023,Marketplace,Pending
ORD002924,CUST00670,2025-06-24,Marketplace,Cancelled
ORD002925,CUST00249,2023-12-08,Marketplace,Completed
ORD002926,CUST00631,2024-06-11,Web,Completed
ORD002927,CUST00843,2025-04-12,Web,Completed
ORD002928,CUST00782,12/12/2023,Marketplace,Completed
ORD002929,CUST00115,2023-11-18,Marketplace,Returned
ORD002930,CUST00554,06-15-2023,Marketplace,Completed
ORD002931,CUST00764,2024-08-19,Mobile App,Returned
ORD002932,CUST00197,2024-05-10,Web,Cancelled
ORD002933,CUST00940,26/06/2023,Mobile App,Pending
ORD002934,CUST00688,11/05/2025,Marketplace,Pending
ORD002935,CUST00778,05-21-2023,Mobile App,Completed
ORD002936,CUST00134,2023-08-13,Web,Completed
ORD002937,CUST00630,2023-07-09,Mobile App,Completed
ORD002938,CUST00819,09-29-2024,Mobile App,Cancelled
ORD002939,CUST00390,08-11-2023,Mobile App,Cancelled
ORD002940,CUST00579,26/05/2024,Web,Returned
ORD002941,CUST00757,08-06-2024,Web,Completed
ORD002942,CUST00153,17/03/2024,Marketplace,Pending
ORD002943,CUST00492,2024-08-19,Web,Completed
ORD002944,CUST00022,06/07/2023,Mobile App,Completed
ORD002945,CUST00423,2024-04-01,Mobile App,Completed
ORD002946,CUST00999,25/04/2025,Marketplace,Cancelled
ORD002947,CUST00940,2023-04-30,Marketplace,Cancelled
ORD002948,CUST00903,2024-10-22,Mobile App,Pending
ORD002949,CUST00215,22/11/2023,Mobile App,Completed
ORD002950,CUST00943,09-07-2024,Web,Completed
ORD002951,CUST00376,08-11-2024,Marketplace,Completed
ORD002952,CUST00827,2023-11-12,Marketplace,Completed
ORD002953,CUST00564,2023-03-16,Mobile App,Completed
ORD002954,CUST00113,2024-08-10,Web,Completed
ORD002955,CUST00688,07-26-2025,Marketplace,Completed
ORD002956,CUST00068,07-04-2024,Mobile App,Completed
ORD002957,CUST01181,2024-02-22,Mobile App,Cancelled
ORD002958,CUST00340,05-27-2023,Mobile App,Completed
ORD002959,CUST00965,11-14-2024,Mobile App,Completed
ORD002960,CUST00717,06-26-2023,Marketplace,Completed
ORD002961,CUST00553,10-21-2023,Web,Completed
ORD002962,CUST00225,08-06-2025,Web,Completed
ORD002963,CUST00957,2024-08-22,Web,Returned
ORD002964,CUST00752,27/09/2023,Web,Cancelled
ORD002965,CUST00342,09-24-2024,Mobile App,Completed
ORD002966,CUST00345,01/09/2023,Web,Pending
ORD002967,CUST00805,2025-01-19,Web,Pending
ORD002968,CUST00712,09-09-2024,Web,Returned
ORD002969,CUST00980,2024-02-04,Mobile App,Completed
ORD002970,CUST01199,2024-07-27,Web,Returned
ORD002971,CUST00832,01-27-2024,Marketplace,Completed
ORD002972,CUST00105,2023-01-26,Web,Pending
ORD002973,CUST00319,2024-07-27,Web,Completed
ORD002974,CUST00571,06-14-2025,Mobile App,Completed
ORD002975,CUST01047,2023-08-08,Mobile App,Completed
ORD002976,CUST00128,2023-09-27,Marketplace,Completed
ORD002977,CUST00992,01-04-2024,Mobile App,Completed
ORD002978,CUST00381,03/08/2024,Mobile App,Completed
ORD002979,CUST00141,2024-03-08,Marketplace,Completed
ORD002980,CUST00699,27/04/2025,Mobile App,Pending
ORD002981,CUST01049,2023-03-29,Web,Returned
ORD002982,CUST01194,2024-12-27,Marketplace,Completed
ORD002983,CUST01189,03-19-2023,Mobile App,Pending
ORD002984,CUST00551,07-21-2023,Mobile App,Completed
ORD002985,CUST00381,27/11/2024,Web,Returned
ORD002986,CUST01181,2023-01-29,Mobile App,Completed
ORD002987,CUST01146,2023-12-01,Marketplace,Returned
ORD002988,CUST00446,11-22-2023,Mobile App,Returned
ORD002989,CUST00133,04/07/2025,Web,Pending
ORD002990,CUST01037,2025-07-10,Mobile App,Completed
ORD002991,CUST00302,03/02/2023,Marketplace,Completed
ORD002992,CUST00205,02-13-2025,Marketplace,Returned
ORD002993,CUST00401,20/04/2023,Mobile App,Completed
ORD002994,CUST00928,2024-11-29,Mobile App,Pending
ORD002995,CUST00768,2023-09-03,Web,Completed
ORD002996,CUST00217,22/10/2024,Mobile App,Cancelled
ORD002997,CUST00003,24/09/2023,Web,Completed
ORD002998,CUST00557,2023-02-20,Marketplace,Pending
ORD002999,CUST00837,11-24-2024,Web,Completed
ORD003000,CUST00633,27/07/2023,Marketplace,Returned
ORD003001,CUST00553,21/08/2023,Marketplace,Completed
ORD003002,CUST00896,2024-01-15,Marketplace,Completed
ORD003003,CUST00483,2025-03-11,Marketplace,Cancelled
ORD003004,CUST00517,11-14-2023,Web,Cancelled
ORD003005,CUST00041,25/07/2023,Mobile App,Completed
ORD003006,CUST00202,28/09/2024,Web,Completed
ORD003007,CUST01023,02-21-2023,Web,Cancelled
ORD003008,CUST01199,05/12/2024,Web,Completed
ORD003009,CUST00913,06-30-2023,Marketplace,Completed
ORD003010,CUST00600,17/11/2023,Marketplace,Completed
ORD003011,CUST00087,08-01-2023,Mobile App,Cancelled
ORD003012,CUST00522,11-08-2024,Mobile App,Pending
ORD003013,CUST00596,2025-08-07,Mobile App,Returned
ORD003014,CUST00035,24/06/2025,Marketplace,Completed
ORD003015,CUST00056,2024-07-11,Web,Pending
ORD003016,CUST00288,03-27-2025,Mobile App,Completed
ORD003017,CUST00379,19/06/2024,Web,Cancelled
ORD003018,CUST00049,2024-11-01,Marketplace,Returned
ORD003019,CUST00985,2023-08-20,Web,Cancelled
ORD003020,CUST00365,09/12/2024,Marketplace,Completed
ORD003021,CUST00632,17/07/2024,Mobile App,Cancelled
ORD003022,CUST00387,2024-11-25,Web,Completed
ORD003023,CUST00217,2025-01-10,Web,Returned
ORD003024,CUST00115,2024-10-21,Mobile App,Pending
ORD003025,CUST00426,08/08/2023,Mobile App,Cancelled
ORD003026,CUST01161,08/11/2023,Web,Pending
ORD003027,CUST00599,02-27-2025,Mobile App,Cancelled
ORD003028,CUST01191,28/02/2024,Mobile App,Completed
ORD003029,CUST00282,13/06/2025,Mobile App,Cancelled
ORD003030,CUST00799,08-14-2023,Marketplace,Pending
ORD003031,CUST00334,01-29-2023,Marketplace,Completed
ORD003032,CUST00577,09-29-2023,Mobile App,Pending
ORD003033,CUST00966,2024-10-07,Mobile App,Returned
ORD003034,CUST01148,2024-09-04,Marketplace,Cancelled
ORD003035,CUST00712,17/08/2023,Marketplace,Returned
ORD003036,CUST00619,02-11-2025,Mobile App,Completed
ORD003037,CUST00490,03/08/2023,Web,Cancelled
ORD003038,CUST00660,11/09/2024,Marketplace,Pending
ORD003039,CUST00742,23/09/2024,Mobile App,Pending
ORD003040,CUST00035,11-23-2024,Mobile App,Pending
ORD003041,CUST00834,25/11/2023,Marketplace,Completed
ORD003042,CUST00005,06/05/2025,Marketplace,Completed
ORD003043,CUST00565,2023-04-26,Mobile App,Pending
ORD003044,CUST00420,01-24-2024,Mobile App,Pending
ORD003045,CUST00227,20/04/2025,Mobile App,Cancelled
ORD003046,CUST00282,01-28-2023,Mobile App,Completed
ORD003047,CUST00551,08-29-2024,Web,Completed
ORD003048,CUST00482,20/06/2023,Web,Returned
ORD003049,CUST00394,2024-11-22,Web,Returned
ORD003050,CUST00578,15/06/2024,Marketplace,Pending
ORD003051,CUST00724,2024-05-02,Web,Pending
ORD003052,CUST00255,07-06-2024,Web,Pending
ORD003053,CUST00528,2023-02-05,Web,Pending
ORD003054,CUST01026,2023-06-17,Web,Completed
ORD003055,CUST00337,02-14-2023,Web,Completed
ORD003056,CUST00692,2024-11-14,Mobile App,Completed
ORD003057,CUST00773,07-08-2024,Marketplace,Completed
ORD003058,CUST00585,06-04-2024,Marketplace,Completed
ORD003059,CUST00628,05-09-2023,Web,Completed
ORD003060,CUST00744,11/05/2024,Marketplace,Completed
ORD003061,CUST00051,2023-09-14,Web,Completed
ORD003062,CUST00999,11/05/2024,Web,Returned
ORD003063,CUST00590,2024-05-01,Web,Completed
ORD003064,CUST01003,2024-04-11,Web,Completed
ORD003065,CUST01119,2025-07-02,Mobile App,Completed
ORD003066,CUST01141,19/06/2024,Marketplace,Cancelled
ORD003067,CUST00554,07-05-2023,Web,Completed
ORD003068,CUST00654,2023-12-14,Mobile App,Completed
ORD003069,CUST00104,04-28-2025,Marketplace,Completed
ORD003070,CUST00166,11-28-2024,Mobile App,Completed
ORD003071,CUST00466,01-04-2023,Marketplace,Returned
ORD003072,CUST00885,2024-09-06,Web,Completed
ORD003073,CUST01169,08-19-2024,Web,Completed
ORD003074,CUST00219,12/03/2024,Mobile App,Pending
ORD003075,CUST00608,2023-01-22,Mobile App,Completed
ORD003076,CUST00640,09-02-2023,Mobile App,Returned
ORD003077,CUST00750,2024-05-29,Mobile App,Completed
ORD003078,CUST01098,2023-06-12,Mobile App,Completed
ORD003079,CUST00786,12/03/2025,Marketplace,Completed
ORD003080,CUST00571,21/05/2024,Web,Pending
ORD003081,CUST00110,31/07/2023,Mobile App,Completed
ORD003082,CUST00987,2024-02-04,Mobile App,Completed
ORD003083,CUST00108,20/01/2024,Web,Completed
ORD003084,CUST01048,29/09/2024,Web,Completed
ORD003085,CUST00703,08-29-2023,Marketplace,Completed
ORD003086,CUST00535,08-07-2023,Mobile App,Cancelled
ORD003087,CUST01049,04/09/2023,Marketplace,Returned
ORD003088,CUST00990,2023-09-24,Mobile App,Returned
ORD003089,CUST01082,2023-12-02,Marketplace,Completed
ORD003090,CUST00456,2024-11-26,Mobile App,Completed
ORD003091,CUST00391,2023-11-22,Marketplace,Pending
ORD003092,CUST00988,06-11-2023,Marketplace,Pending
ORD003093,CUST01074,07-02-2025,Mobile App,Completed
ORD003094,CUST00070,2025-02-07,Marketplace,Completed
ORD003095,CUST00940,2024-08-28,Marketplace,Completed
ORD003096,CUST00907,26/04/2024,Web,Completed
ORD003097,CUST00930,2023-02-11,Mobile App,Completed
ORD003098,CUST00272,2025-01-12,Web,Returned
ORD003099,CUST00783,26/07/2025,Mobile App,Cancelled
ORD003100,CUST00675,06-03-2024,Mobile App,Completed
ORD003101,CUST00321,07-11-2025,Web,Pending
ORD003102,CUST00005,2025-06-20,Mobile App,Completed
ORD003103,CUST00256,05-14-2025,Web,Completed
ORD003104,CUST00267,2023-01-15,Web,Pending
ORD003105,CUST00886,2023-08-24,Marketplace,Cancelled
ORD003106,CUST00086,09-21-2023,Mobile App,Completed
ORD003107,CUST00343,04-21-2024,Marketplace,Cancelled
ORD003108,CUST00873,25/11/2023,Marketplace,Cancelled
ORD003109,CUST00062,2025-01-07,Web,Returned
ORD003110,CUST01154,28/10/2023,Web,Cancelled
ORD003111,CUST01055,2025-04-08,Web,Pending
ORD003112,CUST00813,03-16-2023,Web,Completed
ORD003113,CUST00232,01-02-2024,Mobile App,Returned
ORD003114,CUST00079,11-02-2024,Marketplace,Pending
ORD003115,CUST00604,2023-08-15,Web,Completed
ORD003116,CUST00338,11/06/2025,Mobile App,Completed
ORD003117,CUST01031,04/06/2025,Web,Completed
ORD003118,CUST00275,2024-08-29,Web,Pending
ORD003119,CUST00637,2025-06-12,Mobile App,Cancelled
ORD003120,CUST00626,12-08-2023,Mobile App,Cancelled
ORD003121,CUST00231,11-04-2023,Marketplace,Cancelled
ORD003122,CUST00263,31/01/2025,Marketplace,Completed
ORD003123,CUST00262,01/11/2024,Marketplace,Completed
ORD003124,CUST00360,16/04/2025,Web,Completed
ORD003125,CUST01142,20/07/2023,Web,Completed
ORD003126,CUST01122,2024-05-02,Mobile App,Completed
ORD003127,CUST00717,13/03/2025,Marketplace,Pending
ORD003128,CUST00414,2025-05-26,Mobile App,Completed
ORD003129,CUST00967,07/05/2024,Web,Completed
ORD003130,CUST00213,12-01-2024,Web,Returned
ORD003131,CUST00179,24/11/2023,Marketplace,Returned
ORD003132,CUST00838,2023-09-13,Web,Returned
ORD003133,CUST00902,2025-01-22,Marketplace,Cancelled
ORD003134,CUST00596,05-05-2023,Mobile App,Completed
ORD003135,CUST00681,04-12-2024,Mobile App,Completed
ORD003136,CUST00304,2024-03-12,Web,Completed
ORD003137,CUST00401,05/08/2024,Marketplace,Completed
ORD003138,CUST00016,07-12-2025,Mobile App,Completed
ORD003139,CUST01095,05-04-2024,Web,Completed
ORD003140,CUST00257,10/05/2023,Web,Completed
ORD003141,CUST00345,2024-06-06,Mobile App,Pending
ORD003142,CUST01002,23/11/2024,Web,Pending
ORD003143,CUST00786,08-08-2023,Web,Completed
ORD003144,CUST00400,2023-10-22,Web,Pending
ORD003145,CUST00606,03-14-2024,Mobile App,Completed
ORD003146,CUST00676,16/07/2025,Marketplace,Cancelled
ORD003147,CUST01153,30/07/2025,Marketplace,Returned
ORD003148,CUST00696,2025-02-01,Marketplace,Pending
ORD003149,CUST00913,07/03/2024,Mobile App,Completed
ORD003150,CUST00903,05-25-2025,Mobile App,Completed
ORD003151,CUST00026,08-12-2023,Mobile App,Completed
ORD003152,CUST00277,2025-04-15,Web,Completed
ORD003153,CUST00737,04-09-2023,Mobile App,Completed
ORD003154,CUST00939,07-28-2025,Mobile App,Completed
ORD003155,CUST00363,2025-03-30,Marketplace,Returned
ORD003156,CUST01171,21/06/2024,Web,Completed
ORD003157,CUST00678,03-03-2023,Web,Completed
ORD003158,CUST00691,07-02-2023,Mobile App,Cancelled
ORD003159,CUST01162,06-18-2023,Marketplace,Completed
ORD003160,CUST01112,30/03/2024,Web,Completed
ORD003161,CUST00405,11-12-2024,Marketplace,Completed
ORD003162,CUST00061,2025-06-07,Mobile App,Completed
ORD003163,CUST00988,11/06/2025,Web,Pending
ORD003164,CUST00603,2025-01-15,Marketplace,Cancelled
ORD003165,CUST00698,2025-07-03,Mobile App,Pending
ORD003166,CUST00860,12-16-2024,Marketplace,Completed
ORD003167,CUST00719,2024-05-10,Mobile App,Completed
ORD003168,CUST00177,19/05/2024,Marketplace,Returned
ORD003169,CUST00022,08-13-2023,Marketplace,Completed
ORD003170,CUST01156,11-11-2023,Marketplace,Completed
ORD003171,CUST00424,26/04/2024,Mobile App,Returned
ORD003172,CUST00456,2023-05-13,Web,Completed
ORD003173,CUST00909,2023-08-26,Mobile App,Pending
ORD003174,CUST01138,06-05-2023,Marketplace,Completed
ORD003175,CUST00980,2024-09-09,Marketplace,Pending
ORD003176,CUST00431,07-18-2024,Mobile App,Cancelled
ORD003177,CUST00776,2023-12-23,Marketplace,Completed
ORD003178,CUST01005,08-27-2023,Marketplace,Completed
ORD003179,CUST00828,02-01-2023,Web,Completed
ORD003180,CUST00921,18/02/2024,Mobile App,Returned
ORD003181,CUST01165,2023-08-22,Web,Completed
ORD003182,CUST00483,2023-09-05,Mobile App,Cancelled
ORD003183,CUST00488,09/01/2024,Web,Completed
ORD003184,CUST00727,2024-06-21,Web,Cancelled
ORD003185,CUST00768,2023-10-07,Mobile App,Pending
ORD003186,CUST00292,2023-06-03,Web,Returned
ORD003187,CUST00964,02-21-2025,Mobile App,Returned
ORD003188,CUST00021,30/04/2023,Marketplace,Pending
ORD003189,CUST00112,26/01/2023,Marketplace,Pending
ORD003190,CUST01165,08-13-2023,Marketplace,Completed
ORD003191,CUST00622,01-30-2025,Marketplace,Completed
ORD003192,CUST00163,21/11/2023,Marketplace,Completed
ORD003193,CUST00892,04/09/2024,Marketplace,Completed
ORD003194,CUST00131,2025-04-07,Marketplace,Pending
ORD003195,CUST00903,06-29-2025,Marketplace,Cancelled
ORD003196,CUST00219,2024-08-07,Web,Returned
ORD003197,CUST00877,28/12/2023,Mobile App,Completed
ORD003198,CUST00780,2023-06-06,Web,Pending
ORD003199,CUST00633,10-06-2023,Mobile App,Pending
ORD003200,CUST00453,27/07/2025,Web,Completed
ORD003201,CUST00976,08-09-2024,Web,Cancelled
ORD003202,CUST01162,05-13-2025,Web,Returned
ORD003203,CUST00038,2024-08-29,Web,Completed
ORD003204,CUST00994,2024-04-05,Marketplace,Cancelled
ORD003205,CUST01101,2023-09-07,Mobile App,Completed
ORD003206,CUST00402,2025-01-25,Marketplace,Completed
ORD003207,CUST01135,2023-02-11,Web,Returned
ORD003208,CUST01114,12-05-2024,Mobile App,Completed
ORD003209,CUST00561,09-26-2024,Web,Pending
ORD003210,CUST00699,2023-09-16,Mobile App,Completed
ORD003211,CUST00290,21/07/2025,Mobile App,Completed
ORD003212,CUST00722,09-25-2024,Web,Completed
ORD003213,CUST00781,15/03/2024,Marketplace,Pending
ORD003214,CUST00767,2025-02-08,Web,Completed
ORD003215,CUST00385,01/11/2023,Mobile App,Pending
ORD003216,CUST00835,2024-07-24,Web,Completed
ORD003217,CUST00916,2023-10-08,Mobile App,Completed
ORD003218,CUST00674,2023-05-08,Marketplace,Completed
ORD003219,CUST00638,14/07/2024,Web,Completed
ORD003220,CUST00781,2024-09-19,Mobile App,Completed
ORD003221,CUST00971,2023-08-22,Mobile App,Completed
ORD003222,CUST00210,03/11/2024,Mobile App,Completed
ORD003223,CUST01125,07/02/2023,Web,Cancelled
ORD003224,CUST00048,04-22-2025,Marketplace,Completed
ORD003225,CUST01052,2024-05-05,Web,Completed
ORD003226,CUST00285,07/04/2025,Web,Completed
ORD003227,CUST00791,2025-06-30,Mobile App,Cancelled
ORD003228,CUST00289,18/06/2023,Marketplace,Completed
ORD003229,CUST00890,2023-10-31,Mobile App,Completed
ORD003230,CUST00183,2024-12-19,Mobile App,Completed
ORD003231,CUST00948,09-15-2024,Web,Cancelled
ORD003232,CUST00912,14/04/2024,Mobile App,Completed
ORD003233,CUST00711,02/03/2025,Web,Completed
ORD003234,CUST00503,08-18-2023,Marketplace,Cancelled
ORD003235,CUST00474,25/09/2024,Marketplace,Completed
ORD003236,CUST00510,12/02/2025,Web,Completed
ORD003237,CUST00311,05/02/2025,Mobile App,Completed
ORD003238,CUST00287,08-03-2023,Mobile App,Completed
ORD003239,CUST01049,2023-08-18,Web,Completed
ORD003240,CUST00416,19/07/2025,Web,Completed
ORD003241,CUST01001,10/07/2024,Mobile App,Cancelled
ORD003242,CUST00206,2023-08-02,Mobile App,Cancelled
ORD003243,CUST01153,2024-12-23,Web,Completed
ORD003244,CUST01146,17/01/2025,Mobile App,Returned
ORD003245,CUST00477,01-15-2023,Marketplace,Pending
ORD003246,CUST00253,06-27-2025,Marketplace,Completed
ORD003247,CUST00446,09/07/2025,Web,Completed
ORD003248,CUST00890,28/05/2024,Marketplace,Completed
ORD003249,CUST00946,07-31-2023,Mobile App,Returned
ORD003250,CUST00945,12-05-2023,Mobile App,Completed
ORD003251,CUST00567,26/02/2025,Web,Returned
ORD003252,CUST01123,2024-03-19,Mobile App,Completed
ORD003253,CUST00098,10-30-2024,Marketplace,Returned
ORD003254,CUST00213,2023-10-26,Mobile App,Pending
ORD003255,CUST00496,21/11/2024,Mobile App,Returned
ORD003256,CUST00449,12-17-2024,Marketplace,Pending
ORD003257,CUST00054,2024-07-03,Mobile App,Completed
ORD003258,CUST00886,2024-05-30,Web,Cancelled
ORD003259,CUST00787,2024-02-04,Mobile App,Completed
ORD003260,CUST00959,08-24-2024,Web,Cancelled
ORD003261,CUST00004,28/06/2024,Web,Completed
ORD003262,CUST00284,02-06-2023,Web,Completed
ORD003263,CUST00852,06/10/2023,Mobile App,Completed
ORD003264,CUST01105,02-07-2025,Mobile App,Completed
ORD003265,CUST00061,07-31-2023,Marketplace,Completed
ORD003266,CUST00702,07-20-2023,Mobile App,Completed
ORD003267,CUST00444,30/04/2025,Marketplace,Returned
ORD003268,CUST00454,2023-12-21,Web,Returned
ORD003269,CUST00685,2023-01-15,Mobile App,Completed
ORD003270,CUST00710,09/05/2023,Marketplace,Returned
ORD003271,CUST00986,17/09/2024,Mobile App,Returned
ORD003272,CUST01149,01-24-2025,Marketplace,Completed
ORD003273,CUST00992,05-04-2023,Marketplace,Completed
ORD003274,CUST01107,2023-12-27,Mobile App,Returned
ORD003275,CUST01028,04-14-2024,Mobile App,Returned
ORD003276,CUST01121,31/05/2024,Web,Completed
ORD003277,CUST00456,10-20-2023,Marketplace,Completed
ORD003278,CUST00051,05-01-2025,Web,Completed
ORD003279,CUST01134,2023-06-03,Web,Cancelled
ORD003280,CUST00323,03-25-2024,Mobile App,Completed
ORD003281,CUST00942,2023-10-05,Web,Completed
ORD003282,CUST00253,08-24-2024,Marketplace,Completed
ORD003283,CUST00487,08-02-2025,Web,Cancelled
ORD003284,CUST00155,12-18-2024,Mobile App,Cancelled
ORD003285,CUST00341,08-07-2024,Marketplace,Completed
ORD003286,CUST00437,01/12/2024,Web,Completed
ORD003287,CUST00235,07-01-2025,Marketplace,Completed
ORD003288,CUST00157,2023-02-08,Mobile App,Completed
ORD003289,CUST01094,08-04-2023,Mobile App,Completed
ORD003290,CUST00121,2025-03-22,Web,Completed
ORD003291,CUST00699,2024-12-02,Web,Cancelled
ORD003292,CUST00814,2024-06-05,Marketplace,Cancelled
ORD003293,CUST00288,2024-12-10,Mobile App,Completed
ORD003294,CUST01195,04/07/2023,Marketplace,Returned
ORD003295,CUST00094,2023-12-23,Web,Returned
ORD003296,CUST00354,11-15-2023,Web,Pending
ORD003297,CUST01188,2025-05-06,Web,Completed
ORD003298,CUST00800,14/03/2023,Web,Completed
ORD003299,CUST00848,11-15-2023,Marketplace,Returned
ORD003300,CUST01049,04-19-2023,Mobile App,Cancelled
ORD003301,CUST00827,2023-06-06,Marketplace,Cancelled
ORD003302,CUST01197,24/11/2024,Web,Completed
ORD003303,CUST00770,06/09/2023,Web,Completed
ORD003304,CUST00936,2023-04-01,Mobile App,Completed
ORD003305,CUST00215,06-18-2024,Marketplace,Completed
ORD003306,CUST00695,21/05/2023,Mobile App,Completed
ORD003307,CUST00487,12/07/2023,Marketplace,Pending
ORD003308,CUST00298,06-14-2023,Marketplace,Pending
ORD003309,CUST01004,12/04/2025,Mobile App,Cancelled
ORD003310,CUST00096,17/09/2024,Marketplace,Completed
ORD003311,CUST01179,2025-07-21,Marketplace,Pending
ORD003312,CUST00850,23/03/2023,Marketplace,Completed
ORD003313,CUST00947,08-05-2025,Marketplace,Returned
ORD003314,CUST00336,25/03/2025,Mobile App,Completed
ORD003315,CUST01100,06-29-2024,Mobile App,Completed
ORD003316,CUST00345,2023-01-23,Web,Completed
ORD003317,CUST00402,25/03/2025,Mobile App,Pending
ORD003318,CUST00496,10/11/2023,Mobile App,Completed
ORD003319,CUST00386,28/02/2023,Marketplace,Completed
ORD003320,CUST01026,15/05/2025,Mobile App,Completed
ORD003321,CUST00069,05-26-2023,Web,Completed
ORD003322,CUST01018,17/01/2024,Web,Pending
ORD003323,CUST01156,2024-12-18,Mobile App,Completed
ORD003324,CUST00289,08-21-2023,Mobile App,Completed
ORD003325,CUST00602,01/06/2024,Web,Completed
ORD003326,CUST00586,23/03/2024,Marketplace,Completed
ORD003327,CUST01146,2024-01-07,Mobile App,Completed
ORD003328,CUST01087,2024-02-07,Mobile App,Returned
ORD003329,CUST00994,27/03/2024,Mobile App,Completed
ORD003330,CUST00367,24/05/2024,Marketplace,Completed
ORD003331,CUST00783,03-24-2024,Marketplace,Pending
ORD003332,CUST00429,26/09/2023,Mobile App,Completed
ORD003333,CUST00881,11-07-2024,Mobile App,Completed
ORD003334,CUST00210,2024-05-21,Marketplace,Completed
ORD003335,CUST00377,01/02/2024,Web,Returned
ORD003336,CUST00927,2025-03-23,Mobile App,Completed
ORD003337,CUST01093,18/09/2023,Marketplace,Completed
ORD003338,CUST00136,07-16-2024,Web,Completed
ORD003339,CUST00686,2024-03-13,Mobile App,Completed
ORD003340,CUST01110,09-21-2024,Web,Cancelled
ORD003341,CUST00609,04-23-2024,Web,Completed
ORD003342,CUST00574,2025-03-26,Marketplace,Completed
ORD003343,CUST00164,2023-05-27,Web,Completed
ORD003344,CUST01040,2023-12-29,Web,Completed
ORD003345,CUST00926,25/05/2024,Mobile App,Completed
ORD003346,CUST00883,28/01/2023,Web,Completed
ORD003347,CUST01116,10/11/2024,Mobile App,Completed
ORD003348,CUST00556,2023-07-30,Web,Returned
ORD003349,CUST01027,05-28-2024,Marketplace,Completed
ORD003350,CUST00958,01-22-2023,Mobile App,Completed
ORD003351,CUST00382,11/05/2025,Mobile App,Returned
ORD003352,CUST00432,04-30-2023,Web,Completed
ORD003353,CUST00438,2024-12-26,Web,Pending
ORD003354,CUST00976,19/05/2023,Web,Returned
ORD003355,CUST00378,04-24-2023,Web,Completed
ORD003356,CUST00849,01-25-2025,Marketplace,Completed
ORD003357,CUST01191,2023-12-08,Web,Completed
ORD003358,CUST00009,02-11-2023,Web,Completed
ORD003359,CUST00736,2024-01-28,Marketplace,Cancelled
ORD003360,CUST00239,2025-05-05,Web,Completed
ORD003361,CUST01055,06-27-2024,Marketplace,Cancelled
ORD003362,CUST00697,16/01/2023,Web,Completed
ORD003363,CUST00521,02-26-2024,Web,Completed
ORD003364,CUST00909,2023-09-27,Mobile App,Cancelled
ORD003365,CUST00876,2025-03-10,Marketplace,Returned
ORD003366,CUST00756,04-17-2024,Mobile App,Pending
ORD003367,CUST00618,06-04-2024,Marketplace,Completed
ORD003368,CUST00098,2024-10-26,Marketplace,Completed
ORD003369,CUST00112,11-12-2024,Marketplace,Completed
ORD003370,CUST00633,07-01-2023,Web,Completed
ORD003371,CUST00709,10-29-2023,Marketplace,Completed
ORD003372,CUST00078,2024-06-30,Mobile App,Completed
ORD003373,CUST01139,07-11-2023,Marketplace,Completed
ORD003374,CUST00450,01-05-2024,Web,Completed
ORD003375,CUST00809,12/07/2024,Web,Completed
ORD003376,CUST00493,2023-02-25,Web,Pending
ORD003377,CUST01039,14/06/2024,Web,Completed
ORD003378,CUST00907,2024-06-02,Mobile App,Completed
ORD003379,CUST01007,2025-06-11,Mobile App,Completed
ORD003380,CUST00490,03-02-2023,Marketplace,Completed
ORD003381,CUST00017,2023-03-23,Marketplace,Pending
ORD003382,CUST01008,31/05/2023,Mobile App,Completed
ORD003383,CUST00814,12-03-2023,Mobile App,Completed
ORD003384,CUST00770,22/12/2023,Web,Cancelled
ORD003385,CUST01029,04-11-2025,Mobile App,Returned
ORD003386,CUST00652,02-04-2023,Mobile App,Cancelled
ORD003387,CUST00579,2024-12-08,Marketplace,Returned
ORD003388,CUST01116,15/07/2025,Mobile App,Pending
ORD003389,CUST01041,2024-06-21,Web,Returned
ORD003390,CUST01021,04-13-2025,Web,Completed
ORD003391,CUST00171,12-21-2023,Mobile App,Completed
ORD003392,CUST00255,04-25-2023,Mobile App,Pending
ORD003393,CUST00097,23/09/2024,Web,Completed
ORD003394,CUST00117,03-27-2023,Web,Completed
ORD003395,CUST00157,07/06/2024,Web,Completed
ORD003396,CUST01173,04-01-2025,Web,Returned
ORD003397,CUST01128,2024-11-15,Web,Completed
ORD003398,CUST00815,03/02/2023,Web,Completed
ORD003399,CUST00708,08/01/2024,Mobile App,Completed
ORD003400,CUST00842,2024-02-20,Web,Returned
ORD003401,CUST00915,29/10/2023,Web,Completed
ORD003402,CUST00041,06/04/2025,Marketplace,Completed
ORD003403,CUST00443,2023-12-21,Marketplace,Completed
ORD003404,CUST00828,2024-01-08,Web,Completed
ORD003405,CUST00053,01-20-2025,Marketplace,Completed
ORD003406,CUST00311,2024-11-05,Mobile App,Completed
ORD003407,CUST01176,2025-01-31,Web,Cancelled
ORD003408,CUST00349,02/10/2023,Web,Completed
ORD003409,CUST00669,2024-08-01,Web,Returned
ORD003410,CUST00943,2025-01-06,Marketplace,Completed
ORD003411,CUST01103,2023-06-27,Marketplace,Returned
ORD003412,CUST01000,2023-01-05,Marketplace,Completed
ORD003413,CUST00440,02-07-2024,Marketplace,Completed
ORD003414,CUST01109,14/10/2023,Mobile App,Cancelled
ORD003415,CUST00907,10/03/2024,Web,Completed
ORD003416,CUST00263,02/10/2023,Mobile App,Returned
ORD003417,CUST00921,09/05/2024,Mobile App,Completed
ORD003418,CUST00002,04-17-2023,Mobile App,Completed
ORD003419,CUST01123,06/08/2025,Web,Completed
ORD003420,CUST01147,2025-05-25,Marketplace,Completed
ORD003421,CUST01054,2025-07-08,Web,Completed
ORD003422,CUST00708,26/11/2024,Mobile App,Cancelled
ORD003423,CUST01190,05-14-2023,Marketplace,Completed
ORD003424,CUST00279,14/05/2025,Mobile App,Cancelled
ORD003425,CUST00101,2024-07-18,Marketplace,Completed
ORD003426,CUST01200,01-14-2024,Web,Returned
ORD003427,CUST00383,05-24-2023,Marketplace,Completed
ORD003428,CUST00606,05-02-2025,Marketplace,Completed
ORD003429,CUST01180,03-12-2024,Mobile App,Cancelled
ORD003430,CUST01005,18/03/2023,Mobile App,Returned
ORD003431,CUST01191,06/11/2023,Marketplace,Pending
ORD003432,CUST00963,2023-07-03,Mobile App,Completed
ORD003433,CUST00454,08/07/2024,Web,Completed
ORD003434,CUST00238,04-26-2023,Marketplace,Pending
ORD003435,CUST00571,2023-08-17,Web,Pending
ORD003436,CUST00544,07-30-2025,Marketplace,Completed
ORD003437,CUST01187,05-13-2024,Marketplace,Returned
ORD003438,CUST00553,01-11-2024,Marketplace,Completed
ORD003439,CUST00012,03-02-2024,Mobile App,Completed
ORD003440,CUST00391,29/03/2023,Mobile App,Cancelled
ORD003441,CUST00006,12-11-2023,Marketplace,Cancelled
ORD003442,CUST00770,2024-04-03,Web,Cancelled
ORD003443,CUST00668,2024-09-11,Web,Cancelled
ORD003444,CUST00525,06-24-2025,Web,Completed
ORD003445,CUST00951,02-10-2023,Web,Completed
ORD003446,CUST00901,19/04/2024,Web,Completed
ORD003447,CUST00545,2023-11-15,Mobile App,Completed
ORD003448,CUST00903,08-04-2024,Mobile App,Completed
ORD003449,CUST00349,10-26-2024,Mobile App,Completed
ORD003450,CUST00936,04-16-2025,Web,Pending
ORD003451,CUST00731,2024-12-19,Mobile App,Returned
ORD003452,CUST01142,2023-03-09,Web,Completed
ORD003453,CUST00285,30/05/2023,Web,Pending
ORD003454,CUST00418,11/05/2023,Web,Completed
ORD003455,CUST00106,20/06/2023,Marketplace,Completed
ORD003456,CUST00929,04-07-2023,Marketplace,Pending
ORD003457,CUST01138,21/06/2025,Mobile App,Completed
ORD003458,CUST00485,01/09/2023,Mobile App,Cancelled
ORD003459,CUST01067,2024-04-23,Mobile App,Completed
ORD003460,CUST01052,17/02/2023,Web,Completed
ORD003461,CUST00754,2023-04-13,Web,Cancelled
ORD003462,CUST00623,09-30-2023,Marketplace,Completed
ORD003463,CUST00280,2023-02-14,Mobile App,Completed
ORD003464,CUST00922,04/04/2023,Mobile App,Completed
ORD003465,CUST00328,2025-07-28,Web,Completed
ORD003466,CUST00098,10-11-2024,Marketplace,Pending
ORD003467,CUST00503,2023-03-18,Web,Completed
ORD003468,CUST00680,07-10-2023,Web,Completed
ORD003469,CUST00278,04-15-2024,Marketplace,Completed
ORD003470,CUST00046,18/05/2024,Marketplace,Pending
ORD003471,CUST00606,12-17-2023,Web,Completed
ORD003472,CUST00594,13/10/2023,Marketplace,Pending
ORD003473,CUST00538,2023-07-01,Marketplace,Completed
ORD003474,CUST00813,2023-04-29,Web,Returned
ORD003475,CUST00904,10-15-2024,Web,Completed
ORD003476,CUST01193,07-14-2023,Web,Cancelled
ORD003477,CUST00027,2024-03-29,Marketplace,Cancelled
ORD003478,CUST01029,08/12/2023,Marketplace,Completed
ORD003479,CUST00253,11/07/2025,Mobile App,Pending
ORD003480,CUST01115,25/09/2023,Mobile App,Completed
ORD003481,CUST00110,01-02-2024,Web,Completed
ORD003482,CUST00633,2025-06-17,Mobile App,Completed
ORD003483,CUST00985,2024-05-14,Mobile App,Returned
ORD003484,CUST00387,2023-02-23,Web,Completed
ORD003485,CUST00974,11/10/2024,Mobile App,Completed
ORD003486,CUST01012,2023-07-04,Mobile App,Completed
ORD003487,CUST00584,28/03/2025,Web,Completed
ORD003488,CUST00409,2024-08-16,Marketplace,Pending
ORD003489,CUST00358,2024-11-07,Marketplace,Completed
ORD003490,CUST00479,30/10/2024,Web,Completed
ORD003491,CUST00602,2025-04-03,Mobile App,Cancelled
ORD003492,CUST00713,03-01-2025,Web,Returned
ORD003493,CUST01050,05-30-2025,Mobile App,Completed
ORD003494,CUST00130,02-12-2024,Marketplace,Completed
ORD003495,CUST00471,01-12-2023,Marketplace,Cancelled
ORD003496,CUST00779,17/05/2024,Mobile App,Completed
ORD003497,CUST00233,07/04/2023,Marketplace,Completed
ORD003498,CUST00418,27/06/2023,Web,Completed
ORD003499,CUST01141,2024-06-19,Marketplace,Completed
ORD003500,CUST01148,06/04/2023,Marketplace,Completed
ORD003501,CUST00052,06/02/2025,Web,Cancelled
ORD003502,CUST00563,07-02-2023,Mobile App,Returned
ORD003503,CUST00483,2024-12-18,Marketplace,Cancelled
ORD003504,CUST00412,06-09-2024,Mobile App,Completed
ORD003505,CUST00315,04-06-2024,Web,Completed
ORD003506,CUST00114,28/09/2023,Mobile App,Completed
ORD003507,CUST00342,02-15-2024,Web,Pending
ORD003508,CUST00550,08/03/2024,Marketplace,Completed
ORD003509,CUST00043,29/07/2023,Marketplace,Pending
ORD003510,CUST00803,2025-05-20,Marketplace,Completed
ORD003511,CUST01110,2024-11-16,Marketplace,Completed
ORD003512,CUST00245,09-08-2024,Marketplace,Completed
ORD003513,CUST00820,2023-07-21,Web,Completed
ORD003514,CUST00269,08/06/2023,Web,Returned
ORD003515,CUST01009,01/04/2025,Mobile App,Completed
ORD003516,CUST00107,2024-06-21,Mobile App,Pending
ORD003517,CUST00782,09/05/2024,Marketplace,Completed
ORD003518,CUST00597,03-11-2025,Web,Completed
ORD003519,CUST01177,03-27-2025,Mobile App,Completed
ORD003520,CUST00915,2023-06-04,Web,Completed
ORD003521,CUST00682,11/12/2024,Mobile App,Completed
ORD003522,CUST01155,02-13-2023,Mobile App,Completed
ORD003523,CUST00440,18/08/2023,Web,Cancelled
ORD003524,CUST00904,2025-01-23,Web,Completed
ORD003525,CUST01160,2024-04-18,Web,Returned
ORD003526,CUST01178,05-14-2025,Mobile App,Completed
ORD003527,CUST00879,30/04/2025,Marketplace,Completed
ORD003528,CUST01117,07/02/2024,Web,Completed
ORD003529,CUST00469,01-16-2023,Web,Cancelled
ORD003530,CUST00360,2025-05-24,Web,Completed
ORD003531,CUST00345,05-13-2024,Marketplace,Completed
ORD003532,CUST01111,12/06/2023,Mobile App,Completed
ORD003533,CUST00617,02-08-2024,Mobile App,Returned
ORD003534,CUST01157,06/04/2023,Mobile App,Pending
ORD003535,CUST00132,2023-03-29,Web,Completed
ORD003536,CUST00651,02-27-2023,Marketplace,Completed
ORD003537,CUST00717,13/01/2025,Mobile App,Completed
ORD003538,CUST00942,2025-08-02,Mobile App,Completed
ORD003539,CUST01184,02/02/2025,Web,Pending
ORD003540,CUST01090,2025-06-08,Web,Completed
ORD003541,CUST00158,2023-06-30,Web,Completed
ORD003542,CUST00351,06-24-2023,Mobile App,Pending
ORD003543,CUST01040,04/06/2025,Mobile App,Completed
ORD003544,CUST00321,05-27-2024,Web,Completed
ORD003545,CUST00546,02-21-2023,Marketplace,Completed
ORD003546,CUST00205,23/07/2024,Mobile App,Completed
ORD003547,CUST00187,07-17-2025,Mobile App,Completed
ORD003548,CUST00358,15/07/2024,Marketplace,Pending
ORD003549,CUST00552,20/06/2025,Marketplace,Pending
ORD003550,CUST00769,03-28-2024,Mobile App,Cancelled
ORD003551,CUST00371,19/02/2024,Marketplace,Completed
ORD003552,CUST00279,06-23-2023,Marketplace,Completed
ORD003553,CUST00666,02-04-2025,Mobile App,Cancelled
ORD003554,CUST00731,2025-07-13,Web,Returned
ORD003555,CUST00215,13/05/2024,Marketplace,Completed
ORD003556,CUST00069,07-08-2024,Mobile App,Completed
ORD003557,CUST00656,19/07/2023,Marketplace,Cancelled
ORD003558,CUST00973,2023-07-18,Web,Completed
ORD003559,CUST00765,01/06/2025,Mobile App,Pending
ORD003560,CUST00746,03/06/2023,Mobile App,Completed
ORD003561,CUST01157,2024-07-04,Marketplace,Completed
ORD003562,CUST00081,02-14-2024,Mobile App,Returned
ORD003563,CUST01191,09-12-2023,Web,Completed
ORD003564,CUST00530,05-26-2024,Mobile App,Returned
ORD003565,CUST01100,2023-03-26,Web,Completed
ORD003566,CUST00832,26/03/2025,Mobile App,Returned
ORD003567,CUST00848,2023-12-20,Web,Pending
ORD003568,CUST01200,2025-07-02,Mobile App,Completed
ORD003569,CUST00602,12/11/2023,Web,Cancelled
ORD003570,CUST00415,2023-04-08,Web,Completed
ORD003571,CUST00355,16/04/2023,Mobile App,Completed
ORD003572,CUST00778,10-14-2023,Marketplace,Returned
ORD003573,CUST00847,09/08/2023,Mobile App,Completed
ORD003574,CUST01161,2025-04-08,Mobile App,Returned
ORD003575,CUST00119,12-11-2023,Mobile App,Completed
ORD003576,CUST00004,08/10/2024,Web,Completed
ORD003577,CUST00583,18/07/2024,Mobile App,Completed
ORD003578,CUST00660,06/04/2025,Mobile App,Pending
ORD003579,CUST00784,2024-05-24,Marketplace,Returned
ORD003580,CUST01058,23/10/2024,Web,Returned
ORD003581,CUST00684,26/03/2023,Mobile App,Returned
ORD003582,CUST00915,2024-02-05,Mobile App,Completed
ORD003583,CUST00809,2025-02-19,Web,Completed
ORD003584,CUST00483,07-12-2025,Marketplace,Returned
ORD003585,CUST00062,09-12-2023,Web,Pending
ORD003586,CUST00554,2023-08-10,Web,Completed
ORD003587,CUST00495,19/04/2025,Web,Returned
ORD003588,CUST00958,10/12/2023,Marketplace,Completed
ORD003589,CUST00904,11-16-2023,Mobile App,Completed
ORD003590,CUST00210,10-09-2023,Marketplace,Completed
ORD003591,CUST00456,11/11/2024,Mobile App,Completed
ORD003592,CUST00447,18/01/2025,Web,Returned
ORD003593,CUST00883,31/12/2023,Marketplace,Pending
ORD003594,CUST00639,2024-10-14,Marketplace,Cancelled
ORD003595,CUST00161,04-12-2023,Mobile App,Pending
ORD003596,CUST00177,01-17-2024,Marketplace,Cancelled
ORD003597,CUST00259,29/08/2024,Web,Pending
ORD003598,CUST00730,15/02/2025,Web,Returned
ORD003599,CUST00545,10/09/2023,Web,Pending
ORD003600,CUST00926,01-10-2024,Web,Completed
ORD003601,CUST00665,02-24-2024,Mobile App,Pending
ORD003602,CUST00810,2023-08-03,Web,Cancelled
ORD003603,CUST00195,02/06/2023,Mobile App,Completed
ORD003604,CUST00212,30/08/2023,Marketplace,Pending
ORD003605,CUST00844,18/09/2023,Web,Returned
ORD003606,CUST00047,18/04/2025,Marketplace,Pending
ORD003607,CUST01135,25/02/2023,Mobile App,Pending
ORD003608,CUST00295,03-08-2023,Web,Pending
ORD003609,CUST01063,2023-09-20,Mobile App,Completed
ORD003610,CUST01044,05-09-2025,Marketplace,Returned
ORD003611,CUST00373,03/04/2024,Mobile App,Returned
ORD003612,CUST00374,2025-03-18,Marketplace,Returned
ORD003613,CUST00097,2023-07-12,Marketplace,Pending
ORD003614,CUST00387,21/02/2024,Marketplace,Completed
ORD003615,CUST00657,09-11-2023,Web,Cancelled
ORD003616,CUST00500,13/04/2025,Web,Pending
ORD003617,CUST00777,2024-06-06,Mobile App,Cancelled
ORD003618,CUST00372,08/08/2025,Mobile App,Returned
ORD003619,CUST00619,11-13-2024,Mobile App,Completed
ORD003620,CUST01163,13/03/2024,Mobile App,Returned
ORD003621,CUST01188,13/05/2025,Marketplace,Returned
ORD003622,CUST00459,05/08/2025,Web,Pending
ORD003623,CUST00540,08/03/2025,Marketplace,Completed
ORD003624,CUST00169,05-31-2024,Mobile App,Returned
ORD003625,CUST00947,2023-10-02,Mobile App,Pending
ORD003626,CUST00249,2025-05-16,Mobile App,Completed
ORD003627,CUST00344,2025-05-04,Marketplace,Returned
ORD003628,CUST00239,2023-02-07,Mobile App,Returned
ORD003629,CUST01167,08-11-2024,Marketplace,Completed
ORD003630,CUST00906,2025-05-10,Mobile App,Returned
ORD003631,CUST00794,2023-10-05,Marketplace,Returned
ORD003632,CUST00162,07-04-2024,Mobile App,Completed
ORD003633,CUST00803,30/05/2023,Web,Completed
ORD003634,CUST00886,06-15-2023,Marketplace,Completed
ORD003635,CUST00722,02-19-2024,Web,Completed
ORD003636,CUST00085,08-21-2023,Mobile App,Completed
ORD003637,CUST00898,06-19-2025,Mobile App,Completed
ORD003638,CUST01127,19/03/2024,Marketplace,Cancelled
ORD003639,CUST00301,10/02/2023,Mobile App,Completed
ORD003640,CUST00293,03-26-2025,Web,Completed
ORD003641,CUST01125,2025-04-14,Web,Completed
ORD003642,CUST00266,08-26-2024,Marketplace,Completed
ORD003643,CUST00548,2024-12-31,Marketplace,Cancelled
ORD003644,CUST00843,16/08/2024,Marketplace,Completed
ORD003645,CUST00447,09-13-2023,Web,Pending
ORD003646,CUST01022,20/11/2024,Web,Cancelled
ORD003647,CUST00310,03-28-2025,Web,Completed
ORD003648,CUST01190,08-04-2023,Marketplace,Completed
ORD003649,CUST01061,2024-12-05,Web,Completed
ORD003650,CUST01063,2023-08-31,Web,Cancelled
ORD003651,CUST00615,05/04/2023,Marketplace,Completed
ORD003652,CUST00192,11/01/2023,Marketplace,Completed
ORD003653,CUST00772,2025-02-19,Mobile App,Pending
ORD003654,CUST00876,10-10-2024,Mobile App,Returned
ORD003655,CUST01119,2024-10-05,Web,Completed
ORD003656,CUST00847,2024-07-24,Mobile App,Completed
ORD003657,CUST00089,02/06/2024,Marketplace,Returned
ORD003658,CUST00904,2023-12-06,Mobile App,Completed
ORD003659,CUST00359,2024-11-30,Web,Completed
ORD003660,CUST00758,2024-04-29,Marketplace,Pending
ORD003661,CUST00573,08-14-2023,Mobile App,Cancelled
ORD003662,CUST00709,11/11/2024,Mobile App,Returned
ORD003663,CUST00243,01-04-2024,Marketplace,Completed
ORD003664,CUST00566,2024-09-18,Marketplace,Returned
ORD003665,CUST00689,02-17-2024,Mobile App,Pending
ORD003666,CUST00767,07-14-2023,Marketplace,Completed
ORD003667,CUST00343,2023-02-15,Marketplace,Completed
ORD003668,CUST00563,2023-01-19,Mobile App,Pending
ORD003669,CUST00359,08/04/2023,Mobile App,Completed
ORD003670,CUST01119,2024-01-20,Web,Returned
ORD003671,CUST01106,03-27-2023,Web,Completed
ORD003672,CUST00548,01-14-2023,Marketplace,Cancelled
ORD003673,CUST01091,12-27-2024,Mobile App,Completed
ORD003674,CUST00165,05/05/2025,Marketplace,Returned
ORD003675,CUST00600,2023-10-26,Web,Returned
ORD003676,CUST00706,01-18-2024,Mobile App,Cancelled
ORD003677,CUST00044,03-22-2025,Web,Completed
ORD003678,CUST01191,24/06/2025,Marketplace,Cancelled
ORD003679,CUST00993,05/05/2023,Mobile App,Completed
ORD003680,CUST00342,07-24-2023,Web,Pending
ORD003681,CUST00059,13/06/2023,Mobile App,Completed
ORD003682,CUST01099,2025-01-17,Mobile App,Returned
ORD003683,CUST00361,2024-04-30,Mobile App,Returned
ORD003684,CUST00296,2023-10-31,Mobile App,Completed
ORD003685,CUST00534,2024-03-24,Marketplace,Completed
ORD003686,CUST00922,26/07/2025,Marketplace,Completed
ORD003687,CUST00218,2024-08-30,Marketplace,Pending
ORD003688,CUST00308,2024-01-16,Mobile App,Completed
ORD003689,CUST01015,2023-04-25,Web,Completed
ORD003690,CUST00827,01-03-2024,Mobile App,Completed
ORD003691,CUST00095,06-20-2023,Marketplace,Completed
ORD003692,CUST00689,07/06/2025,Web,Pending
ORD003693,CUST00274,01/05/2025,Mobile App,Pending
ORD003694,CUST00324,02-24-2024,Mobile App,Completed
ORD003695,CUST00794,2024-03-25,Web,Pending
ORD003696,CUST00366,25/01/2023,Mobile App,Completed
ORD003697,CUST00817,03/06/2023,Web,Cancelled
ORD003698,CUST00748,03/06/2025,Web,Cancelled
ORD003699,CUST01175,22/06/2024,Mobile App,Completed
ORD003700,CUST00535,04-12-2024,Marketplace,Completed
ORD003701,CUST01175,2025-06-27,Marketplace,Completed
ORD003702,CUST00019,10-28-2024,Mobile App,Completed
ORD003703,CUST01115,2024-10-23,Web,Pending
ORD003704,CUST01132,2024-10-18,Web,Cancelled
ORD003705,CUST00617,29/10/2023,Mobile App,Completed
ORD003706,CUST00404,02-11-2025,Web,Completed
ORD003707,CUST00608,21/06/2023,Web,Pending
ORD003708,CUST00274,19/03/2024,Mobile App,Returned
ORD003709,CUST00090,2024-05-16,Marketplace,Completed
ORD003710,CUST00963,16/02/2024,Marketplace,Completed
ORD003711,CUST00512,12-06-2024,Mobile App,Completed
ORD003712,CUST00208,19/06/2023,Mobile App,Returned
ORD003713,CUST00642,10/04/2023,Mobile App,Completed
ORD003714,CUST00313,03-02-2023,Marketplace,Returned
ORD003715,CUST01025,01-10-2024,Marketplace,Cancelled
ORD003716,CUST00123,22/09/2023,Marketplace,Completed
ORD003717,CUST00206,05-26-2023,Mobile App,Pending
ORD003718,CUST00111,08-24-2023,Marketplace,Completed
ORD003719,CUST00253,2025-03-14,Mobile App,Pending
ORD003720,CUST00769,06-28-2023,Marketplace,Completed
ORD003721,CUST00131,09/07/2025,Mobile App,Returned
ORD003722,CUST00389,2025-06-04,Web,Completed
ORD003723,CUST00817,27/04/2023,Mobile App,Completed
ORD003724,CUST00920,09/06/2023,Web,Completed
ORD003725,CUST00676,2023-09-27,Web,Pending
ORD003726,CUST00113,07-21-2025,Marketplace,Pending
ORD003727,CUST00952,01/02/2023,Marketplace,Completed
ORD003728,CUST00337,26/09/2024,Web,Completed
ORD003729,CUST00496,03/05/2023,Web,Returned
ORD003730,CUST00859,07/03/2025,Marketplace,Completed
ORD003731,CUST00837,12/09/2024,Mobile App,Pending
ORD003732,CUST00226,09/12/2023,Mobile App,Completed
ORD003733,CUST00436,07-18-2024,Marketplace,Completed
ORD003734,CUST01027,28/11/2023,Mobile App,Cancelled
ORD003735,CUST01116,06/06/2025,Mobile App,Pending
ORD003736,CUST00072,08-07-2024,Mobile App,Cancelled
ORD003737,CUST01092,07-06-2025,Web,Completed
ORD003738,CUST00125,2023-12-20,Marketplace,Completed
ORD003739,CUST00213,2025-03-17,Web,Completed
ORD003740,CUST00036,2023-11-08,Mobile App,Completed
ORD003741,CUST00038,11-25-2024,Web,Completed
ORD003742,CUST00993,11-25-2024,Marketplace,Completed
ORD003743,CUST01011,2023-06-26,Mobile App,Completed
ORD003744,CUST00702,03-10-2024,Marketplace,Pending
ORD003745,CUST00515,2023-09-02,Web,Cancelled
ORD003746,CUST00194,02-21-2024,Mobile App,Completed
ORD003747,CUST01076,2024-04-28,Web,Pending
ORD003748,CUST00946,2024-07-05,Web,Completed
ORD003749,CUST00918,25/11/2024,Web,Completed
ORD003750,CUST00506,2023-08-25,Mobile App,Completed
ORD003751,CUST00344,2024-01-27,Mobile App,Returned
ORD003752,CUST01070,2024-11-22,Web,Pending
ORD003753,CUST00609,31/05/2023,Web,Completed
ORD003754,CUST00505,01-28-2023,Web,Completed
ORD003755,CUST00447,2023-03-15,Marketplace,Returned
ORD003756,CUST01045,11-16-2023,Web,Completed
ORD003757,CUST01035,03-17-2023,Mobile App,Returned
ORD003758,CUST00711,2024-02-16,Marketplace,Completed
ORD003759,CUST00062,2024-01-23,Mobile App,Completed
ORD003760,CUST01097,26/01/2025,Mobile App,Completed
ORD003761,CUST00863,20/06/2025,Mobile App,Pending
ORD003762,CUST00148,02/08/2023,Marketplace,Cancelled
ORD003763,CUST00852,08-13-2023,Marketplace,Completed
ORD003764,CUST00835,13/01/2023,Marketplace,Cancelled
ORD003765,CUST00433,08-16-2024,Marketplace,Cancelled
ORD003766,CUST00318,19/01/2024,Web,Completed
ORD003767,CUST00089,06-14-2023,Marketplace,Returned
ORD003768,CUST00194,04-26-2025,Mobile App,Cancelled
ORD003769,CUST00386,2024-01-29,Marketplace,Pending
ORD003770,CUST00774,02-02-2024,Mobile App,Completed
ORD003771,CUST01121,04/02/2025,Mobile App,Pending
ORD003772,CUST00856,01-29-2023,Web,Completed
ORD003773,CUST00059,03/06/2023,Marketplace,Completed
ORD003774,CUST01198,09/11/2023,Mobile App,Pending
ORD003775,CUST01119,02/07/2024,Web,Pending
ORD003776,CUST00931,07-21-2023,Web,Completed
ORD003777,CUST00808,12-29-2024,Marketplace,Completed
ORD003778,CUST00465,2023-09-30,Marketplace,Completed
ORD003779,CUST00705,2023-04-27,Mobile App,Completed
ORD003780,CUST00932,03-18-2025,Marketplace,Pending
ORD003781,CUST01059,28/06/2023,Web,Completed
ORD003782,CUST00920,11/06/2023,Mobile App,Completed
ORD003783,CUST00524,03/12/2024,Mobile App,Completed
ORD003784,CUST01043,24/06/2025,Marketplace,Pending
ORD003785,CUST00237,01/11/2023,Web,Returned
ORD003786,CUST00585,2023-05-28,Marketplace,Completed
ORD003787,CUST00795,2023-05-26,Web,Completed
ORD003788,CUST01118,04-15-2025,Web,Pending
ORD003789,CUST00057,2023-05-23,Web,Pending
ORD003790,CUST00484,09-08-2024,Mobile App,Completed
ORD003791,CUST01144,29/05/2023,Marketplace,Completed
ORD003792,CUST00790,04-02-2023,Mobile App,Completed
ORD003793,CUST00370,27/09/2024,Web,Completed
ORD003794,CUST00156,2025-01-16,Marketplace,Completed
ORD003795,CUST00383,2024-09-07,Marketplace,Completed
ORD003796,CUST01150,01-10-2024,Web,Pending
ORD003797,CUST01046,03/02/2024,Marketplace,Completed
ORD003798,CUST00383,2023-06-13,Mobile App,Cancelled
ORD003799,CUST00708,08-10-2024,Web,Returned
ORD003800,CUST01130,07-12-2023,Marketplace,Completed
ORD003801,CUST00705,03-20-2023,Web,Completed
ORD003802,CUST01052,01-03-2023,Mobile App,Completed
ORD003803,CUST00122,06-29-2025,Mobile App,Completed
ORD003804,CUST01189,11/07/2023,Mobile App,Completed
ORD003805,CUST00143,15/01/2025,Web,Completed
ORD003806,CUST00973,05/07/2023,Web,Completed
ORD003807,CUST01126,2023-07-31,Web,Pending
ORD003808,CUST00487,02/07/2024,Web,Pending
ORD003809,CUST01064,2024-04-28,Marketplace,Completed
ORD003810,CUST00875,2023-10-16,Marketplace,Completed
ORD003811,CUST00944,10-04-2024,Mobile App,Completed
ORD003812,CUST01037,07/01/2024,Web,Completed
ORD003813,CUST00165,12-14-2023,Marketplace,Pending
ORD003814,CUST00891,2024-07-03,Mobile App,Completed
ORD003815,CUST00243,23/03/2025,Web,Completed
ORD003816,CUST00039,2024-05-20,Marketplace,Completed
ORD003817,CUST00029,28/04/2023,Marketplace,Completed
ORD003818,CUST00408,12-05-2024,Web,Pending
ORD003819,CUST00233,2023-08-30,Web,Completed
ORD003820,CUST00970,2024-05-08,Web,Completed
ORD003821,CUST00770,01-11-2025,Mobile App,Completed
ORD003822,CUST00546,13/05/2025,Web,Completed
ORD003823,CUST00389,08-04-2024,Marketplace,Completed
ORD003824,CUST00877,10-04-2024,Mobile App,Completed
ORD003825,CUST00144,2024-08-18,Web,Pending
ORD003826,CUST00248,06-08-2024,Mobile App,Cancelled
ORD003827,CUST00011,2025-04-12,Web,Completed
ORD003828,CUST01095,2024-08-10,Web,Completed
ORD003829,CUST00682,2024-01-22,Web,Completed
ORD003830,CUST00923,02-18-2024,Marketplace,Completed
ORD003831,CUST00021,2023-02-12,Marketplace,Completed
ORD003832,CUST00248,2025-07-19,Marketplace,Cancelled
ORD003833,CUST00279,24/08/2024,Web,Completed
ORD003834,CUST00973,19/07/2023,Marketplace,Completed
ORD003835,CUST00658,12-26-2023,Mobile App,Completed
ORD003836,CUST00998,11-11-2023,Web,Cancelled
ORD003837,CUST01137,11/04/2023,Web,Completed
ORD003838,CUST00117,01/03/2023,Marketplace,Cancelled
ORD003839,CUST00878,2025-07-24,Web,Completed
ORD003840,CUST00554,2023-06-24,Web,Completed
ORD003841,CUST00616,16/08/2023,Web,Completed
ORD003842,CUST00174,11-20-2024,Marketplace,Returned
ORD003843,CUST00646,2024-05-19,Marketplace,Completed
ORD003844,CUST00653,11-28-2023,Marketplace,Cancelled
ORD003845,CUST01108,08/06/2024,Marketplace,Pending
ORD003846,CUST00100,14/04/2023,Mobile App,Completed
ORD003847,CUST00681,06/10/2023,Web,Returned
ORD003848,CUST00812,2024-07-15,Mobile App,Completed
ORD003849,CUST00566,07-01-2023,Mobile App,Completed
ORD003850,CUST00253,30/01/2023,Mobile App,Completed
ORD003851,CUST00628,10-11-2024,Web,Completed
ORD003852,CUST00606,16/07/2023,Web,Pending
ORD003853,CUST00153,2025-01-05,Marketplace,Completed
ORD003854,CUST01123,2023-01-27,Mobile App,Returned
ORD003855,CUST00402,01/04/2023,Mobile App,Completed
ORD003856,CUST00552,25/02/2023,Mobile App,Completed
ORD003857,CUST00578,09-12-2023,Mobile App,Pending
ORD003858,CUST00756,17/06/2024,Marketplace,Completed
ORD003859,CUST00278,01-24-2024,Marketplace,Pending
ORD003860,CUST00188,2023-11-05,Mobile App,Pending
ORD003861,CUST00805,03/07/2025,Marketplace,Completed
ORD003862,CUST00287,2024-01-16,Mobile App,Completed
ORD003863,CUST00359,02/01/2024,Mobile App,Completed
ORD003864,CUST00124,2023-01-26,Web,Completed
ORD003865,CUST00965,11/07/2024,Mobile App,Completed
ORD003866,CUST00588,2023-06-28,Mobile App,Returned
ORD003867,CUST00589,30/05/2025,Marketplace,Returned
ORD003868,CUST00856,21/06/2024,Marketplace,Returned
ORD003869,CUST00260,04-07-2024,Mobile App,Completed
ORD003870,CUST01053,06-15-2023,Mobile App,Pending
ORD003871,CUST00627,20/07/2025,Mobile App,Completed
ORD003872,CUST00261,2025-05-07,Marketplace,Completed
ORD003873,CUST00148,2023-06-17,Mobile App,Pending
ORD003874,CUST00587,06/01/2024,Web,Completed
ORD003875,CUST00178,02-13-2025,Web,Pending
ORD003876,CUST00370,17/08/2023,Mobile App,Completed
ORD003877,CUST00538,05-11-2025,Mobile App,Completed
ORD003878,CUST00191,20/03/2025,Web,Pending
ORD003879,CUST00582,2023-12-05,Web,Cancelled
ORD003880,CUST00028,11-11-2024,Marketplace,Completed
ORD003881,CUST00949,08-28-2024,Marketplace,Completed
ORD003882,CUST00683,03/04/2024,Marketplace,Cancelled
ORD003883,CUST00888,2024-04-28,Marketplace,Cancelled
ORD003884,CUST00136,09/06/2025,Mobile App,Returned
ORD003885,CUST01142,2023-12-15,Web,Cancelled
ORD003886,CUST01004,05-14-2025,Mobile App,Completed
ORD003887,CUST00780,08/08/2024,Mobile App,Completed
ORD003888,CUST00784,08-24-2024,Mobile App,Completed
ORD003889,CUST00094,19/04/2023,Marketplace,Completed
ORD003890,CUST00091,07-27-2023,Web,Completed
ORD003891,CUST00416,28/03/2024,Web,Completed
ORD003892,CUST00912,13/05/2023,Web,Pending
ORD003893,CUST01192,2024-10-25,Mobile App,Cancelled
ORD003894,CUST01149,2025-04-20,Marketplace,Completed
ORD003895,CUST00860,2024-05-14,Marketplace,Completed
ORD003896,CUST00060,06/02/2023,Mobile App,Completed
ORD003897,CUST00346,08-07-2023,Mobile App,Cancelled
ORD003898,CUST01175,2023-08-11,Web,Completed
ORD003899,CUST00540,31/05/2023,Web,Pending
ORD003900,CUST00215,11-06-2023,Marketplace,Returned
ORD003901,CUST00734,12-03-2024,Marketplace,Pending
ORD003902,CUST01101,13/02/2024,Web,Pending
ORD003903,CUST00110,22/02/2024,Web,Completed
ORD003904,CUST00839,24/02/2023,Mobile App,Completed
ORD003905,CUST00334,02-23-2024,Web,Completed
ORD003906,CUST00609,01-05-2023,Mobile App,Pending
ORD003907,CUST01138,06/08/2024,Web,Completed
ORD003908,CUST00908,16/10/2023,Marketplace,Completed
ORD003909,CUST00895,10/11/2024,Mobile App,Cancelled
ORD003910,CUST00451,14/01/2025,Web,Completed
ORD003911,CUST01171,2024-01-04,Mobile App,Completed
ORD003912,CUST00092,2024-01-30,Web,Completed
ORD003913,CUST00191,14/08/2023,Marketplace,Cancelled
ORD003914,CUST00571,2025-07-20,Web,Completed
ORD003915,CUST00273,03/05/2023,Mobile App,Completed
ORD003916,CUST00088,2025-05-06,Mobile App,Pending
ORD003917,CUST00600,02-14-2024,Web,Completed
ORD003918,CUST00937,2024-08-13,Web,Completed
ORD003919,CUST00230,03/08/2023,Mobile App,Completed
ORD003920,CUST00392,2025-03-21,Web,Pending
ORD003921,CUST00755,2024-08-07,Mobile App,Completed
ORD003922,CUST00728,07-25-2023,Web,Completed
ORD003923,CUST00249,04-26-2024,Web,Pending
ORD003924,CUST01118,2023-05-04,Web,Pending
ORD003925,CUST00528,2023-12-25,Web,Completed
ORD003926,CUST00379,2023-11-14,Mobile App,Returned
ORD003927,CUST00597,03-05-2024,Web,Returned
ORD003928,CUST00410,2024-03-11,Web,Completed
ORD003929,CUST00228,2024-05-28,Marketplace,Completed
ORD003930,CUST00698,02-24-2025,Mobile App,Cancelled
ORD003931,CUST00127,2024-05-07,Marketplace,Completed
ORD003932,CUST00419,07-11-2024,Mobile App,Completed
ORD003933,CUST00532,15/06/2023,Web,Cancelled
ORD003934,CUST00783,15/01/2023,Web,Completed
ORD003935,CUST00268,26/08/2023,Web,Completed
ORD003936,CUST00282,22/08/2024,Mobile App,Returned
ORD003937,CUST00637,08-06-2025,Web,Pending
ORD003938,CUST00712,2024-09-10,Marketplace,Completed
ORD003939,CUST00089,2025-01-21,Mobile App,Completed
ORD003940,CUST00773,23/04/2023,Marketplace,Completed
ORD003941,CUST00668,2024-09-18,Web,Cancelled
ORD003942,CUST00802,2023-12-17,Marketplace,Completed
ORD003943,CUST00449,27/05/2025,Marketplace,Completed
ORD003944,CUST00767,03/06/2023,Web,Completed
ORD003945,CUST00644,05/03/2025,Web,Pending
ORD003946,CUST01148,08/04/2025,Mobile App,Pending
ORD003947,CUST01154,16/02/2024,Web,Completed
ORD003948,CUST00725,31/12/2023,Mobile App,Completed
ORD003949,CUST00969,10-04-2023,Marketplace,Completed
ORD003950,CUST01058,03-13-2024,Marketplace,Completed
ORD003951,CUST00041,2023-12-08,Web,Cancelled
ORD003952,CUST00001,19/02/2025,Marketplace,Pending
ORD003953,CUST01159,31/03/2024,Mobile App,Completed
ORD003954,CUST00529,02-21-2023,Mobile App,Returned
ORD003955,CUST00857,2023-04-19,Mobile App,Pending
ORD003956,CUST00235,2023-08-23,Marketplace,Returned
ORD003957,CUST00253,2023-12-27,Web,Pending
ORD003958,CUST00984,2025-03-14,Marketplace,Pending
ORD003959,CUST00021,2024-03-14,Mobile App,Returned
ORD003960,CUST01107,2023-08-23,Marketplace,Returned
ORD003961,CUST00658,2023-08-19,Mobile App,Completed
ORD003962,CUST00165,2023-03-10,Mobile App,Completed
ORD003963,CUST00492,2024-07-03,Marketplace,Returned
ORD003964,CUST00166,26/09/2024,Mobile App,Cancelled
ORD003965,CUST00674,04-10-2024,Mobile App,Completed
ORD003966,CUST00972,28/04/2023,Marketplace,Completed
ORD003967,CUST00149,03-14-2025,Marketplace,Cancelled
ORD003968,CUST00091,19/10/2023,Web,Cancelled
ORD003969,CUST00132,07-30-2024,Mobile App,Completed
ORD003970,CUST00271,16/02/2024,Marketplace,Returned
ORD003971,CUST00023,2025-05-20,Web,Cancelled
ORD003972,CUST01155,26/08/2023,Mobile App,Cancelled
ORD003973,CUST00148,08-28-2024,Marketplace,Returned
ORD003974,CUST00182,2023-04-10,Web,Pending
ORD003975,CUST01177,2023-10-08,Marketplace,Completed
ORD003976,CUST00066,11-28-2023,Marketplace,Completed
ORD003977,CUST00765,28/06/2025,Marketplace,Completed
ORD003978,CUST00893,07-04-2023,Mobile App,Returned
ORD003979,CUST00826,06-02-2024,Marketplace,Completed
ORD003980,CUST00570,2023-11-01,Web,Completed
ORD003981,CUST00597,2025-07-09,Mobile App,Completed
ORD003982,CUST00196,2024-05-13,Web,Completed
ORD003983,CUST00272,2025-02-05,Mobile App,Pending
ORD003984,CUST00899,2025-04-09,Mobile App,Completed
ORD003985,CUST01150,10/12/2024,Mobile App,Completed
ORD003986,CUST00894,2023-03-05,Marketplace,Completed
ORD003987,CUST00556,2024-08-12,Marketplace,Completed
ORD003988,CUST01199,03-16-2024,Web,Pending
ORD003989,CUST01136,2025-06-21,Web,Completed
ORD003990,CUST00762,19/10/2024,Marketplace,Completed
ORD003991,CUST00775,2023-04-05,Web,Completed
ORD003992,CUST00613,2024-01-01,Marketplace,Completed
ORD003993,CUST00466,14/04/2025,Mobile App,Pending
ORD003994,CUST01077,09-09-2024,Web,Completed
ORD003995,CUST00792,2023-02-09,Marketplace,Completed
ORD003996,CUST00692,15/09/2024,Marketplace,Completed
ORD003997,CUST01050,04/06/2025,Marketplace,Completed
ORD003998,CUST00531,2023-04-04,Mobile App,Returned
ORD003999,CUST00438,12/01/2023,Mobile App,Completed
ORD004000,CUST00862,04-25-2024,Marketplace,Cancelled
ORD004001,CUST00433,29/01/2025,Marketplace,Returned
ORD004002,CUST00101,03/06/2024,Marketplace,Cancelled
ORD004003,CUST00169,10-07-2024,Marketplace,Cancelled
ORD004004,CUST00509,23/06/2025,Marketplace,Returned
ORD004005,CUST00996,11-05-2024,Mobile App,Cancelled
ORD004006,CUST00366,14/10/2023,Mobile App,Completed
ORD004007,CUST00060,2025-06-20,Marketplace,Completed
ORD004008,CUST00221,12-10-2023,Mobile App,Completed
ORD004009,CUST00353,17/07/2025,Web,Completed
ORD004010,CUST00597,11-10-2023,Mobile App,Completed
ORD004011,CUST00030,2023-06-30,Marketplace,Completed
ORD004012,CUST00592,08/08/2023,Web,Pending
ORD004013,CUST00648,27/03/2024,Marketplace,Completed
ORD004014,CUST00897,08/04/2025,Web,Completed
ORD004015,CUST00596,2025-06-03,Marketplace,Completed
ORD004016,CUST00656,2025-06-10,Mobile App,Completed
ORD004017,CUST00690,25/04/2024,Marketplace,Returned
ORD004018,CUST00465,30/01/2025,Web,Completed
ORD004019,CUST00525,04-21-2023,Web,Pending
ORD004020,CUST00555,2024-06-22,Marketplace,Cancelled
ORD004021,CUST00214,06-28-2024,Marketplace,Completed
ORD004022,CUST00916,09/07/2023,Mobile App,Returned
ORD004023,CUST00450,2024-03-25,Marketplace,Returned
ORD004024,CUST00067,2024-02-13,Web,Cancelled
ORD004025,CUST00010,03-12-2023,Marketplace,Completed
ORD004026,CUST01162,05-13-2024,Marketplace,Cancelled
ORD004027,CUST00222,2025-07-15,Mobile App,Completed
ORD004028,CUST00517,06/08/2025,Mobile App,Returned
ORD004029,CUST01067,04-29-2025,Mobile App,Cancelled
ORD004030,CUST00371,2023-01-08,Web,Cancelled
ORD004031,CUST00583,07-17-2023,Marketplace,Returned
ORD004032,CUST00365,06/11/2024,Marketplace,Completed
ORD004033,CUST00224,2023-06-30,Web,Completed
ORD004034,CUST00377,03/06/2023,Mobile App,Returned
ORD004035,CUST00173,08-31-2023,Web,Completed
ORD004036,CUST00838,2023-10-12,Marketplace,Pending
ORD004037,CUST00016,02-08-2023,Marketplace,Returned
ORD004038,CUST00207,01-01-2023,Mobile App,Completed
ORD004039,CUST00460,11-17-2024,Web,Returned
ORD004040,CUST00279,08-06-2025,Marketplace,Completed
ORD004041,CUST00353,2023-05-21,Marketplace,Completed
ORD004042,CUST01190,2023-12-14,Marketplace,Completed
ORD004043,CUST00609,2024-11-09,Marketplace,Cancelled
ORD004044,CUST00624,12-05-2024,Web,Cancelled
ORD004045,CUST00599,2023-04-23,Mobile App,Returned
ORD004046,CUST00053,09-22-2024,Web,Returned
ORD004047,CUST00268,01-18-2024,Marketplace,Returned
ORD004048,CUST00872,2024-03-31,Web,Completed
ORD004049,CUST01195,2024-04-10,Mobile App,Returned
ORD004050,CUST00238,2024-08-11,Web,Returned
ORD004051,CUST00800,03-15-2025,Marketplace,Completed
ORD004052,CUST00027,25/10/2023,Marketplace,Returned
ORD004053,CUST00617,19/09/2024,Marketplace,Completed
ORD004054,CUST00856,07/09/2024,Marketplace,Cancelled
ORD004055,CUST00089,20/10/2024,Mobile App,Completed
ORD004056,CUST00527,2024-12-16,Marketplace,Pending
ORD004057,CUST00749,10-04-2023,Web,Completed
ORD004058,CUST00553,2025-07-20,Web,Pending
ORD004059,CUST00841,2025-01-29,Web,Pending
ORD004060,CUST01119,2024-07-20,Marketplace,Returned
ORD004061,CUST00330,2023-12-23,Web,Completed
ORD004062,CUST00327,2023-09-08,Web,Completed
ORD004063,CUST00605,14/01/2023,Marketplace,Returned
ORD004064,CUST00299,12-07-2024,Web,Returned
ORD004065,CUST00028,2024-02-11,Web,Completed
ORD004066,CUST00377,10-15-2023,Marketplace,Completed
ORD004067,CUST00706,2024-03-01,Marketplace,Cancelled
ORD004068,CUST00507,02-29-2024,Web,Completed
ORD004069,CUST00093,2024-01-12,Mobile App,Returned
ORD004070,CUST01107,10-04-2024,Web,Returned
ORD004071,CUST00418,22/05/2025,Web,Returned
ORD004072,CUST00291,31/03/2023,Web,Completed
ORD004073,CUST00845,18/03/2023,Mobile App,Returned
ORD004074,CUST00695,14/01/2025,Web,Completed
ORD004075,CUST00697,07-29-2025,Mobile App,Cancelled
ORD004076,CUST00035,2024-05-17,Web,Returned
ORD004077,CUST00083,29/06/2024,Web,Cancelled
ORD004078,CUST00746,03-02-2024,Marketplace,Completed
ORD004079,CUST00903,14/06/2025,Marketplace,Completed
ORD004080,CUST00812,02-20-2024,Marketplace,Returned
ORD004081,CUST01078,2023-12-24,Marketplace,Completed
ORD004082,CUST01055,2024-07-29,Mobile App,Pending
ORD004083,CUST00292,04-14-2024,Marketplace,Completed
ORD004084,CUST00128,05-08-2023,Marketplace,Cancelled
ORD004085,CUST00870,22/08/2023,Web,Completed
ORD004086,CUST00407,06-12-2025,Mobile App,Completed
ORD004087,CUST00070,05-11-2025,Web,Completed
ORD004088,CUST00489,2023-09-26,Web,Completed
ORD004089,CUST01047,2024-04-04,Web,Completed
ORD004090,CUST01183,2024-01-30,Marketplace,Cancelled
ORD004091,CUST00872,2023-07-31,Mobile App,Completed
ORD004092,CUST00087,22/07/2023,Web,Completed
ORD004093,CUST00205,2024-10-05,Marketplace,Completed
ORD004094,CUST00709,24/06/2024,Web,Completed
ORD004095,CUST00030,09-03-2023,Mobile App,Pending
ORD004096,CUST01143,09/09/2023,Marketplace,Cancelled
ORD004097,CUST00476,2023-01-07,Marketplace,Pending
ORD004098,CUST00868,2025-03-13,Web,Pending
ORD004099,CUST00615,2024-10-09,Marketplace,Pending
ORD004100,CUST00163,06/12/2024,Mobile App,Cancelled
ORD004101,CUST01135,05/03/2023,Marketplace,Returned
ORD004102,CUST01172,2023-06-27,Marketplace,Cancelled
ORD004103,CUST00527,02/04/2025,Web,Cancelled
ORD004104,CUST00243,31/01/2023,Mobile App,Completed
ORD004105,CUST01010,07-09-2024,Mobile App,Completed
ORD004106,CUST00449,2025-08-01,Web,Completed
ORD004107,CUST01039,28/05/2025,Mobile App,Returned
ORD004108,CUST01051,07-28-2023,Web,Completed
ORD004109,CUST00503,05/06/2023,Web,Completed
ORD004110,CUST00914,03-08-2023,Mobile App,Completed
ORD004111,CUST00787,2023-07-27,Marketplace,Completed
ORD004112,CUST00228,04-06-2023,Marketplace,Cancelled
ORD004113,CUST00575,03-02-2025,Marketplace,Completed
ORD004114,CUST01051,2025-06-27,Mobile App,Returned
ORD004115,CUST00515,08-03-2025,Web,Cancelled
ORD004116,CUST00629,2025-04-15,Web,Returned
ORD004117,CUST00613,14/11/2023,Marketplace,Cancelled
ORD004118,CUST00958,28/08/2023,Marketplace,Cancelled
ORD004119,CUST01039,14/03/2024,Marketplace,Completed
ORD004120,CUST00917,2023-01-29,Web,Cancelled
ORD004121,CUST00764,2023-06-05,Marketplace,Returned
ORD004122,CUST00320,2025-01-10,Mobile App,Completed
ORD004123,CUST00768,03/01/2025,Mobile App,Pending
ORD004124,CUST00147,05-12-2025,Marketplace,Cancelled
ORD004125,CUST00245,06-25-2024,Mobile App,Completed
ORD004126,CUST00162,19/12/2023,Web,Pending
ORD004127,CUST00998,2024-12-24,Marketplace,Pending
ORD004128,CUST00854,2025-06-15,Mobile App,Completed
ORD004129,CUST01037,18/07/2023,Marketplace,Completed
ORD004130,CUST00759,23/06/2025,Marketplace,Returned
ORD004131,CUST00476,2023-10-24,Web,Completed
ORD004132,CUST00142,07-16-2023,Mobile App,Cancelled
ORD004133,CUST01085,2025-07-11,Mobile App,Completed
ORD004134,CUST00437,2024-08-04,Mobile App,Completed
ORD004135,CUST00937,24/11/2023,Web,Pending
ORD004136,CUST00609,12/05/2024,Mobile App,Completed
ORD004137,CUST00324,01-12-2025,Mobile App,Cancelled
ORD004138,CUST00201,04-28-2024,Mobile App,Cancelled
ORD004139,CUST00426,20/06/2023,Marketplace,Cancelled
ORD004140,CUST00150,10-25-2023,Marketplace,Completed
ORD004141,CUST00484,06-03-2024,Marketplace,Completed
ORD004142,CUST01012,10-03-2023,Marketplace,Completed
ORD004143,CUST00615,06/03/2025,Marketplace,Completed
ORD004144,CUST00672,2025-03-14,Mobile App,Cancelled
ORD004145,CUST00082,03-01-2023,Web,Completed
ORD004146,CUST00197,17/04/2024,Marketplace,Completed
ORD004147,CUST01183,28/03/2024,Marketplace,Completed
ORD004148,CUST00132,07/03/2024,Web,Returned
ORD004149,CUST00933,2023-09-16,Marketplace,Cancelled
ORD004150,CUST00834,04-26-2025,Web,Completed
ORD004151,CUST00045,03-06-2024,Mobile App,Completed
ORD004152,CUST00060,07-05-2023,Marketplace,Returned
ORD004153,CUST00315,05-03-2025,Web,Completed
ORD004154,CUST00883,11-19-2023,Marketplace,Completed
ORD004155,CUST00872,2023-02-19,Web,Returned
ORD004156,CUST00501,2025-07-28,Mobile App,Completed
ORD004157,CUST00408,02-03-2025,Mobile App,Completed
ORD004158,CUST00097,12/01/2025,Marketplace,Completed
ORD004159,CUST00946,30/04/2023,Marketplace,Completed
ORD004160,CUST00342,07-16-2025,Mobile App,Pending
ORD004161,CUST00194,10-19-2023,Web,Completed
ORD004162,CUST00251,19/09/2023,Marketplace,Cancelled
ORD004163,CUST01160,12-24-2023,Web,Pending
ORD004164,CUST00115,2023-12-29,Web,Returned
ORD004165,CUST01128,17/07/2023,Marketplace,Completed
ORD004166,CUST01132,2023-03-16,Marketplace,Completed
ORD004167,CUST00946,2023-03-15,Marketplace,Completed
ORD004168,CUST00512,22/01/2023,Web,Returned
ORD004169,CUST01150,2024-01-29,Mobile App,Cancelled
ORD004170,CUST00956,02/12/2023,Web,Returned
ORD004171,CUST00705,04-09-2023,Marketplace,Cancelled
ORD004172,CUST00573,07-25-2025,Marketplace,Returned
ORD004173,CUST00843,01/05/2023,Web,Completed
ORD004174,CUST01009,28/05/2024,Web,Pending
ORD004175,CUST00011,26/05/2025,Web,Returned
ORD004176,CUST00374,14/04/2025,Marketplace,Completed
ORD004177,CUST00023,2023-09-27,Marketplace,Completed
ORD004178,CUST00391,05-25-2024,Marketplace,Completed
ORD004179,CUST00329,2023-12-04,Marketplace,Completed
ORD004180,CUST00602,27/12/2024,Mobile App,Completed
ORD004181,CUST00894,2024-07-04,Web,Completed
ORD004182,CUST00991,11-06-2024,Mobile App,Returned
ORD004183,CUST00502,09/03/2024,Marketplace,Completed
ORD004184,CUST00940,03-14-2023,Web,Cancelled
ORD004185,CUST01045,2025-06-26,Mobile App,Pending
ORD004186,CUST00859,2023-09-30,Marketplace,Completed
ORD004187,CUST00116,07/06/2024,Mobile App,Completed
ORD004188,CUST00418,07-20-2024,Marketplace,Completed
ORD004189,CUST00274,09-26-2023,Mobile App,Completed
ORD004190,CUST00782,2023-02-14,Web,Completed
ORD004191,CUST00163,2025-07-29,Mobile App,Pending
ORD004192,CUST01110,2023-09-14,Mobile App,Completed
ORD004193,CUST00925,18/07/2023,Mobile App,Completed
ORD004194,CUST00134,12-13-2024,Web,Completed
ORD004195,CUST00466,13/07/2023,Mobile App,Cancelled
ORD004196,CUST01173,18/07/2025,Mobile App,Completed
ORD004197,CUST00588,06/10/2023,Web,Returned
ORD004198,CUST00344,08-21-2024,Marketplace,Completed
ORD004199,CUST00553,2023-05-25,Marketplace,Returned
ORD004200,CUST01085,2023-11-04,Marketplace,Pending
ORD004201,CUST00822,2024-04-07,Marketplace,Completed
ORD004202,CUST00075,2024-07-28,Web,Completed
ORD004203,CUST00799,10-20-2023,Marketplace,Completed
ORD004204,CUST00634,03-04-2023,Web,Completed
ORD004205,CUST01067,05-21-2024,Web,Returned
ORD004206,CUST01134,17/05/2024,Marketplace,Pending
ORD004207,CUST00792,06-18-2023,Marketplace,Returned
ORD004208,CUST00299,20/10/2023,Web,Pending
ORD004209,CUST00484,06-12-2023,Mobile App,Completed
ORD004210,CUST00725,2024-06-24,Mobile App,Returned
ORD004211,CUST00294,10-23-2023,Marketplace,Completed
ORD004212,CUST00452,25/08/2024,Mobile App,Cancelled
ORD004213,CUST00907,03-25-2024,Mobile App,Pending
ORD004214,CUST00639,18/10/2023,Marketplace,Completed
ORD004215,CUST00520,2024-06-29,Web,Completed
ORD004216,CUST00676,2023-08-09,Web,Pending
ORD004217,CUST00472,2025-03-19,Web,Completed
ORD004218,CUST00285,01-25-2023,Marketplace,Returned
ORD004219,CUST00881,2025-03-04,Mobile App,Cancelled
ORD004220,CUST01044,25/05/2025,Mobile App,Completed
ORD004221,CUST01176,2025-03-11,Web,Completed
ORD004222,CUST00502,30/05/2023,Mobile App,Completed
ORD004223,CUST00497,2025-01-13,Mobile App,Pending
ORD004224,CUST00228,17/03/2023,Web,Returned
ORD004225,CUST00008,16/10/2023,Web,Completed
ORD004226,CUST00389,07-23-2025,Web,Completed
ORD004227,CUST00017,11-15-2023,Mobile App,Completed
ORD004228,CUST01008,06-01-2023,Marketplace,Cancelled
ORD004229,CUST00204,06/01/2023,Web,Pending
ORD004230,CUST00068,02-21-2023,Mobile App,Completed
ORD004231,CUST00969,23/03/2023,Mobile App,Pending
ORD004232,CUST00939,20/07/2025,Web,Cancelled
ORD004233,CUST00151,2024-02-12,Mobile App,Returned
ORD004234,CUST00434,03-17-2025,Marketplace,Cancelled
ORD004235,CUST01138,2024-06-16,Web,Returned
ORD004236,CUST00598,2025-07-19,Web,Completed
ORD004237,CUST00897,07/04/2024,Web,Returned
ORD004238,CUST01162,2023-01-28,Marketplace,Completed
ORD004239,CUST00869,11-10-2024,Marketplace,Completed
ORD004240,CUST00770,08-01-2025,Marketplace,Completed
ORD004241,CUST00610,02-25-2024,Mobile App,Returned
ORD004242,CUST00351,2023-02-11,Web,Completed
ORD004243,CUST00642,2023-06-12,Marketplace,Completed
ORD004244,CUST00931,08-09-2024,Web,Completed
ORD004245,CUST00412,19/02/2023,Mobile App,Cancelled
ORD004246,CUST00739,2025-06-21,Web,Completed
ORD004247,CUST00146,09-02-2024,Mobile App,Completed
ORD004248,CUST00864,2023-11-27,Mobile App,Completed
ORD004249,CUST00976,2025-05-11,Mobile App,Completed
ORD004250,CUST00056,01-07-2023,Marketplace,Completed
ORD004251,CUST00398,27/06/2025,Mobile App,Returned
ORD004252,CUST00266,2024-10-15,Marketplace,Completed
ORD004253,CUST00859,04-27-2025,Web,Completed
ORD004254,CUST00920,01-01-2025,Web,Completed
ORD004255,CUST00175,01-08-2024,Web,Completed
ORD004256,CUST00090,06-17-2024,Marketplace,Completed
ORD004257,CUST00405,12/09/2023,Web,Completed
ORD004258,CUST00619,22/08/2024,Mobile App,Completed
ORD004259,CUST00997,12-08-2024,Mobile App,Cancelled
ORD004260,CUST00034,11-16-2024,Marketplace,Completed
ORD004261,CUST00303,09-29-2023,Marketplace,Returned
ORD004262,CUST00924,27/09/2024,Marketplace,Completed
ORD004263,CUST00845,18/08/2024,Web,Completed
ORD004264,CUST01077,08-01-2025,Mobile App,Completed
ORD004265,CUST00771,26/08/2023,Marketplace,Cancelled
ORD004266,CUST00281,2024-09-17,Mobile App,Completed
ORD004267,CUST00402,02-05-2024,Marketplace,Returned
ORD004268,CUST00955,2024-06-08,Marketplace,Cancelled
ORD004269,CUST00341,08-04-2025,Web,Completed
ORD004270,CUST00743,12/06/2025,Mobile App,Pending
ORD004271,CUST00635,09-08-2023,Web,Cancelled
ORD004272,CUST00898,10-27-2023,Web,Completed
ORD004273,CUST01115,2023-07-21,Marketplace,Completed
ORD004274,CUST00352,07-26-2025,Web,Pending
ORD004275,CUST00759,27/08/2023,Web,Completed
ORD004276,CUST01160,05/12/2023,Web,Returned
ORD004277,CUST01060,24/04/2023,Marketplace,Completed
ORD004278,CUST00495,2023-02-22,Mobile App,Returned
ORD004279,CUST00239,02/07/2024,Mobile App,Completed
ORD004280,CUST00974,25/08/2023,Marketplace,Returned
ORD004281,CUST00951,29/01/2024,Marketplace,Pending
ORD004282,CUST00449,2023-05-04,Web,Returned
ORD004283,CUST01071,06/08/2025,Web,Completed
ORD004284,CUST01065,27/01/2023,Mobile App,Pending
ORD004285,CUST00520,05/01/2025,Marketplace,Cancelled
ORD004286,CUST00660,13/09/2023,Marketplace,Completed
ORD004287,CUST00074,2024-06-14,Mobile App,Completed
ORD004288,CUST00439,28/02/2025,Marketplace,Completed
ORD004289,CUST01145,09-15-2024,Mobile App,Completed
ORD004290,CUST00764,2023-12-25,Marketplace,Completed
ORD004291,CUST01184,2025-04-15,Mobile App,Pending
ORD004292,CUST00306,2023-10-08,Web,Completed
ORD004293,CUST00280,06-15-2023,Marketplace,Completed
ORD004294,CUST01171,2023-11-02,Mobile App,Returned
ORD004295,CUST00200,2024-08-03,Marketplace,Completed
ORD004296,CUST00925,02-01-2023,Web,Completed
ORD004297,CUST00612,08/01/2025,Marketplace,Cancelled
ORD004298,CUST01200,12-18-2024,Web,Completed
ORD004299,CUST00806,2023-10-25,Marketplace,Completed
ORD004300,CUST00396,2023-04-10,Web,Pending
ORD004301,CUST00596,2023-11-16,Web,Completed
ORD004302,CUST00483,11-08-2024,Web,Cancelled
ORD004303,CUST00600,01-31-2024,Marketplace,Completed
ORD004304,CUST00210,11/03/2025,Marketplace,Completed
ORD004305,CUST00419,14/02/2025,Web,Pending
ORD004306,CUST00350,18/07/2023,Web,Returned
ORD004307,CUST00163,2025-03-29,Web,Completed
ORD004308,CUST00830,2024-04-13,Marketplace,Completed
ORD004309,CUST00441,2023-06-15,Web,Completed
ORD004310,CUST00910,06-29-2025,Web,Cancelled
ORD004311,CUST01025,14/05/2025,Web,Completed
ORD004312,CUST00546,09-25-2024,Marketplace,Completed
ORD004313,CUST01185,08/08/2023,Marketplace,Completed
ORD004314,CUST00310,05/05/2024,Mobile App,Completed
ORD004315,CUST00332,03-22-2024,Mobile App,Pending
ORD004316,CUST00832,05-26-2023,Mobile App,Completed
ORD004317,CUST00315,09-19-2024,Mobile App,Completed
ORD004318,CUST00120,24/06/2025,Marketplace,Completed
ORD004319,CUST00602,2023-08-03,Web,Returned
ORD004320,CUST00731,21/06/2024,Marketplace,Completed
ORD004321,CUST00046,27/02/2024,Mobile App,Completed
ORD004322,CUST00758,2025-07-05,Mobile App,Completed
ORD004323,CUST00579,2025-02-23,Mobile App,Completed
ORD004324,CUST00322,06/03/2024,Web,Completed
ORD004325,CUST00087,07-04-2024,Marketplace,Completed
ORD004326,CUST00951,07/02/2025,Mobile App,Completed
ORD004327,CUST00995,01-13-2023,Mobile App,Completed
ORD004328,CUST00836,05-24-2023,Marketplace,Cancelled
ORD004329,CUST00171,2025-01-14,Marketplace,Completed
ORD004330,CUST00338,02/06/2025,Mobile App,Completed
ORD004331,CUST00008,2024-12-26,Marketplace,Cancelled
ORD004332,CUST00521,2025-01-07,Mobile App,Returned
ORD004333,CUST00657,09/06/2023,Web,Completed
ORD004334,CUST00788,2023-10-11,Web,Completed
ORD004335,CUST00469,01/03/2024,Marketplace,Completed
ORD004336,CUST00916,2023-12-04,Mobile App,Completed
ORD004337,CUST00089,12-31-2024,Mobile App,Completed
ORD004338,CUST00015,28/07/2023,Mobile App,Returned
ORD004339,CUST01017,04-22-2024,Mobile App,Completed
ORD004340,CUST00284,2024-12-07,Marketplace,Returned
ORD004341,CUST00015,16/08/2024,Web,Cancelled
ORD004342,CUST00734,2024-01-21,Web,Pending
ORD004343,CUST00509,01-26-2023,Mobile App,Pending
ORD004344,CUST00566,25/02/2024,Mobile App,Completed
ORD004345,CUST00351,30/06/2023,Marketplace,Completed
ORD004346,CUST00702,16/04/2025,Marketplace,Completed
ORD004347,CUST01144,2023-12-12,Marketplace,Cancelled
ORD004348,CUST00131,06/04/2025,Web,Completed
ORD004349,CUST00566,2024-06-07,Mobile App,Pending
ORD004350,CUST00128,08-18-2024,Web,Returned
ORD004351,CUST01005,2023-09-05,Marketplace,Completed
ORD004352,CUST00860,01-08-2023,Marketplace,Completed
ORD004353,CUST00746,2023-04-13,Web,Completed
ORD004354,CUST00206,2023-05-25,Web,Returned
ORD004355,CUST00059,2023-07-23,Web,Completed
ORD004356,CUST00162,16/11/2023,Mobile App,Completed
ORD004357,CUST01164,2023-05-23,Mobile App,Completed
ORD004358,CUST00998,2024-06-04,Web,Returned
ORD004359,CUST00057,01-25-2025,Marketplace,Cancelled
ORD004360,CUST01092,01/06/2025,Marketplace,Pending
ORD004361,CUST00454,09/06/2023,Web,Completed
ORD004362,CUST00385,04/06/2023,Web,Returned
ORD004363,CUST00799,10/02/2023,Mobile App,Completed
ORD004364,CUST00451,02/10/2023,Mobile App,Returned
ORD004365,CUST01092,2025-04-19,Web,Returned
ORD004366,CUST00208,07-03-2025,Mobile App,Completed
ORD004367,CUST01060,2024-10-13,Web,Completed
ORD004368,CUST01120,07-15-2024,Marketplace,Cancelled
ORD004369,CUST00159,2023-11-19,Marketplace,Completed
ORD004370,CUST00743,11-04-2023,Marketplace,Cancelled
ORD004371,CUST00340,03-01-2024,Web,Completed
ORD004372,CUST00274,2023-12-15,Mobile App,Completed
ORD004373,CUST00094,02/05/2024,Marketplace,Cancelled
ORD004374,CUST00130,05-21-2024,Mobile App,Cancelled
ORD004375,CUST00389,03-28-2024,Mobile App,Completed
ORD004376,CUST00828,29/01/2025,Web,Completed
ORD004377,CUST00945,02-07-2023,Web,Completed
ORD004378,CUST00475,10/02/2024,Mobile App,Completed
ORD004379,CUST00011,07-08-2024,Marketplace,Cancelled
ORD004380,CUST00584,10-27-2023,Marketplace,Pending
ORD004381,CUST00266,14/04/2025,Marketplace,Completed
ORD004382,CUST00058,2025-07-11,Web,Completed
ORD004383,CUST00429,06/10/2024,Web,Completed
ORD004384,CUST00788,24/01/2023,Marketplace,Returned
ORD004385,CUST00649,07/01/2023,Web,Returned
ORD004386,CUST00173,2024-08-22,Mobile App,Completed
ORD004387,CUST01124,2024-12-07,Web,Completed
ORD004388,CUST00602,2024-10-01,Mobile App,Returned
ORD004389,CUST00486,2025-07-13,Marketplace,Pending
ORD004390,CUST00629,19/10/2024,Web,Returned
ORD004391,CUST00347,2024-10-17,Mobile App,Completed
ORD004392,CUST00318,2024-03-01,Marketplace,Completed
ORD004393,CUST00533,06-01-2023,Marketplace,Completed
ORD004394,CUST00106,07-06-2024,Marketplace,Cancelled
ORD004395,CUST00349,2025-01-14,Mobile App,Completed
ORD004396,CUST00941,13/05/2025,Web,Completed
ORD004397,CUST01059,23/04/2023,Web,Pending
ORD004398,CUST00885,13/12/2023,Web,Completed
ORD004399,CUST00799,17/10/2023,Mobile App,Cancelled
ORD004400,CUST00255,2024-01-20,Marketplace,Completed
ORD004401,CUST00500,29/12/2024,Mobile App,Completed
ORD004402,CUST00611,31/05/2023,Marketplace,Pending
ORD004403,CUST00649,05-27-2024,Web,Returned
ORD004404,CUST00512,2025-05-31,Marketplace,Completed
ORD004405,CUST01139,2024-06-19,Mobile App,Pending
ORD004406,CUST00268,2024-01-30,Web,Cancelled
ORD004407,CUST01171,07/03/2025,Mobile App,Completed
ORD004408,CUST00905,11-16-2023,Web,Cancelled
ORD004409,CUST00537,08/03/2025,Marketplace,Completed
ORD004410,CUST00404,12-21-2024,Marketplace,Completed
ORD004411,CUST00226,2023-02-21,Marketplace,Cancelled
ORD004412,CUST00480,2024-09-21,Web,Completed
ORD004413,CUST01125,12-30-2023,Mobile App,Returned
ORD004414,CUST00945,12-14-2023,Marketplace,Pending
ORD004415,CUST00097,07/01/2025,Marketplace,Completed
ORD004416,CUST01171,10-03-2023,Mobile App,Returned
ORD004417,CUST00221,06-03-2023,Mobile App,Returned
ORD004418,CUST00106,02-24-2024,Web,Completed
ORD004419,CUST00964,24/09/2023,Web,Completed
ORD004420,CUST00731,17/05/2023,Marketplace,Completed
ORD004421,CUST00657,03/12/2024,Mobile App,Completed
ORD004422,CUST00408,10-04-2024,Web,Cancelled
ORD004423,CUST00506,2024-12-05,Marketplace,Cancelled
ORD004424,CUST00997,2024-06-21,Marketplace,Pending
ORD004425,CUST00498,2024-07-10,Marketplace,Returned
ORD004426,CUST00539,2025-02-11,Mobile App,Cancelled
ORD004427,CUST00288,2023-07-13,Mobile App,Completed
ORD004428,CUST00501,06-13-2025,Marketplace,Cancelled
ORD004429,CUST01074,02/03/2023,Marketplace,Completed
ORD004430,CUST00827,2023-11-05,Web,Completed
ORD004431,CUST00123,2023-10-28,Marketplace,Returned
ORD004432,CUST00289,27/09/2024,Marketplace,Completed
ORD004433,CUST00023,27/07/2025,Marketplace,Completed
ORD004434,CUST00680,04-11-2024,Marketplace,Completed
ORD004435,CUST00341,2025-04-20,Mobile App,Completed
ORD004436,CUST00062,20/06/2025,Web,Cancelled
ORD004437,CUST00799,08-03-2024,Marketplace,Completed
ORD004438,CUST00745,16/08/2023,Mobile App,Pending
ORD004439,CUST00147,2025-06-08,Marketplace,Returned
ORD004440,CUST00661,2025-05-15,Marketplace,Completed
ORD004441,CUST00331,2025-01-18,Mobile App,Completed
ORD004442,CUST00657,2023-01-13,Mobile App,Completed
ORD004443,CUST00693,04-29-2024,Mobile App,Completed
ORD004444,CUST00994,12-28-2024,Web,Completed
ORD004445,CUST00083,20/02/2024,Web,Completed
ORD004446,CUST00104,2023-11-07,Web,Returned
ORD004447,CUST00155,25/07/2023,Mobile App,Completed
ORD004448,CUST00662,2023-05-29,Marketplace,Completed
ORD004449,CUST00276,01-28-2023,Mobile App,Completed
ORD004450,CUST00353,04-13-2024,Marketplace,Completed
ORD004451,CUST01030,2024-10-01,Web,Completed
ORD004452,CUST01055,06/05/2023,Mobile App,Completed
ORD004453,CUST00630,29/03/2024,Mobile App,Cancelled
ORD004454,CUST00056,2023-11-11,Marketplace,Pending
ORD004455,CUST00836,01-18-2023,Marketplace,Completed
ORD004456,CUST00996,03-06-2024,Web,Returned
ORD004457,CUST00917,29/12/2023,Web,Pending
ORD004458,CUST00062,08/07/2025,Marketplace,Pending
ORD004459,CUST00296,08-29-2023,Marketplace,Completed
ORD004460,CUST00283,06-21-2024,Marketplace,Cancelled
ORD004461,CUST01016,04-30-2024,Marketplace,Completed
ORD004462,CUST00686,12-30-2024,Mobile App,Completed
ORD004463,CUST00604,2025-05-02,Marketplace,Completed
ORD004464,CUST00170,2024-06-19,Marketplace,Cancelled
ORD004465,CUST00921,01/03/2025,Marketplace,Completed
ORD004466,CUST00102,09-07-2023,Marketplace,Completed
ORD004467,CUST00500,03-18-2024,Mobile App,Completed
ORD004468,CUST00454,03-15-2023,Web,Completed
ORD004469,CUST00024,19/01/2024,Mobile App,Completed
ORD004470,CUST00758,2023-07-27,Mobile App,Completed
ORD004471,CUST00749,03-29-2025,Mobile App,Completed
ORD004472,CUST00734,08/08/2025,Web,Cancelled
ORD004473,CUST01198,2025-03-04,Mobile App,Completed
ORD004474,CUST01086,17/09/2024,Web,Completed
ORD004475,CUST01101,25/01/2023,Web,Completed
ORD004476,CUST00275,2023-05-17,Web,Completed
ORD004477,CUST00556,19/04/2024,Marketplace,Completed
ORD004478,CUST00246,2023-07-06,Mobile App,Completed
ORD004479,CUST00178,12-22-2023,Mobile App,Completed
ORD004480,CUST00449,2025-07-11,Marketplace,Completed
ORD004481,CUST00650,2025-01-31,Web,Returned
ORD004482,CUST00483,04-10-2024,Mobile App,Completed
ORD004483,CUST00290,2023-04-04,Mobile App,Completed
ORD004484,CUST00094,04/04/2025,Marketplace,Pending
ORD004485,CUST00554,14/07/2025,Web,Completed
ORD004486,CUST01087,09/04/2024,Mobile App,Completed
ORD004487,CUST00205,2025-08-07,Mobile App,Completed
ORD004488,CUST00670,2024-02-23,Marketplace,Cancelled
ORD004489,CUST01015,2024-08-16,Web,Completed
ORD004490,CUST01105,28/06/2025,Web,Cancelled
ORD004491,CUST01137,2024-02-16,Web,Cancelled
ORD004492,CUST01165,01-29-2024,Mobile App,Returned
ORD004493,CUST00836,22/03/2024,Web,Completed
ORD004494,CUST00285,11-08-2024,Mobile App,Completed
ORD004495,CUST00749,2024-07-01,Mobile App,Cancelled
ORD004496,CUST01104,04/07/2023,Mobile App,Pending
ORD004497,CUST00010,2024-09-25,Marketplace,Completed
ORD004498,CUST00896,2024-12-20,Mobile App,Returned
ORD004499,CUST00524,2025-01-08,Web,Pending
ORD004500,CUST01122,2024-08-05,Marketplace,Completed
ORD004501,CUST01200,2023-07-09,Web,Completed
ORD004502,CUST00173,2023-06-28,Marketplace,Completed
ORD004503,CUST00840,01-22-2023,Marketplace,Completed
ORD004504,CUST00510,2024-02-03,Web,Completed
ORD004505,CUST00905,2023-12-26,Marketplace,Pending
ORD004506,CUST00291,05-17-2023,Web,Completed
ORD004507,CUST00633,05/02/2024,Mobile App,Completed
ORD004508,CUST01184,03/07/2025,Marketplace,Completed
ORD004509,CUST01035,11-12-2023,Marketplace,Cancelled
ORD004510,CUST00118,01/02/2024,Marketplace,Cancelled
ORD004511,CUST00782,2024-10-04,Mobile App,Completed
ORD004512,CUST00694,08-01-2025,Web,Cancelled
ORD004513,CUST01035,2023-05-19,Marketplace,Completed
ORD004514,CUST00923,21/11/2023,Mobile App,Completed
ORD004515,CUST00399,2024-02-11,Web,Pending
ORD004516,CUST00681,2023-04-22,Web,Completed
ORD004517,CUST00020,01-05-2024,Web,Pending
ORD004518,CUST00667,07-07-2024,Web,Cancelled
ORD004519,CUST00811,2023-01-31,Web,Returned
ORD004520,CUST00730,05-17-2023,Marketplace,Completed
ORD004521,CUST00395,11-09-2024,Web,Returned
ORD004522,CUST00063,2023-10-24,Marketplace,Completed
ORD004523,CUST00485,25/09/2023,Mobile App,Returned
ORD004524,CUST00675,2024-10-27,Mobile App,Completed
ORD004525,CUST00976,2023-10-02,Web,Completed
ORD004526,CUST00650,11-06-2023,Marketplace,Completed
ORD004527,CUST01110,2025-06-21,Web,Pending
ORD004528,CUST01195,17/04/2023,Mobile App,Pending
ORD004529,CUST00127,22/04/2024,Marketplace,Returned
ORD004530,CUST00590,29/10/2023,Web,Returned
ORD004531,CUST01115,2023-03-19,Mobile App,Completed
ORD004532,CUST00223,2025-02-10,Web,Completed
ORD004533,CUST00785,02/02/2025,Mobile App,Completed
ORD004534,CUST00907,01-01-2024,Web,Completed
ORD004535,CUST00865,2023-06-04,Web,Returned
ORD004536,CUST01023,2023-11-17,Web,Cancelled
ORD004537,CUST00639,06/10/2023,Web,Completed
ORD004538,CUST00212,2025-04-29,Mobile App,Completed
ORD004539,CUST00453,2025-05-12,Web,Completed
ORD004540,CUST00528,08-09-2024,Web,Returned
ORD004541,CUST00105,02-26-2023,Mobile App,Pending
ORD004542,CUST00301,02-09-2025,Web,Completed
ORD004543,CUST00841,2023-09-08,Web,Returned
ORD004544,CUST00022,2023-10-13,Web,Pending
ORD004545,CUST00933,12/02/2025,Mobile App,Returned
ORD004546,CUST00964,13/06/2023,Web,Completed
ORD004547,CUST00876,25/06/2025,Mobile App,Completed
ORD004548,CUST00707,01-21-2024,Marketplace,Returned
ORD004549,CUST01124,2023-07-11,Marketplace,Completed
ORD004550,CUST01112,26/08/2023,Marketplace,Cancelled
ORD004551,CUST00215,06-07-2025,Marketplace,Completed
ORD004552,CUST00915,10/01/2023,Marketplace,Returned
ORD004553,CUST00110,01-07-2025,Mobile App,Pending
ORD004554,CUST01099,10-30-2024,Mobile App,Returned
ORD004555,CUST00114,2025-05-10,Web,Completed
ORD004556,CUST00144,09/06/2023,Marketplace,Completed
ORD004557,CUST00474,11-29-2023,Marketplace,Cancelled
ORD004558,CUST00709,10-23-2023,Web,Returned
ORD004559,CUST00323,09/04/2023,Marketplace,Completed
ORD004560,CUST00845,2024-05-07,Marketplace,Completed
ORD004561,CUST00011,2023-01-14,Marketplace,Cancelled
ORD004562,CUST00110,17/07/2024,Marketplace,Completed
ORD004563,CUST00212,03/03/2023,Marketplace,Completed
ORD004564,CUST00942,12-09-2024,Mobile App,Completed
ORD004565,CUST01026,03-13-2023,Marketplace,Completed
ORD004566,CUST00883,29/05/2024,Web,Pending
ORD004567,CUST00231,11-03-2024,Marketplace,Pending
ORD004568,CUST00593,2024-02-21,Marketplace,Completed
ORD004569,CUST00298,05-31-2023,Web,Returned
ORD004570,CUST00087,01/08/2024,Mobile App,Completed
ORD004571,CUST00176,2023-11-01,Marketplace,Completed
ORD004572,CUST00170,10-13-2024,Marketplace,Cancelled
ORD004573,CUST00485,2024-01-21,Mobile App,Completed
ORD004574,CUST00562,12-26-2024,Web,Completed
ORD004575,CUST00785,2023-07-30,Mobile App,Completed
ORD004576,CUST01132,2024-04-11,Mobile App,Completed
ORD004577,CUST00900,2024-02-09,Web,Completed
ORD004578,CUST01114,23/09/2023,Mobile App,Completed
ORD004579,CUST01136,04-03-2024,Marketplace,Cancelled
ORD004580,CUST00369,01-11-2024,Marketplace,Returned
ORD004581,CUST01132,04-16-2023,Marketplace,Completed
ORD004582,CUST00991,05-06-2024,Web,Returned
ORD004583,CUST00560,01-20-2025,Web,Cancelled
ORD004584,CUST00480,05-20-2024,Web,Pending
ORD004585,CUST00133,2024-08-13,Mobile App,Completed
ORD004586,CUST00086,01/02/2023,Mobile App,Completed
ORD004587,CUST00066,01-21-2023,Web,Completed
ORD004588,CUST00117,30/10/2024,Web,Cancelled
ORD004589,CUST00172,2025-08-02,Marketplace,Completed
ORD004590,CUST00819,2024-10-06,Web,Completed
ORD004591,CUST01017,07-10-2025,Web,Completed
ORD004592,CUST01140,01-14-2023,Marketplace,Completed
ORD004593,CUST00143,2024-11-26,Marketplace,Pending
ORD004594,CUST00172,29/07/2023,Web,Completed
ORD004595,CUST00981,23/07/2024,Mobile App,Returned
ORD004596,CUST00268,15/06/2025,Web,Returned
ORD004597,CUST00024,08-11-2024,Mobile App,Completed
ORD004598,CUST00330,07-03-2025,Web,Pending
ORD004599,CUST00077,2025-06-24,Marketplace,Completed
ORD004600,CUST00375,2023-01-28,Web,Pending
ORD004601,CUST00577,2023-11-05,Mobile App,Pending
ORD004602,CUST00030,02-05-2023,Marketplace,Completed
ORD004603,CUST00017,25/08/2023,Mobile App,Pending
ORD004604,CUST00947,04-16-2023,Marketplace,Completed
ORD004605,CUST01038,11/01/2024,Marketplace,Completed
ORD004606,CUST00312,2025-02-16,Web,Pending
ORD004607,CUST00977,2025-04-27,Web,Pending
ORD004608,CUST01128,07-14-2024,Mobile App,Completed
ORD004609,CUST00872,2024-07-19,Web,Completed
ORD004610,CUST00470,12-13-2023,Mobile App,Pending
ORD004611,CUST01126,31/10/2023,Marketplace,Returned
ORD004612,CUST00646,20/08/2023,Web,Completed
ORD004613,CUST01039,04-11-2024,Web,Completed
ORD004614,CUST01045,2023-01-17,Marketplace,Cancelled
ORD004615,CUST00637,02-01-2024,Mobile App,Completed
ORD004616,CUST00296,04/09/2024,Web,Completed
ORD004617,CUST00971,2024-12-29,Marketplace,Pending
ORD004618,CUST00931,02-26-2024,Mobile App,Cancelled
ORD004619,CUST00165,02-27-2025,Marketplace,Completed
ORD004620,CUST01101,08/05/2025,Mobile App,Completed
ORD004621,CUST00690,11-04-2024,Marketplace,Completed
ORD004622,CUST00837,07-05-2023,Mobile App,Completed
ORD004623,CUST00585,11-07-2024,Web,Completed
ORD004624,CUST00241,2023-09-15,Mobile App,Completed
ORD004625,CUST00074,2023-12-24,Web,Completed
ORD004626,CUST00506,2023-12-28,Mobile App,Completed
ORD004627,CUST00640,2023-06-27,Web,Completed
ORD004628,CUST00312,02-20-2025,Marketplace,Completed
ORD004629,CUST00644,05-30-2025,Mobile App,Completed
ORD004630,CUST00986,2023-06-24,Marketplace,Returned
ORD004631,CUST01004,06/05/2023,Marketplace,Pending
ORD004632,CUST01178,2024-02-01,Marketplace,Completed
ORD004633,CUST01145,2024-10-06,Marketplace,Completed
ORD004634,CUST00719,27/02/2025,Web,Completed
ORD004635,CUST00586,24/11/2023,Mobile App,Cancelled
ORD004636,CUST00082,2025-01-18,Web,Pending
ORD004637,CUST00656,07/05/2024,Mobile App,Pending
ORD004638,CUST00803,2023-01-23,Mobile App,Completed
ORD004639,CUST00691,20/04/2023,Mobile App,Completed
ORD004640,CUST00297,2024-02-06,Mobile App,Completed
ORD004641,CUST00579,2025-05-21,Marketplace,Returned
ORD004642,CUST00646,09-02-2024,Marketplace,Pending
ORD004643,CUST00495,2025-05-27,Marketplace,Completed
ORD004644,CUST00221,30/04/2023,Marketplace,Returned
ORD004645,CUST00396,09-20-2024,Marketplace,Completed
ORD004646,CUST00375,03/09/2023,Web,Completed
ORD004647,CUST01097,2024-03-30,Web,Completed
ORD004648,CUST01030,08-04-2023,Mobile App,Completed
ORD004649,CUST00686,03-13-2024,Marketplace,Cancelled
ORD004650,CUST00446,2024-06-20,Marketplace,Completed
ORD004651,CUST00181,2023-12-29,Web,Completed
ORD004652,CUST00390,11-06-2023,Marketplace,Completed
ORD004653,CUST00925,2024-02-04,Web,Pending
ORD004654,CUST00728,12-13-2024,Web,Returned
ORD004655,CUST00529,01-28-2025,Marketplace,Returned
ORD004656,CUST00641,01-14-2025,Marketplace,Cancelled
ORD004657,CUST00630,30/06/2025,Mobile App,Returned
ORD004658,CUST00455,06-14-2025,Marketplace,Pending
ORD004659,CUST00082,21/12/2024,Web,Completed
ORD004660,CUST00722,19/05/2025,Web,Returned
ORD004661,CUST01143,09/01/2024,Mobile App,Completed
ORD004662,CUST00806,11/06/2023,Marketplace,Cancelled
ORD004663,CUST01171,18/04/2025,Marketplace,Pending
ORD004664,CUST00417,2024-04-30,Mobile App,Completed
ORD004665,CUST00990,25/07/2023,Mobile App,Returned
ORD004666,CUST01094,2024-08-16,Mobile App,Completed
ORD004667,CUST00126,2025-05-20,Mobile App,Pending
ORD004668,CUST00475,2024-04-08,Marketplace,Completed
ORD004669,CUST00943,07-10-2024,Mobile App,Returned
ORD004670,CUST00406,2024-05-26,Marketplace,Cancelled
ORD004671,CUST00356,2025-04-09,Web,Pending
ORD004672,CUST00024,31/05/2025,Web,Completed
ORD004673,CUST00408,05-17-2025,Web,Completed
ORD004674,CUST00039,05/03/2024,Web,Returned
ORD004675,CUST01032,2025-06-02,Web,Pending
ORD004676,CUST00226,2024-03-18,Marketplace,Completed
ORD004677,CUST00973,17/06/2024,Web,Completed
ORD004678,CUST00722,12/10/2023,Marketplace,Completed
ORD004679,CUST00269,25/01/2025,Marketplace,Completed
ORD004680,CUST00381,2025-03-28,Web,Completed
ORD004681,CUST00649,22/04/2025,Mobile App,Pending
ORD004682,CUST01075,2024-02-27,Web,Pending
ORD004683,CUST00369,03-12-2025,Mobile App,Completed
ORD004684,CUST01197,21/06/2025,Mobile App,Completed
ORD004685,CUST00301,2023-11-04,Marketplace,Cancelled
ORD004686,CUST00081,2023-06-06,Web,Completed
ORD004687,CUST00526,21/01/2025,Mobile App,Pending
ORD004688,CUST01198,22/04/2024,Mobile App,Returned
ORD004689,CUST00044,05-24-2024,Mobile App,Completed
ORD004690,CUST00025,2023-01-12,Mobile App,Completed
ORD004691,CUST00541,2025-02-09,Mobile App,Cancelled
ORD004692,CUST00841,2024-03-17,Marketplace,Completed
ORD004693,CUST00507,2024-08-05,Mobile App,Returned
ORD004694,CUST00923,2023-07-26,Web,Completed
ORD004695,CUST00441,20/06/2024,Marketplace,Pending
ORD004696,CUST00321,07-11-2023,Marketplace,Completed
ORD004697,CUST00140,04-08-2025,Web,Completed
ORD004698,CUST00252,2023-06-08,Marketplace,Completed
ORD004699,CUST01092,2023-03-18,Web,Cancelled
ORD004700,CUST00750,12-27-2023,Mobile App,Returned
ORD004701,CUST00172,2023-07-22,Web,Completed
ORD004702,CUST00865,2023-11-23,Web,Pending
ORD004703,CUST00448,04-26-2025,Marketplace,Pending
ORD004704,CUST00888,12/04/2023,Marketplace,Completed
ORD004705,CUST00323,2023-09-02,Marketplace,Completed
ORD004706,CUST00059,29/09/2024,Web,Returned
ORD004707,CUST00824,05-29-2023,Mobile App,Returned
ORD004708,CUST01042,09-17-2023,Mobile App,Cancelled
ORD004709,CUST00581,06-14-2023,Marketplace,Completed
ORD004710,CUST00085,05-22-2023,Web,Completed
ORD004711,CUST01017,07-11-2024,Marketplace,Pending
ORD004712,CUST00164,03-02-2024,Web,Completed
ORD004713,CUST00105,19/02/2024,Marketplace,Completed
ORD004714,CUST00867,07-26-2024,Mobile App,Completed
ORD004715,CUST00852,07/03/2024,Web,Completed
ORD004716,CUST01104,04-22-2023,Mobile App,Cancelled
ORD004717,CUST00592,01-12-2024,Mobile App,Cancelled
ORD004718,CUST01065,15/10/2024,Web,Completed
ORD004719,CUST00134,04/10/2024,Web,Returned
ORD004720,CUST00258,28/04/2024,Mobile App,Returned
ORD004721,CUST00708,06-09-2023,Marketplace,Returned
ORD004722,CUST01057,12/11/2023,Web,Completed
ORD004723,CUST00637,04-28-2024,Mobile App,Pending
ORD004724,CUST00657,23/07/2024,Mobile App,Completed
ORD004725,CUST00394,03/06/2024,Marketplace,Cancelled
ORD004726,CUST00937,2025-02-01,Mobile App,Completed
ORD004727,CUST01019,09-07-2024,Web,Completed
ORD004728,CUST00745,2023-06-15,Mobile App,Completed
ORD004729,CUST00668,09-16-2023,Marketplace,Returned
ORD004730,CUST00220,02-07-2025,Mobile App,Cancelled
ORD004731,CUST00469,2025-07-18,Mobile App,Completed
ORD004732,CUST01071,04-05-2025,Mobile App,Returned
ORD004733,CUST00153,2024-08-26,Marketplace,Completed
ORD004734,CUST00572,2024-03-06,Web,Returned
ORD004735,CUST00519,06-29-2024,Mobile App,Cancelled
ORD004736,CUST01020,07-09-2025,Mobile App,Returned
ORD004737,CUST00488,14/10/2024,Web,Completed
ORD004738,CUST00262,10/05/2024,Mobile App,Pending
ORD004739,CUST00214,2025-03-16,Mobile App,Completed
ORD004740,CUST00428,03/07/2023,Mobile App,Returned
ORD004741,CUST01074,01-06-2023,Mobile App,Completed
ORD004742,CUST01122,08-09-2024,Mobile App,Cancelled
ORD004743,CUST00275,02/02/2023,Mobile App,Completed
ORD004744,CUST00924,28/08/2024,Marketplace,Cancelled
ORD004745,CUST00531,2023-01-04,Mobile App,Completed
ORD004746,CUST00133,27/05/2023,Marketplace,Completed
ORD004747,CUST00845,2024-12-15,Mobile App,Completed
ORD004748,CUST00452,2025-04-18,Mobile App,Completed
ORD004749,CUST01128,03-09-2023,Mobile App,Pending
ORD004750,CUST00101,2023-05-25,Marketplace,Returned
ORD004751,CUST01163,16/05/2023,Web,Cancelled
ORD004752,CUST00034,26/07/2024,Marketplace,Returned
ORD004753,CUST00675,09/04/2025,Web,Completed
ORD004754,CUST00532,03-03-2024,Marketplace,Completed
ORD004755,CUST00592,2024-08-11,Web,Pending
ORD004756,CUST00216,2025-06-14,Web,Returned
ORD004757,CUST00548,2023-01-27,Marketplace,Returned
ORD004758,CUST01181,2025-04-09,Web,Completed
ORD004759,CUST00677,01-31-2024,Web,Completed
ORD004760,CUST01198,08-26-2023,Web,Returned
ORD004761,CUST00343,02/03/2025,Web,Returned
ORD004762,CUST00012,11/07/2024,Marketplace,Completed
ORD004763,CUST00019,03-17-2024,Mobile App,Pending
ORD004764,CUST00600,2023-09-22,Mobile App,Cancelled
ORD004765,CUST00521,2023-01-13,Web,Cancelled
ORD004766,CUST00870,2023-07-25,Marketplace,Pending
ORD004767,CUST00588,03-02-2025,Mobile App,Completed
ORD004768,CUST01184,2024-11-04,Marketplace,Completed
ORD004769,CUST01000,08-17-2024,Mobile App,Completed
ORD004770,CUST00674,03-19-2024,Marketplace,Completed
ORD004771,CUST01025,03-18-2024,Mobile App,Cancelled
ORD004772,CUST00825,04/02/2023,Marketplace,Completed
ORD004773,CUST00368,25/09/2023,Mobile App,Completed
ORD004774,CUST01184,28/05/2025,Marketplace,Completed
ORD004775,CUST00823,2025-06-24,Web,Completed
ORD004776,CUST00164,20/05/2023,Web,Completed
ORD004777,CUST00404,2023-01-24,Marketplace,Returned
ORD004778,CUST00100,2024-09-29,Web,Completed
ORD004779,CUST01087,23/04/2023,Marketplace,Completed
ORD004780,CUST01048,2024-02-23,Marketplace,Returned
ORD004781,CUST00457,2025-06-26,Web,Completed
ORD004782,CUST00856,26/12/2024,Web,Completed
ORD004783,CUST00178,13/02/2023,Marketplace,Pending
ORD004784,CUST00009,2023-08-18,Web,Completed
ORD004785,CUST00687,2024-02-13,Web,Completed
ORD004786,CUST01101,16/04/2025,Web,Cancelled
ORD004787,CUST00159,27/02/2024,Web,Returned
ORD004788,CUST00763,01/09/2023,Web,Returned
ORD004789,CUST00838,05-06-2023,Mobile App,Completed
ORD004790,CUST00844,2024-06-05,Web,Completed
ORD004791,CUST01054,2025-07-01,Web,Completed
ORD004792,CUST00940,2025-06-02,Web,Completed
ORD004793,CUST00428,2023-11-16,Mobile App,Completed
ORD004794,CUST00984,05-13-2025,Web,Cancelled
ORD004795,CUST00746,12-16-2024,Marketplace,Completed
ORD004796,CUST00515,2025-04-12,Web,Cancelled
ORD004797,CUST01067,09/05/2025,Marketplace,Completed
ORD004798,CUST00053,05-24-2023,Web,Completed
ORD004799,CUST00253,2024-07-30,Mobile App,Pending
ORD004800,CUST00869,02-18-2024,Web,Pending
ORD004801,CUST00018,20/09/2024,Mobile App,Cancelled
ORD004802,CUST01020,2024-04-30,Marketplace,Completed
ORD004803,CUST00500,2025-07-20,Web,Returned
ORD004804,CUST00545,05-25-2024,Web,Returned
ORD004805,CUST00833,10/04/2025,Marketplace,Returned
ORD004806,CUST00464,03-29-2025,Mobile App,Completed
ORD004807,CUST01103,2024-03-04,Mobile App,Completed
ORD004808,CUST00349,09/06/2023,Marketplace,Completed
ORD004809,CUST00209,05/03/2024,Mobile App,Cancelled
ORD004810,CUST00464,19/07/2025,Mobile App,Completed
ORD004811,CUST00732,26/08/2024,Web,Completed
ORD004812,CUST00045,2023-01-23,Mobile App,Cancelled
ORD004813,CUST00901,02/04/2024,Mobile App,Pending
ORD004814,CUST00734,27/07/2023,Web,Completed
ORD004815,CUST00412,06-23-2025,Marketplace,Returned
ORD004816,CUST01074,08/08/2024,Mobile App,Returned
ORD004817,CUST00371,10-24-2024,Mobile App,Completed
ORD004818,CUST00839,01/01/2023,Mobile App,Completed
ORD004819,CUST00130,2025-07-26,Web,Completed
ORD004820,CUST00847,2023-12-22,Marketplace,Pending
ORD004821,CUST00899,31/03/2025,Marketplace,Completed
ORD004822,CUST00418,01-08-2024,Marketplace,Completed
ORD004823,CUST00040,02-02-2023,Marketplace,Completed
ORD004824,CUST01101,2023-05-05,Web,Completed
ORD004825,CUST00609,2023-04-20,Marketplace,Completed
ORD004826,CUST00900,30/09/2023,Marketplace,Pending
ORD004827,CUST00400,07/03/2025,Mobile App,Pending
ORD004828,CUST00237,2024-02-05,Marketplace,Completed
ORD004829,CUST00159,08-01-2023,Web,Pending
ORD004830,CUST00613,02-28-2025,Marketplace,Completed
ORD004831,CUST00803,2025-03-25,Mobile App,Pending
ORD004832,CUST01042,2023-12-03,Web,Cancelled
ORD004833,CUST01194,2024-11-27,Web,Returned
ORD004834,CUST00558,07-28-2024,Web,Completed
ORD004835,CUST00927,03/11/2024,Web,Cancelled
ORD004836,CUST00583,2024-10-05,Marketplace,Returned
ORD004837,CUST00492,2023-06-22,Web,Returned
ORD004838,CUST01053,2025-03-04,Web,Completed
ORD004839,CUST00695,2023-08-03,Marketplace,Pending
ORD004840,CUST00882,07-20-2024,Marketplace,Completed
ORD004841,CUST00885,31/08/2024,Mobile App,Completed
ORD004842,CUST00405,14/01/2024,Marketplace,Completed
ORD004843,CUST00517,2025-05-26,Web,Returned
ORD004844,CUST00176,15/07/2023,Web,Cancelled
ORD004845,CUST01120,2025-06-13,Mobile App,Completed
ORD004846,CUST00879,2025-03-28,Web,Cancelled
ORD004847,CUST00244,12-06-2023,Marketplace,Completed
ORD004848,CUST00670,02-05-2023,Marketplace,Completed
ORD004849,CUST00615,19/11/2024,Mobile App,Completed
ORD004850,CUST01176,2025-01-25,Marketplace,Cancelled
ORD004851,CUST00136,08-27-2024,Web,Completed
ORD004852,CUST00232,2025-01-18,Web,Completed
ORD004853,CUST00011,08-23-2023,Web,Completed
ORD004854,CUST00697,08-04-2023,Web,Completed
ORD004855,CUST00909,11-12-2024,Marketplace,Cancelled
ORD004856,CUST00382,19/09/2024,Web,Completed
ORD004857,CUST00672,02-21-2023,Mobile App,Pending
ORD004858,CUST00375,07-04-2024,Marketplace,Pending
ORD004859,CUST00579,2025-07-24,Web,Completed
ORD004860,CUST00601,2023-07-16,Marketplace,Completed
ORD004861,CUST00553,01-18-2025,Web,Returned
ORD004862,CUST00439,02-16-2024,Web,Completed
ORD004863,CUST00650,2025-04-09,Mobile App,Returned
ORD004864,CUST00013,06-29-2025,Mobile App,Completed
ORD004865,CUST01001,2024-07-22,Web,Cancelled
ORD004866,CUST00305,2024-12-01,Mobile App,Completed
ORD004867,CUST00589,2025-08-05,Web,Completed
ORD004868,CUST00641,2024-10-09,Web,Completed
ORD004869,CUST00483,2023-10-14,Marketplace,Completed
ORD004870,CUST01107,2025-06-30,Marketplace,Cancelled
ORD004871,CUST00201,11-05-2023,Mobile App,Completed
ORD004872,CUST00541,11-07-2024,Marketplace,Cancelled
ORD004873,CUST00713,23/02/2023,Web,Pending
ORD004874,CUST00707,10-22-2024,Marketplace,Returned
ORD004875,CUST00616,02-14-2025,Web,Completed
ORD004876,CUST01086,2024-01-12,Web,Completed
ORD004877,CUST01088,01/06/2023,Mobile App,Cancelled
ORD004878,CUST00900,01/01/2025,Marketplace,Completed
ORD004879,CUST00359,06-29-2024,Marketplace,Completed
ORD004880,CUST00773,2023-12-31,Web,Completed
ORD004881,CUST00897,02/06/2023,Web,Completed
ORD004882,CUST01074,2024-03-02,Marketplace,Cancelled
ORD004883,CUST00327,02-25-2025,Marketplace,Cancelled
ORD004884,CUST00332,12-02-2023,Marketplace,Completed
ORD004885,CUST00281,04/01/2024,Mobile App,Pending
ORD004886,CUST00708,2023-08-23,Web,Cancelled
ORD004887,CUST01114,2023-08-02,Marketplace,Cancelled
ORD004888,CUST00583,27/06/2023,Web,Cancelled
ORD004889,CUST01059,2024-01-21,Web,Returned
ORD004890,CUST00132,06/07/2024,Marketplace,Completed
ORD004891,CUST01064,2023-11-11,Mobile App,Completed
ORD004892,CUST00526,21/07/2024,Marketplace,Returned
ORD004893,CUST00469,06-04-2025,Web,Pending
ORD004894,CUST00794,2024-10-08,Mobile App,Returned
ORD004895,CUST00166,04-30-2024,Mobile App,Completed
ORD004896,CUST00075,03-06-2023,Marketplace,Completed
ORD004897,CUST00504,03/06/2023,Marketplace,Returned
ORD004898,CUST00032,2023-06-20,Web,Cancelled
ORD004899,CUST01044,2025-03-11,Marketplace,Pending
ORD004900,CUST01060,04-20-2025,Marketplace,Completed
ORD004901,CUST00673,2024-11-05,Web,Returned
ORD004902,CUST00186,04-16-2023,Web,Cancelled
ORD004903,CUST01175,2023-11-01,Mobile App,Returned
ORD004904,CUST00795,01-02-2024,Marketplace,Cancelled
ORD004905,CUST00685,27/03/2025,Marketplace,Pending
ORD004906,CUST00688,07/09/2023,Marketplace,Completed
ORD004907,CUST00856,10-22-2023,Web,Completed
ORD004908,CUST00557,01-31-2023,Web,Completed
ORD004909,CUST00626,2025-07-12,Marketplace,Completed
ORD004910,CUST00474,22/04/2023,Mobile App,Cancelled
ORD004911,CUST00348,18/08/2023,Web,Returned
ORD004912,CUST01089,24/06/2025,Marketplace,Cancelled
ORD004913,CUST00198,07/05/2023,Web,Completed
ORD004914,CUST00354,26/06/2024,Web,Completed
ORD004915,CUST00621,01-07-2025,Marketplace,Completed
ORD004916,CUST00171,07-22-2024,Web,Completed
ORD004917,CUST00497,31/03/2023,Web,Completed
ORD004918,CUST00935,2023-10-19,Mobile App,Pending
ORD004919,CUST00678,2023-01-18,Mobile App,Completed
ORD004920,CUST00584,2023-12-23,Web,Pending
ORD004921,CUST01072,08-07-2025,Marketplace,Completed
ORD004922,CUST00443,09-09-2024,Marketplace,Pending
ORD004923,CUST00594,2023-12-03,Web,Completed
ORD004924,CUST00760,11-21-2024,Marketplace,Completed
ORD004925,CUST00881,01-22-2025,Web,Completed
ORD004926,CUST00576,09/02/2024,Marketplace,Completed
ORD004927,CUST00654,2024-11-12,Marketplace,Completed
ORD004928,CUST00544,04-06-2024,Mobile App,Pending
ORD004929,CUST00442,2023-09-20,Mobile App,Completed
ORD004930,CUST00983,10-24-2024,Marketplace,Returned
ORD004931,CUST00205,06-16-2024,Marketplace,Completed
ORD004932,CUST01139,03-20-2023,Marketplace,Pending
ORD004933,CUST00248,16/11/2024,Web,Completed
ORD004934,CUST00009,2024-06-25,Web,Returned
ORD004935,CUST01044,10-01-2023,Mobile App,Completed
ORD004936,CUST00056,27/04/2023,Mobile App,Completed
ORD004937,CUST00215,2024-05-08,Mobile App,Returned
ORD004938,CUST00657,31/07/2024,Web,Completed
ORD004939,CUST00713,15/04/2025,Web,Completed
ORD004940,CUST00347,2024-05-24,Marketplace,Completed
ORD004941,CUST00403,13/07/2025,Mobile App,Completed
ORD004942,CUST01131,12/02/2025,Mobile App,Cancelled
ORD004943,CUST00166,18/10/2023,Mobile App,Completed
ORD004944,CUST00539,10-11-2024,Marketplace,Returned
ORD004945,CUST00673,06-01-2024,Web,Completed
ORD004946,CUST00546,05-03-2023,Mobile App,Completed
ORD004947,CUST00262,2024-07-26,Web,Returned
ORD004948,CUST01067,2023-11-26,Marketplace,Cancelled
ORD004949,CUST01110,21/06/2023,Mobile App,Pending
ORD004950,CUST00984,2023-12-03,Mobile App,Completed
ORD004951,CUST00844,2024-08-20,Marketplace,Completed
ORD004952,CUST00628,2024-06-17,Marketplace,Pending
ORD004953,CUST00317,01-07-2023,Web,Returned
ORD004954,CUST00229,2024-02-21,Web,Completed
ORD004955,CUST00212,01-17-2024,Marketplace,Cancelled
ORD004956,CUST00908,2025-01-07,Marketplace,Returned
ORD004957,CUST00775,2024-05-12,Mobile App,Completed
ORD004958,CUST00540,08-12-2024,Web,Pending
ORD004959,CUST00224,10-05-2023,Mobile App,Completed
ORD004960,CUST00154,19/04/2024,Marketplace,Cancelled
ORD004961,CUST01067,2025-02-23,Marketplace,Completed
ORD004962,CUST00144,19/04/2024,Mobile App,Completed
ORD004963,CUST00597,09/10/2024,Mobile App,Pending
ORD004964,CUST01035,03-07-2025,Web,Returned
ORD004965,CUST00716,02-08-2023,Mobile App,Completed
ORD004966,CUST00414,04-29-2025,Marketplace,Returned
ORD004967,CUST00143,2023-06-28,Mobile App,Completed
ORD004968,CUST00912,01-02-2025,Marketplace,Completed
ORD004969,CUST01096,2025-01-15,Marketplace,Completed
ORD004970,CUST00561,2023-05-15,Marketplace,Returned
ORD004971,CUST00231,2023-09-27,Mobile App,Completed
ORD004972,CUST00978,2024-12-07,Web,Pending
ORD004973,CUST00343,08/02/2025,Web,Completed
ORD004974,CUST00286,06-02-2023,Marketplace,Completed
ORD004975,CUST00290,2023-10-02,Web,Completed
ORD004976,CUST00551,03-30-2025,Marketplace,Cancelled
ORD004977,CUST00359,19/04/2024,Marketplace,Returned
ORD004978,CUST00382,01-17-2023,Web,Pending
ORD004979,CUST00788,09/07/2024,Marketplace,Completed
ORD004980,CUST01062,09-02-2023,Web,Completed
ORD004981,CUST00624,12/12/2023,Web,Completed
ORD004982,CUST01131,03-11-2023,Marketplace,Completed
ORD004983,CUST00574,05-30-2023,Web,Completed
ORD004984,CUST00776,2025-01-11,Web,Completed
ORD004985,CUST00858,22/08/2024,Web,Completed
ORD004986,CUST00225,03-04-2023,Web,Completed
ORD004987,CUST01086,05-07-2024,Web,Completed
ORD004988,CUST00329,11/03/2024,Mobile App,Completed
ORD004989,CUST00728,08-02-2025,Mobile App,Completed
ORD004990,CUST00359,07-31-2025,Marketplace,Pending
ORD004991,CUST01066,21/08/2023,Web,Returned
ORD004992,CUST00119,16/11/2023,Web,Cancelled
ORD004993,CUST00082,11/03/2023,Marketplace,Completed
ORD004994,CUST00547,2025-05-10,Web,Completed
ORD004995,CUST01053,26/04/2023,Web,Returned
ORD004996,CUST00686,23/04/2025,Web,Cancelled
ORD004997,CUST01179,28/03/2023,Marketplace,Returned
ORD004998,CUST00058,12-10-2023,Mobile App,Completed
ORD004999,CUST00613,01/11/2023,Mobile App,Completed
ORD005000,CUST01067,01/04/2025,Web,Completed
ORD005001,CUST00730,20/06/2023,Marketplace,Completed
ORD005002,CUST00687,2025-04-02,Web,Returned
ORD005003,CUST00694,19/03/2023,Mobile App,Completed
ORD005004,CUST00917,03-03-2025,Web,Completed
ORD005005,CUST00540,02-15-2024,Web,Completed
ORD005006,CUST00669,2023-04-24,Web,Pending
ORD005007,CUST00606,2024-05-04,Web,Completed
ORD005008,CUST00858,18/04/2025,Mobile App,Completed
ORD005009,CUST00695,11-28-2023,Marketplace,Cancelled
ORD005010,CUST00971,09/12/2024,Marketplace,Completed
ORD005011,CUST00404,07-01-2025,Marketplace,Completed
ORD005012,CUST00350,2025-06-06,Marketplace,Pending
ORD005013,CUST01123,2025-01-17,Web,Completed
ORD005014,CUST00137,2024-05-09,Mobile App,Completed
ORD005015,CUST00030,01-08-2023,Web,Returned
ORD005016,CUST00280,12-27-2023,Mobile App,Returned
ORD005017,CUST01010,2025-06-13,Web,Completed
ORD005018,CUST00925,2023-04-16,Web,Returned
ORD005019,CUST01046,10-17-2024,Mobile App,Cancelled
ORD005020,CUST00839,17/01/2024,Marketplace,Cancelled
ORD005021,CUST00921,2024-01-29,Web,Completed
ORD005022,CUST00515,2024-05-01,Mobile App,Completed
ORD005023,CUST00302,23/11/2023,Marketplace,Completed
ORD005024,CUST01051,10-16-2023,Marketplace,Completed
ORD005025,CUST00547,2023-08-09,Mobile App,Completed
ORD005026,CUST00001,2025-07-03,Marketplace,Completed
ORD005027,CUST00624,2023-11-06,Web,Completed
ORD005028,CUST00297,27/07/2024,Mobile App,Returned
ORD005029,CUST00896,2025-03-30,Mobile App,Pending
ORD005030,CUST00939,15/03/2025,Marketplace,Completed
ORD005031,CUST00039,05-07-2024,Web,Completed
ORD005032,CUST00739,2024-09-27,Mobile App,Completed
ORD005033,CUST00491,05/08/2024,Web,Completed
ORD005034,CUST00410,2024-11-11,Web,Cancelled
ORD005035,CUST01177,2023-02-21,Marketplace,Completed
ORD005036,CUST01064,08-28-2024,Mobile App,Completed
ORD005037,CUST00595,2024-01-10,Mobile App,Returned
ORD005038,CUST00178,04-09-2025,Web,Cancelled
ORD005039,CUST00667,17/08/2024,Mobile App,Completed
ORD005040,CUST00728,25/01/2025,Marketplace,Completed
ORD005041,CUST00275,2025-06-22,Mobile App,Returned
ORD005042,CUST00522,2023-01-26,Mobile App,Returned
ORD005043,CUST00251,2023-01-19,Web,Returned
ORD005044,CUST00836,2024-12-16,Web,Returned
ORD005045,CUST00816,18/01/2023,Mobile App,Completed
ORD005046,CUST00123,28/03/2025,Web,Completed
ORD005047,CUST01180,08-22-2023,Marketplace,Completed
ORD005048,CUST00393,12-21-2023,Mobile App,Completed
ORD005049,CUST01132,02-24-2025,Web,Cancelled
ORD005050,CUST00880,2025-06-14,Marketplace,Pending
ORD005051,CUST00136,2023-11-07,Marketplace,Completed
ORD005052,CUST00711,30/01/2024,Web,Completed
ORD005053,CUST01080,10/01/2023,Marketplace,Pending
ORD005054,CUST01102,19/04/2023,Web,Completed
ORD005055,CUST00760,06/03/2023,Web,Cancelled
ORD005056,CUST00544,12-08-2024,Marketplace,Pending
ORD005057,CUST01145,03/04/2023,Mobile App,Pending
ORD005058,CUST00222,2025-01-02,Web,Cancelled
ORD005059,CUST00607,2023-02-03,Web,Completed
ORD005060,CUST00035,27/09/2024,Web,Returned
ORD005061,CUST00983,25/11/2024,Mobile App,Completed
ORD005062,CUST01139,07-03-2024,Marketplace,Completed
ORD005063,CUST00441,30/03/2024,Mobile App,Completed
ORD005064,CUST00428,22/07/2024,Marketplace,Completed
ORD005065,CUST01011,2023-07-18,Mobile App,Completed
ORD005066,CUST01023,2023-08-17,Marketplace,Completed
ORD005067,CUST00171,05-26-2025,Mobile App,Cancelled
ORD005068,CUST00314,05-27-2023,Web,Pending
ORD005069,CUST00005,27/05/2023,Marketplace,Pending
ORD005070,CUST00983,2025-03-14,Marketplace,Cancelled
ORD005071,CUST00198,01/07/2023,Web,Completed
ORD005072,CUST00157,04/04/2025,Web,Pending
ORD005073,CUST00631,15/03/2025,Web,Completed
ORD005074,CUST00957,12-24-2024,Marketplace,Pending
ORD005075,CUST00218,2023-11-08,Mobile App,Pending
ORD005076,CUST00996,01-31-2025,Mobile App,Returned
ORD005077,CUST00027,2023-12-22,Web,Completed
ORD005078,CUST00748,31/05/2023,Web,Completed
ORD005079,CUST00626,01-11-2023,Marketplace,Completed
ORD005080,CUST01134,18/08/2023,Mobile App,Pending
ORD005081,CUST00063,09-15-2024,Marketplace,Completed
ORD005082,CUST01049,12-02-2023,Web,Completed
ORD005083,CUST00449,28/03/2025,Web,Completed
ORD005084,CUST00797,2023-09-05,Marketplace,Cancelled
ORD005085,CUST00168,2024-09-06,Mobile App,Completed
ORD005086,CUST00029,25/02/2024,Web,Cancelled
ORD005087,CUST00351,02-24-2024,Web,Pending
ORD005088,CUST01187,2023-06-05,Marketplace,Completed
ORD005089,CUST00994,2024-08-08,Marketplace,Returned
ORD005090,CUST00909,04/08/2025,Web,Pending
ORD005091,CUST00325,16/04/2023,Web,Cancelled
ORD005092,CUST00991,12-31-2024,Mobile App,Pending
ORD005093,CUST01164,2023-02-26,Marketplace,Returned
ORD005094,CUST00003,2024-12-07,Web,Completed
ORD005095,CUST01113,21/02/2025,Web,Completed
ORD005096,CUST00812,06-11-2025,Mobile App,Completed
ORD005097,CUST00265,2024-05-01,Mobile App,Completed
ORD005098,CUST00124,15/03/2025,Marketplace,Completed
ORD005099,CUST00776,21/12/2024,Marketplace,Completed
ORD005100,CUST00166,03-09-2024,Marketplace,Completed
ORD005101,CUST00649,29/05/2023,Web,Completed
ORD005102,CUST00536,2023-04-28,Mobile App,Cancelled
ORD005103,CUST00026,12-04-2024,Mobile App,Cancelled
ORD005104,CUST00091,2023-06-04,Web,Cancelled
ORD005105,CUST00534,18/07/2025,Mobile App,Completed
ORD005106,CUST01162,2024-01-25,Marketplace,Completed
ORD005107,CUST00673,06/05/2025,Marketplace,Cancelled
ORD005108,CUST00865,10-18-2024,Mobile App,Returned
ORD005109,CUST01065,2024-10-08,Marketplace,Completed
ORD005110,CUST00499,06-27-2025,Marketplace,Completed
ORD005111,CUST00239,19/03/2023,Marketplace,Completed
ORD005112,CUST00444,2024-06-11,Web,Completed
ORD005113,CUST00649,29/05/2023,Marketplace,Completed
ORD005114,CUST01031,02-15-2024,Mobile App,Completed
ORD005115,CUST00804,2024-03-05,Mobile App,Completed
ORD005116,CUST00018,06/03/2023,Web,Completed
ORD005117,CUST01085,2023-11-21,Mobile App,Pending
ORD005118,CUST00305,2023-11-30,Mobile App,Completed
ORD005119,CUST00058,26/10/2023,Web,Completed
ORD005120,CUST00919,16/01/2024,Marketplace,Pending
ORD005121,CUST00295,2024-04-07,Marketplace,Cancelled
ORD005122,CUST00491,2023-08-28,Web,Completed
ORD005123,CUST00890,04-12-2023,Mobile App,Completed
ORD005124,CUST01129,12-19-2023,Mobile App,Returned
ORD005125,CUST01122,12-29-2024,Marketplace,Completed
ORD005126,CUST00284,24/11/2024,Marketplace,Completed
ORD005127,CUST00021,04-02-2025,Web,Completed
ORD005128,CUST00655,2025-06-02,Web,Completed
ORD005129,CUST00559,30/10/2023,Mobile App,Returned
ORD005130,CUST00383,2024-04-03,Web,Pending
ORD005131,CUST01112,06/02/2023,Mobile App,Completed
ORD005132,CUST00933,08-31-2023,Web,Completed
ORD005133,CUST00976,2025-02-08,Mobile App,Completed
ORD005134,CUST00448,02-10-2024,Marketplace,Pending
ORD005135,CUST00724,11-02-2024,Mobile App,Returned
ORD005136,CUST00389,2023-07-02,Web,Cancelled
ORD005137,CUST00063,05/11/2023,Marketplace,Completed
ORD005138,CUST00592,08/10/2023,Web,Pending
ORD005139,CUST00538,23/04/2024,Web,Returned
ORD005140,CUST00491,23/04/2025,Mobile App,Pending
ORD005141,CUST00334,04/02/2025,Mobile App,Cancelled
ORD005142,CUST00451,12-10-2023,Marketplace,Completed
ORD005143,CUST00684,02-16-2024,Mobile App,Completed
ORD005144,CUST00123,18/08/2024,Web,Pending
ORD005145,CUST00634,01/10/2024,Web,Pending
ORD005146,CUST00557,25/09/2024,Web,Completed
ORD005147,CUST00154,01-25-2024,Mobile App,Completed
ORD005148,CUST01074,27/03/2024,Marketplace,Cancelled
ORD005149,CUST00062,03/03/2023,Marketplace,Cancelled
ORD005150,CUST01024,10-03-2023,Mobile App,Cancelled
ORD005151,CUST01003,05-24-2023,Marketplace,Completed
ORD005152,CUST00472,05/02/2025,Mobile App,Cancelled
ORD005153,CUST01179,27/04/2024,Marketplace,Completed
ORD005154,CUST00575,27/05/2024,Mobile App,Returned
ORD005155,CUST01116,05-21-2023,Web,Completed
ORD005156,CUST00923,2023-09-26,Marketplace,Pending
ORD005157,CUST00052,16/01/2024,Marketplace,Returned
ORD005158,CUST00068,2023-06-06,Web,Returned
ORD005159,CUST01045,02/06/2024,Marketplace,Completed
ORD005160,CUST00175,2024-05-16,Marketplace,Pending
ORD005161,CUST00902,17/08/2024,Mobile App,Completed
ORD005162,CUST00557,20/08/2024,Web,Completed
ORD005163,CUST00435,10-11-2023,Mobile App,Completed
ORD005164,CUST00798,27/01/2024,Marketplace,Returned
ORD005165,CUST00902,05-30-2024,Mobile App,Completed
ORD005166,CUST00374,2024-03-12,Mobile App,Completed
ORD005167,CUST00544,2023-07-02,Marketplace,Returned
ORD005168,CUST00606,2025-07-19,Web,Completed
ORD005169,CUST00032,22/10/2024,Marketplace,Completed
ORD005170,CUST00196,2023-06-03,Web,Completed
ORD005171,CUST00180,02/05/2024,Marketplace,Cancelled
ORD005172,CUST00656,2024-07-30,Marketplace,Completed
ORD005173,CUST00170,11-05-2023,Web,Pending
ORD005174,CUST00206,21/01/2023,Mobile App,Returned
ORD005175,CUST00116,10/10/2024,Marketplace,Completed
ORD005176,CUST00241,09/06/2024,Web,Completed
ORD005177,CUST00780,10-25-2024,Mobile App,Returned
ORD005178,CUST00887,08/07/2023,Web,Completed
ORD005179,CUST00878,01-22-2023,Marketplace,Returned
ORD005180,CUST00171,05-02-2024,Web,Completed
ORD005181,CUST00419,03-22-2023,Web,Completed
ORD005182,CUST00673,2023-07-22,Web,Completed
ORD005183,CUST00163,05/02/2023,Marketplace,Completed
ORD005184,CUST00017,06-28-2025,Marketplace,Cancelled
ORD005185,CUST00045,30/07/2024,Web,Completed
ORD005186,CUST00923,05-16-2023,Marketplace,Completed
ORD005187,CUST01034,2025-08-03,Mobile App,Completed
ORD005188,CUST00112,19/03/2025,Marketplace,Pending
ORD005189,CUST00282,2024-12-03,Web,Completed
ORD005190,CUST00763,29/06/2024,Marketplace,Completed
ORD005191,CUST01057,12-09-2023,Mobile App,Completed
ORD005192,CUST00873,2023-05-02,Mobile App,Cancelled
ORD005193,CUST00041,2024-04-04,Mobile App,Cancelled
ORD005194,CUST00649,2023-08-03,Web,Completed
ORD005195,CUST00562,25/02/2025,Web,Completed
ORD005196,CUST00080,04/06/2024,Web,Pending
ORD005197,CUST00637,01-14-2023,Mobile App,Completed
ORD005198,CUST00311,2024-09-19,Mobile App,Completed
ORD005199,CUST00307,02/03/2023,Mobile App,Completed
ORD005200,CUST00947,24/03/2023,Web,Pending
ORD005201,CUST00998,10-12-2023,Web,Returned
ORD005202,CUST00215,05-05-2024,Mobile App,Returned
ORD005203,CUST00771,01-24-2023,Web,Completed
ORD005204,CUST01079,29/05/2024,Web,Completed
ORD005205,CUST01141,03-05-2024,Mobile App,Returned
ORD005206,CUST01038,2024-09-12,Mobile App,Completed
ORD005207,CUST00579,2024-01-10,Mobile App,Completed
ORD005208,CUST01030,22/08/2024,Marketplace,Pending
ORD005209,CUST00581,2024-12-20,Mobile App,Cancelled
ORD005210,CUST00781,04/01/2025,Mobile App,Completed
ORD005211,CUST00741,2024-11-28,Web,Returned
ORD005212,CUST00923,2025-01-26,Mobile App,Completed
ORD005213,CUST00179,2025-05-19,Mobile App,Returned
ORD005214,CUST00822,2024-05-16,Marketplace,Completed
ORD005215,CUST00486,08/07/2023,Mobile App,Completed
ORD005216,CUST00960,03-13-2024,Mobile App,Completed
ORD005217,CUST01008,21/01/2025,Web,Completed
ORD005218,CUST01141,2025-08-02,Marketplace,Completed
ORD005219,CUST00433,06/06/2025,Mobile App,Pending
ORD005220,CUST01095,05/08/2025,Marketplace,Completed
ORD005221,CUST00411,23/02/2025,Marketplace,Completed
ORD005222,CUST00573,29/09/2024,Web,Completed
ORD005223,CUST00062,05/08/2025,Web,Pending
ORD005224,CUST00976,06-28-2024,Web,Pending
ORD005225,CUST00926,2025-01-19,Mobile App,Returned
ORD005226,CUST00048,05-08-2024,Web,Completed
ORD005227,CUST00022,2024-01-02,Web,Completed
ORD005228,CUST00356,2023-08-05,Mobile App,Completed
ORD005229,CUST00925,2024-10-03,Marketplace,Cancelled
ORD005230,CUST00173,2024-12-20,Mobile App,Completed
ORD005231,CUST00608,09-10-2023,Marketplace,Completed
ORD005232,CUST01030,2023-01-30,Marketplace,Returned
ORD005233,CUST00248,07-21-2024,Web,Completed
ORD005234,CUST00144,2023-07-29,Marketplace,Pending
ORD005235,CUST00613,2025-08-05,Marketplace,Returned
ORD005236,CUST00795,10/09/2024,Mobile App,Pending
ORD005237,CUST00115,06-02-2023,Marketplace,Completed
ORD005238,CUST00151,2024-06-07,Marketplace,Returned
ORD005239,CUST00642,2024-10-31,Web,Cancelled
ORD005240,CUST00083,03-01-2024,Marketplace,Returned
ORD005241,CUST01144,18/10/2024,Web,Completed
ORD005242,CUST00643,07-23-2023,Web,Pending
ORD005243,CUST00277,22/10/2023,Mobile App,Returned
ORD005244,CUST00103,2024-05-26,Mobile App,Completed
ORD005245,CUST00014,2023-05-22,Mobile App,Completed
ORD005246,CUST00334,06/12/2023,Web,Completed
ORD005247,CUST00596,08-15-2024,Marketplace,Completed
ORD005248,CUST00542,06/03/2025,Mobile App,Completed
ORD005249,CUST01009,03-08-2025,Marketplace,Completed
ORD005250,CUST00897,28/04/2023,Mobile App,Returned
ORD005251,CUST00098,11/10/2023,Web,Completed
ORD005252,CUST00552,2023-11-15,Marketplace,Returned
ORD005253,CUST00018,27/06/2025,Mobile App,Completed
ORD005254,CUST01111,01-15-2024,Marketplace,Cancelled
ORD005255,CUST01135,01-19-2024,Marketplace,Completed
ORD005256,CUST00753,31/10/2024,Web,Cancelled
ORD005257,CUST00164,03-01-2023,Mobile App,Completed
ORD005258,CUST00236,22/09/2024,Mobile App,Completed
ORD005259,CUST00132,05/05/2024,Marketplace,Returned
ORD005260,CUST00780,2024-01-21,Mobile App,Completed
ORD005261,CUST00892,03-03-2024,Mobile App,Completed
ORD005262,CUST00299,03-18-2024,Web,Completed
ORD005263,CUST00615,2025-04-24,Mobile App,Returned
ORD005264,CUST01105,24/12/2024,Marketplace,Cancelled
ORD005265,CUST00965,08/11/2023,Web,Cancelled
ORD005266,CUST01085,28/12/2023,Mobile App,Completed
ORD005267,CUST00755,18/11/2023,Web,Pending
ORD005268,CUST00052,03-02-2024,Web,Completed
ORD005269,CUST00076,05-26-2024,Web,Pending
ORD005270,CUST01039,2023-03-11,Marketplace,Completed
ORD005271,CUST00366,19/10/2024,Marketplace,Cancelled
ORD005272,CUST01124,08-20-2024,Marketplace,Returned
ORD005273,CUST00030,2025-07-24,Marketplace,Completed
ORD005274,CUST00415,21/05/2024,Marketplace,Cancelled
ORD005275,CUST00081,03-31-2023,Marketplace,Completed
ORD005276,CUST00386,02-03-2023,Mobile App,Pending
ORD005277,CUST00612,2023-10-05,Mobile App,Completed
ORD005278,CUST00773,06/09/2024,Web,Completed
ORD005279,CUST00184,2023-09-06,Web,Cancelled
ORD005280,CUST00079,2023-03-24,Marketplace,Completed
ORD005281,CUST00613,02-13-2025,Marketplace,Completed
ORD005282,CUST00400,04-13-2025,Mobile App,Completed
ORD005283,CUST00627,2024-12-02,Marketplace,Pending
ORD005284,CUST00731,27/03/2024,Mobile App,Returned
ORD005285,CUST00112,04/03/2023,Mobile App,Completed
ORD005286,CUST01070,07-21-2025,Marketplace,Completed
ORD005287,CUST00292,09-28-2024,Web,Completed
ORD005288,CUST00322,10/03/2025,Web,Returned
ORD005289,CUST00302,10-19-2023,Marketplace,Completed
ORD005290,CUST00523,03-26-2025,Web,Completed
ORD005291,CUST00332,2025-03-25,Web,Pending
ORD005292,CUST00312,2025-03-11,Web,Cancelled
ORD005293,CUST01135,06/11/2023,Marketplace,Pending
ORD005294,CUST01000,09-26-2023,Web,Completed
ORD005295,CUST00756,24/06/2025,Web,Completed
ORD005296,CUST01097,13/12/2023,Mobile App,Completed
ORD005297,CUST00452,2025-02-06,Mobile App,Pending
ORD005298,CUST00732,2023-05-16,Web,Pending
ORD005299,CUST00556,2024-05-01,Web,Completed
ORD005300,CUST00439,03-03-2024,Web,Pending
ORD005301,CUST00151,2023-03-18,Marketplace,Pending
ORD005302,CUST00332,11/01/2023,Marketplace,Completed
ORD005303,CUST00659,07-30-2024,Marketplace,Completed
ORD005304,CUST00979,2023-08-24,Mobile App,Completed
ORD005305,CUST00749,02/05/2024,Mobile App,Completed
ORD005306,CUST00442,08-13-2024,Marketplace,Pending
ORD005307,CUST01028,01/01/2025,Web,Completed
ORD005308,CUST01026,06/07/2024,Marketplace,Completed
ORD005309,CUST00344,07-24-2023,Mobile App,Completed
ORD005310,CUST00747,19/11/2024,Marketplace,Completed
ORD005311,CUST01074,2025-07-10,Web,Completed
ORD005312,CUST00594,02-18-2024,Web,Completed
ORD005313,CUST01190,12-16-2023,Marketplace,Returned
ORD005314,CUST00311,2024-06-23,Marketplace,Pending
ORD005315,CUST00117,07/02/2025,Web,Completed
ORD005316,CUST00103,29/07/2023,Web,Completed
ORD005317,CUST00602,24/03/2025,Mobile App,Completed
ORD005318,CUST00651,2023-09-09,Marketplace,Completed
ORD005319,CUST00354,03-03-2023,Mobile App,Completed
ORD005320,CUST00019,2023-10-05,Mobile App,Cancelled
ORD005321,CUST01115,12/04/2023,Marketplace,Completed
ORD005322,CUST01146,01/04/2023,Mobile App,Returned
ORD005323,CUST00958,20/09/2024,Web,Completed
ORD005324,CUST00832,07-27-2024,Web,Completed
ORD005325,CUST01192,01-12-2024,Web,Cancelled
ORD005326,CUST00727,17/02/2024,Web,Completed
ORD005327,CUST00604,08-14-2023,Mobile App,Pending
ORD005328,CUST00880,07-07-2024,Web,Cancelled
ORD005329,CUST00620,2024-07-24,Mobile App,Pending
ORD005330,CUST00530,24/04/2024,Marketplace,Cancelled
ORD005331,CUST00933,27/01/2024,Web,Completed
ORD005332,CUST00887,19/05/2023,Mobile App,Pending
ORD005333,CUST00855,12-03-2024,Web,Completed
ORD005334,CUST00060,13/02/2024,Marketplace,Cancelled
ORD005335,CUST00353,29/05/2023,Web,Pending
ORD005336,CUST00008,04-30-2023,Web,Cancelled
ORD005337,CUST00937,09-06-2024,Mobile App,Cancelled
ORD005338,CUST01059,07-17-2025,Marketplace,Completed
ORD005339,CUST00567,19/04/2023,Marketplace,Cancelled
ORD005340,CUST00543,2024-10-02,Marketplace,Completed
ORD005341,CUST01164,2024-04-15,Mobile App,Returned
ORD005342,CUST00295,24/05/2024,Marketplace,Completed
ORD005343,CUST00852,06-26-2024,Marketplace,Completed
ORD005344,CUST00627,02-12-2024,Marketplace,Completed
ORD005345,CUST00808,25/01/2023,Marketplace,Pending
ORD005346,CUST00685,31/03/2023,Web,Completed
ORD005347,CUST00672,03-25-2023,Marketplace,Completed
ORD005348,CUST00821,14/11/2023,Web,Completed
ORD005349,CUST00861,24/06/2024,Marketplace,Pending
ORD005350,CUST00316,2024-07-10,Mobile App,Cancelled
ORD005351,CUST00066,01-21-2024,Marketplace,Pending
ORD005352,CUST00222,2023-03-10,Mobile App,Returned
ORD005353,CUST01196,2024-11-02,Marketplace,Returned
ORD005354,CUST00078,11-03-2023,Web,Completed
ORD005355,CUST00206,09-02-2024,Marketplace,Cancelled
ORD005356,CUST00270,2024-12-15,Web,Completed
ORD005357,CUST00653,2023-04-20,Mobile App,Pending
ORD005358,CUST00054,2023-05-07,Mobile App,Returned
ORD005359,CUST00514,2023-01-10,Marketplace,Completed
ORD005360,CUST00194,2023-02-03,Mobile App,Completed
ORD005361,CUST00086,2024-06-28,Web,Completed
ORD005362,CUST00191,2024-01-20,Mobile App,Completed
ORD005363,CUST00632,05-13-2025,Mobile App,Completed
ORD005364,CUST00861,2023-05-15,Mobile App,Pending
ORD005365,CUST00168,08-31-2024,Marketplace,Completed
ORD005366,CUST00356,07-05-2024,Web,Completed
ORD005367,CUST00940,06-15-2025,Marketplace,Returned
ORD005368,CUST00712,2025-06-01,Web,Completed
ORD005369,CUST00798,08/07/2024,Marketplace,Completed
ORD005370,CUST00501,13/08/2024,Mobile App,Completed
ORD005371,CUST00443,10-24-2023,Mobile App,Completed
ORD005372,CUST00428,2023-09-20,Mobile App,Completed
ORD005373,CUST00349,2024-02-19,Mobile App,Completed
ORD005374,CUST00509,2024-02-25,Web,Completed
ORD005375,CUST00164,29/04/2025,Marketplace,Cancelled
ORD005376,CUST01008,2025-06-13,Mobile App,Pending
ORD005377,CUST01190,07-23-2024,Mobile App,Completed
ORD005378,CUST00078,2024-08-18,Mobile App,Returned
ORD005379,CUST01134,03-02-2024,Mobile App,Completed
ORD005380,CUST00358,02/12/2024,Web,Returned
ORD005381,CUST00922,29/10/2024,Web,Returned
ORD005382,CUST00731,06-29-2025,Mobile App,Cancelled
ORD005383,CUST00610,2024-08-28,Mobile App,Completed
ORD005384,CUST00710,05/07/2023,Mobile App,Completed
ORD005385,CUST00122,01-09-2023,Web,Completed
ORD005386,CUST01028,19/04/2024,Marketplace,Pending
ORD005387,CUST01010,07-14-2023,Marketplace,Completed
ORD005388,CUST00527,08/07/2023,Marketplace,Completed
ORD005389,CUST00459,06-10-2025,Marketplace,Pending
ORD005390,CUST00458,2023-02-02,Mobile App,Completed
ORD005391,CUST01008,2024-01-30,Marketplace,Completed
ORD005392,CUST01139,07/06/2024,Mobile App,Completed
ORD005393,CUST00873,2023-06-09,Mobile App,Completed
ORD005394,CUST00164,02/07/2025,Marketplace,Completed
ORD005395,CUST00785,01-25-2024,Web,Pending
ORD005396,CUST00195,02/09/2023,Web,Pending
ORD005397,CUST00247,09-08-2024,Web,Completed
ORD005398,CUST00090,12/06/2025,Web,Completed
ORD005399,CUST01186,02-12-2025,Marketplace,Completed
ORD005400,CUST00949,2023-03-26,Marketplace,Completed
ORD005401,CUST00360,04-28-2024,Mobile App,Cancelled
ORD005402,CUST00198,06-25-2023,Mobile App,Pending
ORD005403,CUST00985,2023-02-09,Marketplace,Returned
ORD005404,CUST00720,2023-12-23,Mobile App,Cancelled
ORD005405,CUST01113,04-01-2024,Mobile App,Cancelled
ORD005406,CUST01181,10/08/2024,Mobile App,Completed
ORD005407,CUST01007,2024-05-03,Web,Pending
ORD005408,CUST00928,04/10/2023,Web,Completed
ORD005409,CUST00331,04/10/2023,Marketplace,Cancelled
ORD005410,CUST00177,01-02-2024,Web,Completed
ORD005411,CUST00434,09-10-2024,Mobile App,Completed
ORD005412,CUST00153,2023-07-18,Marketplace,Cancelled
ORD005413,CUST00245,05-20-2025,Mobile App,Cancelled
ORD005414,CUST00210,08-08-2023,Marketplace,Returned
ORD005415,CUST00690,2023-05-10,Marketplace,Returned
ORD005416,CUST00855,2023-03-18,Marketplace,Returned
ORD005417,CUST01180,2024-01-19,Mobile App,Completed
ORD005418,CUST00245,10/06/2024,Web,Completed
ORD005419,CUST00966,2023-10-24,Web,Completed
ORD005420,CUST01156,05-17-2024,Web,Completed
ORD005421,CUST00245,2025-08-03,Web,Completed
ORD005422,CUST00959,23/10/2024,Mobile App,Completed
ORD005423,CUST01042,2023-06-30,Mobile App,Completed
ORD005424,CUST00460,07-25-2023,Web,Pending
ORD005425,CUST00199,01-28-2023,Marketplace,Pending
ORD005426,CUST00962,2023-06-02,Mobile App,Pending
ORD005427,CUST00292,04/11/2024,Web,Completed
ORD005428,CUST01097,2024-04-21,Web,Completed
ORD005429,CUST00521,05-29-2024,Web,Completed
ORD005430,CUST01084,12-29-2024,Mobile App,Completed
ORD005431,CUST00035,03-25-2023,Web,Cancelled
ORD005432,CUST00170,29/01/2023,Marketplace,Completed
ORD005433,CUST00402,07-09-2023,Marketplace,Pending
ORD005434,CUST00266,03-10-2025,Marketplace,Completed
ORD005435,CUST00653,11-22-2024,Marketplace,Completed
ORD005436,CUST01057,27/07/2023,Web,Returned
ORD005437,CUST00859,2023-11-24,Marketplace,Completed
ORD005438,CUST00274,2024-04-03,Web,Returned
ORD005439,CUST00958,03/03/2024,Web,Completed
ORD005440,CUST00482,2024-12-03,Mobile App,Cancelled
ORD005441,CUST00266,11/06/2025,Web,Completed
ORD005442,CUST00313,2024-05-29,Mobile App,Returned
ORD005443,CUST00404,01-08-2025,Mobile App,Returned
ORD005444,CUST00160,24/03/2023,Marketplace,Returned
ORD005445,CUST00359,14/08/2023,Mobile App,Completed
ORD005446,CUST00145,2024-05-21,Marketplace,Completed
ORD005447,CUST00156,22/03/2024,Mobile App,Pending
ORD005448,CUST00896,2024-04-07,Marketplace,Completed
ORD005449,CUST00844,06-01-2024,Web,Pending
ORD005450,CUST00605,02-07-2025,Marketplace,Pending
ORD005451,CUST00973,29/09/2024,Marketplace,Completed
ORD005452,CUST00110,31/08/2024,Marketplace,Cancelled
ORD005453,CUST00093,2024-11-09,Mobile App,Cancelled
ORD005454,CUST00052,07/06/2023,Mobile App,Completed
ORD005455,CUST00956,08/01/2024,Marketplace,Completed
ORD005456,CUST00830,05-10-2023,Mobile App,Returned
ORD005457,CUST01087,03-25-2025,Marketplace,Completed
ORD005458,CUST00230,2024-06-09,Web,Pending
ORD005459,CUST00066,2024-03-09,Marketplace,Completed
ORD005460,CUST01091,2025-03-29,Web,Returned
ORD005461,CUST00414,01-14-2025,Marketplace,Cancelled
ORD005462,CUST00460,15/06/2023,Mobile App,Returned
ORD005463,CUST00016,2023-12-13,Mobile App,Pending
ORD005464,CUST00143,04-11-2024,Web,Completed
ORD005465,CUST00707,08/01/2025,Web,Completed
ORD005466,CUST00967,2025-02-27,Mobile App,Completed
ORD005467,CUST00591,03-20-2024,Marketplace,Completed
ORD005468,CUST00927,08/01/2024,Web,Completed
ORD005469,CUST00844,07-19-2025,Mobile App,Completed
ORD005470,CUST00885,01-25-2024,Web,Completed
ORD005471,CUST00240,06-01-2025,Web,Completed
ORD005472,CUST00564,17/05/2024,Marketplace,Completed
ORD005473,CUST00303,2023-07-05,Mobile App,Pending
ORD005474,CUST00417,25/06/2023,Marketplace,Returned
ORD005475,CUST00240,2023-06-23,Marketplace,Completed
ORD005476,CUST00633,09-23-2024,Marketplace,Completed
ORD005477,CUST00812,2024-05-09,Marketplace,Completed
ORD005478,CUST01067,2024-04-22,Marketplace,Pending
ORD005479,CUST00957,04-23-2023,Web,Completed
ORD005480,CUST00705,23/01/2023,Mobile App,Completed
ORD005481,CUST00628,2023-12-15,Mobile App,Completed
ORD005482,CUST00402,12-08-2024,Marketplace,Pending
ORD005483,CUST00281,24/04/2025,Web,Cancelled
ORD005484,CUST00430,03-03-2024,Mobile App,Pending
ORD005485,CUST00710,09-23-2023,Mobile App,Pending
ORD005486,CUST00105,2024-04-09,Mobile App,Returned
ORD005487,CUST00325,06-14-2024,Marketplace,Cancelled
ORD005488,CUST01050,23/10/2023,Web,Completed
ORD005489,CUST00282,2024-07-13,Marketplace,Cancelled
ORD005490,CUST01122,2025-05-15,Mobile App,Returned
ORD005491,CUST00196,04-06-2023,Marketplace,Completed
ORD005492,CUST00829,28/10/2024,Marketplace,Completed
ORD005493,CUST00894,2023-01-05,Web,Completed
ORD005494,CUST01175,07-18-2024,Mobile App,Completed
ORD005495,CUST00246,2023-08-26,Marketplace,Cancelled
ORD005496,CUST00613,2023-03-05,Marketplace,Completed
ORD005497,CUST00649,2023-10-18,Mobile App,Cancelled
ORD005498,CUST00963,2024-10-04,Web,Pending
ORD005499,CUST00668,04-16-2024,Web,Completed
ORD005500,CUST00804,30/11/2023,Web,Completed
ORD005501,CUST00417,2024-04-24,Marketplace,Pending
ORD005502,CUST00800,02-13-2023,Web,Pending
ORD005503,CUST00745,06-27-2023,Web,Returned
ORD005504,CUST00389,2025-04-18,Marketplace,Completed
ORD005505,CUST00361,2023-01-20,Mobile App,Pending
ORD005506,CUST00624,03/07/2024,Web,Completed
ORD005507,CUST00629,22/05/2025,Web,Completed
ORD005508,CUST00386,05-24-2025,Mobile App,Completed
ORD005509,CUST00489,09-17-2023,Marketplace,Pending
ORD005510,CUST00397,2023-07-11,Mobile App,Cancelled
ORD005511,CUST00401,2024-11-03,Mobile App,Cancelled
ORD005512,CUST00089,2024-09-26,Web,Completed
ORD005513,CUST00703,04/02/2025,Web,Completed
ORD005514,CUST00564,12/01/2025,Mobile App,Completed
ORD005515,CUST00928,08-11-2024,Marketplace,Completed
ORD005516,CUST01121,02-27-2023,Web,Completed
ORD005517,CUST00226,21/06/2025,Marketplace,Pending
ORD005518,CUST00563,10/04/2025,Web,Cancelled
ORD005519,CUST00067,2024-01-19,Marketplace,Completed
ORD005520,CUST00729,01/03/2024,Mobile App,Returned
ORD005521,CUST01050,07-18-2025,Web,Completed
ORD005522,CUST00606,02-05-2025,Mobile App,Completed
ORD005523,CUST00526,2023-07-10,Web,Returned
ORD005524,CUST00923,29/05/2023,Web,Returned
ORD005525,CUST00372,11/09/2023,Mobile App,Completed
ORD005526,CUST00311,2025-07-27,Marketplace,Completed
ORD005527,CUST01052,2023-03-17,Web,Completed
ORD005528,CUST00509,2024-07-22,Web,Returned
ORD005529,CUST00727,05-05-2025,Mobile App,Cancelled
ORD005530,CUST00019,07-14-2024,Mobile App,Cancelled
ORD005531,CUST00053,08-04-2025,Marketplace,Completed
ORD005532,CUST00668,06-30-2023,Mobile App,Completed
ORD005533,CUST00318,27/07/2025,Mobile App,Completed
ORD005534,CUST00598,11/07/2024,Web,Cancelled
ORD005535,CUST00403,19/01/2023,Web,Cancelled
ORD005536,CUST00961,2024-03-25,Mobile App,Completed
ORD005537,CUST00615,27/11/2023,Web,Returned
ORD005538,CUST00939,03-12-2023,Marketplace,Completed
ORD005539,CUST00679,2023-11-13,Mobile App,Cancelled
ORD005540,CUST00178,08-28-2023,Marketplace,Returned
ORD005541,CUST01015,05-22-2023,Mobile App,Completed
ORD005542,CUST00614,2024-05-09,Marketplace,Returned
ORD005543,CUST00914,2023-11-30,Marketplace,Cancelled
ORD005544,CUST01080,31/07/2024,Marketplace,Completed
ORD005545,CUST00151,07/01/2025,Marketplace,Completed
ORD005546,CUST00240,2024-05-09,Web,Completed
ORD005547,CUST00431,15/01/2025,Mobile App,Pending
ORD005548,CUST00075,2024-05-21,Web,Cancelled
ORD005549,CUST00054,06-12-2023,Web,Cancelled
ORD005550,CUST00628,03/08/2023,Marketplace,Completed
ORD005551,CUST01137,07-29-2024,Marketplace,Completed
ORD005552,CUST00520,2024-02-15,Marketplace,Completed
ORD005553,CUST00205,2025-05-18,Marketplace,Cancelled
ORD005554,CUST00745,06/03/2023,Marketplace,Completed
ORD005555,CUST00347,2024-01-01,Marketplace,Completed
ORD005556,CUST00170,01/06/2023,Web,Returned
ORD005557,CUST01015,2024-05-04,Marketplace,Pending
ORD005558,CUST00637,2025-02-03,Marketplace,Pending
ORD005559,CUST00270,03-12-2023,Mobile App,Completed
ORD005560,CUST00871,05-22-2025,Web,Completed
ORD005561,CUST00307,19/11/2024,Web,Completed
ORD005562,CUST00740,08-21-2023,Mobile App,Completed
ORD005563,CUST00963,2024-02-10,Web,Completed
ORD005564,CUST00112,2025-03-05,Mobile App,Completed
ORD005565,CUST00270,28/07/2025,Marketplace,Completed
ORD005566,CUST01067,12-06-2024,Marketplace,Returned
ORD005567,CUST00632,02-23-2024,Web,Completed
ORD005568,CUST00237,2024-12-28,Web,Returned
ORD005569,CUST00899,2024-12-21,Mobile App,Completed
ORD005570,CUST00372,12-11-2024,Mobile App,Pending
ORD005571,CUST00987,03-01-2023,Mobile App,Completed
ORD005572,CUST00753,2025-01-26,Web,Completed
ORD005573,CUST00930,2024-11-20,Web,Returned
ORD005574,CUST00583,20/09/2023,Marketplace,Completed
ORD005575,CUST00685,28/10/2024,Web,Completed
ORD005576,CUST00152,21/12/2023,Mobile App,Completed
ORD005577,CUST01086,07/05/2023,Web,Completed
ORD005578,CUST00943,2025-03-23,Marketplace,Completed
ORD005579,CUST01179,2023-03-30,Web,Pending
ORD005580,CUST00969,08/08/2024,Marketplace,Returned
ORD005581,CUST00518,07-27-2024,Mobile App,Completed
ORD005582,CUST00234,2025-03-24,Marketplace,Completed
ORD005583,CUST00542,09/06/2024,Mobile App,Completed
ORD005584,CUST01198,2024-03-22,Web,Completed
ORD005585,CUST00870,23/05/2025,Mobile App,Completed
ORD005586,CUST00130,03/03/2023,Marketplace,Cancelled
ORD005587,CUST00978,05-16-2025,Web,Returned
ORD005588,CUST00915,02-21-2025,Marketplace,Completed
ORD005589,CUST00903,29/11/2023,Web,Completed
ORD005590,CUST00258,03-09-2025,Mobile App,Completed
ORD005591,CUST00454,10-24-2024,Web,Completed
ORD005592,CUST00518,02-18-2023,Mobile App,Pending
ORD005593,CUST00966,01-12-2024,Marketplace,Completed
ORD005594,CUST00721,2024-07-06,Web,Completed
ORD005595,CUST00688,06-06-2023,Mobile App,Completed
ORD005596,CUST00661,2023-10-06,Mobile App,Completed
ORD005597,CUST01015,05-13-2025,Marketplace,Completed
ORD005598,CUST00671,17/05/2023,Marketplace,Completed
ORD005599,CUST00085,2025-03-10,Marketplace,Cancelled
ORD005600,CUST00195,12-08-2024,Mobile App,Cancelled
ORD005601,CUST00668,2024-12-18,Mobile App,Completed
ORD005602,CUST00839,10-10-2024,Web,Completed
ORD005603,CUST00144,10-11-2024,Web,Returned
ORD005604,CUST01190,2024-11-22,Mobile App,Completed
ORD005605,CUST00414,01-25-2023,Web,Completed
ORD005606,CUST00171,05-31-2025,Web,Cancelled
ORD005607,CUST00109,2024-02-04,Web,Completed
ORD005608,CUST00153,11-17-2023,Marketplace,Completed
ORD005609,CUST01179,26/10/2023,Web,Pending
ORD005610,CUST00686,2023-10-03,Marketplace,Completed
ORD005611,CUST01154,2024-02-03,Mobile App,Completed
ORD005612,CUST00096,08-07-2025,Mobile App,Completed
ORD005613,CUST00493,07/07/2023,Web,Cancelled
ORD005614,CUST00086,21/02/2025,Marketplace,Completed
ORD005615,CUST00266,06-23-2024,Marketplace,Returned
ORD005616,CUST00017,2023-09-20,Marketplace,Completed
ORD005617,CUST00684,2025-04-19,Mobile App,Completed
ORD005618,CUST00094,08-15-2024,Marketplace,Returned
ORD005619,CUST00743,07-02-2024,Web,Completed
ORD005620,CUST00104,04-05-2025,Mobile App,Completed
ORD005621,CUST01189,08/08/2024,Marketplace,Pending
ORD005622,CUST01083,07-03-2025,Web,Completed
ORD005623,CUST01086,11/06/2025,Marketplace,Completed
ORD005624,CUST00899,15/12/2023,Web,Completed
ORD005625,CUST00799,2023-06-09,Marketplace,Pending
ORD005626,CUST00515,2023-08-06,Marketplace,Completed
ORD005627,CUST00738,16/06/2023,Mobile App,Returned
ORD005628,CUST00285,2023-07-26,Marketplace,Completed
ORD005629,CUST01088,29/07/2025,Marketplace,Returned
ORD005630,CUST00132,01-26-2023,Web,Completed
ORD005631,CUST00605,11-28-2024,Marketplace,Completed
ORD005632,CUST00687,30/03/2025,Mobile App,Cancelled
ORD005633,CUST00160,2024-01-31,Mobile App,Pending
ORD005634,CUST00128,10-27-2024,Mobile App,Pending
ORD005635,CUST01186,02-26-2024,Web,Pending
ORD005636,CUST00123,03-10-2025,Marketplace,Completed
ORD005637,CUST00148,06-01-2025,Mobile App,Completed
ORD005638,CUST00517,19/03/2025,Marketplace,Completed
ORD005639,CUST00728,01-24-2025,Mobile App,Completed
ORD005640,CUST01149,2024-11-30,Web,Pending
ORD005641,CUST00369,2023-10-01,Mobile App,Completed
ORD005642,CUST00887,2023-09-23,Web,Completed
ORD005643,CUST01150,13/03/2025,Mobile App,Completed
ORD005644,CUST00904,04-13-2024,Marketplace,Completed
ORD005645,CUST00364,01-18-2023,Web,Cancelled
ORD005646,CUST00683,29/05/2024,Marketplace,Cancelled
ORD005647,CUST00549,12-13-2023,Mobile App,Cancelled
ORD005648,CUST00532,2024-12-13,Web,Cancelled
ORD005649,CUST00398,06-12-2025,Marketplace,Completed
ORD005650,CUST00265,02/01/2025,Web,Completed
ORD005651,CUST00256,04-16-2024,Mobile App,Completed
ORD005652,CUST00857,16/01/2025,Mobile App,Pending
ORD005653,CUST00774,08-31-2024,Web,Completed
ORD005654,CUST01163,2023-01-26,Web,Completed
ORD005655,CUST01034,29/08/2024,Marketplace,Returned
ORD005656,CUST00839,04/03/2024,Web,Completed
ORD005657,CUST00845,09/04/2024,Mobile App,Completed
ORD005658,CUST01008,07-10-2024,Mobile App,Pending
ORD005659,CUST00770,10-22-2024,Web,Cancelled
ORD005660,CUST00658,06-07-2024,Mobile App,Cancelled
ORD005661,CUST00969,2025-06-12,Mobile App,Returned
ORD005662,CUST01009,31/03/2024,Web,Pending
ORD005663,CUST00018,03/06/2025,Mobile App,Cancelled
ORD005664,CUST00970,03/12/2023,Mobile App,Completed
ORD005665,CUST00573,12-22-2023,Web,Completed
ORD005666,CUST01154,01/11/2023,Marketplace,Completed
ORD005667,CUST00177,28/10/2024,Mobile App,Pending
ORD005668,CUST00175,2024-11-07,Mobile App,Returned
ORD005669,CUST00473,30/05/2023,Marketplace,Completed
ORD005670,CUST00807,2023-07-02,Mobile App,Completed
ORD005671,CUST00333,03-06-2023,Marketplace,Completed
ORD005672,CUST00014,08-10-2024,Mobile App,Completed
ORD005673,CUST01148,2024-01-19,Mobile App,Cancelled
ORD005674,CUST00742,01/04/2024,Marketplace,Returned
ORD005675,CUST00934,10/03/2023,Marketplace,Returned
ORD005676,CUST00746,06-04-2025,Web,Returned
ORD005677,CUST00933,01-18-2025,Web,Returned
ORD005678,CUST00137,01-24-2023,Web,Returned
ORD005679,CUST00679,2023-10-23,Mobile App,Completed
ORD005680,CUST00203,28/02/2025,Marketplace,Returned
ORD005681,CUST00480,20/01/2024,Web,Completed
ORD005682,CUST00400,05-16-2025,Mobile App,Completed
ORD005683,CUST00492,2025-05-14,Mobile App,Returned
ORD005684,CUST00003,09/06/2023,Marketplace,Completed
ORD005685,CUST00362,03-19-2024,Mobile App,Completed
ORD005686,CUST00737,2023-06-12,Web,Completed
ORD005687,CUST00871,2024-10-16,Mobile App,Pending
ORD005688,CUST00684,03/05/2024,Mobile App,Completed
ORD005689,CUST00157,20/04/2023,Web,Completed
ORD005690,CUST00459,03/07/2025,Web,Completed
ORD005691,CUST01094,2023-12-06,Marketplace,Cancelled
ORD005692,CUST00325,22/05/2024,Marketplace,Completed
ORD005693,CUST00470,02/04/2024,Web,Returned
ORD005694,CUST00652,2025-05-25,Web,Completed
ORD005695,CUST00547,30/11/2024,Mobile App,Cancelled
ORD005696,CUST00290,18/06/2023,Mobile App,Completed
ORD005697,CUST00830,08/08/2024,Web,Completed
ORD005698,CUST00821,2023-10-06,Web,Completed
ORD005699,CUST00554,2023-04-28,Web,Completed
ORD005700,CUST00206,2024-05-21,Marketplace,Completed
ORD005701,CUST00153,08-19-2023,Mobile App,Completed
ORD005702,CUST00232,2024-05-07,Marketplace,Completed
ORD005703,CUST00743,15/06/2025,Marketplace,Completed
ORD005704,CUST01051,04-16-2025,Marketplace,Returned
ORD005705,CUST00770,09-04-2023,Mobile App,Completed
ORD005706,CUST00424,2023-04-11,Marketplace,Completed
ORD005707,CUST00791,19/03/2024,Marketplace,Returned
ORD005708,CUST00671,11/12/2023,Web,Cancelled
ORD005709,CUST01039,07/01/2024,Mobile App,Cancelled
ORD005710,CUST00013,2025-08-01,Web,Pending
ORD005711,CUST00675,15/02/2025,Mobile App,Completed
ORD005712,CUST00194,05/06/2024,Marketplace,Completed
ORD005713,CUST00685,09-03-2024,Mobile App,Completed
ORD005714,CUST01088,21/07/2025,Marketplace,Cancelled
ORD005715,CUST00796,2025-07-16,Mobile App,Pending
ORD005716,CUST00936,08-15-2024,Marketplace,Completed
ORD005717,CUST00738,07-06-2024,Marketplace,Completed
ORD005718,CUST00125,2023-09-21,Marketplace,Pending
ORD005719,CUST00349,2024-08-24,Marketplace,Completed
ORD005720,CUST00416,2025-05-01,Mobile App,Completed
ORD005721,CUST00414,07-02-2024,Mobile App,Completed
ORD005722,CUST00778,02-09-2025,Mobile App,Cancelled
ORD005723,CUST00188,02-21-2024,Mobile App,Cancelled
ORD005724,CUST00464,02-19-2023,Marketplace,Returned
ORD005725,CUST00748,03-07-2024,Mobile App,Returned
ORD005726,CUST00582,2025-07-20,Mobile App,Completed
ORD005727,CUST00447,07-22-2023,Web,Completed
ORD005728,CUST00663,08-26-2023,Marketplace,Completed
ORD005729,CUST00151,04-17-2024,Mobile App,Completed
ORD005730,CUST00385,08/01/2025,Web,Pending
ORD005731,CUST01163,05-22-2025,Marketplace,Cancelled
ORD005732,CUST00841,2025-01-30,Mobile App,Completed
ORD005733,CUST00505,12-18-2023,Marketplace,Completed
ORD005734,CUST00495,2023-12-20,Marketplace,Returned
ORD005735,CUST01051,07-27-2024,Web,Returned
ORD005736,CUST00909,2025-07-01,Mobile App,Completed
ORD005737,CUST00452,01/01/2025,Web,Returned
ORD005738,CUST01103,05-10-2024,Mobile App,Cancelled
ORD005739,CUST00884,22/08/2024,Marketplace,Returned
ORD005740,CUST01144,2023-12-01,Web,Completed
ORD005741,CUST00379,10/03/2024,Web,Completed
ORD005742,CUST00143,2024-09-16,Marketplace,Completed
ORD005743,CUST00911,07/05/2025,Mobile App,Pending
ORD005744,CUST01090,06-10-2023,Mobile App,Returned
ORD005745,CUST00270,2024-12-14,Mobile App,Returned
ORD005746,CUST00991,12-03-2023,Web,Completed
ORD005747,CUST00576,10/11/2023,Mobile App,Pending
ORD005748,CUST01045,2024-05-12,Web,Pending
ORD005749,CUST00090,2023-04-27,Web,Completed
ORD005750,CUST00240,2023-10-25,Marketplace,Cancelled
ORD005751,CUST00943,2024-03-08,Mobile App,Returned
ORD005752,CUST01168,08-25-2024,Marketplace,Cancelled
ORD005753,CUST00124,10-03-2023,Web,Completed
ORD005754,CUST01179,2023-12-17,Marketplace,Completed
ORD005755,CUST00436,08/07/2023,Marketplace,Pending
ORD005756,CUST00432,05/10/2024,Web,Completed
ORD005757,CUST00922,2024-11-17,Marketplace,Completed
ORD005758,CUST00724,10/02/2023,Marketplace,Completed
ORD005759,CUST00098,2023-04-21,Marketplace,Completed
ORD005760,CUST00537,10-01-2024,Marketplace,Completed
ORD005761,CUST00241,2024-09-13,Web,Returned
ORD005762,CUST01057,2023-12-26,Mobile App,Returned
ORD005763,CUST00455,06-18-2025,Mobile App,Completed
ORD005764,CUST00720,11-15-2024,Marketplace,Cancelled
ORD005765,CUST01171,2023-12-09,Mobile App,Completed
ORD005766,CUST01133,2025-08-08,Marketplace,Completed
ORD005767,CUST00431,2025-02-11,Mobile App,Completed
ORD005768,CUST00316,2024-12-17,Mobile App,Cancelled
ORD005769,CUST01139,2025-03-05,Web,Completed
ORD005770,CUST00296,26/06/2023,Mobile App,Completed
ORD005771,CUST00456,2025-06-25,Mobile App,Completed
ORD005772,CUST01060,01-19-2023,Marketplace,Returned
ORD005773,CUST00223,2023-01-19,Web,Completed
ORD005774,CUST00258,02/08/2025,Marketplace,Completed
ORD005775,CUST00219,03-23-2025,Web,Returned
ORD005776,CUST00777,2025-02-12,Mobile App,Cancelled
ORD005777,CUST00278,02/12/2023,Mobile App,Completed
ORD005778,CUST01165,2024-02-07,Web,Completed
ORD005779,CUST00939,12-07-2024,Mobile App,Cancelled
ORD005780,CUST00512,03-21-2025,Web,Cancelled
ORD005781,CUST00778,01/02/2025,Web,Pending
ORD005782,CUST00723,12-20-2024,Mobile App,Completed
ORD005783,CUST00326,2024-07-28,Mobile App,Completed
ORD005784,CUST00451,05/05/2023,Marketplace,Completed
ORD005785,CUST00317,2025-05-13,Mobile App,Completed
ORD005786,CUST00369,09-15-2023,Marketplace,Completed
ORD005787,CUST00797,09-12-2023,Mobile App,Returned
ORD005788,CUST00101,15/03/2025,Marketplace,Completed
ORD005789,CUST00889,03/02/2023,Mobile App,Completed
ORD005790,CUST00343,12-29-2023,Marketplace,Cancelled
ORD005791,CUST00293,10-24-2024,Mobile App,Returned
ORD005792,CUST00092,01-23-2023,Mobile App,Returned
ORD005793,CUST00421,2023-06-01,Mobile App,Returned
ORD005794,CUST00857,09/05/2024,Marketplace,Completed
ORD005795,CUST00450,27/03/2024,Mobile App,Pending
ORD005796,CUST00713,27/02/2023,Web,Completed
ORD005797,CUST00115,07/07/2023,Marketplace,Completed
ORD005798,CUST00301,07-11-2025,Marketplace,Completed
ORD005799,CUST01001,06/09/2024,Marketplace,Pending
ORD005800,CUST01148,2025-07-05,Marketplace,Completed
ORD005801,CUST00946,2024-04-17,Marketplace,Completed
ORD005802,CUST00107,06/05/2023,Marketplace,Returned
ORD005803,CUST00962,2024-01-19,Web,Completed
ORD005804,CUST00534,2023-12-17,Marketplace,Completed
ORD005805,CUST00102,04-30-2024,Web,Pending
ORD005806,CUST01079,03-04-2024,Mobile App,Completed
ORD005807,CUST00705,2025-07-23,Web,Cancelled
ORD005808,CUST00899,09/12/2024,Marketplace,Cancelled
ORD005809,CUST00082,04-02-2025,Marketplace,Completed
ORD005810,CUST00257,06-28-2024,Marketplace,Completed
ORD005811,CUST01070,08-03-2024,Web,Completed
ORD005812,CUST00683,2023-08-13,Marketplace,Returned
ORD005813,CUST00707,11-07-2024,Web,Completed
ORD005814,CUST00184,2023-02-24,Web,Completed
ORD005815,CUST00622,04-07-2025,Marketplace,Completed
ORD005816,CUST00687,05/01/2025,Mobile App,Pending
ORD005817,CUST00998,2024-08-03,Web,Completed
ORD005818,CUST00664,2023-07-21,Web,Completed
ORD005819,CUST00639,09-12-2024,Web,Cancelled
ORD005820,CUST00199,2023-04-06,Marketplace,Completed
ORD005821,CUST00534,02-07-2024,Mobile App,Completed
ORD005822,CUST00651,2023-09-27,Web,Cancelled
ORD005823,CUST00146,09-02-2024,Marketplace,Completed
ORD005824,CUST01039,2025-07-26,Web,Pending
ORD005825,CUST01072,03/02/2025,Marketplace,Pending
ORD005826,CUST00713,06-28-2024,Mobile App,Completed
ORD005827,CUST00319,09/10/2023,Web,Completed
ORD005828,CUST00648,04/06/2023,Mobile App,Completed
ORD005829,CUST00051,27/04/2023,Mobile App,Completed
ORD005830,CUST00749,03-09-2023,Web,Pending
ORD005831,CUST01026,13/05/2025,Mobile App,Completed
ORD005832,CUST00795,2025-03-01,Mobile App,Completed
ORD005833,CUST00914,2024-06-23,Web,Completed
ORD005834,CUST01176,21/03/2023,Web,Completed
ORD005835,CUST00596,15/06/2025,Web,Completed
ORD005836,CUST00130,2025-02-26,Marketplace,Completed
ORD005837,CUST00128,2024-01-14,Marketplace,Completed
ORD005838,CUST00234,10/01/2023,Marketplace,Completed
ORD005839,CUST00384,10/08/2024,Web,Completed
ORD005840,CUST00377,09/01/2025,Web,Returned
ORD005841,CUST00330,04/06/2024,Web,Completed
ORD005842,CUST00012,2024-02-02,Web,Completed
ORD005843,CUST00648,05-30-2023,Mobile App,Completed
ORD005844,CUST00029,2024-03-14,Mobile App,Cancelled
ORD005845,CUST00717,08-04-2023,Mobile App,Completed
ORD005846,CUST01179,2023-09-18,Marketplace,Completed
ORD005847,CUST01058,09-12-2024,Web,Returned
ORD005848,CUST00427,07-02-2025,Web,Completed
ORD005849,CUST00467,04/02/2025,Mobile App,Cancelled
ORD005850,CUST00354,2023-07-28,Mobile App,Completed
ORD005851,CUST00555,2025-06-23,Mobile App,Completed
ORD005852,CUST00927,05-31-2025,Marketplace,Completed
ORD005853,CUST00972,05-30-2024,Mobile App,Pending
ORD005854,CUST00558,03-28-2023,Web,Pending
ORD005855,CUST00081,2023-03-24,Marketplace,Completed
ORD005856,CUST00064,2024-02-20,Web,Completed
ORD005857,CUST00090,2024-02-03,Web,Pending
ORD005858,CUST00886,14/05/2025,Web,Cancelled
ORD005859,CUST00110,04-14-2025,Marketplace,Completed
ORD005860,CUST00254,11-20-2023,Web,Returned
ORD005861,CUST00469,2023-01-31,Mobile App,Cancelled
ORD005862,CUST00895,04-21-2023,Marketplace,Completed
ORD005863,CUST01041,22/07/2023,Mobile App,Returned
ORD005864,CUST00584,07-28-2023,Marketplace,Completed
ORD005865,CUST00438,2023-03-25,Marketplace,Pending
ORD005866,CUST00973,2024-12-23,Mobile App,Completed
ORD005867,CUST00415,2024-02-23,Mobile App,Returned
ORD005868,CUST00313,05-19-2025,Web,Cancelled
ORD005869,CUST00447,2023-03-19,Mobile App,Completed
ORD005870,CUST00389,2024-03-13,Web,Completed
ORD005871,CUST00910,01/01/2025,Marketplace,Cancelled
ORD005872,CUST00431,04-22-2023,Marketplace,Returned
ORD005873,CUST00680,06-13-2024,Mobile App,Completed
ORD005874,CUST00303,2024-09-29,Web,Completed
ORD005875,CUST00803,15/03/2023,Web,Completed
ORD005876,CUST00244,2023-11-25,Web,Completed
ORD005877,CUST00185,29/03/2025,Marketplace,Pending
ORD005878,CUST00737,2023-09-12,Mobile App,Completed
ORD005879,CUST01069,31/07/2025,Mobile App,Completed
ORD005880,CUST00263,03/06/2023,Marketplace,Completed
ORD005881,CUST01136,06-12-2024,Mobile App,Returned
ORD005882,CUST00669,2025-07-02,Mobile App,Completed
ORD005883,CUST00245,14/12/2023,Marketplace,Returned
ORD005884,CUST01070,28/10/2023,Web,Completed
ORD005885,CUST01027,06/02/2025,Mobile App,Returned
ORD005886,CUST01140,2024-04-02,Marketplace,Returned
ORD005887,CUST00337,2025-05-29,Marketplace,Returned
ORD005888,CUST00683,02/02/2025,Mobile App,Cancelled
ORD005889,CUST01051,16/01/2023,Marketplace,Completed
ORD005890,CUST00693,20/10/2024,Marketplace,Returned
ORD005891,CUST00485,05-28-2024,Mobile App,Returned
ORD005892,CUST01194,2023-02-24,Mobile App,Pending
ORD005893,CUST00646,2023-07-27,Web,Cancelled
ORD005894,CUST00528,2023-01-04,Mobile App,Completed
ORD005895,CUST00192,14/07/2023,Mobile App,Completed
ORD005896,CUST00719,11-26-2023,Marketplace,Returned
ORD005897,CUST00798,2023-06-17,Marketplace,Completed
ORD005898,CUST00651,05-01-2025,Mobile App,Cancelled
ORD005899,CUST00565,18/12/2024,Mobile App,Completed
ORD005900,CUST01169,2024-03-26,Mobile App,Completed
ORD005901,CUST00445,10-19-2023,Web,Completed
ORD005902,CUST00037,08-25-2023,Mobile App,Completed
ORD005903,CUST00474,06-13-2023,Mobile App,Pending
ORD005904,CUST00427,03-18-2023,Web,Completed
ORD005905,CUST00533,2023-12-11,Marketplace,Completed
ORD005906,CUST01090,2023-08-28,Web,Completed
ORD005907,CUST00517,09-19-2023,Web,Cancelled
ORD005908,CUST00742,11-15-2024,Mobile App,Cancelled
ORD005909,CUST00892,06-05-2023,Marketplace,Completed
ORD005910,CUST00328,19/03/2025,Web,Completed
ORD005911,CUST00019,2023-05-15,Mobile App,Cancelled
ORD005912,CUST00653,12-31-2024,Web,Completed
ORD005913,CUST00956,12/02/2023,Web,Returned
ORD005914,CUST00945,06-07-2024,Web,Completed
ORD005915,CUST00248,08/06/2023,Web,Cancelled
ORD005916,CUST00538,15/03/2025,Mobile App,Completed
ORD005917,CUST00088,2024-01-30,Web,Completed
ORD005918,CUST00211,12/01/2024,Mobile App,Completed
ORD005919,CUST00201,11/03/2023,Web,Completed
ORD005920,CUST00181,04/08/2024,Web,Completed
ORD005921,CUST00604,11-18-2024,Marketplace,Cancelled
ORD005922,CUST01124,12-10-2023,Mobile App,Completed
ORD005923,CUST00108,2023-10-05,Marketplace,Completed
ORD005924,CUST00252,17/03/2024,Web,Completed
ORD005925,CUST00398,2024-02-16,Mobile App,Cancelled
ORD005926,CUST00285,2023-10-02,Mobile App,Pending
ORD005927,CUST00623,2025-01-16,Web,Completed
ORD005928,CUST00484,11/03/2023,Mobile App,Completed
ORD005929,CUST00762,2025-06-25,Marketplace,Returned
ORD005930,CUST01023,24/03/2025,Marketplace,Pending
ORD005931,CUST00889,2023-10-18,Web,Completed
ORD005932,CUST00186,06-28-2023,Marketplace,Completed
ORD005933,CUST01140,2025-04-14,Web,Completed
ORD005934,CUST00366,2024-07-29,Marketplace,Completed
ORD005935,CUST00980,06/03/2023,Marketplace,Returned
ORD005936,CUST00417,10-03-2024,Mobile App,Completed
ORD005937,CUST00393,07/01/2024,Marketplace,Completed
ORD005938,CUST01030,10-11-2023,Web,Completed
ORD005939,CUST00816,16/02/2023,Marketplace,Completed
ORD005940,CUST00003,2024-05-19,Web,Cancelled
ORD005941,CUST00316,21/08/2023,Mobile App,Completed
ORD005942,CUST01105,15/06/2023,Marketplace,Returned
ORD005943,CUST01101,04-29-2024,Mobile App,Returned
ORD005944,CUST01070,10/01/2024,Web,Completed
ORD005945,CUST00697,04-02-2024,Marketplace,Completed
ORD005946,CUST00080,11-17-2023,Mobile App,Completed
ORD005947,CUST01058,06/07/2024,Marketplace,Completed
ORD005948,CUST00432,2023-08-04,Web,Cancelled
ORD005949,CUST00172,10/03/2024,Marketplace,Completed
ORD005950,CUST01059,11/03/2023,Mobile App,Returned
ORD005951,CUST00880,06/07/2023,Marketplace,Pending
ORD005952,CUST00566,03-04-2023,Web,Cancelled
ORD005953,CUST00676,2024-11-20,Mobile App,Returned
ORD005954,CUST00316,2025-01-28,Marketplace,Pending
ORD005955,CUST00748,28/05/2025,Marketplace,Completed
ORD005956,CUST00031,07-15-2025,Marketplace,Pending
ORD005957,CUST00674,26/01/2024,Mobile App,Completed
ORD005958,CUST00205,15/05/2025,Mobile App,Cancelled
ORD005959,CUST00059,20/03/2024,Marketplace,Completed
ORD005960,CUST00013,01-23-2023,Mobile App,Cancelled
ORD005961,CUST00369,10-26-2023,Mobile App,Completed
ORD005962,CUST00163,19/09/2024,Web,Completed
ORD005963,CUST00417,2023-06-23,Mobile App,Pending
ORD005964,CUST00953,2023-03-10,Marketplace,Completed
ORD005965,CUST01129,06-06-2024,Web,Returned
ORD005966,CUST01059,2023-04-26,Web,Returned
ORD005967,CUST00782,2023-07-20,Web,Pending
ORD005968,CUST01138,01-05-2024,Web,Cancelled
ORD005969,CUST00269,01-01-2024,Marketplace,Completed
ORD005970,CUST00371,19/11/2024,Mobile App,Returned
ORD005971,CUST00024,02-18-2023,Marketplace,Cancelled
ORD005972,CUST00458,2024-04-02,Web,Cancelled
ORD005973,CUST00883,07-22-2023,Mobile App,Pending
ORD005974,CUST00880,2023-02-12,Marketplace,Pending
ORD005975,CUST00647,2024-09-26,Marketplace,Completed
ORD005976,CUST01130,2024-12-09,Mobile App,Cancelled
ORD005977,CUST01186,18/11/2024,Marketplace,Completed
ORD005978,CUST00567,24/06/2024,Web,Cancelled
ORD005979,CUST00053,2024-09-20,Marketplace,Completed
ORD005980,CUST00179,07-01-2025,Web,Pending
ORD005981,CUST00696,12/12/2023,Marketplace,Completed
ORD005982,CUST00612,2025-06-25,Web,Cancelled
ORD005983,CUST00267,01-24-2025,Mobile App,Completed
ORD005984,CUST01047,2023-01-21,Web,Pending
ORD005985,CUST00737,2025-01-26,Web,Completed
ORD005986,CUST00947,03-13-2025,Marketplace,Cancelled
ORD005987,CUST00110,28/03/2024,Mobile App,Completed
ORD005988,CUST00531,04-20-2025,Marketplace,Pending
ORD005989,CUST00354,03-24-2025,Mobile App,Returned
ORD005990,CUST00525,06-19-2023,Marketplace,Completed
ORD005991,CUST00012,06-27-2025,Web,Cancelled
ORD005992,CUST00978,2023-05-18,Marketplace,Completed
ORD005993,CUST00873,13/10/2023,Mobile App,Completed
ORD005994,CUST00274,03-05-2023,Web,Completed
ORD005995,CUST00771,28/12/2024,Marketplace,Completed
ORD005996,CUST00009,28/08/2023,Mobile App,Returned
ORD005997,CUST00519,01-16-2025,Web,Completed
ORD005998,CUST00300,14/04/2025,Web,Cancelled
ORD005999,CUST00991,08/03/2023,Marketplace,Completed
ORD006000,CUST01059,08-21-2024,Web,Cancelled
ORD006001,CUST00714,22/01/2024,Mobile App,Completed
ORD006002,CUST01088,2025-02-19,Mobile App,Completed
ORD006003,CUST01033,07-14-2025,Web,Completed
ORD006004,CUST00737,21/02/2023,Marketplace,Completed
ORD006005,CUST01195,11-07-2023,Mobile App,Cancelled
ORD006006,CUST01179,2023-05-18,Marketplace,Completed
ORD006007,CUST00537,03-14-2024,Marketplace,Completed
ORD006008,CUST00635,2025-05-05,Marketplace,Cancelled
ORD006009,CUST00747,05-08-2024,Web,Pending
ORD006010,CUST00462,09/02/2025,Mobile App,Completed
ORD006011,CUST00028,2023-08-19,Web,Completed
ORD006012,CUST00508,2024-11-03,Mobile App,Returned
ORD006013,CUST00586,10/05/2025,Marketplace,Completed
ORD006014,CUST00779,10-18-2023,Marketplace,Pending
ORD006015,CUST00469,2023-01-09,Mobile App,Pending
ORD006016,CUST00467,2024-07-09,Web,Cancelled
ORD006017,CUST00587,05-20-2023,Mobile App,Returned
ORD006018,CUST00009,18/09/2024,Marketplace,Completed
ORD006019,CUST00260,2024-09-08,Web,Completed
ORD006020,CUST01190,07/05/2023,Mobile App,Completed
ORD006021,CUST00235,2024-01-31,Mobile App,Completed
ORD006022,CUST00039,2024-07-27,Marketplace,Pending
ORD006023,CUST00023,19/02/2024,Mobile App,Completed
ORD006024,CUST00264,10-23-2024,Web,Completed
ORD006025,CUST00842,14/02/2023,Web,Cancelled
ORD006026,CUST00188,2024-01-01,Mobile App,Pending
ORD006027,CUST00750,2023-07-15,Marketplace,Completed
ORD006028,CUST00291,2024-06-11,Mobile App,Returned
ORD006029,CUST00231,10-27-2023,Mobile App,Completed
ORD006030,CUST00200,07-25-2024,Marketplace,Cancelled
ORD006031,CUST00151,26/05/2023,Mobile App,Completed
ORD006032,CUST00313,05/04/2023,Web,Pending
ORD006033,CUST01131,07/01/2025,Web,Completed
ORD006034,CUST00390,10-03-2023,Mobile App,Completed
ORD006035,CUST00870,2023-03-31,Marketplace,Completed
ORD006036,CUST00811,2023-04-07,Marketplace,Completed
ORD006037,CUST00539,2024-04-10,Mobile App,Completed
ORD006038,CUST01092,10-21-2024,Mobile App,Completed
ORD006039,CUST00186,03/12/2023,Marketplace,Completed
ORD006040,CUST01113,2024-07-10,Mobile App,Cancelled
ORD006041,CUST00558,2023-08-24,Web,Pending
ORD006042,CUST00637,2024-04-06,Marketplace,Pending
ORD006043,CUST00324,2023-11-29,Mobile App,Pending
ORD006044,CUST01185,04-11-2024,Mobile App,Completed
ORD006045,CUST00641,2023-11-08,Marketplace,Completed
ORD006046,CUST01067,2025-04-05,Web,Cancelled
ORD006047,CUST00916,30/03/2025,Marketplace,Cancelled
ORD006048,CUST00879,24/07/2023,Marketplace,Returned
ORD006049,CUST01091,05-24-2023,Marketplace,Completed
ORD006050,CUST00399,29/04/2023,Marketplace,Completed
ORD006051,CUST00367,2023-02-27,Mobile App,Cancelled
ORD006052,CUST00585,02-28-2024,Marketplace,Pending
ORD006053,CUST00200,19/07/2024,Web,Cancelled
ORD006054,CUST01027,2024-03-08,Mobile App,Pending
ORD006055,CUST00056,09-27-2023,Web,Completed
ORD006056,CUST00263,14/09/2023,Marketplace,Completed
ORD006057,CUST00229,2023-02-18,Web,Completed
ORD006058,CUST00145,12-11-2023,Mobile App,Pending
ORD006059,CUST00434,2023-05-02,Web,Pending
ORD006060,CUST00129,2023-10-11,Marketplace,Completed
ORD006061,CUST01118,01-13-2023,Mobile App,Cancelled
ORD006062,CUST00670,2023-03-15,Marketplace,Completed
ORD006063,CUST00060,05-12-2024,Web,Returned
ORD006064,CUST00616,2024-02-16,Marketplace,Pending
ORD006065,CUST00752,2023-01-05,Mobile App,Completed
ORD006066,CUST00958,28/02/2025,Marketplace,Cancelled
ORD006067,CUST00526,03-20-2025,Web,Completed
ORD006068,CUST00488,26/11/2024,Mobile App,Completed
ORD006069,CUST01187,08/04/2024,Mobile App,Pending
ORD006070,CUST00813,06-06-2023,Mobile App,Returned
ORD006071,CUST00244,2025-07-25,Mobile App,Returned
ORD006072,CUST00755,29/03/2023,Web,Completed
ORD006073,CUST00702,12-21-2023,Mobile App,Returned
ORD006074,CUST00418,09-06-2023,Web,Cancelled
ORD006075,CUST00081,02-01-2023,Web,Returned
ORD006076,CUST00855,13/10/2023,Mobile App,Completed
ORD006077,CUST00445,2025-08-04,Mobile App,Returned
ORD006078,CUST00218,16/02/2025,Mobile App,Completed
ORD006079,CUST00128,09-18-2023,Marketplace,Returned
ORD006080,CUST00353,2023-09-14,Web,Completed
ORD006081,CUST00249,26/03/2025,Web,Completed
ORD006082,CUST00849,25/03/2025,Web,Completed
ORD006083,CUST00789,2024-10-05,Web,Completed
ORD006084,CUST00136,2025-03-12,Web,Completed
ORD006085,CUST00165,08-22-2024,Web,Cancelled
ORD006086,CUST00816,23/06/2023,Marketplace,Returned
ORD006087,CUST00019,14/08/2024,Web,Completed
ORD006088,CUST00273,08-23-2024,Mobile App,Completed
ORD006089,CUST00747,18/06/2023,Mobile App,Completed
ORD006090,CUST01022,10-05-2024,Web,Completed
ORD006091,CUST00202,29/09/2023,Marketplace,Pending
ORD006092,CUST00406,09-23-2024,Mobile App,Cancelled
ORD006093,CUST00151,07-29-2025,Marketplace,Completed
ORD006094,CUST00233,05-07-2025,Marketplace,Pending
ORD006095,CUST00912,15/02/2025,Marketplace,Returned
ORD006096,CUST00820,03-05-2024,Mobile App,Returned
ORD006097,CUST00258,04/09/2023,Web,Returned
ORD006098,CUST00798,08/06/2024,Web,Completed
ORD006099,CUST00385,04/06/2023,Marketplace,Returned
ORD006100,CUST00582,01/01/2024,Web,Cancelled
ORD006101,CUST00264,2024-09-17,Marketplace,Returned
ORD006102,CUST00360,01-21-2025,Mobile App,Completed
ORD006103,CUST00579,04-26-2025,Web,Completed
ORD006104,CUST01046,04/01/2025,Marketplace,Returned
ORD006105,CUST00959,02-20-2023,Mobile App,Returned
ORD006106,CUST00065,2023-04-23,Marketplace,Cancelled
ORD006107,CUST00081,01-22-2023,Web,Cancelled
ORD006108,CUST00587,06-30-2023,Web,Returned
ORD006109,CUST00621,01-19-2024,Mobile App,Cancelled
ORD006110,CUST01060,2025-02-18,Mobile App,Completed
ORD006111,CUST00095,2025-01-18,Mobile App,Completed
ORD006112,CUST00918,2023-07-31,Marketplace,Completed
ORD006113,CUST00707,20/03/2023,Web,Pending
ORD006114,CUST00936,09-15-2023,Mobile App,Completed
ORD006115,CUST00497,04-10-2023,Web,Returned
ORD006116,CUST00606,13/06/2024,Mobile App,Completed
ORD006117,CUST00321,2025-04-11,Web,Completed
ORD006118,CUST01067,2024-10-09,Marketplace,Completed
ORD006119,CUST00713,14/02/2023,Web,Completed
ORD006120,CUST00889,2024-10-18,Marketplace,Completed
ORD006121,CUST00549,06-25-2023,Mobile App,Completed
ORD006122,CUST00889,29/08/2023,Marketplace,Returned
ORD006123,CUST00694,04/04/2023,Web,Completed
ORD006124,CUST00520,29/06/2023,Marketplace,Pending
ORD006125,CUST00980,03/01/2023,Marketplace,Pending
ORD006126,CUST00437,2023-11-03,Marketplace,Pending
ORD006127,CUST00998,01-27-2025,Web,Completed
ORD006128,CUST00315,2025-05-30,Marketplace,Completed
ORD006129,CUST00888,03-07-2025,Marketplace,Completed
ORD006130,CUST00173,05-20-2023,Marketplace,Completed
ORD006131,CUST00819,08-28-2023,Mobile App,Completed
ORD006132,CUST00714,03-29-2025,Web,Returned
ORD006133,CUST00227,2025-06-18,Web,Cancelled
ORD006134,CUST00922,2024-06-05,Marketplace,Completed
ORD006135,CUST00203,27/02/2024,Web,Completed
ORD006136,CUST00839,31/05/2024,Marketplace,Completed
ORD006137,CUST00623,04/06/2024,Mobile App,Completed
ORD006138,CUST00035,04-11-2025,Mobile App,Cancelled
ORD006139,CUST00385,04/10/2024,Web,Cancelled
ORD006140,CUST00414,2023-05-07,Mobile App,Completed
ORD006141,CUST00390,06-13-2025,Mobile App,Cancelled
ORD006142,CUST00841,2024-11-19,Web,Returned
ORD006143,CUST00948,2025-02-27,Web,Pending
ORD006144,CUST00508,11-21-2023,Mobile App,Completed
ORD006145,CUST00437,2024-11-08,Mobile App,Completed
ORD006146,CUST01043,2024-07-25,Marketplace,Returned
ORD006147,CUST00426,30/01/2025,Mobile App,Cancelled
ORD006148,CUST00644,09-13-2024,Web,Cancelled
ORD006149,CUST00284,2023-05-01,Mobile App,Returned
ORD006150,CUST00022,06-09-2023,Web,Completed
ORD006151,CUST00074,04-14-2024,Web,Cancelled
ORD006152,CUST01003,11/09/2023,Mobile App,Completed
ORD006153,CUST01078,2023-10-22,Marketplace,Pending
ORD006154,CUST00248,13/09/2023,Web,Returned
ORD006155,CUST00166,2025-04-11,Web,Cancelled
ORD006156,CUST00301,09-05-2024,Web,Completed
ORD006157,CUST00624,04-17-2023,Marketplace,Cancelled
ORD006158,CUST00391,02-27-2024,Web,Completed
ORD006159,CUST00006,2023-11-22,Marketplace,Returned
ORD006160,CUST00426,2023-03-14,Web,Pending
ORD006161,CUST00691,19/01/2023,Marketplace,Completed
ORD006162,CUST00887,08-01-2024,Web,Completed
ORD006163,CUST00117,16/10/2023,Mobile App,Completed
ORD006164,CUST00623,01/01/2025,Mobile App,Cancelled
ORD006165,CUST00353,15/02/2025,Marketplace,Returned
ORD006166,CUST00640,05-26-2025,Web,Completed
ORD006167,CUST00309,2024-05-16,Mobile App,Completed
ORD006168,CUST00032,30/11/2023,Web,Cancelled
ORD006169,CUST00991,2024-04-14,Marketplace,Completed
ORD006170,CUST00604,2024-12-09,Web,Completed
ORD006171,CUST00204,03-20-2024,Web,Returned
ORD006172,CUST00093,2024-07-29,Marketplace,Completed
ORD006173,CUST00346,2024-03-02,Marketplace,Completed
ORD006174,CUST00743,15/02/2024,Mobile App,Completed
ORD006175,CUST01060,30/08/2023,Mobile App,Cancelled
ORD006176,CUST00515,12-31-2023,Mobile App,Returned
ORD006177,CUST00382,01-26-2024,Web,Returned
ORD006178,CUST00771,2024-07-15,Web,Returned
ORD006179,CUST00037,01-03-2023,Mobile App,Completed
ORD006180,CUST00450,2024-01-27,Web,Completed
ORD006181,CUST01004,20/05/2024,Web,Completed
ORD006182,CUST00254,12-13-2024,Web,Completed
ORD006183,CUST00124,06/11/2023,Marketplace,Pending
ORD006184,CUST00245,04/07/2025,Marketplace,Returned
ORD006185,CUST00993,2023-08-16,Mobile App,Completed
ORD006186,CUST01086,30/10/2023,Mobile App,Completed
ORD006187,CUST00252,25/08/2023,Mobile App,Cancelled
ORD006188,CUST00925,04-15-2024,Mobile App,Returned
ORD006189,CUST00106,02/04/2025,Web,Pending
ORD006190,CUST00113,04-26-2024,Web,Completed
ORD006191,CUST00017,07/01/2023,Marketplace,Completed
ORD006192,CUST01084,2024-03-12,Web,Completed
ORD006193,CUST00749,2024-12-20,Web,Returned
ORD006194,CUST00007,2023-07-22,Marketplace,Completed
ORD006195,CUST00449,2024-08-27,Mobile App,Returned
ORD006196,CUST00150,2023-09-09,Web,Completed
ORD006197,CUST00297,06-28-2025,Web,Returned
ORD006198,CUST00029,08/07/2023,Web,Returned
ORD006199,CUST01145,01-03-2024,Marketplace,Completed
ORD006200,CUST00994,08-09-2023,Marketplace,Completed
ORD006201,CUST00408,27/01/2024,Web,Completed
ORD006202,CUST00192,03-17-2025,Marketplace,Completed
ORD006203,CUST00649,07-15-2025,Marketplace,Cancelled
ORD006204,CUST00443,2025-08-08,Marketplace,Pending
ORD006205,CUST00483,07-08-2025,Marketplace,Completed
ORD006206,CUST00968,01-17-2025,Mobile App,Returned
ORD006207,CUST00445,19/03/2025,Marketplace,Completed
ORD006208,CUST01033,01-25-2024,Marketplace,Completed
ORD006209,CUST00168,26/08/2024,Mobile App,Returned
ORD006210,CUST00377,2024-05-06,Web,Pending
ORD006211,CUST01017,02-11-2023,Mobile App,Pending
ORD006212,CUST00163,11-03-2024,Mobile App,Completed
ORD006213,CUST01147,05-15-2025,Mobile App,Completed
ORD006214,CUST00293,03-08-2025,Web,Completed
ORD006215,CUST00964,12-07-2024,Web,Completed
ORD006216,CUST00935,05-13-2023,Marketplace,Completed
ORD006217,CUST00887,13/01/2025,Marketplace,Completed
ORD006218,CUST00075,07/04/2023,Marketplace,Pending
ORD006219,CUST00422,06-15-2024,Marketplace,Cancelled
ORD006220,CUST00721,10/08/2024,Marketplace,Pending
ORD006221,CUST00927,26/01/2025,Web,Returned
ORD006222,CUST00058,23/10/2024,Web,Returned
ORD006223,CUST00084,04-15-2025,Mobile App,Pending
ORD006224,CUST01074,2023-11-24,Web,Completed
ORD006225,CUST00597,06/09/2023,Marketplace,Completed
ORD006226,CUST01161,2025-05-30,Marketplace,Returned
ORD006227,CUST00929,05-28-2023,Mobile App,Completed
ORD006228,CUST00663,01-18-2023,Marketplace,Completed
ORD006229,CUST00759,04-30-2023,Marketplace,Completed
ORD006230,CUST01080,31/05/2023,Marketplace,Completed
ORD006231,CUST00771,31/05/2023,Mobile App,Returned
ORD006232,CUST00173,03-03-2025,Marketplace,Completed
ORD006233,CUST00763,06/07/2025,Web,Completed
ORD006234,CUST00058,02/10/2023,Marketplace,Completed
ORD006235,CUST00788,03-31-2025,Mobile App,Completed
ORD006236,CUST00187,2024-11-19,Marketplace,Completed
ORD006237,CUST00225,2023-08-20,Web,Completed
ORD006238,CUST00819,27/09/2023,Web,Returned
ORD006239,CUST00142,12-16-2024,Web,Returned
ORD006240,CUST00179,06/04/2025,Web,Cancelled
ORD006241,CUST00592,03-20-2024,Web,Returned
ORD006242,CUST00077,07/07/2025,Web,Completed
ORD006243,CUST00823,2023-12-06,Marketplace,Completed
ORD006244,CUST00387,2025-06-05,Marketplace,Completed
ORD006245,CUST00947,27/10/2023,Web,Pending
ORD006246,CUST00039,2024-03-07,Web,Completed
ORD006247,CUST01134,2023-08-07,Web,Completed
ORD006248,CUST01039,02/07/2025,Marketplace,Pending
ORD006249,CUST01002,12/02/2023,Marketplace,Completed
ORD006250,CUST01128,19/03/2024,Web,Completed
ORD006251,CUST00913,28/07/2023,Mobile App,Completed
ORD006252,CUST00263,2023-04-28,Mobile App,Completed
ORD006253,CUST00244,04/07/2025,Web,Completed
ORD006254,CUST01175,2023-04-18,Web,Returned
ORD006255,CUST00019,2024-02-09,Web,Completed
ORD006256,CUST01178,2023-12-07,Mobile App,Completed
ORD006257,CUST01011,04-21-2025,Mobile App,Completed
ORD006258,CUST00877,03/07/2023,Marketplace,Completed
ORD006259,CUST00001,10-03-2023,Web,Returned
ORD006260,CUST00206,2025-03-28,Web,Returned
ORD006261,CUST01104,08-08-2023,Mobile App,Completed
ORD006262,CUST00829,05-12-2023,Web,Completed
ORD006263,CUST00651,06-22-2024,Mobile App,Pending
ORD006264,CUST00301,2024-11-10,Web,Completed
ORD006265,CUST00635,17/04/2025,Mobile App,Returned
ORD006266,CUST00147,10/01/2024,Marketplace,Completed
ORD006267,CUST01023,07-08-2025,Web,Pending
ORD006268,CUST00577,03/01/2025,Mobile App,Completed
ORD006269,CUST00626,16/06/2025,Web,Completed
ORD006270,CUST00981,11/08/2023,Marketplace,Completed
ORD006271,CUST00169,12/03/2023,Marketplace,Completed
ORD006272,CUST00791,17/06/2023,Web,Cancelled
ORD006273,CUST00262,2023-04-27,Marketplace,Pending
ORD006274,CUST00807,16/05/2023,Marketplace,Completed
ORD006275,CUST00799,2023-11-13,Marketplace,Cancelled
ORD006276,CUST00004,01-07-2023,Mobile App,Completed
ORD006277,CUST00892,26/10/2024,Web,Completed
ORD006278,CUST00819,08-16-2023,Marketplace,Completed
ORD006279,CUST00258,2025-04-16,Marketplace,Cancelled
ORD006280,CUST00072,02-02-2023,Marketplace,Completed
ORD006281,CUST01000,07-28-2024,Web,Completed
ORD006282,CUST00778,07/05/2024,Web,Returned
ORD006283,CUST00250,2024-08-10,Web,Cancelled
ORD006284,CUST00620,05-21-2023,Marketplace,Completed
ORD006285,CUST00070,28/01/2025,Mobile App,Completed
ORD006286,CUST00542,2023-10-20,Web,Returned
ORD006287,CUST00190,30/04/2023,Marketplace,Completed
ORD006288,CUST00538,07-19-2024,Web,Returned
ORD006289,CUST00084,07/11/2023,Marketplace,Completed
ORD006290,CUST00745,2023-08-05,Marketplace,Completed
ORD006291,CUST00471,2023-08-23,Mobile App,Completed
ORD006292,CUST00513,2023-01-29,Web,Cancelled
ORD006293,CUST00578,07-14-2023,Mobile App,Cancelled
ORD006294,CUST00767,08-13-2024,Mobile App,Completed
ORD006295,CUST00324,2023-12-08,Web,Cancelled
ORD006296,CUST00601,04-08-2025,Web,Completed
ORD006297,CUST00559,05-14-2024,Marketplace,Completed
ORD006298,CUST00367,19/09/2023,Mobile App,Cancelled
ORD006299,CUST00233,05-17-2023,Mobile App,Completed
ORD006300,CUST00342,13/01/2024,Web,Pending
ORD006301,CUST00207,2024-03-11,Marketplace,Completed
ORD006302,CUST01093,2025-01-11,Marketplace,Completed
ORD006303,CUST00243,2025-06-14,Web,Completed
ORD006304,CUST01017,27/03/2023,Marketplace,Completed
ORD006305,CUST00710,04-03-2025,Marketplace,Completed
ORD006306,CUST01110,01-20-2023,Mobile App,Pending
ORD006307,CUST00760,08-23-2024,Marketplace,Completed
ORD006308,CUST00352,30/10/2023,Marketplace,Pending
ORD006309,CUST01119,2024-03-21,Web,Completed
ORD006310,CUST01133,2024-06-14,Mobile App,Completed
ORD006311,CUST00643,2023-03-07,Marketplace,Completed
ORD006312,CUST00340,18/06/2025,Marketplace,Returned
ORD006313,CUST01029,01-20-2023,Web,Pending
ORD006314,CUST00406,2023-03-17,Marketplace,Completed
ORD006315,CUST00952,03/07/2024,Marketplace,Pending
ORD006316,CUST01193,02/04/2024,Mobile App,Returned
ORD006317,CUST00610,05-16-2023,Web,Completed
ORD006318,CUST01014,07-17-2024,Mobile App,Completed
ORD006319,CUST01170,05-06-2024,Mobile App,Completed
ORD006320,CUST00906,2023-02-19,Web,Returned
ORD006321,CUST00072,2024-03-11,Marketplace,Pending
ORD006322,CUST00073,08-22-2024,Mobile App,Returned
ORD006323,CUST00275,2025-02-21,Web,Completed
ORD006324,CUST00383,2024-05-09,Web,Completed
ORD006325,CUST00314,21/06/2023,Mobile App,Completed
ORD006326,CUST00738,19/03/2024,Marketplace,Returned
ORD006327,CUST00248,2025-07-17,Mobile App,Completed
ORD006328,CUST00885,12-31-2023,Web,Completed
ORD006329,CUST00472,08-23-2023,Mobile App,Completed
ORD006330,CUST00447,2023-10-26,Web,Completed
ORD006331,CUST00005,2025-04-23,Marketplace,Completed
ORD006332,CUST00037,2023-11-14,Mobile App,Cancelled
ORD006333,CUST00179,2024-07-22,Web,Completed
ORD006334,CUST00091,03-13-2025,Marketplace,Cancelled
ORD006335,CUST01045,06/06/2025,Web,Completed
ORD006336,CUST00406,26/08/2024,Mobile App,Returned
ORD006337,CUST00895,07-22-2023,Marketplace,Completed
ORD006338,CUST01116,11/11/2023,Marketplace,Returned
ORD006339,CUST00022,11/03/2023,Mobile App,Completed
ORD006340,CUST00425,10-28-2023,Marketplace,Completed
ORD006341,CUST00066,2023-01-06,Mobile App,Cancelled
ORD006342,CUST01105,20/01/2024,Web,Completed
ORD006343,CUST00517,13/03/2024,Marketplace,Returned
ORD006344,CUST00229,2024-10-02,Marketplace,Cancelled
ORD006345,CUST00418,12/04/2024,Marketplace,Cancelled
ORD006346,CUST00201,09/05/2025,Web,Returned
ORD006347,CUST00508,06-25-2024,Web,Pending
ORD006348,CUST00870,24/10/2024,Web,Cancelled
ORD006349,CUST00371,07-08-2023,Mobile App,Completed
ORD006350,CUST01005,2024-06-15,Mobile App,Cancelled
ORD006351,CUST00577,2025-02-25,Mobile App,Cancelled
ORD006352,CUST00119,23/12/2023,Web,Cancelled
ORD006353,CUST00372,30/04/2025,Web,Completed
ORD006354,CUST00019,09/08/2024,Marketplace,Cancelled
ORD006355,CUST01189,2023-04-27,Web,Cancelled
ORD006356,CUST01060,02-17-2024,Web,Completed
ORD006357,CUST01099,08/08/2023,Marketplace,Returned
ORD006358,CUST00069,09/12/2024,Web,Completed
ORD006359,CUST00687,2023-05-27,Mobile App,Completed
ORD006360,CUST00180,04/10/2023,Mobile App,Returned
ORD006361,CUST00370,23/10/2024,Web,Completed
ORD006362,CUST00976,02-10-2025,Web,Completed
ORD006363,CUST01051,2024-03-06,Marketplace,Pending
ORD006364,CUST00132,01-02-2025,Web,Pending
ORD006365,CUST00759,2023-10-06,Marketplace,Returned
ORD006366,CUST00677,07/07/2023,Marketplace,Completed
ORD006367,CUST00649,07-26-2023,Web,Pending
ORD006368,CUST01074,2025-02-23,Web,Completed
ORD006369,CUST00523,08/08/2023,Web,Completed
ORD006370,CUST00146,02/02/2023,Marketplace,Completed
ORD006371,CUST00887,08/09/2024,Mobile App,Completed
ORD006372,CUST00974,01/09/2024,Mobile App,Completed
ORD006373,CUST00346,2023-12-26,Marketplace,Returned
ORD006374,CUST00976,27/06/2023,Web,Cancelled
ORD006375,CUST00846,03-22-2023,Marketplace,Completed
ORD006376,CUST00484,23/10/2024,Mobile App,Pending
ORD006377,CUST00344,2024-11-04,Marketplace,Completed
ORD006378,CUST00347,01-12-2023,Mobile App,Completed
ORD006379,CUST00328,28/04/2025,Web,Cancelled
ORD006380,CUST00617,28/05/2024,Web,Completed
ORD006381,CUST00290,06/06/2023,Mobile App,Completed
ORD006382,CUST01193,2024-12-15,Mobile App,Completed
ORD006383,CUST01055,22/05/2023,Web,Cancelled
ORD006384,CUST01151,2025-01-22,Mobile App,Cancelled
ORD006385,CUST00805,2023-09-01,Mobile App,Completed
ORD006386,CUST00872,06-03-2025,Web,Completed
ORD006387,CUST01200,2023-01-06,Mobile App,Completed
ORD006388,CUST00502,05-07-2023,Mobile App,Cancelled
ORD006389,CUST00263,2024-01-29,Mobile App,Completed
ORD006390,CUST01115,25/03/2025,Web,Completed
ORD006391,CUST00475,2024-08-02,Marketplace,Completed
ORD006392,CUST00391,26/11/2023,Marketplace,Completed
ORD006393,CUST00125,04/07/2025,Mobile App,Completed
ORD006394,CUST00289,2024-01-25,Web,Completed
ORD006395,CUST00550,29/07/2024,Marketplace,Returned
ORD006396,CUST00881,01-24-2025,Web,Completed
ORD006397,CUST00874,2025-04-11,Web,Completed
ORD006398,CUST00131,2023-04-22,Mobile App,Completed
ORD006399,CUST01163,15/05/2024,Marketplace,Returned
ORD006400,CUST00438,15/10/2023,Mobile App,Completed
ORD006401,CUST00036,14/04/2025,Web,Completed
ORD006402,CUST00236,03/12/2024,Marketplace,Completed
ORD006403,CUST00144,2023-08-23,Marketplace,Completed
ORD006404,CUST00389,02-05-2024,Web,Cancelled
ORD006405,CUST00874,29/04/2024,Marketplace,Completed
ORD006406,CUST00647,22/07/2023,Mobile App,Completed
ORD006407,CUST00848,17/05/2024,Mobile App,Returned
ORD006408,CUST00485,06-21-2024,Web,Completed
ORD006409,CUST00798,08/07/2024,Web,Completed
ORD006410,CUST00696,07/02/2023,Mobile App,Completed
ORD006411,CUST00865,2024-05-07,Marketplace,Completed
ORD006412,CUST00654,2024-11-20,Mobile App,Completed
ORD006413,CUST00920,20/03/2024,Marketplace,Cancelled
ORD006414,CUST00456,2023-12-26,Marketplace,Cancelled
ORD006415,CUST00614,08/11/2024,Web,Returned
ORD006416,CUST00945,13/08/2024,Web,Completed
ORD006417,CUST00282,10/04/2025,Marketplace,Completed
ORD006418,CUST00837,17/04/2025,Marketplace,Completed
ORD006419,CUST00825,12/07/2025,Web,Completed
ORD006420,CUST00892,05/09/2024,Mobile App,Returned
ORD006421,CUST01094,2024-03-24,Mobile App,Returned
ORD006422,CUST00772,03/09/2024,Mobile App,Completed
ORD006423,CUST00957,09-16-2023,Web,Cancelled
ORD006424,CUST01128,2024-04-06,Mobile App,Completed
ORD006425,CUST00958,04-19-2025,Marketplace,Completed
ORD006426,CUST00450,05-30-2025,Web,Completed
ORD006427,CUST00784,25/09/2024,Marketplace,Returned
ORD006428,CUST00535,2023-02-01,Marketplace,Completed
ORD006429,CUST00294,24/07/2023,Marketplace,Completed
ORD006430,CUST01154,03-05-2024,Web,Completed
ORD006431,CUST00189,09/11/2024,Web,Cancelled
ORD006432,CUST01195,2023-01-05,Mobile App,Pending
ORD006433,CUST00103,13/01/2025,Marketplace,Completed
ORD006434,CUST00779,2024-06-25,Web,Returned
ORD006435,CUST00160,07/04/2024,Marketplace,Completed
ORD006436,CUST00444,10-22-2024,Marketplace,Completed
ORD006437,CUST00937,2024-09-06,Marketplace,Completed
ORD006438,CUST00349,03/04/2025,Mobile App,Pending
ORD006439,CUST00446,01-16-2023,Mobile App,Cancelled
ORD006440,CUST00303,27/12/2023,Mobile App,Cancelled
ORD006441,CUST00129,2024-08-15,Marketplace,Returned
ORD006442,CUST00858,2023-09-25,Mobile App,Pending
ORD006443,CUST00456,10/11/2023,Web,Cancelled
ORD006444,CUST00113,2024-07-18,Marketplace,Completed
ORD006445,CUST01016,02-18-2024,Marketplace,Cancelled
ORD006446,CUST00382,2023-12-30,Mobile App,Completed
ORD006447,CUST00755,09/06/2024,Mobile App,Completed
ORD006448,CUST00142,09-10-2024,Mobile App,Completed
ORD006449,CUST01020,2025-06-22,Marketplace,Cancelled
ORD006450,CUST00635,15/01/2024,Marketplace,Completed
ORD006451,CUST00301,2025-01-03,Mobile App,Completed
ORD006452,CUST01002,01-24-2023,Marketplace,Pending
ORD006453,CUST00726,09-04-2023,Web,Cancelled
ORD006454,CUST00415,09-29-2024,Marketplace,Pending
ORD006455,CUST00259,08-21-2023,Mobile App,Pending
ORD006456,CUST00014,2024-05-09,Marketplace,Cancelled
ORD006457,CUST00627,02-15-2025,Marketplace,Completed
ORD006458,CUST00213,03-24-2024,Marketplace,Completed
ORD006459,CUST00251,02-19-2023,Web,Cancelled
ORD006460,CUST00390,10/07/2025,Marketplace,Cancelled
ORD006461,CUST00149,13/10/2024,Marketplace,Cancelled
ORD006462,CUST00627,07/09/2023,Web,Pending
ORD006463,CUST00429,04-21-2023,Web,Completed
ORD006464,CUST01199,01-28-2023,Web,Completed
ORD006465,CUST01116,2024-11-09,Marketplace,Completed
ORD006466,CUST00835,2023-07-03,Mobile App,Cancelled
ORD006467,CUST01011,13/12/2023,Marketplace,Returned
ORD006468,CUST00358,03-14-2025,Mobile App,Completed
ORD006469,CUST00343,2023-01-20,Marketplace,Pending
ORD006470,CUST00344,2024-04-29,Web,Completed
ORD006471,CUST00567,05-08-2025,Mobile App,Completed
ORD006472,CUST01104,08-28-2024,Marketplace,Completed
ORD006473,CUST00132,2024-02-29,Web,Pending
ORD006474,CUST00020,09-22-2024,Marketplace,Pending
ORD006475,CUST00220,02-20-2025,Mobile App,Pending
ORD006476,CUST00079,2023-11-27,Web,Completed
ORD006477,CUST00254,07/08/2025,Web,Pending
ORD006478,CUST00763,11/07/2024,Mobile App,Completed
ORD006479,CUST00395,01-04-2023,Web,Returned
ORD006480,CUST00387,11/01/2025,Web,Pending
ORD006481,CUST01044,2024-08-02,Marketplace,Returned
ORD006482,CUST01072,31/08/2023,Web,Completed
ORD006483,CUST00397,2024-04-13,Marketplace,Completed
ORD006484,CUST00976,2023-02-27,Mobile App,Pending
ORD006485,CUST00255,03-22-2025,Marketplace,Pending
ORD006486,CUST01120,2025-06-24,Mobile App,Completed
ORD006487,CUST00533,01-28-2024,Web,Completed
ORD006488,CUST00987,2025-03-17,Mobile App,Completed
ORD006489,CUST00935,02-02-2024,Web,Completed
ORD006490,CUST00175,20/05/2024,Mobile App,Completed
ORD006491,CUST00368,2024-03-14,Web,Pending
ORD006492,CUST00561,2025-03-12,Mobile App,Completed
ORD006493,CUST00983,2024-04-20,Mobile App,Completed
ORD006494,CUST00825,03/03/2025,Web,Cancelled
ORD006495,CUST00526,2024-11-13,Marketplace,Cancelled
ORD006496,CUST01091,17/05/2025,Marketplace,Completed
ORD006497,CUST00583,24/11/2023,Mobile App,Cancelled
ORD006498,CUST00931,16/07/2023,Marketplace,Cancelled
ORD006499,CUST01001,04/05/2025,Web,Completed
ORD006500,CUST00147,05/08/2024,Mobile App,Pending
ORD006501,CUST00123,2024-09-03,Mobile App,Pending
ORD006502,CUST00257,2023-06-16,Mobile App,Pending
ORD006503,CUST01170,2023-12-26,Mobile App,Completed
ORD006504,CUST00726,01/05/2023,Mobile App,Completed
ORD006505,CUST00969,05/01/2025,Mobile App,Completed
ORD006506,CUST01170,2025-03-15,Marketplace,Completed
ORD006507,CUST00233,13/03/2025,Mobile App,Cancelled
ORD006508,CUST01051,03-09-2024,Marketplace,Returned
ORD006509,CUST00807,22/08/2024,Marketplace,Completed
ORD006510,CUST00637,06-08-2023,Web,Completed
ORD006511,CUST00678,09-29-2023,Marketplace,Pending
ORD006512,CUST01067,02/04/2025,Marketplace,Completed
ORD006513,CUST01135,22/08/2023,Web,Completed
ORD006514,CUST01175,15/04/2023,Marketplace,Completed
ORD006515,CUST00763,24/10/2023,Mobile App,Completed
ORD006516,CUST01075,17/08/2024,Marketplace,Cancelled
ORD006517,CUST00397,04-02-2025,Web,Completed
ORD006518,CUST00341,12-23-2023,Marketplace,Pending
ORD006519,CUST00401,04-01-2024,Mobile App,Completed
ORD006520,CUST00486,05/04/2025,Mobile App,Returned
ORD006521,CUST00639,2024-09-23,Marketplace,Cancelled
ORD006522,CUST00236,12-10-2024,Mobile App,Completed
ORD006523,CUST00387,05/07/2024,Marketplace,Completed
ORD006524,CUST00729,02/04/2023,Web,Returned
ORD006525,CUST00399,2024-06-29,Mobile App,Completed
ORD006526,CUST00107,2023-07-11,Mobile App,Completed
ORD006527,CUST00969,2025-05-26,Web,Completed
ORD006528,CUST00268,01-29-2024,Marketplace,Pending
ORD006529,CUST00395,2025-01-11,Marketplace,Returned
ORD006530,CUST00858,2024-08-17,Mobile App,Cancelled
ORD006531,CUST00931,05-22-2025,Mobile App,Pending
ORD006532,CUST00937,15/05/2025,Mobile App,Completed
ORD006533,CUST00208,03/03/2023,Marketplace,Pending
ORD006534,CUST00920,21/06/2025,Marketplace,Completed
ORD006535,CUST00995,01-07-2023,Web,Pending
ORD006536,CUST00719,07-29-2025,Mobile App,Completed
ORD006537,CUST00255,2025-07-18,Web,Completed
ORD006538,CUST00736,02-21-2023,Web,Completed
ORD006539,CUST00769,2024-02-10,Web,Pending
ORD006540,CUST00351,09-02-2024,Marketplace,Pending
ORD006541,CUST00411,09-22-2023,Mobile App,Returned
ORD006542,CUST00010,2023-01-21,Marketplace,Completed
ORD006543,CUST00374,06-05-2025,Web,Completed
ORD006544,CUST00691,2023-07-29,Marketplace,Pending
ORD006545,CUST00591,27/06/2025,Marketplace,Pending
ORD006546,CUST00214,01-08-2025,Web,Returned
ORD006547,CUST00470,06-26-2023,Mobile App,Completed
ORD006548,CUST01053,2024-09-24,Mobile App,Cancelled
ORD006549,CUST00871,04-09-2023,Web,Returned
ORD006550,CUST00740,01-21-2023,Web,Completed
ORD006551,CUST00743,2025-06-14,Mobile App,Pending
ORD006552,CUST00227,01/09/2023,Marketplace,Cancelled
ORD006553,CUST00320,04/04/2023,Marketplace,Completed
ORD006554,CUST00739,2024-04-14,Mobile App,Completed
ORD006555,CUST00833,02-24-2025,Marketplace,Completed
ORD006556,CUST01192,2025-01-01,Web,Completed
ORD006557,CUST00729,2024-01-08,Web,Completed
ORD006558,CUST00066,24/01/2024,Marketplace,Pending
ORD006559,CUST00785,04-18-2025,Marketplace,Pending
ORD006560,CUST00142,05/04/2023,Mobile App,Completed
ORD006561,CUST00177,07-01-2023,Web,Pending
ORD006562,CUST00151,05-27-2023,Mobile App,Cancelled
ORD006563,CUST01164,09-01-2024,Marketplace,Returned
ORD006564,CUST00762,10/01/2025,Mobile App,Completed
ORD006565,CUST01100,10/05/2025,Marketplace,Completed
ORD006566,CUST00412,05-05-2023,Mobile App,Pending
ORD006567,CUST00424,02/10/2024,Web,Pending
ORD006568,CUST00110,2024-04-08,Web,Cancelled
ORD006569,CUST00924,2023-07-24,Mobile App,Completed
ORD006570,CUST00232,04/12/2023,Mobile App,Pending
ORD006571,CUST00812,29/02/2024,Marketplace,Cancelled
ORD006572,CUST00374,17/05/2023,Marketplace,Completed
ORD006573,CUST00434,2023-04-07,Web,Cancelled
ORD006574,CUST01104,04-01-2024,Marketplace,Cancelled
ORD006575,CUST01079,22/09/2023,Mobile App,Cancelled
ORD006576,CUST00398,10-05-2024,Web,Returned
ORD006577,CUST01166,12/03/2023,Marketplace,Completed
ORD006578,CUST00218,10-30-2024,Mobile App,Completed
ORD006579,CUST01092,07/10/2024,Marketplace,Pending
ORD006580,CUST01104,07-02-2023,Web,Completed
ORD006581,CUST00816,2023-04-18,Mobile App,Pending
ORD006582,CUST01128,18/07/2023,Web,Completed
ORD006583,CUST00888,04/02/2025,Mobile App,Cancelled
ORD006584,CUST00768,03-29-2025,Web,Completed
ORD006585,CUST00360,07-15-2023,Mobile App,Completed
ORD006586,CUST00697,06-12-2023,Marketplace,Returned
ORD006587,CUST00328,23/01/2025,Web,Cancelled
ORD006588,CUST00690,04-29-2025,Mobile App,Pending
ORD006589,CUST01085,2024-10-12,Mobile App,Completed
ORD006590,CUST00260,2025-03-11,Web,Completed
ORD006591,CUST01005,2024-01-19,Marketplace,Completed
ORD006592,CUST00748,01-20-2025,Marketplace,Returned
ORD006593,CUST00057,2024-04-08,Marketplace,Pending
ORD006594,CUST00659,10-26-2023,Web,Completed
ORD006595,CUST00614,29/11/2023,Mobile App,Completed
ORD006596,CUST00077,02-06-2024,Web,Pending
ORD006597,CUST00532,08/04/2025,Web,Completed
ORD006598,CUST01163,30/04/2024,Marketplace,Completed
ORD006599,CUST00714,2023-03-19,Marketplace,Completed
ORD006600,CUST00646,08-09-2023,Mobile App,Completed
ORD006601,CUST00539,08/04/2024,Mobile App,Completed
ORD006602,CUST01164,05-06-2024,Marketplace,Completed
ORD006603,CUST01113,07/01/2023,Web,Completed
ORD006604,CUST00808,11-14-2023,Mobile App,Returned
ORD006605,CUST00515,01-30-2023,Marketplace,Returned
ORD006606,CUST01057,17/11/2023,Web,Completed
ORD006607,CUST00657,25/06/2025,Web,Completed
ORD006608,CUST00497,2023-07-27,Web,Pending
ORD006609,CUST00986,04-16-2024,Web,Cancelled
ORD006610,CUST00270,21/01/2025,Web,Completed
ORD006611,CUST00022,01-26-2024,Marketplace,Completed
ORD006612,CUST00677,05-08-2023,Web,Returned
ORD006613,CUST00698,2024-07-16,Marketplace,Cancelled
ORD006614,CUST00297,11/07/2024,Web,Completed
ORD006615,CUST00606,2024-10-13,Marketplace,Returned
ORD006616,CUST00050,2025-06-24,Marketplace,Returned
ORD006617,CUST00344,19/04/2024,Mobile App,Completed
ORD006618,CUST00601,28/05/2025,Marketplace,Pending
ORD006619,CUST00170,31/05/2024,Web,Cancelled
ORD006620,CUST00412,2023-03-31,Mobile App,Completed
ORD006621,CUST00327,01-06-2025,Mobile App,Returned
ORD006622,CUST00108,03/11/2024,Marketplace,Completed
ORD006623,CUST00521,07/02/2023,Marketplace,Pending
ORD006624,CUST01200,09-15-2023,Mobile App,Pending
ORD006625,CUST00087,24/12/2024,Web,Returned
ORD006626,CUST00718,16/04/2024,Web,Completed
ORD006627,CUST00247,2025-05-26,Marketplace,Completed
ORD006628,CUST00469,16/11/2023,Mobile App,Returned
ORD006629,CUST00103,2025-03-27,Web,Pending
ORD006630,CUST00274,08-01-2024,Marketplace,Completed
ORD006631,CUST01166,04/12/2024,Marketplace,Completed
ORD006632,CUST00499,2023-08-25,Mobile App,Completed
ORD006633,CUST00338,26/11/2024,Mobile App,Returned
ORD006634,CUST00018,2023-08-01,Marketplace,Completed
ORD006635,CUST00422,26/08/2024,Web,Completed
ORD006636,CUST01005,2023-05-09,Marketplace,Cancelled
ORD006637,CUST00431,2023-12-06,Marketplace,Completed
ORD006638,CUST01098,06-11-2025,Web,Returned
ORD006639,CUST00562,04-02-2023,Marketplace,Pending
ORD006640,CUST00837,2024-10-09,Mobile App,Cancelled
ORD006641,CUST00593,2024-08-31,Marketplace,Returned
ORD006642,CUST00980,2023-12-31,Marketplace,Completed
ORD006643,CUST00015,2023-05-28,Mobile App,Completed
ORD006644,CUST00256,2023-07-08,Marketplace,Completed
ORD006645,CUST00304,23/08/2024,Web,Completed
ORD006646,CUST00392,2023-03-17,Web,Pending
ORD006647,CUST00952,2025-01-13,Web,Completed
ORD006648,CUST00745,2024-11-15,Mobile App,Completed
ORD006649,CUST00747,01-06-2024,Web,Pending
ORD006650,CUST00518,02-12-2023,Mobile App,Pending
ORD006651,CUST00284,02-01-2024,Mobile App,Completed
ORD006652,CUST00223,10-03-2023,Marketplace,Completed
ORD006653,CUST00359,03-09-2024,Mobile App,Completed
ORD006654,CUST00925,09-21-2024,Mobile App,Completed
ORD006655,CUST01003,2025-04-09,Mobile App,Completed
ORD006656,CUST00760,2024-11-16,Mobile App,Returned
ORD006657,CUST00833,2025-07-23,Marketplace,Completed
ORD006658,CUST00281,25/07/2024,Web,Cancelled
ORD006659,CUST00835,2023-10-09,Marketplace,Pending
ORD006660,CUST00339,2024-04-07,Mobile App,Cancelled
ORD006661,CUST01171,29/04/2025,Mobile App,Completed
ORD006662,CUST00437,2023-09-04,Mobile App,Pending
ORD006663,CUST00963,17/01/2025,Mobile App,Pending
ORD006664,CUST00868,10-18-2023,Marketplace,Completed
ORD006665,CUST00746,31/10/2024,Marketplace,Completed
ORD006666,CUST00901,07-29-2023,Mobile App,Completed
ORD006667,CUST00104,25/04/2023,Marketplace,Cancelled
ORD006668,CUST00180,08-01-2024,Marketplace,Completed
ORD006669,CUST00689,08-26-2024,Web,Returned
ORD006670,CUST00447,11/06/2023,Marketplace,Completed
ORD006671,CUST00523,2024-05-25,Marketplace,Pending
ORD006672,CUST00770,04-07-2023,Web,Completed
ORD006673,CUST00054,01/08/2024,Marketplace,Pending
ORD006674,CUST00925,06-22-2023,Mobile App,Completed
ORD006675,CUST00252,01-01-2025,Mobile App,Returned
ORD006676,CUST00400,21/08/2023,Marketplace,Pending
ORD006677,CUST00406,25/07/2025,Web,Returned
ORD006678,CUST00594,04-10-2025,Mobile App,Pending
ORD006679,CUST01149,2023-04-12,Mobile App,Returned
ORD006680,CUST00837,16/05/2024,Marketplace,Returned
ORD006681,CUST00660,05-31-2025,Web,Completed
ORD006682,CUST01178,02-16-2023,Mobile App,Completed
ORD006683,CUST00579,03/02/2025,Web,Completed
ORD006684,CUST00557,2025-01-26,Web,Completed
ORD006685,CUST00799,2023-01-21,Marketplace,Completed
ORD006686,CUST00659,2023-04-12,Web,Completed
ORD006687,CUST01073,2023-07-10,Marketplace,Cancelled
ORD006688,CUST00138,2023-10-04,Mobile App,Completed
ORD006689,CUST00054,2025-02-10,Marketplace,Pending
ORD006690,CUST00076,10/02/2023,Mobile App,Completed
ORD006691,CUST00305,18/04/2023,Marketplace,Completed
ORD006692,CUST00492,2025-01-07,Web,Completed
ORD006693,CUST00822,06-20-2025,Web,Completed
ORD006694,CUST00491,07-30-2023,Marketplace,Completed
ORD006695,CUST00133,2023-09-25,Web,Completed
ORD006696,CUST00718,2024-06-20,Mobile App,Completed
ORD006697,CUST00094,2025-06-19,Marketplace,Completed
ORD006698,CUST01179,2025-07-04,Marketplace,Cancelled
ORD006699,CUST01174,01/05/2025,Marketplace,Cancelled
ORD006700,CUST00146,07-16-2025,Marketplace,Pending
ORD006701,CUST01040,04/06/2023,Web,Completed
ORD006702,CUST00876,12-26-2023,Web,Returned
ORD006703,CUST00001,17/02/2024,Mobile App,Returned
ORD006704,CUST00771,2023-12-07,Marketplace,Cancelled
ORD006705,CUST00934,2024-09-24,Web,Completed
ORD006706,CUST00307,2025-03-20,Marketplace,Pending
ORD006707,CUST00352,05-07-2023,Web,Completed
ORD006708,CUST01045,04-06-2025,Marketplace,Completed
ORD006709,CUST00645,11/07/2025,Mobile App,Returned
ORD006710,CUST00303,07/11/2024,Mobile App,Returned
ORD006711,CUST01135,04-16-2025,Web,Completed
ORD006712,CUST00266,2024-09-12,Mobile App,Completed
ORD006713,CUST00699,09-20-2023,Marketplace,Completed
ORD006714,CUST00528,28/10/2023,Mobile App,Pending
ORD006715,CUST00452,26/08/2023,Mobile App,Completed
ORD006716,CUST00162,02-18-2023,Mobile App,Pending
ORD006717,CUST01048,2025-06-16,Mobile App,Completed
ORD006718,CUST00014,2023-12-20,Web,Completed
ORD006719,CUST01167,14/06/2023,Web,Completed
ORD006720,CUST00696,09-06-2024,Mobile App,Completed
ORD006721,CUST00944,24/02/2023,Mobile App,Completed
ORD006722,CUST00094,02-24-2024,Web,Cancelled
ORD006723,CUST00352,05-16-2024,Mobile App,Completed
ORD006724,CUST01193,08-17-2023,Marketplace,Returned
ORD006725,CUST01040,09-30-2023,Marketplace,Completed
ORD006726,CUST00603,2023-03-16,Web,Returned
ORD006727,CUST01031,19/11/2024,Marketplace,Completed
ORD006728,CUST00435,2023-07-30,Marketplace,Completed
ORD006729,CUST00010,13/05/2025,Marketplace,Returned
ORD006730,CUST00240,25/06/2023,Marketplace,Completed
ORD006731,CUST00255,17/01/2025,Marketplace,Completed
ORD006732,CUST01147,05-11-2023,Web,Pending
ORD006733,CUST01173,13/06/2023,Web,Returned
ORD006734,CUST00138,06/06/2024,Marketplace,Completed
ORD006735,CUST00017,2025-05-27,Web,Completed
ORD006736,CUST00381,2024-06-26,Mobile App,Completed
ORD006737,CUST00031,07-06-2024,Mobile App,Completed
ORD006738,CUST00427,06-09-2024,Mobile App,Completed
ORD006739,CUST01126,2024-04-04,Web,Pending
ORD006740,CUST00150,06-24-2025,Web,Cancelled
ORD006741,CUST00152,01-15-2023,Web,Completed
ORD006742,CUST00285,2024-09-20,Web,Completed
ORD006743,CUST01113,10-18-2023,Web,Cancelled
ORD006744,CUST00222,12-13-2024,Marketplace,Cancelled
ORD006745,CUST00084,13/07/2023,Marketplace,Cancelled
ORD006746,CUST00030,02-26-2025,Mobile App,Returned
ORD006747,CUST00550,07/05/2023,Marketplace,Pending
ORD006748,CUST00079,06-02-2025,Marketplace,Pending
ORD006749,CUST00303,13/04/2024,Marketplace,Completed
ORD006750,CUST00660,24/07/2023,Mobile App,Returned
ORD006751,CUST00893,25/03/2024,Marketplace,Pending
ORD006752,CUST00200,25/01/2024,Web,Returned
ORD006753,CUST00437,2023-07-24,Mobile App,Completed
ORD006754,CUST00628,08/02/2024,Web,Pending
ORD006755,CUST00402,21/01/2025,Marketplace,Returned
ORD006756,CUST00150,2024-01-26,Mobile App,Pending
ORD006757,CUST00887,04-19-2024,Web,Completed
ORD006758,CUST00326,05-17-2024,Mobile App,Completed
ORD006759,CUST00927,09-11-2023,Marketplace,Completed
ORD006760,CUST00207,03-19-2023,Marketplace,Pending
ORD006761,CUST00872,2023-01-01,Web,Completed
ORD006762,CUST00399,25/02/2024,Web,Completed
ORD006763,CUST00535,2024-09-23,Mobile App,Returned
ORD006764,CUST00834,06/04/2023,Marketplace,Pending
ORD006765,CUST01019,2024-10-17,Marketplace,Pending
ORD006766,CUST00389,26/05/2025,Marketplace,Completed
ORD006767,CUST00295,2023-09-28,Marketplace,Cancelled
ORD006768,CUST00108,2024-09-10,Marketplace,Cancelled
ORD006769,CUST00774,05-09-2024,Mobile App,Completed
ORD006770,CUST01151,27/07/2024,Marketplace,Pending
ORD006771,CUST00223,04-15-2025,Marketplace,Completed
ORD006772,CUST00449,08-19-2023,Marketplace,Returned
ORD006773,CUST00423,06-28-2025,Web,Completed
ORD006774,CUST00978,03-29-2025,Web,Completed
ORD006775,CUST01008,17/04/2025,Mobile App,Pending
ORD006776,CUST00319,04-01-2023,Marketplace,Completed
ORD006777,CUST00113,2023-09-02,Marketplace,Returned
ORD006778,CUST00350,12-14-2023,Web,Returned
ORD006779,CUST00045,06-28-2024,Web,Completed
ORD006780,CUST01182,12/10/2023,Web,Completed
ORD006781,CUST00276,07-13-2025,Mobile App,Completed
ORD006782,CUST01148,10-23-2023,Marketplace,Cancelled
ORD006783,CUST00547,23/05/2025,Mobile App,Completed
ORD006784,CUST00322,02-27-2025,Web,Cancelled
ORD006785,CUST00116,13/02/2025,Mobile App,Returned
ORD006786,CUST00619,24/05/2023,Mobile App,Cancelled
ORD006787,CUST00361,05-17-2024,Web,Completed
ORD006788,CUST00331,02/12/2023,Marketplace,Returned
ORD006789,CUST00257,16/10/2023,Mobile App,Returned
ORD006790,CUST00323,2024-01-04,Web,Completed
ORD006791,CUST00004,17/02/2025,Web,Completed
ORD006792,CUST00066,07/10/2023,Web,Completed
ORD006793,CUST00876,23/10/2024,Mobile App,Completed
ORD006794,CUST00145,2024-11-06,Mobile App,Completed
ORD006795,CUST00924,07/07/2024,Marketplace,Pending
ORD006796,CUST00372,12-16-2023,Web,Completed
ORD006797,CUST00739,02/12/2023,Web,Cancelled
ORD006798,CUST00138,27/05/2023,Marketplace,Returned
ORD006799,CUST00049,05-19-2023,Web,Completed
ORD006800,CUST00747,2023-10-19,Web,Completed
ORD006801,CUST00585,2023-02-27,Marketplace,Cancelled
ORD006802,CUST00140,20/01/2023,Web,Pending
ORD006803,CUST00850,2024-02-05,Web,Cancelled
ORD006804,CUST00012,05-02-2023,Marketplace,Pending
ORD006805,CUST00892,10-08-2023,Web,Cancelled
ORD006806,CUST00987,12-13-2023,Web,Returned
ORD006807,CUST00006,02/07/2024,Marketplace,Completed
ORD006808,CUST00181,02-08-2023,Mobile App,Returned
ORD006809,CUST00096,2023-02-14,Mobile App,Pending
ORD006810,CUST01058,08-07-2023,Mobile App,Returned
ORD006811,CUST00916,28/02/2024,Mobile App,Returned
ORD006812,CUST00500,09-18-2023,Web,Cancelled
ORD006813,CUST00587,10/12/2024,Marketplace,Pending
ORD006814,CUST01112,05-16-2023,Web,Pending
ORD006815,CUST00625,08-31-2023,Web,Completed
ORD006816,CUST00191,2024-08-12,Web,Returned
ORD006817,CUST00818,22/07/2024,Marketplace,Completed
ORD006818,CUST00656,2024-09-15,Web,Pending
ORD006819,CUST00699,01-25-2024,Web,Completed
ORD006820,CUST00429,07-14-2024,Web,Returned
ORD006821,CUST01173,2024-11-24,Mobile App,Returned
ORD006822,CUST00180,10-14-2024,Mobile App,Completed
ORD006823,CUST00813,03-01-2025,Web,Returned
ORD006824,CUST01094,21/02/2025,Mobile App,Returned
ORD006825,CUST00077,2024-06-02,Marketplace,Completed
ORD006826,CUST01183,08-07-2023,Web,Completed
ORD006827,CUST00892,07-09-2024,Web,Completed
ORD006828,CUST00811,10-03-2024,Web,Completed
ORD006829,CUST00097,2023-10-07,Mobile App,Completed
ORD006830,CUST00151,08/03/2025,Marketplace,Cancelled
ORD006831,CUST00689,04/08/2025,Mobile App,Completed
ORD006832,CUST01108,03-03-2024,Marketplace,Completed
ORD006833,CUST01177,10-25-2023,Mobile App,Completed
ORD006834,CUST00282,08-22-2023,Web,Completed
ORD006835,CUST00748,2024-12-17,Mobile App,Completed
ORD006836,CUST00783,2024-11-11,Web,Cancelled
ORD006837,CUST00057,29/10/2024,Mobile App,Cancelled
ORD006838,CUST00039,06-27-2024,Web,Completed
ORD006839,CUST01160,2023-02-18,Web,Pending
ORD006840,CUST00529,12-07-2024,Web,Pending
ORD006841,CUST00826,11-08-2023,Web,Completed
ORD006842,CUST00614,2024-04-21,Mobile App,Completed
ORD006843,CUST01041,2023-06-21,Marketplace,Completed
ORD006844,CUST01141,09-26-2023,Marketplace,Pending
ORD006845,CUST00985,20/07/2025,Web,Pending
ORD006846,CUST00093,01-29-2024,Mobile App,Returned
ORD006847,CUST00213,23/08/2023,Marketplace,Cancelled
ORD006848,CUST01018,01-27-2024,Mobile App,Returned
ORD006849,CUST00883,2024-07-14,Web,Completed
ORD006850,CUST00789,30/04/2025,Web,Completed
ORD006851,CUST00533,05-22-2025,Marketplace,Returned
ORD006852,CUST00074,02-18-2024,Web,Returned
ORD006853,CUST01124,05-07-2025,Marketplace,Completed
ORD006854,CUST00301,2023-06-15,Mobile App,Cancelled
ORD006855,CUST01147,11-30-2024,Marketplace,Returned
ORD006856,CUST00628,02-02-2023,Marketplace,Completed
ORD006857,CUST01148,01-28-2025,Marketplace,Pending
ORD006858,CUST00226,07/08/2025,Web,Completed
ORD006859,CUST00350,2023-12-05,Mobile App,Pending
ORD006860,CUST00705,15/01/2025,Web,Completed
ORD006861,CUST00784,2024-01-10,Web,Returned
ORD006862,CUST00931,2024-01-09,Mobile App,Completed
ORD006863,CUST00333,10/01/2024,Web,Cancelled
ORD006864,CUST01059,01-18-2025,Marketplace,Completed
ORD006865,CUST00833,06-11-2025,Mobile App,Returned
ORD006866,CUST00364,2025-07-26,Mobile App,Completed
ORD006867,CUST00527,11/01/2023,Marketplace,Returned
ORD006868,CUST01157,31/08/2023,Marketplace,Pending
ORD006869,CUST00297,2024-04-01,Marketplace,Pending
ORD006870,CUST00009,01/02/2025,Marketplace,Pending
ORD006871,CUST00160,2023-06-25,Marketplace,Pending
ORD006872,CUST00005,07-28-2024,Marketplace,Completed
ORD006873,CUST00680,23/07/2023,Mobile App,Completed
ORD006874,CUST00804,2024-11-01,Web,Cancelled
ORD006875,CUST00721,24/04/2023,Mobile App,Completed
ORD006876,CUST00354,06/11/2023,Web,Completed
ORD006877,CUST00966,04-11-2023,Mobile App,Cancelled
ORD006878,CUST00471,28/12/2024,Marketplace,Completed
ORD006879,CUST00951,05-10-2024,Mobile App,Returned
ORD006880,CUST00402,2025-07-05,Mobile App,Completed
ORD006881,CUST01027,2023-07-22,Marketplace,Completed
ORD006882,CUST00904,06-02-2023,Web,Cancelled
ORD006883,CUST00808,25/01/2025,Web,Cancelled
ORD006884,CUST00043,2025-03-26,Marketplace,Pending
ORD006885,CUST01196,31/03/2023,Marketplace,Completed
ORD006886,CUST00806,2023-01-02,Marketplace,Returned
ORD006887,CUST01151,2025-07-06,Marketplace,Returned
ORD006888,CUST00522,26/04/2024,Web,Completed
ORD006889,CUST00848,08-13-2023,Marketplace,Completed
ORD006890,CUST00741,04/07/2025,Web,Completed
ORD006891,CUST00329,06/06/2024,Web,Completed
ORD006892,CUST00106,25/10/2023,Marketplace,Completed
ORD006893,CUST00874,24/05/2024,Mobile App,Cancelled
ORD006894,CUST00650,22/09/2023,Marketplace,Completed
ORD006895,CUST00284,2024-10-02,Mobile App,Cancelled
ORD006896,CUST00188,2023-12-19,Marketplace,Pending
ORD006897,CUST00890,06-07-2024,Mobile App,Completed
ORD006898,CUST00855,11/04/2024,Web,Completed
ORD006899,CUST01130,10-29-2024,Marketplace,Completed
ORD006900,CUST00831,27/07/2025,Web,Completed
ORD006901,CUST00409,09-16-2023,Marketplace,Completed
ORD006902,CUST00706,2023-08-30,Web,Cancelled
ORD006903,CUST00188,06/11/2023,Web,Completed
ORD006904,CUST00809,08-22-2023,Web,Pending
ORD006905,CUST00053,14/12/2023,Web,Returned
ORD006906,CUST01175,2024-06-05,Marketplace,Pending
ORD006907,CUST00968,05-05-2024,Mobile App,Completed
ORD006908,CUST00507,2023-12-24,Marketplace,Pending
ORD006909,CUST00598,17/12/2023,Marketplace,Returned
ORD006910,CUST00419,06/07/2024,Mobile App,Completed
ORD006911,CUST01116,2024-10-23,Mobile App,Cancelled
ORD006912,CUST00683,09/03/2023,Web,Completed
ORD006913,CUST00876,09/06/2024,Mobile App,Completed
ORD006914,CUST00699,10-24-2023,Mobile App,Cancelled
ORD006915,CUST00760,2024-01-29,Web,Completed
ORD006916,CUST00827,03-06-2024,Web,Completed
ORD006917,CUST00293,04-19-2024,Mobile App,Cancelled
ORD006918,CUST00951,22/07/2024,Web,Cancelled
ORD006919,CUST01014,07/11/2023,Mobile App,Completed
ORD006920,CUST00449,2023-03-23,Web,Completed
ORD006921,CUST00272,2025-07-22,Mobile App,Completed
ORD006922,CUST00165,2023-12-13,Marketplace,Cancelled
ORD006923,CUST00120,06-14-2023,Mobile App,Completed
ORD006924,CUST00932,2023-11-17,Mobile App,Completed
ORD006925,CUST00807,2023-08-02,Mobile App,Returned
ORD006926,CUST00429,2023-01-21,Web,Cancelled
ORD006927,CUST00753,2023-12-26,Mobile App,Completed
ORD006928,CUST00569,09-16-2024,Web,Cancelled
ORD006929,CUST00726,20/09/2023,Web,Completed
ORD006930,CUST00026,02-21-2025,Mobile App,Completed
ORD006931,CUST00355,2024-10-21,Mobile App,Completed
ORD006932,CUST00732,26/06/2025,Web,Pending
ORD006933,CUST01156,2023-02-18,Web,Completed
ORD006934,CUST00719,2023-03-31,Mobile App,Completed
ORD006935,CUST01168,02/08/2023,Mobile App,Returned
ORD006936,CUST00140,2023-03-05,Mobile App,Completed
ORD006937,CUST00067,09-13-2023,Web,Pending
ORD006938,CUST00026,11-19-2024,Marketplace,Completed
ORD006939,CUST00441,10-05-2023,Marketplace,Cancelled
ORD006940,CUST01101,18/07/2024,Web,Completed
ORD006941,CUST00812,17/09/2024,Mobile App,Completed
ORD006942,CUST00517,2024-07-18,Mobile App,Pending
ORD006943,CUST00692,05-18-2024,Web,Completed
ORD006944,CUST00072,2024-10-18,Mobile App,Completed
ORD006945,CUST00516,2023-07-23,Mobile App,Cancelled
ORD006946,CUST01095,03/12/2024,Web,Completed
ORD006947,CUST01097,2024-10-26,Marketplace,Completed
ORD006948,CUST00728,06-22-2023,Mobile App,Pending
ORD006949,CUST00233,07-10-2024,Web,Completed
ORD006950,CUST01057,28/02/2023,Marketplace,Completed
ORD006951,CUST00154,06/06/2025,Web,Cancelled
ORD006952,CUST00796,29/06/2025,Marketplace,Returned
ORD006953,CUST00063,06-26-2024,Marketplace,Returned
ORD006954,CUST00345,2023-05-05,Web,Completed
ORD006955,CUST00468,05-02-2024,Web,Cancelled
ORD006956,CUST00320,15/07/2025,Web,Completed
ORD006957,CUST00405,2025-01-10,Mobile App,Completed
ORD006958,CUST00549,11/11/2024,Marketplace,Completed
ORD006959,CUST00731,02-22-2025,Web,Completed
ORD006960,CUST01118,2025-04-25,Marketplace,Completed
ORD006961,CUST00072,30/03/2023,Mobile App,Completed
ORD006962,CUST00163,02-05-2023,Mobile App,Completed
ORD006963,CUST00374,2023-07-17,Mobile App,Returned
ORD006964,CUST00383,2024-03-29,Mobile App,Completed
ORD006965,CUST01197,10-28-2024,Mobile App,Completed
ORD006966,CUST00887,2024-04-03,Mobile App,Completed
ORD006967,CUST00591,18/03/2024,Marketplace,Completed
ORD006968,CUST00780,25/04/2025,Mobile App,Completed
ORD006969,CUST00538,2023-07-17,Marketplace,Returned
ORD006970,CUST01128,07-12-2025,Marketplace,Completed
ORD006971,CUST00874,06/05/2023,Marketplace,Pending
ORD006972,CUST00112,2023-09-27,Marketplace,Completed
ORD006973,CUST01058,2023-05-04,Web,Completed
ORD006974,CUST00542,2024-11-18,Mobile App,Completed
ORD006975,CUST01191,25/11/2023,Web,Pending
ORD006976,CUST00743,2025-02-16,Mobile App,Completed
ORD006977,CUST00796,30/08/2023,Web,Completed
ORD006978,CUST00284,13/08/2023,Marketplace,Returned
ORD006979,CUST00996,29/12/2023,Marketplace,Completed
ORD006980,CUST00291,08-30-2023,Mobile App,Completed
ORD006981,CUST00535,2025-07-24,Marketplace,Completed
ORD006982,CUST00777,13/02/2025,Web,Cancelled
ORD006983,CUST00739,01-26-2023,Web,Completed
ORD006984,CUST00021,04/03/2023,Marketplace,Completed
ORD006985,CUST00757,12-23-2023,Marketplace,Pending
ORD006986,CUST00633,09-18-2023,Mobile App,Cancelled
ORD006987,CUST01039,2023-11-12,Web,Completed
ORD006988,CUST00491,2025-03-11,Web,Completed
ORD006989,CUST01074,01/06/2023,Mobile App,Completed
ORD006990,CUST00243,07-31-2025,Marketplace,Cancelled
ORD006991,CUST00846,05-06-2024,Mobile App,Pending
ORD006992,CUST01097,07/08/2023,Marketplace,Pending
ORD006993,CUST00069,06-14-2024,Marketplace,Completed
ORD006994,CUST00898,2024-03-30,Mobile App,Completed
ORD006995,CUST00645,07-10-2023,Web,Cancelled
ORD006996,CUST00346,05-31-2023,Web,Completed
ORD006997,CUST00256,28/04/2024,Marketplace,Completed
ORD006998,CUST00720,2024-06-20,Mobile App,Returned
ORD006999,CUST00046,09-02-2023,Marketplace,Completed
ORD007000,CUST00198,05-06-2023,Mobile App,Completed
ORD007001,CUST01036,2024-02-23,Mobile App,Completed
ORD007002,CUST00817,05-02-2024,Marketplace,Completed
ORD007003,CUST01019,20/12/2024,Web,Completed
ORD007004,CUST00425,2023-08-15,Mobile App,Cancelled
ORD007005,CUST00566,01-15-2025,Marketplace,Returned
ORD007006,CUST01171,2025-01-07,Web,Completed
ORD007007,CUST00983,09/10/2023,Marketplace,Returned
ORD007008,CUST01153,07-11-2023,Web,Completed
ORD007009,CUST00669,04/07/2024,Web,Returned
ORD007010,CUST00052,14/11/2023,Web,Completed
ORD007011,CUST00977,07-19-2024,Mobile App,Completed
ORD007012,CUST00445,16/08/2024,Mobile App,Cancelled
ORD007013,CUST01097,27/10/2024,Mobile App,Completed
ORD007014,CUST01024,11-26-2023,Marketplace,Completed
ORD007015,CUST00554,18/01/2024,Mobile App,Returned
ORD007016,CUST00723,06/02/2025,Mobile App,Cancelled
ORD007017,CUST01100,2023-08-02,Web,Cancelled
ORD007018,CUST00231,20/08/2023,Marketplace,Completed
ORD007019,CUST00924,29/02/2024,Web,Completed
ORD007020,CUST00755,2023-02-15,Mobile App,Completed
ORD007021,CUST01093,02/09/2024,Marketplace,Cancelled
ORD007022,CUST00238,16/02/2024,Marketplace,Completed
ORD007023,CUST00512,09-16-2023,Mobile App,Completed
ORD007024,CUST00095,2023-07-06,Web,Pending
ORD007025,CUST00120,2025-07-04,Web,Completed
ORD007026,CUST00794,2024-09-09,Marketplace,Completed
ORD007027,CUST00334,2024-03-05,Marketplace,Completed
ORD007028,CUST00668,2024-10-16,Mobile App,Completed
ORD007029,CUST00808,2025-06-23,Mobile App,Completed
ORD007030,CUST01118,09-01-2024,Web,Completed
ORD007031,CUST00466,01/05/2023,Web,Completed
ORD007032,CUST00595,17/10/2023,Web,Completed
ORD007033,CUST00888,2023-08-10,Marketplace,Completed
ORD007034,CUST00104,2024-02-19,Mobile App,Returned
ORD007035,CUST00057,2024-10-01,Marketplace,Completed
ORD007036,CUST00482,2024-03-02,Marketplace,Cancelled
ORD007037,CUST00420,14/04/2023,Marketplace,Cancelled
ORD007038,CUST00177,09/11/2024,Web,Completed
ORD007039,CUST00971,2023-11-13,Mobile App,Pending
ORD007040,CUST00029,2024-08-25,Marketplace,Cancelled
ORD007041,CUST00983,03/06/2025,Marketplace,Completed
ORD007042,CUST00826,2025-05-20,Web,Completed
ORD007043,CUST00566,14/02/2024,Marketplace,Completed
ORD007044,CUST00324,30/05/2023,Web,Completed
ORD007045,CUST00077,01/03/2023,Marketplace,Completed
ORD007046,CUST00026,08/07/2024,Web,Completed
ORD007047,CUST00878,17/10/2023,Mobile App,Cancelled
ORD007048,CUST00208,12/04/2025,Mobile App,Pending
ORD007049,CUST00754,19/10/2024,Web,Cancelled
ORD007050,CUST00908,11-12-2023,Mobile App,Completed
ORD007051,CUST00495,12-30-2024,Marketplace,Completed
ORD007052,CUST00618,03-02-2024,Mobile App,Completed
ORD007053,CUST00511,12-14-2023,Marketplace,Completed
ORD007054,CUST00950,2023-10-06,Mobile App,Cancelled
ORD007055,CUST01188,2024-09-20,Web,Returned
ORD007056,CUST00837,01-28-2023,Mobile App,Completed
ORD007057,CUST00077,2024-07-19,Mobile App,Pending
ORD007058,CUST00737,2025-08-04,Marketplace,Completed
ORD007059,CUST00124,2025-03-19,Web,Completed
ORD007060,CUST00404,13/05/2023,Marketplace,Pending
ORD007061,CUST00676,01-13-2025,Marketplace,Pending
ORD007062,CUST01107,01-03-2023,Mobile App,Pending
ORD007063,CUST00679,11-25-2023,Web,Cancelled
ORD007064,CUST00584,2024-03-06,Mobile App,Pending
ORD007065,CUST00349,26/03/2024,Web,Completed
ORD007066,CUST00403,08-29-2024,Mobile App,Returned
ORD007067,CUST01020,2025-01-14,Web,Completed
ORD007068,CUST00165,2025-01-17,Mobile App,Completed
ORD007069,CUST00864,02-28-2023,Web,Completed
ORD007070,CUST00999,08/03/2024,Web,Completed
ORD007071,CUST00262,25/04/2024,Mobile App,Completed
ORD007072,CUST00363,05-19-2023,Mobile App,Completed
ORD007073,CUST00879,2024-05-02,Mobile App,Completed
ORD007074,CUST01058,30/06/2024,Marketplace,Pending
ORD007075,CUST00320,17/04/2024,Mobile App,Completed
ORD007076,CUST00381,17/07/2023,Marketplace,Completed
ORD007077,CUST00263,04-21-2024,Mobile App,Completed
ORD007078,CUST00861,09-04-2024,Mobile App,Cancelled
ORD007079,CUST00168,07-18-2023,Web,Completed
ORD007080,CUST00484,2023-11-15,Marketplace,Completed
ORD007081,CUST00344,01/05/2023,Mobile App,Completed
ORD007082,CUST00288,08-06-2024,Web,Returned
ORD007083,CUST00164,2023-01-13,Web,Completed
ORD007084,CUST00674,25/09/2024,Web,Returned
ORD007085,CUST00500,05/02/2025,Web,Completed
ORD007086,CUST00372,2025-01-03,Marketplace,Cancelled
ORD007087,CUST00957,03-22-2023,Mobile App,Completed
ORD007088,CUST00654,03/07/2025,Web,Pending
ORD007089,CUST00785,2023-08-07,Web,Completed
ORD007090,CUST00826,20/05/2023,Web,Returned
ORD007091,CUST00584,2025-06-20,Web,Completed
ORD007092,CUST01173,25/01/2023,Mobile App,Completed
ORD007093,CUST00048,2023-05-30,Web,Completed
ORD007094,CUST01107,08-15-2023,Web,Cancelled
ORD007095,CUST01112,2024-11-09,Web,Cancelled
ORD007096,CUST00285,22/12/2024,Marketplace,Completed
ORD007097,CUST01031,2024-12-05,Web,Returned
ORD007098,CUST01038,06-14-2025,Web,Completed
ORD007099,CUST00227,03-18-2023,Web,Cancelled
ORD007100,CUST00778,2025-05-12,Mobile App,Returned
ORD007101,CUST00301,25/05/2025,Marketplace,Completed
ORD007102,CUST01063,2025-07-30,Web,Completed
ORD007103,CUST00771,04-02-2024,Mobile App,Returned
ORD007104,CUST00343,22/03/2023,Marketplace,Pending
ORD007105,CUST00275,19/01/2024,Marketplace,Completed
ORD007106,CUST00425,14/06/2024,Marketplace,Completed
ORD007107,CUST01106,04-30-2023,Mobile App,Completed
ORD007108,CUST00733,11/11/2024,Marketplace,Pending
ORD007109,CUST00461,01/07/2023,Marketplace,Returned
ORD007110,CUST01196,04-16-2025,Web,Returned
ORD007111,CUST00590,09-20-2023,Mobile App,Cancelled
ORD007112,CUST00607,2023-10-08,Web,Completed
ORD007113,CUST00850,2024-08-07,Mobile App,Returned
ORD007114,CUST00561,22/09/2023,Marketplace,Completed
ORD007115,CUST00343,28/02/2025,Mobile App,Pending
ORD007116,CUST00051,10/08/2023,Mobile App,Completed
ORD007117,CUST00444,04-01-2025,Web,Returned
ORD007118,CUST00901,22/06/2023,Mobile App,Completed
ORD007119,CUST00790,2023-02-06,Mobile App,Completed
ORD007120,CUST01083,02-24-2025,Mobile App,Returned
ORD007121,CUST00146,01-01-2023,Mobile App,Cancelled
ORD007122,CUST01012,2025-02-25,Web,Completed
ORD007123,CUST00494,2025-07-18,Web,Completed
ORD007124,CUST00237,03-02-2023,Mobile App,Cancelled
ORD007125,CUST00574,23/01/2025,Marketplace,Completed
ORD007126,CUST01016,2023-05-02,Mobile App,Pending
ORD007127,CUST00714,23/08/2023,Marketplace,Completed
ORD007128,CUST01189,01-08-2025,Web,Completed
ORD007129,CUST00936,29/07/2025,Web,Completed
ORD007130,CUST00423,08/01/2023,Marketplace,Completed
ORD007131,CUST00580,04/07/2025,Mobile App,Cancelled
ORD007132,CUST00951,09-30-2023,Web,Completed
ORD007133,CUST00625,2023-04-02,Web,Pending
ORD007134,CUST00709,09/04/2025,Marketplace,Completed
ORD007135,CUST00413,15/06/2023,Web,Completed
ORD007136,CUST00227,05-15-2023,Mobile App,Cancelled
ORD007137,CUST00111,05/03/2025,Web,Completed
ORD007138,CUST00307,08-04-2024,Web,Completed
ORD007139,CUST00223,12-06-2023,Mobile App,Completed
ORD007140,CUST01113,2025-03-27,Web,Pending
ORD007141,CUST00109,25/06/2024,Marketplace,Cancelled
ORD007142,CUST00058,08-11-2023,Mobile App,Pending
ORD007143,CUST01182,09/09/2023,Mobile App,Completed
ORD007144,CUST00093,04/06/2024,Marketplace,Completed
ORD007145,CUST00055,07-02-2023,Mobile App,Pending
ORD007146,CUST00313,15/07/2025,Mobile App,Completed
ORD007147,CUST00899,2023-04-16,Marketplace,Completed
ORD007148,CUST01031,2025-08-05,Marketplace,Completed
ORD007149,CUST00230,06/01/2023,Mobile App,Completed
ORD007150,CUST00294,06-30-2023,Web,Completed
ORD007151,CUST00294,2025-01-24,Mobile App,Completed
ORD007152,CUST01167,08-01-2024,Mobile App,Cancelled
ORD007153,CUST00247,07-06-2024,Web,Completed
ORD007154,CUST00247,10/10/2023,Web,Completed
ORD007155,CUST00816,02-24-2024,Marketplace,Cancelled
ORD007156,CUST00433,2024-08-05,Marketplace,Returned
ORD007157,CUST00968,2024-08-03,Marketplace,Cancelled
ORD007158,CUST00580,12-03-2024,Mobile App,Pending
ORD007159,CUST00367,2023-07-10,Marketplace,Completed
ORD007160,CUST01034,2025-05-29,Web,Returned
ORD007161,CUST00113,23/04/2024,Mobile App,Completed
ORD007162,CUST00367,09-26-2024,Mobile App,Completed
ORD007163,CUST01186,2024-04-21,Mobile App,Pending
ORD007164,CUST01092,04-09-2025,Mobile App,Pending
ORD007165,CUST01174,12/02/2023,Marketplace,Completed
ORD007166,CUST01074,04-17-2025,Marketplace,Cancelled
ORD007167,CUST00742,2023-04-05,Marketplace,Completed
ORD007168,CUST00884,06-20-2024,Mobile App,Completed
ORD007169,CUST00838,2025-04-08,Web,Completed
ORD007170,CUST00186,2024-08-01,Marketplace,Pending
ORD007171,CUST00437,06/04/2024,Web,Completed
ORD007172,CUST00719,07-04-2023,Marketplace,Returned
ORD007173,CUST00009,12-05-2023,Web,Cancelled
ORD007174,CUST00031,2024-06-27,Web,Cancelled
ORD007175,CUST00040,2023-06-29,Marketplace,Cancelled
ORD007176,CUST00348,2024-05-10,Marketplace,Cancelled
ORD007177,CUST01155,01/10/2024,Marketplace,Completed
ORD007178,CUST01053,03-24-2023,Mobile App,Completed
ORD007179,CUST01020,12-07-2023,Marketplace,Completed
ORD007180,CUST00507,2023-04-03,Mobile App,Cancelled
ORD007181,CUST00367,10/03/2025,Mobile App,Completed
ORD007182,CUST01064,04-14-2025,Web,Completed
ORD007183,CUST00715,04-19-2023,Web,Completed
ORD007184,CUST00156,2023-02-24,Mobile App,Completed
ORD007185,CUST00160,2023-08-08,Mobile App,Pending
ORD007186,CUST00136,2023-06-27,Mobile App,Completed
ORD007187,CUST00633,02-14-2024,Marketplace,Returned
ORD007188,CUST00124,01-17-2024,Web,Pending
ORD007189,CUST00822,27/03/2025,Mobile App,Returned
ORD007190,CUST00769,07-05-2024,Mobile App,Completed
ORD007191,CUST00482,12-02-2023,Marketplace,Completed
ORD007192,CUST01079,2024-08-04,Marketplace,Completed
ORD007193,CUST00459,02-25-2025,Web,Pending
ORD007194,CUST00605,06-19-2023,Mobile App,Pending
ORD007195,CUST00994,2024-09-19,Mobile App,Completed
ORD007196,CUST00524,03-17-2023,Mobile App,Pending
ORD007197,CUST01106,05/08/2025,Web,Returned
ORD007198,CUST01075,17/04/2025,Web,Cancelled
ORD007199,CUST00515,26/04/2025,Web,Pending
ORD007200,CUST00410,05/04/2025,Marketplace,Pending
ORD007201,CUST00786,15/08/2024,Web,Completed
ORD007202,CUST00650,2024-08-01,Web,Cancelled
ORD007203,CUST00005,2023-12-09,Marketplace,Cancelled
ORD007204,CUST00067,12/06/2025,Marketplace,Completed
ORD007205,CUST00720,01-26-2024,Marketplace,Completed
ORD007206,CUST01000,10/06/2025,Mobile App,Cancelled
ORD007207,CUST00465,2025-04-20,Web,Completed
ORD007208,CUST00198,2023-05-21,Web,Completed
ORD007209,CUST01111,27/11/2024,Mobile App,Returned
ORD007210,CUST01042,2024-09-05,Marketplace,Completed
ORD007211,CUST00285,2023-09-03,Marketplace,Completed
ORD007212,CUST00538,03/06/2025,Marketplace,Completed
ORD007213,CUST00841,2023-06-05,Marketplace,Completed
ORD007214,CUST00266,08-17-2023,Web,Completed
ORD007215,CUST00506,05-31-2025,Mobile App,Completed
ORD007216,CUST00678,02/01/2024,Web,Pending
ORD007217,CUST01173,10-21-2023,Mobile App,Cancelled
ORD007218,CUST01080,2023-05-23,Mobile App,Pending
ORD007219,CUST00815,03/11/2023,Mobile App,Returned
ORD007220,CUST00388,31/08/2023,Mobile App,Returned
ORD007221,CUST00513,2023-04-09,Web,Completed
ORD007222,CUST00980,01-04-2023,Mobile App,Completed
ORD007223,CUST00930,08-03-2025,Web,Completed
ORD007224,CUST00216,28/11/2023,Web,Completed
ORD007225,CUST00182,03-04-2024,Web,Completed
ORD007226,CUST00276,07/07/2025,Mobile App,Completed
ORD007227,CUST00122,2025-05-08,Mobile App,Cancelled
ORD007228,CUST00484,01-28-2023,Web,Completed
ORD007229,CUST00337,29/09/2024,Mobile App,Completed
ORD007230,CUST00718,19/07/2025,Marketplace,Completed
ORD007231,CUST01067,2024-01-29,Web,Pending
ORD007232,CUST00770,2023-08-31,Mobile App,Returned
ORD007233,CUST00589,21/10/2023,Web,Cancelled
ORD007234,CUST00835,16/01/2024,Mobile App,Completed
ORD007235,CUST00634,2023-10-19,Web,Completed
ORD007236,CUST00964,12-03-2024,Marketplace,Completed
ORD007237,CUST00805,20/10/2024,Web,Pending
ORD007238,CUST00627,11-12-2023,Web,Completed
ORD007239,CUST00416,09-04-2023,Marketplace,Returned
ORD007240,CUST00343,2025-05-12,Web,Completed
ORD007241,CUST00302,2024-02-18,Web,Completed
ORD007242,CUST00414,2025-01-04,Mobile App,Cancelled
ORD007243,CUST00433,2024-01-01,Web,Cancelled
ORD007244,CUST00559,2025-04-15,Mobile App,Completed
ORD007245,CUST00030,19/02/2023,Web,Returned
ORD007246,CUST01113,06-03-2023,Web,Cancelled
ORD007247,CUST00628,2025-07-09,Mobile App,Completed
ORD007248,CUST00170,2023-07-23,Marketplace,Completed
ORD007249,CUST00974,12-08-2023,Web,Returned
ORD007250,CUST00997,2025-07-03,Mobile App,Returned
ORD007251,CUST00807,2024-07-07,Web,Cancelled
ORD007252,CUST00661,2025-02-20,Marketplace,Completed
ORD007253,CUST00776,01-12-2025,Mobile App,Returned
ORD007254,CUST00372,2025-06-17,Web,Cancelled
ORD007255,CUST00310,2023-03-15,Mobile App,Completed
ORD007256,CUST00130,2023-06-23,Marketplace,Completed
ORD007257,CUST00170,11/08/2024,Web,Completed
ORD007258,CUST00186,11/12/2023,Marketplace,Completed
ORD007259,CUST00322,03-18-2024,Web,Completed
ORD007260,CUST01187,02-16-2023,Marketplace,Completed
ORD007261,CUST00904,03-21-2024,Mobile App,Completed
ORD007262,CUST00801,2023-09-08,Web,Cancelled
ORD007263,CUST00739,2025-07-04,Web,Cancelled
ORD007264,CUST00664,09-30-2024,Mobile App,Completed
ORD007265,CUST01040,05-18-2023,Marketplace,Completed
ORD007266,CUST01041,2023-06-23,Web,Completed
ORD007267,CUST00345,2025-01-02,Web,Completed
ORD007268,CUST00406,09-01-2023,Mobile App,Completed
ORD007269,CUST00870,08/07/2024,Marketplace,Completed
ORD007270,CUST00136,26/10/2024,Web,Pending
ORD007271,CUST00616,14/01/2023,Marketplace,Completed
ORD007272,CUST00309,08/10/2024,Mobile App,Cancelled
ORD007273,CUST01034,04-12-2025,Mobile App,Completed
ORD007274,CUST00994,2025-08-08,Web,Completed
ORD007275,CUST00952,2025-05-17,Web,Completed
ORD007276,CUST01117,01/05/2024,Web,Pending
ORD007277,CUST00571,2025-07-03,Marketplace,Returned
ORD007278,CUST00759,06-22-2024,Web,Completed
ORD007279,CUST00982,2023-08-06,Marketplace,Completed
ORD007280,CUST01110,2025-03-16,Mobile App,Completed
ORD007281,CUST00840,04/12/2023,Marketplace,Cancelled
ORD007282,CUST00941,2025-06-30,Marketplace,Completed
ORD007283,CUST00551,07-04-2025,Mobile App,Returned
ORD007284,CUST00768,23/02/2024,Marketplace,Pending
ORD007285,CUST01024,11-20-2023,Web,Completed
ORD007286,CUST00540,2024-07-05,Web,Completed
ORD007287,CUST00073,17/12/2023,Marketplace,Completed
ORD007288,CUST01200,30/03/2023,Mobile App,Completed
ORD007289,CUST00166,07-10-2025,Web,Pending
ORD007290,CUST00165,10/06/2024,Mobile App,Returned
ORD007291,CUST00831,2024-08-27,Mobile App,Completed
ORD007292,CUST01132,2023-02-21,Mobile App,Completed
ORD007293,CUST01092,01/02/2024,Marketplace,Cancelled
ORD007294,CUST01194,12/08/2023,Mobile App,Completed
ORD007295,CUST00643,31/08/2024,Mobile App,Completed
ORD007296,CUST00432,27/06/2024,Web,Completed
ORD007297,CUST00970,01-13-2024,Mobile App,Completed
ORD007298,CUST00537,06/03/2023,Web,Cancelled
ORD007299,CUST01171,03-05-2023,Mobile App,Completed
ORD007300,CUST00918,2023-09-11,Marketplace,Completed
ORD007301,CUST00765,18/12/2023,Web,Completed
ORD007302,CUST00232,08-23-2023,Web,Completed
ORD007303,CUST00105,10/07/2023,Mobile App,Returned
ORD007304,CUST00999,2025-07-09,Web,Completed
ORD007305,CUST00218,09-26-2024,Web,Cancelled
ORD007306,CUST01167,04-17-2023,Mobile App,Completed
ORD007307,CUST00742,2023-06-07,Mobile App,Completed
ORD007308,CUST01158,01-19-2025,Web,Completed
ORD007309,CUST00466,2025-05-17,Web,Completed
ORD007310,CUST01154,05-19-2025,Marketplace,Completed
ORD007311,CUST00765,10/01/2024,Marketplace,Pending
ORD007312,CUST01188,11/09/2024,Web,Completed
ORD007313,CUST00956,09-13-2024,Web,Pending
ORD007314,CUST00082,17/07/2025,Marketplace,Completed
ORD007315,CUST00374,2023-01-10,Mobile App,Returned
ORD007316,CUST01125,09/02/2023,Mobile App,Completed
ORD007317,CUST00704,04-17-2024,Marketplace,Returned
ORD007318,CUST00054,11/01/2024,Mobile App,Completed
ORD007319,CUST00251,02-17-2025,Marketplace,Returned
ORD007320,CUST00294,06-12-2025,Mobile App,Completed
ORD007321,CUST00999,28/08/2024,Web,Completed
ORD007322,CUST00230,2024-08-11,Web,Completed
ORD007323,CUST00803,14/04/2025,Mobile App,Returned
ORD007324,CUST00364,21/09/2023,Web,Completed
ORD007325,CUST00102,02-11-2023,Web,Completed
ORD007326,CUST00867,27/04/2023,Web,Cancelled
ORD007327,CUST00079,06-15-2024,Web,Completed
ORD007328,CUST00033,20/08/2024,Mobile App,Completed
ORD007329,CUST01163,04-26-2024,Marketplace,Pending
ORD007330,CUST00742,08-04-2023,Web,Returned
ORD007331,CUST00440,2023-02-05,Mobile App,Completed
ORD007332,CUST00129,2024-09-17,Marketplace,Pending
ORD007333,CUST00643,2024-05-18,Web,Cancelled
ORD007334,CUST00813,10-02-2024,Marketplace,Cancelled
ORD007335,CUST00135,2024-07-17,Mobile App,Completed
ORD007336,CUST00108,02-27-2023,Web,Completed
ORD007337,CUST00887,2023-05-10,Mobile App,Completed
ORD007338,CUST01178,2024-11-12,Web,Completed
ORD007339,CUST00265,10-26-2023,Marketplace,Completed
ORD007340,CUST00062,13/07/2024,Mobile App,Completed
ORD007341,CUST00169,2024-11-06,Marketplace,Completed
ORD007342,CUST00539,06-03-2025,Mobile App,Pending
ORD007343,CUST00681,11/04/2025,Marketplace,Completed
ORD007344,CUST00516,02-04-2023,Mobile App,Cancelled
ORD007345,CUST00078,29/04/2025,Marketplace,Completed
ORD007346,CUST01153,2023-12-14,Web,Returned
ORD007347,CUST00680,26/10/2023,Web,Cancelled
ORD007348,CUST00161,27/10/2024,Mobile App,Completed
ORD007349,CUST00717,03-09-2023,Mobile App,Completed
ORD007350,CUST00650,2024-05-26,Web,Cancelled
ORD007351,CUST00004,18/04/2023,Web,Completed
ORD007352,CUST00419,2025-05-09,Mobile App,Returned
ORD007353,CUST00118,02-10-2025,Web,Cancelled
ORD007354,CUST00656,06-11-2025,Marketplace,Completed
ORD007355,CUST00705,05-14-2024,Mobile App,Cancelled
ORD007356,CUST00562,2023-09-07,Web,Completed
ORD007357,CUST00975,2024-12-29,Marketplace,Completed
ORD007358,CUST00984,2025-02-18,Marketplace,Pending
ORD007359,CUST01121,06-26-2023,Mobile App,Completed
ORD007360,CUST00464,24/02/2023,Mobile App,Completed
ORD007361,CUST00365,2023-02-20,Mobile App,Completed
ORD007362,CUST00783,07-19-2024,Mobile App,Cancelled
ORD007363,CUST00577,03-25-2024,Marketplace,Completed
ORD007364,CUST00457,21/06/2024,Web,Completed
ORD007365,CUST00789,2024-10-19,Marketplace,Completed
ORD007366,CUST01190,2025-03-06,Marketplace,Returned
ORD007367,CUST00424,01-14-2025,Marketplace,Completed
ORD007368,CUST00775,26/08/2023,Mobile App,Completed
ORD007369,CUST00375,20/08/2023,Marketplace,Completed
ORD007370,CUST00576,2025-06-11,Marketplace,Completed
ORD007371,CUST00628,2024-02-13,Mobile App,Completed
ORD007372,CUST00196,04-06-2025,Marketplace,Pending
ORD007373,CUST00785,29/05/2025,Web,Pending
ORD007374,CUST00107,31/01/2024,Mobile App,Completed
ORD007375,CUST00299,02/03/2024,Mobile App,Pending
ORD007376,CUST00591,02-27-2024,Web,Pending
ORD007377,CUST01189,03-18-2024,Mobile App,Returned
ORD007378,CUST00059,14/04/2025,Web,Returned
ORD007379,CUST01036,12-17-2024,Mobile App,Cancelled
ORD007380,CUST00940,06/03/2024,Mobile App,Completed
ORD007381,CUST00434,2023-07-28,Mobile App,Completed
ORD007382,CUST00413,2023-10-06,Marketplace,Cancelled
ORD007383,CUST00754,2025-03-25,Web,Completed
ORD007384,CUST00457,2023-04-20,Web,Completed
ORD007385,CUST01163,25/07/2023,Marketplace,Completed
ORD007386,CUST00166,08-02-2025,Marketplace,Completed
ORD007387,CUST00521,2023-11-27,Web,Completed
ORD007388,CUST00140,05-21-2023,Mobile App,Completed
ORD007389,CUST00681,01-14-2024,Mobile App,Completed
ORD007390,CUST01005,07-17-2025,Mobile App,Completed
ORD007391,CUST00586,2024-09-12,Web,Completed
ORD007392,CUST01094,2024-10-11,Mobile App,Returned
ORD007393,CUST01126,01-10-2023,Web,Returned
ORD007394,CUST01149,06/08/2023,Mobile App,Completed
ORD007395,CUST00945,20/04/2025,Marketplace,Completed
ORD007396,CUST00726,10/07/2024,Web,Cancelled
ORD007397,CUST00289,05/05/2024,Marketplace,Returned
ORD007398,CUST01088,02-21-2025,Marketplace,Completed
ORD007399,CUST00758,2024-05-06,Web,Returned
ORD007400,CUST00075,05-13-2024,Mobile App,Cancelled
ORD007401,CUST01048,13/02/2023,Web,Completed
ORD007402,CUST00280,15/06/2025,Mobile App,Completed
ORD007403,CUST00011,01-11-2024,Web,Cancelled
ORD007404,CUST00722,09-29-2024,Marketplace,Returned
ORD007405,CUST00432,02-06-2024,Mobile App,Pending
ORD007406,CUST00182,2023-09-14,Marketplace,Completed
ORD007407,CUST00081,2024-08-11,Web,Completed
ORD007408,CUST01187,07-14-2024,Web,Pending
ORD007409,CUST00845,2023-06-20,Marketplace,Cancelled
ORD007410,CUST00351,05-13-2023,Marketplace,Cancelled
ORD007411,CUST00937,07/10/2023,Web,Returned
ORD007412,CUST01102,08/10/2023,Mobile App,Completed
ORD007413,CUST00206,2024-02-21,Mobile App,Completed
ORD007414,CUST00274,2025-04-23,Web,Completed
ORD007415,CUST00880,25/01/2024,Web,Completed
ORD007416,CUST01185,31/01/2025,Mobile App,Completed
ORD007417,CUST00828,2025-03-27,Marketplace,Cancelled
ORD007418,CUST00877,08-05-2023,Marketplace,Cancelled
ORD007419,CUST00136,04-01-2023,Marketplace,Completed
ORD007420,CUST00992,2024-03-04,Marketplace,Completed
ORD007421,CUST01174,06-16-2023,Web,Completed
ORD007422,CUST01188,23/04/2023,Web,Cancelled
ORD007423,CUST00350,04-17-2024,Marketplace,Cancelled
ORD007424,CUST00459,2025-01-07,Web,Completed
ORD007425,CUST00567,03-24-2025,Web,Completed
ORD007426,CUST00731,2025-02-11,Marketplace,Completed
ORD007427,CUST00687,2023-12-03,Marketplace,Completed
ORD007428,CUST00001,12/03/2025,Mobile App,Completed
ORD007429,CUST00498,2023-08-23,Mobile App,Returned
ORD007430,CUST00600,22/08/2023,Web,Cancelled
ORD007431,CUST00295,13/05/2024,Web,Cancelled
ORD007432,CUST00705,06-12-2025,Web,Completed
ORD007433,CUST00411,2023-12-21,Mobile App,Completed
ORD007434,CUST00481,15/01/2025,Marketplace,Returned
ORD007435,CUST00171,10/10/2024,Web,Completed
ORD007436,CUST00781,08/09/2024,Mobile App,Pending
ORD007437,CUST00045,12-18-2024,Marketplace,Cancelled
ORD007438,CUST00520,2023-12-20,Web,Pending
ORD007439,CUST00073,2024-02-03,Web,Completed
ORD007440,CUST00036,30/03/2025,Marketplace,Returned
ORD007441,CUST00508,23/05/2024,Web,Cancelled
ORD007442,CUST00470,17/08/2023,Marketplace,Returned
ORD007443,CUST00949,2023-06-28,Mobile App,Returned
ORD007444,CUST00568,21/05/2024,Marketplace,Completed
ORD007445,CUST00452,19/10/2023,Web,Completed
ORD007446,CUST00454,2023-06-05,Web,Pending
ORD007447,CUST00988,11-02-2023,Web,Pending
ORD007448,CUST00501,13/06/2024,Marketplace,Returned
ORD007449,CUST00515,29/03/2025,Web,Pending
ORD007450,CUST00320,2023-07-11,Mobile App,Pending
ORD007451,CUST01007,10/05/2024,Web,Cancelled
ORD007452,CUST01009,03-19-2025,Web,Returned
ORD007453,CUST00960,03/10/2024,Web,Completed
ORD007454,CUST00589,23/01/2024,Marketplace,Completed
ORD007455,CUST00836,2025-03-21,Marketplace,Completed
ORD007456,CUST00115,11-30-2024,Web,Completed
ORD007457,CUST00791,04-14-2025,Web,Completed
ORD007458,CUST00539,05-26-2024,Mobile App,Cancelled
ORD007459,CUST00826,21/05/2023,Marketplace,Completed
ORD007460,CUST01009,26/09/2023,Marketplace,Completed
ORD007461,CUST01008,11-17-2024,Mobile App,Pending
ORD007462,CUST00962,2024-04-05,Mobile App,Cancelled
ORD007463,CUST00174,2023-05-30,Web,Completed
ORD007464,CUST00138,17/12/2024,Mobile App,Completed
ORD007465,CUST00707,2024-10-06,Mobile App,Completed
ORD007466,CUST00469,08-21-2023,Mobile App,Pending
ORD007467,CUST00447,2024-04-07,Marketplace,Completed
ORD007468,CUST00763,16/08/2024,Mobile App,Completed
ORD007469,CUST00233,2025-02-08,Mobile App,Returned
ORD007470,CUST00286,2024-12-24,Mobile App,Cancelled
ORD007471,CUST00204,2024-01-29,Mobile App,Returned
ORD007472,CUST00059,22/05/2023,Marketplace,Completed
ORD007473,CUST00268,13/02/2023,Mobile App,Returned
ORD007474,CUST00471,28/01/2025,Web,Completed
ORD007475,CUST00136,2023-06-19,Mobile App,Completed
ORD007476,CUST00058,2023-07-27,Marketplace,Completed
ORD007477,CUST00261,03-17-2023,Marketplace,Completed
ORD007478,CUST00959,04-26-2025,Web,Completed
ORD007479,CUST00009,10-11-2023,Marketplace,Completed
ORD007480,CUST00274,24/06/2023,Mobile App,Completed
ORD007481,CUST01167,2025-06-02,Marketplace,Completed
ORD007482,CUST00031,09/08/2024,Marketplace,Completed
ORD007483,CUST00018,20/05/2025,Marketplace,Completed
ORD007484,CUST00249,10-07-2023,Web,Completed
ORD007485,CUST00141,15/05/2023,Web,Completed
ORD007486,CUST00708,11/04/2023,Marketplace,Completed
ORD007487,CUST00071,24/02/2023,Marketplace,Completed
ORD007488,CUST00919,25/02/2025,Mobile App,Completed
ORD007489,CUST00036,29/11/2024,Mobile App,Completed
ORD007490,CUST00174,11/05/2024,Web,Completed
ORD007491,CUST00543,12-12-2023,Web,Completed
ORD007492,CUST00724,2023-09-07,Web,Completed
ORD007493,CUST00866,20/02/2025,Mobile App,Pending
ORD007494,CUST01165,13/06/2024,Web,Completed
ORD007495,CUST00127,04-11-2024,Mobile App,Returned
ORD007496,CUST00206,07-29-2025,Marketplace,Pending
ORD007497,CUST00621,2023-09-17,Mobile App,Pending
ORD007498,CUST00831,04-01-2025,Web,Cancelled
ORD007499,CUST00021,2025-03-30,Marketplace,Returned
ORD007500,CUST00838,23/06/2025,Marketplace,Completed
ORD007501,CUST01167,09/10/2023,Mobile App,Returned
ORD007502,CUST00352,2023-02-19,Web,Returned
ORD007503,CUST00429,2024-01-22,Marketplace,Returned
ORD007504,CUST00289,10-31-2024,Mobile App,Returned
ORD007505,CUST00454,2023-02-02,Marketplace,Completed
ORD007506,CUST00167,17/05/2023,Mobile App,Pending
ORD007507,CUST01194,27/05/2024,Mobile App,Completed
ORD007508,CUST01170,2025-06-19,Mobile App,Completed
ORD007509,CUST00536,2023-09-15,Mobile App,Pending
ORD007510,CUST00564,04-16-2023,Mobile App,Completed
ORD007511,CUST00610,2023-07-23,Marketplace,Cancelled
ORD007512,CUST00663,21/07/2023,Web,Completed
ORD007513,CUST00024,11-29-2023,Marketplace,Returned
ORD007514,CUST00234,2025-04-17,Mobile App,Cancelled
ORD007515,CUST00967,21/03/2024,Mobile App,Pending
ORD007516,CUST00619,02/01/2024,Mobile App,Completed
ORD007517,CUST00119,2025-02-04,Web,Completed
ORD007518,CUST00464,14/04/2023,Mobile App,Pending
ORD007519,CUST00585,05-15-2025,Marketplace,Completed
ORD007520,CUST00945,09-09-2023,Marketplace,Returned
ORD007521,CUST00603,2025-08-01,Web,Completed
ORD007522,CUST00865,10-14-2024,Web,Completed
ORD007523,CUST01168,08-22-2023,Mobile App,Returned
ORD007524,CUST01087,10-30-2024,Web,Returned
ORD007525,CUST00954,09-08-2024,Marketplace,Completed
ORD007526,CUST00753,2023-06-14,Marketplace,Completed
ORD007527,CUST00500,2025-07-28,Web,Completed
ORD007528,CUST00116,06-21-2024,Mobile App,Completed
ORD007529,CUST00286,2023-01-12,Marketplace,Cancelled
ORD007530,CUST00971,02-06-2024,Mobile App,Completed
ORD007531,CUST01042,03-14-2025,Mobile App,Completed
ORD007532,CUST00816,08-20-2023,Web,Completed
ORD007533,CUST00878,18/10/2023,Web,Pending
ORD007534,CUST00256,03-22-2023,Marketplace,Completed
ORD007535,CUST00585,02-26-2023,Marketplace,Pending
ORD007536,CUST00158,03-13-2024,Marketplace,Pending
ORD007537,CUST00125,02-03-2024,Web,Completed
ORD007538,CUST00561,11-29-2023,Marketplace,Pending
ORD007539,CUST00343,2024-12-17,Web,Completed
ORD007540,CUST00891,05-07-2024,Mobile App,Completed
ORD007541,CUST00308,2025-06-27,Web,Cancelled
ORD007542,CUST00848,2024-02-05,Marketplace,Cancelled
ORD007543,CUST01004,04-11-2024,Mobile App,Pending
ORD007544,CUST00239,2025-06-03,Web,Cancelled
ORD007545,CUST00319,29/04/2025,Marketplace,Completed
ORD007546,CUST00104,12-21-2023,Mobile App,Completed
ORD007547,CUST00286,08/02/2025,Mobile App,Completed
ORD007548,CUST01083,17/03/2023,Mobile App,Completed
ORD007549,CUST00077,04/07/2025,Marketplace,Completed
ORD007550,CUST00847,2023-04-12,Mobile App,Returned
ORD007551,CUST00368,2023-08-19,Web,Completed
ORD007552,CUST00518,04-22-2024,Mobile App,Completed
ORD007553,CUST00158,2025-03-27,Web,Completed
ORD007554,CUST01100,27/04/2025,Marketplace,Completed
ORD007555,CUST00702,05/03/2025,Mobile App,Completed
ORD007556,CUST01119,2024-12-15,Mobile App,Completed
ORD007557,CUST00396,20/11/2024,Marketplace,Completed
ORD007558,CUST00370,12-29-2024,Marketplace,Completed
ORD007559,CUST00698,2024-09-16,Web,Completed
ORD007560,CUST00831,26/01/2023,Mobile App,Pending
ORD007561,CUST00381,03/10/2024,Mobile App,Cancelled
ORD007562,CUST00449,19/05/2025,Web,Completed
ORD007563,CUST01106,25/02/2024,Marketplace,Completed
ORD007564,CUST00955,18/08/2023,Web,Returned
ORD007565,CUST00412,10/02/2024,Mobile App,Completed
ORD007566,CUST00510,2023-11-30,Web,Completed
ORD007567,CUST00107,28/06/2023,Marketplace,Completed
ORD007568,CUST00480,2023-01-06,Marketplace,Completed
ORD007569,CUST01039,06-15-2024,Mobile App,Completed
ORD007570,CUST00104,01/03/2024,Web,Completed
ORD007571,CUST00452,02-17-2024,Marketplace,Completed
ORD007572,CUST00790,2024-12-25,Web,Completed
ORD007573,CUST00743,2024-08-26,Web,Cancelled
ORD007574,CUST00396,14/08/2023,Mobile App,Returned
ORD007575,CUST00224,24/06/2025,Mobile App,Pending
ORD007576,CUST00083,12-11-2023,Mobile App,Completed
ORD007577,CUST00617,05-21-2025,Web,Completed
ORD007578,CUST00785,2023-12-21,Marketplace,Cancelled
ORD007579,CUST01139,2025-01-13,Web,Completed
ORD007580,CUST01084,04-20-2024,Mobile App,Pending
ORD007581,CUST00526,26/10/2024,Web,Pending
ORD007582,CUST00646,06-21-2024,Mobile App,Completed
ORD007583,CUST00791,2023-01-14,Mobile App,Completed
ORD007584,CUST00894,2025-03-20,Web,Completed
ORD007585,CUST00810,2024-10-02,Web,Cancelled
ORD007586,CUST00455,04-26-2025,Marketplace,Pending
ORD007587,CUST00068,24/02/2023,Mobile App,Pending
ORD007588,CUST00628,31/12/2023,Marketplace,Completed
ORD007589,CUST00558,2024-09-08,Marketplace,Pending
ORD007590,CUST00473,07-10-2025,Web,Pending
ORD007591,CUST00887,07-10-2025,Marketplace,Completed
ORD007592,CUST00388,12-24-2023,Mobile App,Returned
ORD007593,CUST00772,2025-06-22,Web,Completed
ORD007594,CUST01110,2024-01-17,Marketplace,Completed
ORD007595,CUST01014,2023-07-12,Mobile App,Completed
ORD007596,CUST00047,2023-04-03,Mobile App,Completed
ORD007597,CUST00123,2024-12-12,Marketplace,Completed
ORD007598,CUST00983,2025-02-12,Mobile App,Completed
ORD007599,CUST00099,17/11/2024,Web,Completed
ORD007600,CUST00518,04-18-2025,Web,Returned
ORD007601,CUST01136,15/11/2023,Mobile App,Completed
ORD007602,CUST00977,27/10/2024,Mobile App,Completed
ORD007603,CUST00937,21/04/2025,Web,Cancelled
ORD007604,CUST00105,11/01/2023,Web,Cancelled
ORD007605,CUST01009,01-23-2025,Web,Completed
ORD007606,CUST00518,11-12-2023,Mobile App,Completed
ORD007607,CUST01102,02-03-2025,Mobile App,Returned
ORD007608,CUST00367,07/11/2024,Marketplace,Pending
ORD007609,CUST00206,2025-02-14,Mobile App,Completed
ORD007610,CUST00930,2025-02-02,Mobile App,Completed
ORD007611,CUST00813,06-03-2025,Web,Cancelled
ORD007612,CUST00247,07/12/2023,Marketplace,Completed
ORD007613,CUST01008,24/05/2024,Marketplace,Cancelled
ORD007614,CUST00635,06-04-2025,Mobile App,Returned
ORD007615,CUST00935,2024-09-04,Mobile App,Completed
ORD007616,CUST00529,16/06/2024,Marketplace,Completed
ORD007617,CUST00737,2025-07-28,Web,Cancelled
ORD007618,CUST00571,2024-04-11,Marketplace,Pending
ORD007619,CUST01137,2023-03-13,Mobile App,Completed
ORD007620,CUST00956,2025-08-05,Web,Returned
ORD007621,CUST00241,03-23-2023,Marketplace,Completed
ORD007622,CUST00382,2025-01-28,Mobile App,Completed
ORD007623,CUST01132,2025-05-25,Marketplace,Completed
ORD007624,CUST00185,01/02/2024,Marketplace,Completed
ORD007625,CUST00825,08-25-2024,Marketplace,Completed
ORD007626,CUST00140,2024-10-22,Marketplace,Returned
ORD007627,CUST00994,01-28-2024,Web,Pending
ORD007628,CUST00789,07-05-2025,Web,Completed
ORD007629,CUST00599,07-15-2023,Marketplace,Completed
ORD007630,CUST00767,24/06/2025,Marketplace,Returned
ORD007631,CUST00271,15/12/2023,Web,Pending
ORD007632,CUST01079,02-20-2023,Marketplace,Completed
ORD007633,CUST00051,06-09-2025,Mobile App,Completed
ORD007634,CUST00954,12-11-2024,Marketplace,Returned
ORD007635,CUST01116,2024-07-08,Marketplace,Pending
ORD007636,CUST01104,22/03/2024,Marketplace,Returned
ORD007637,CUST00784,04-26-2025,Web,Completed
ORD007638,CUST00973,18/05/2024,Mobile App,Completed
ORD007639,CUST00962,26/10/2024,Marketplace,Completed
ORD007640,CUST01064,29/06/2023,Mobile App,Pending
ORD007641,CUST01051,27/06/2025,Marketplace,Completed
ORD007642,CUST00261,11/08/2024,Web,Completed
ORD007643,CUST01152,17/04/2024,Web,Cancelled
ORD007644,CUST00642,2025-02-08,Web,Completed
ORD007645,CUST01088,06-05-2025,Marketplace,Pending
ORD007646,CUST00987,2024-04-16,Marketplace,Completed
ORD007647,CUST00441,01-08-2024,Mobile App,Pending
ORD007648,CUST00567,26/05/2025,Web,Completed
ORD007649,CUST00719,2024-12-10,Web,Completed
ORD007650,CUST00050,10/03/2024,Marketplace,Completed
ORD007651,CUST00724,16/08/2024,Web,Completed
ORD007652,CUST00479,2025-04-27,Mobile App,Completed
ORD007653,CUST00951,03-02-2025,Web,Completed
ORD007654,CUST00374,2024-08-25,Mobile App,Completed
ORD007655,CUST00463,05-09-2025,Marketplace,Completed
ORD007656,CUST00154,2024-10-06,Mobile App,Completed
ORD007657,CUST00013,2024-05-16,Mobile App,Completed
ORD007658,CUST00022,08-06-2024,Web,Completed
ORD007659,CUST00379,30/04/2024,Marketplace,Completed
ORD007660,CUST00519,30/06/2025,Marketplace,Completed
ORD007661,CUST00165,2023-06-28,Mobile App,Pending
ORD007662,CUST00578,01-04-2025,Mobile App,Returned
ORD007663,CUST00914,01-22-2024,Mobile App,Completed
ORD007664,CUST01000,07-20-2024,Marketplace,Pending
ORD007665,CUST00748,02-28-2025,Web,Completed
ORD007666,CUST01087,2024-11-04,Marketplace,Completed
ORD007667,CUST00071,2024-02-18,Mobile App,Cancelled
ORD007668,CUST00218,03-23-2025,Web,Completed
ORD007669,CUST00569,31/01/2024,Mobile App,Completed
ORD007670,CUST00797,10-08-2023,Mobile App,Returned
ORD007671,CUST01083,09/05/2025,Web,Completed
ORD007672,CUST00040,2024-07-07,Mobile App,Completed
ORD007673,CUST00897,2025-07-30,Mobile App,Completed
ORD007674,CUST00141,2024-01-13,Mobile App,Pending
ORD007675,CUST00116,06-29-2024,Web,Completed
ORD007676,CUST01020,03-14-2023,Marketplace,Returned
ORD007677,CUST00207,09-28-2024,Marketplace,Completed
ORD007678,CUST00266,2025-05-28,Marketplace,Cancelled
ORD007679,CUST01029,2025-03-10,Marketplace,Completed
ORD007680,CUST00694,2023-10-26,Mobile App,Cancelled
ORD007681,CUST00613,03-16-2024,Web,Cancelled
ORD007682,CUST00041,07-04-2024,Mobile App,Pending
ORD007683,CUST01124,07-14-2025,Mobile App,Returned
ORD007684,CUST00449,14/10/2024,Mobile App,Pending
ORD007685,CUST00134,2024-11-30,Mobile App,Completed
ORD007686,CUST00902,28/11/2024,Web,Cancelled
ORD007687,CUST00231,05-23-2023,Marketplace,Cancelled
ORD007688,CUST00221,2024-02-02,Mobile App,Cancelled
ORD007689,CUST00897,01/06/2024,Web,Completed
ORD007690,CUST00527,2023-06-25,Marketplace,Completed
ORD007691,CUST00964,2024-05-04,Marketplace,Completed
ORD007692,CUST01072,04-25-2023,Web,Cancelled
ORD007693,CUST00104,2024-12-15,Marketplace,Completed
ORD007694,CUST00410,11-04-2024,Web,Cancelled
ORD007695,CUST00683,10/11/2023,Web,Returned
ORD007696,CUST00144,10/06/2023,Mobile App,Returned
ORD007697,CUST00137,2023-05-17,Marketplace,Completed
ORD007698,CUST00600,2023-03-28,Marketplace,Pending
ORD007699,CUST00778,2025-05-05,Mobile App,Cancelled
ORD007700,CUST00462,12-09-2024,Web,Completed
ORD007701,CUST00617,2024-08-13,Mobile App,Completed
ORD007702,CUST00548,06-26-2023,Marketplace,Returned
ORD007703,CUST00200,24/07/2023,Web,Cancelled
ORD007704,CUST01016,02-02-2023,Web,Completed
ORD007705,CUST00176,2024-07-24,Marketplace,Completed
ORD007706,CUST01130,2025-02-01,Marketplace,Cancelled
ORD007707,CUST00538,05/07/2024,Web,Pending
ORD007708,CUST00493,07-20-2023,Mobile App,Cancelled
ORD007709,CUST00575,2023-04-28,Mobile App,Completed
ORD007710,CUST00717,21/09/2024,Marketplace,Completed
ORD007711,CUST00363,2024-07-24,Marketplace,Cancelled
ORD007712,CUST00411,02-04-2023,Mobile App,Completed
ORD007713,CUST00687,08-17-2023,Mobile App,Returned
ORD007714,CUST00612,05-25-2025,Mobile App,Completed
ORD007715,CUST00221,04-10-2023,Web,Pending
ORD007716,CUST00910,2025-07-21,Marketplace,Completed
ORD007717,CUST00387,30/03/2025,Marketplace,Completed
ORD007718,CUST00121,2024-03-16,Web,Returned
ORD007719,CUST00567,20/01/2025,Marketplace,Completed
ORD007720,CUST00100,2023-09-25,Mobile App,Completed
ORD007721,CUST00906,04-23-2024,Marketplace,Completed
ORD007722,CUST00245,02/03/2023,Mobile App,Completed
ORD007723,CUST00987,2023-02-04,Web,Cancelled
ORD007724,CUST00479,2024-02-26,Web,Cancelled
ORD007725,CUST00408,08-25-2023,Marketplace,Returned
ORD007726,CUST00636,2023-01-12,Web,Returned
ORD007727,CUST00393,06-28-2023,Web,Pending
ORD007728,CUST00636,28/05/2024,Web,Completed
ORD007729,CUST01021,07-25-2024,Marketplace,Returned
ORD007730,CUST00304,05/08/2025,Web,Pending
ORD007731,CUST00669,08/04/2023,Web,Completed
ORD007732,CUST00667,2025-01-28,Web,Pending
ORD007733,CUST00187,10-17-2024,Web,Completed
ORD007734,CUST00994,08/12/2024,Web,Completed
ORD007735,CUST01164,01-25-2023,Mobile App,Completed
ORD007736,CUST00109,20/10/2023,Mobile App,Completed
ORD007737,CUST01145,2023-01-13,Marketplace,Cancelled
ORD007738,CUST00722,09/05/2025,Marketplace,Completed
ORD007739,CUST00250,11-27-2023,Marketplace,Completed
ORD007740,CUST00685,17/05/2023,Mobile App,Cancelled
ORD007741,CUST00403,2023-09-29,Marketplace,Completed
ORD007742,CUST00755,2024-12-08,Web,Completed
ORD007743,CUST00624,27/10/2024,Marketplace,Completed
ORD007744,CUST01155,02-21-2023,Marketplace,Cancelled
ORD007745,CUST01093,04/07/2024,Mobile App,Pending
ORD007746,CUST01176,01/08/2023,Web,Completed
ORD007747,CUST00417,24/03/2024,Marketplace,Completed
ORD007748,CUST00239,26/06/2023,Web,Completed
ORD007749,CUST00960,2024-06-19,Web,Completed
ORD007750,CUST00637,2025-03-25,Web,Pending
ORD007751,CUST01118,10/05/2025,Marketplace,Completed
ORD007752,CUST00704,03-20-2023,Marketplace,Completed
ORD007753,CUST00658,2023-02-28,Web,Completed
ORD007754,CUST01079,02-05-2023,Marketplace,Completed
ORD007755,CUST01181,22/11/2024,Mobile App,Pending
ORD007756,CUST01035,2024-01-27,Marketplace,Completed
ORD007757,CUST00394,21/07/2024,Mobile App,Completed
ORD007758,CUST00893,12/12/2024,Marketplace,Returned
ORD007759,CUST00010,2023-12-20,Web,Returned
ORD007760,CUST00684,07/04/2023,Marketplace,Pending
ORD007761,CUST00968,2023-11-07,Web,Pending
ORD007762,CUST00781,04-03-2025,Mobile App,Completed
ORD007763,CUST00958,2024-10-13,Marketplace,Returned
ORD007764,CUST00579,03-17-2023,Marketplace,Completed
ORD007765,CUST00698,2023-08-20,Mobile App,Completed
ORD007766,CUST00364,10-20-2023,Web,Returned
ORD007767,CUST00572,2023-07-31,Mobile App,Cancelled
ORD007768,CUST00362,07/12/2023,Mobile App,Completed
ORD007769,CUST00084,01/04/2025,Mobile App,Completed
ORD007770,CUST00530,06-23-2025,Marketplace,Cancelled
ORD007771,CUST00332,2023-09-11,Mobile App,Completed
ORD007772,CUST00340,10-30-2023,Marketplace,Pending
ORD007773,CUST00164,08-01-2023,Marketplace,Pending
ORD007774,CUST00771,02/03/2024,Mobile App,Completed
ORD007775,CUST01024,2025-04-25,Web,Cancelled
ORD007776,CUST00257,24/10/2023,Web,Completed
ORD007777,CUST00203,2024-07-02,Mobile App,Completed
ORD007778,CUST00897,2023-06-27,Marketplace,Cancelled
ORD007779,CUST00452,12-01-2024,Web,Completed
ORD007780,CUST00906,2024-10-25,Web,Completed
ORD007781,CUST01175,05-31-2025,Marketplace,Returned
ORD007782,CUST00516,23/08/2024,Marketplace,Completed
ORD007783,CUST00689,25/07/2023,Mobile App,Completed
ORD007784,CUST00919,01-17-2023,Mobile App,Completed
ORD007785,CUST00004,01/07/2025,Mobile App,Completed
ORD007786,CUST00884,01-15-2023,Web,Completed
ORD007787,CUST00258,2024-09-10,Mobile App,Completed
ORD007788,CUST00530,2023-06-02,Mobile App,Completed
ORD007789,CUST00731,2023-05-10,Mobile App,Completed
ORD007790,CUST00605,2025-03-03,Marketplace,Completed
ORD007791,CUST00402,2025-06-20,Marketplace,Returned
ORD007792,CUST00925,05-02-2023,Marketplace,Completed
ORD007793,CUST00818,2023-11-28,Mobile App,Completed
ORD007794,CUST00071,20/03/2023,Web,Completed
ORD007795,CUST00682,2024-06-15,Marketplace,Completed
ORD007796,CUST00271,03/02/2023,Mobile App,Completed
ORD007797,CUST00389,25/07/2024,Mobile App,Pending
ORD007798,CUST00704,09-22-2023,Marketplace,Completed
ORD007799,CUST00124,2023-07-13,Mobile App,Completed
ORD007800,CUST00783,10-01-2023,Web,Cancelled
ORD007801,CUST00281,2023-12-02,Mobile App,Completed
ORD007802,CUST00107,2023-04-04,Marketplace,Cancelled
ORD007803,CUST00021,04-05-2024,Web,Returned
ORD007804,CUST00946,2023-11-01,Marketplace,Pending
ORD007805,CUST00067,30/09/2024,Web,Completed
ORD007806,CUST00338,22/09/2023,Marketplace,Completed
ORD007807,CUST00655,01-31-2025,Web,Completed
ORD007808,CUST00983,2023-09-16,Web,Completed
ORD007809,CUST00007,22/08/2024,Web,Cancelled
ORD007810,CUST00749,12-24-2023,Web,Returned
ORD007811,CUST00772,2023-05-30,Mobile App,Completed
ORD007812,CUST01150,02-13-2024,Mobile App,Returned
ORD007813,CUST01186,09-26-2024,Mobile App,Completed
ORD007814,CUST00125,10/11/2023,Mobile App,Completed
ORD007815,CUST00608,11-11-2023,Marketplace,Pending
ORD007816,CUST00791,22/01/2025,Marketplace,Completed
ORD007817,CUST00494,20/11/2023,Marketplace,Cancelled
ORD007818,CUST01177,21/04/2025,Marketplace,Cancelled
ORD007819,CUST00774,2024-12-29,Mobile App,Completed
ORD007820,CUST00552,10/05/2023,Mobile App,Completed
ORD007821,CUST00796,2024-11-27,Mobile App,Pending
ORD007822,CUST00014,07-31-2025,Marketplace,Pending
ORD007823,CUST00100,2024-10-03,Marketplace,Completed
ORD007824,CUST01154,06-17-2025,Mobile App,Pending
ORD007825,CUST00354,11-01-2024,Mobile App,Completed
ORD007826,CUST00201,11/05/2024,Mobile App,Completed
ORD007827,CUST00317,2023-10-16,Web,Pending
ORD007828,CUST00501,09-16-2024,Web,Completed
ORD007829,CUST00950,09-01-2023,Marketplace,Completed
ORD007830,CUST00246,07/04/2024,Mobile App,Returned
ORD007831,CUST00071,24/01/2023,Web,Cancelled
ORD007832,CUST00531,2024-08-18,Marketplace,Completed
ORD007833,CUST00007,2023-02-22,Mobile App,Completed
ORD007834,CUST00727,07-07-2024,Mobile App,Completed
ORD007835,CUST01143,15/12/2023,Web,Completed
ORD007836,CUST00758,16/01/2024,Marketplace,Completed
ORD007837,CUST00755,30/07/2023,Mobile App,Completed
ORD007838,CUST00124,17/10/2023,Web,Completed
ORD007839,CUST00326,2025-06-30,Mobile App,Pending
ORD007840,CUST00105,01-04-2024,Web,Completed
ORD007841,CUST00907,05-21-2024,Mobile App,Returned
ORD007842,CUST00987,27/02/2024,Marketplace,Completed
ORD007843,CUST00884,2023-09-09,Web,Completed
ORD007844,CUST00995,2023-04-27,Marketplace,Pending
ORD007845,CUST01095,08/12/2023,Marketplace,Returned
ORD007846,CUST00747,2024-12-27,Mobile App,Completed
ORD007847,CUST01128,03-03-2023,Mobile App,Completed
ORD007848,CUST00874,2025-07-30,Web,Completed
ORD007849,CUST00641,12-12-2023,Marketplace,Returned
ORD007850,CUST01034,2024-03-01,Mobile App,Completed
ORD007851,CUST00757,2023-12-08,Mobile App,Completed
ORD007852,CUST00796,2023-10-31,Marketplace,Returned
ORD007853,CUST00898,04-01-2025,Web,Completed
ORD007854,CUST00758,10-30-2024,Mobile App,Pending
ORD007855,CUST00389,28/06/2024,Mobile App,Completed
ORD007856,CUST01030,2023-01-27,Mobile App,Completed
ORD007857,CUST00866,02-25-2025,Mobile App,Returned
ORD007858,CUST00013,11-10-2024,Web,Completed
ORD007859,CUST00803,23/03/2023,Marketplace,Returned
ORD007860,CUST00831,2024-04-18,Web,Completed
ORD007861,CUST01156,2023-01-04,Web,Returned
ORD007862,CUST01107,2024-06-22,Marketplace,Returned
ORD007863,CUST00748,11-12-2024,Web,Completed
ORD007864,CUST00106,06-11-2025,Mobile App,Completed
ORD007865,CUST00825,2024-05-16,Web,Completed
ORD007866,CUST00748,01/11/2024,Mobile App,Completed
ORD007867,CUST01103,05/01/2024,Mobile App,Cancelled
ORD007868,CUST00183,11/01/2023,Mobile App,Pending
ORD007869,CUST00778,2024-02-02,Marketplace,Pending
ORD007870,CUST00681,01-20-2025,Mobile App,Completed
ORD007871,CUST00842,12/06/2023,Web,Completed
ORD007872,CUST00265,2023-10-21,Mobile App,Completed
ORD007873,CUST00436,2023-06-12,Marketplace,Completed
ORD007874,CUST00018,25/06/2025,Marketplace,Returned
ORD007875,CUST01157,09/05/2024,Web,Pending
ORD007876,CUST00077,2023-10-20,Mobile App,Completed
ORD007877,CUST01104,10-07-2024,Marketplace,Completed
ORD007878,CUST00884,2024-05-29,Web,Completed
ORD007879,CUST00850,2025-04-30,Marketplace,Completed
ORD007880,CUST00483,06-28-2025,Mobile App,Completed
ORD007881,CUST01125,2023-07-08,Mobile App,Completed
ORD007882,CUST00547,10-18-2023,Marketplace,Completed
ORD007883,CUST00655,2023-09-09,Web,Completed
ORD007884,CUST00135,2024-06-11,Web,Completed
ORD007885,CUST01108,2023-07-29,Mobile App,Pending
ORD007886,CUST00542,26/06/2024,Mobile App,Completed
ORD007887,CUST00809,2023-12-30,Marketplace,Completed
ORD007888,CUST00899,2023-11-11,Web,Completed
ORD007889,CUST00933,03-04-2024,Marketplace,Returned
ORD007890,CUST01190,2023-09-10,Mobile App,Completed
ORD007891,CUST00598,2024-08-28,Marketplace,Completed
ORD007892,CUST01075,2025-06-11,Marketplace,Completed
ORD007893,CUST00922,13/05/2024,Web,Completed
ORD007894,CUST01016,2023-01-31,Marketplace,Completed
ORD007895,CUST00930,12/06/2023,Mobile App,Completed
ORD007896,CUST00639,30/07/2023,Web,Completed
ORD007897,CUST00067,23/02/2024,Web,Pending
ORD007898,CUST00240,06-11-2025,Web,Returned
ORD007899,CUST00665,03-27-2024,Marketplace,Pending
ORD007900,CUST00754,05-14-2024,Marketplace,Pending
ORD007901,CUST00083,05-17-2024,Marketplace,Pending
ORD007902,CUST00234,2023-10-29,Mobile App,Pending
ORD007903,CUST00664,09-26-2024,Web,Cancelled
ORD007904,CUST01054,18/01/2023,Web,Returned
ORD007905,CUST00666,28/04/2023,Web,Completed
ORD007906,CUST01036,2024-10-21,Mobile App,Completed
ORD007907,CUST00017,13/09/2024,Mobile App,Cancelled
ORD007908,CUST00538,2024-09-07,Web,Completed
ORD007909,CUST01061,29/05/2024,Mobile App,Pending
ORD007910,CUST00673,01-10-2023,Web,Completed
ORD007911,CUST00187,10-28-2023,Web,Completed
ORD007912,CUST01029,2023-11-14,Mobile App,Completed
ORD007913,CUST00466,07-20-2023,Mobile App,Completed
ORD007914,CUST00415,2023-11-07,Marketplace,Completed
ORD007915,CUST00501,03-20-2023,Web,Cancelled
ORD007916,CUST00886,2024-07-07,Mobile App,Completed
ORD007917,CUST00669,03-25-2025,Marketplace,Returned
ORD007918,CUST01033,26/12/2024,Mobile App,Completed
ORD007919,CUST00402,10/07/2025,Mobile App,Completed
ORD007920,CUST00616,17/02/2024,Marketplace,Returned
ORD007921,CUST01120,04-29-2023,Mobile App,Completed
ORD007922,CUST00237,10-16-2024,Marketplace,Cancelled
ORD007923,CUST00757,2023-03-14,Mobile App,Returned
ORD007924,CUST00388,2023-08-29,Web,Completed
ORD007925,CUST00293,2023-03-07,Mobile App,Completed
ORD007926,CUST00746,02-18-2023,Web,Pending
ORD007927,CUST00117,2023-10-18,Marketplace,Pending
ORD007928,CUST00130,24/07/2024,Mobile App,Completed
ORD007929,CUST00379,02-11-2023,Marketplace,Completed
ORD007930,CUST00452,2024-10-08,Marketplace,Cancelled
ORD007931,CUST00624,2023-08-31,Mobile App,Completed
ORD007932,CUST01105,2024-02-05,Mobile App,Cancelled
ORD007933,CUST00170,01-08-2025,Marketplace,Returned
ORD007934,CUST00725,07-12-2025,Mobile App,Completed
ORD007935,CUST00607,07-21-2023,Mobile App,Completed
ORD007936,CUST01019,19/05/2024,Mobile App,Cancelled
ORD007937,CUST00285,2024-11-17,Mobile App,Completed
ORD007938,CUST00913,2024-12-29,Web,Completed
ORD007939,CUST00321,2024-04-22,Marketplace,Pending
ORD007940,CUST00725,2024-08-09,Marketplace,Pending
ORD007941,CUST01095,2024-10-25,Mobile App,Completed
ORD007942,CUST00024,20/08/2023,Marketplace,Cancelled
ORD007943,CUST00352,2025-04-25,Web,Completed
ORD007944,CUST01069,12-30-2023,Web,Pending
ORD007945,CUST01185,09-06-2023,Mobile App,Cancelled
ORD007946,CUST01022,22/02/2024,Marketplace,Completed
ORD007947,CUST00540,2024-09-20,Web,Completed
ORD007948,CUST00435,2023-02-01,Marketplace,Completed
ORD007949,CUST00400,16/04/2023,Marketplace,Pending
ORD007950,CUST00961,03/04/2024,Mobile App,Completed
ORD007951,CUST00087,2023-05-07,Marketplace,Pending
ORD007952,CUST01011,14/08/2023,Web,Completed
ORD007953,CUST00704,01-04-2025,Mobile App,Completed
ORD007954,CUST00704,31/08/2024,Marketplace,Completed
ORD007955,CUST00744,2023-01-12,Mobile App,Completed
ORD007956,CUST00788,14/06/2025,Mobile App,Pending
ORD007957,CUST00309,10-22-2023,Marketplace,Completed
ORD007958,CUST00916,10/09/2023,Mobile App,Returned
ORD007959,CUST00820,2025-04-17,Marketplace,Completed
ORD007960,CUST00700,09-10-2023,Web,Completed
ORD007961,CUST00808,2025-06-07,Mobile App,Completed
ORD007962,CUST01064,2024-05-09,Marketplace,Pending
ORD007963,CUST00844,2023-04-16,Marketplace,Completed
ORD007964,CUST01171,2023-05-01,Mobile App,Completed
ORD007965,CUST01074,10/01/2024,Mobile App,Completed
ORD007966,CUST00768,05-20-2025,Marketplace,Completed
ORD007967,CUST00529,2023-11-20,Mobile App,Completed
ORD007968,CUST00296,22/04/2023,Web,Completed
ORD007969,CUST00257,25/01/2023,Marketplace,Returned
ORD007970,CUST00513,30/05/2024,Marketplace,Completed
ORD007971,CUST00976,06/08/2025,Web,Completed
ORD007972,CUST00454,04/07/2023,Marketplace,Pending
ORD007973,CUST00328,14/12/2024,Marketplace,Returned
ORD007974,CUST00838,2024-05-11,Marketplace,Completed
ORD007975,CUST00137,2023-07-18,Marketplace,Returned
ORD007976,CUST01076,28/02/2024,Web,Pending
ORD007977,CUST00631,18/02/2025,Mobile App,Completed
ORD007978,CUST00170,2024-01-13,Marketplace,Pending
ORD007979,CUST00942,11/03/2025,Marketplace,Returned
ORD007980,CUST00710,16/10/2024,Web,Completed
ORD007981,CUST00638,04-27-2025,Web,Pending
ORD007982,CUST01024,03-06-2025,Web,Completed
ORD007983,CUST00958,02-17-2024,Marketplace,Returned
ORD007984,CUST00652,2023-10-23,Mobile App,Completed
ORD007985,CUST00127,2024-10-29,Mobile App,Completed
ORD007986,CUST01130,2023-09-09,Mobile App,Completed
ORD007987,CUST00264,2023-12-27,Marketplace,Completed
ORD007988,CUST00390,08-01-2025,Web,Pending
ORD007989,CUST01142,12-28-2023,Web,Completed
ORD007990,CUST00927,2025-07-19,Web,Returned
ORD007991,CUST00594,2025-06-26,Marketplace,Completed
ORD007992,CUST01133,01-19-2023,Marketplace,Completed
ORD007993,CUST00287,08-31-2024,Web,Completed
ORD007994,CUST00739,2025-03-08,Mobile App,Completed
ORD007995,CUST00599,12/03/2023,Marketplace,Pending
ORD007996,CUST00226,12/02/2025,Marketplace,Completed
ORD007997,CUST00796,09-24-2024,Mobile App,Completed
ORD007998,CUST01181,07-18-2023,Web,Returned
ORD007999,CUST00409,2023-06-03,Web,Completed
ORD008000,CUST00239,12-31-2024,Web,Completed
